999
DXFDoc
0
SECTION
2
HEADER
9
$ACADVER
1
AC1021
9
$HANDSEED
5
4e89
9
$INSUNITS
70
4
0
ENDSEC
0
SECTION
2
CLASSES
0
ENDSEC
0
SECTION
2
TABLES
0
TABLE
2
VPORT
5
2
100
AcDbSymbolTable
70
1
0
VPORT
5
1
100
AcDbSymbolTableRecord
100
AcDbViewportTableRecord
2
*ACTIVE
10
0
20
0
11
1
21
1
12
500.0
22
500.0
40
1000.0
70
0
0
ENDTAB
0
TABLE
2
LTYPE
5
3
100
AcDbSymbolTable
70
3
0
LTYPE
5
b
100
AcDbSymbolTableRecord
100
AcDbLinetypeTableRecord
2
Solid
70
0
72
65
73
0
3

0
LTYPE
5
c
100
AcDbSymbolTableRecord
100
AcDbLinetypeTableRecord
2
ByBlock
70
0
72
65
73
0
3

0
LTYPE
5
d
100
AcDbSymbolTableRecord
100
AcDbLinetypeTableRecord
2
ByLayer
70
0
72
65
73
0
3

0
ENDTAB
0
TABLE
2
LAYER
5
4
100
AcDbSymbolTable
70
12
0
LAYER
5
e
100
AcDbSymbolTableRecord
100
AcDbLayerTableRecord
2
0
6
Solid
370
35
62
0
70
0
390
0
0
LAYER
5
19
100
AcDbSymbolTableRecord
100
AcDbLayerTableRecord
2
Border
6
Solid
370
35
62
0
70
0
390
0
0
LAYER
5
23
100
AcDbSymbolTableRecord
100
AcDbLayerTableRecord
2
One-Bedroom Apartment
6
Solid
370
35
62
1
70
0
390
0
0
LAYER
5
12f
100
AcDbSymbolTableRecord
100
AcDbLayerTableRecord
2
Two-Bedroom Apartment
6
Solid
370
25
62
250
70
0
390
0
0
LAYER
5
2cf
100
AcDbSymbolTableRecord
100
AcDbLayerTableRecord
2
Studio Apartment
6
Solid
370
25
62
250
70
0
390
0
0
LAYER
5
be7
100
AcDbSymbolTableRecord
100
AcDbLayerTableRecord
2
Service Area
6
Solid
370
25
62
250
70
0
390
0
0
LAYER
5
1087
100
AcDbSymbolTableRecord
100
AcDbLayerTableRecord
2
Outer Walls
6
Solid
370
25
62
254
70
0
390
0
0
LAYER
5
189b
100
AcDbSymbolTableRecord
100
AcDbLayerTableRecord
2
Room Walls
6
Solid
370
35
62
47
70
0
390
0
0
LAYER
5
323f
100
AcDbSymbolTableRecord
100
AcDbLayerTableRecord
2
Windows
6
Solid
370
9
62
47
70
0
390
0
0
LAYER
5
35f3
100
AcDbSymbolTableRecord
100
AcDbLayerTableRecord
2
Inner Walls
6
Solid
370
0
62
5
70
0
390
0
0
LAYER
5
4a87
100
AcDbSymbolTableRecord
100
AcDbLayerTableRecord
2
Room Objects
6
Solid
370
15
62
47
70
0
390
0
0
LAYER
5
4c87
100
AcDbSymbolTableRecord
100
AcDbLayerTableRecord
2
Legend
6
Solid
370
0
62
0
70
0
390
0
0
ENDTAB
0
TABLE
2
STYLE
5
5
100
AcDbSymbolTable
70
2
0
STYLE
5
4c89
100
AcDbSymbolTableRecord
100
AcDbTextStyleTableRecord
2
isocpeur
3
isocpeur
70
0
0
STYLE
5
4d6d
100
AcDbSymbolTableRecord
100
AcDbTextStyleTableRecord
2
Dialog.plain
3
Dialog.plain
70
0
0
ENDTAB
0
TABLE
2
VIEW
5
6
100
AcDbSymbolTable
70
0
0
ENDTAB
0
TABLE
2
UCS
5
7
100
AcDbSymbolTable
70
0
0
ENDTAB
0
TABLE
2
APPID
5
8
100
AcDbSymbolTable
70
1
0
APPID
5
10
100
AcDbSymbolTableRecord
100
AcDbRegAppTableRecord
2
ACAD
70
0
0
ENDTAB
0
TABLE
2
DIMSTYLE
5
9
100
AcDbSymbolTable
70
0
100
AcDbDimStyleTable
71
1
0
ENDTAB
0
TABLE
2
BLOCK_RECORD
5
a
100
AcDbSymbolTable
70
2
0
BLOCK_RECORD
5
13
100
AcDbSymbolTableRecord
100
AcDbBlockTableRecord
2
*Model_Space
70
0
280
1
281
0
0
BLOCK_RECORD
5
16
100
AcDbSymbolTableRecord
100
AcDbBlockTableRecord
2
*Paper_Space
70
0
280
1
281
0
0
ENDTAB
0
ENDSEC
0
SECTION
2
BLOCKS
0
BLOCK
5
11
100
AcDbEntity
8
0
100
AcDbBlockBegin
2
*Model_Space
70
0
10
0
20
0
30
0
3
*Model_Space
1

0
ENDBLK
5
12
100
AcDbEntity
8
0
100
AcDbBlockEnd
0
BLOCK
5
14
100
AcDbEntity
8
0
100
AcDbBlockBegin
2
*Paper_Space
70
0
10
0
20
0
30
0
3
*Paper_Space
1

0
ENDBLK
5
15
100
AcDbEntity
8
0
100
AcDbBlockEnd
0
ENDSEC
0
SECTION
2
ENTITIES
0
LINE
5
1b
100
AcDbEntity
8
Border
6
Solid
370
35
62
1
100
AcDbLine
10
145367.0
20
-72238.0
30
0.0
11
101123.0
21
-153198.0
31
0.0
0
LINE
5
1d
100
AcDbEntity
8
Border
6
Solid
370
35
62
1
100
AcDbLine
10
101123.0
20
-153198.0
30
0.0
11
0.0
21
-94160.0
31
0.0
0
LINE
5
1f
100
AcDbEntity
8
Border
6
Solid
370
35
62
1
100
AcDbLine
10
0.0
20
-94160.0
30
0.0
11
20730.0
21
0.0
31
0.0
0
LINE
5
21
100
AcDbEntity
8
Border
6
Solid
370
35
62
1
100
AcDbLine
10
20730.0
20
0.0
30
0.0
11
145367.0
21
-72238.0
31
0.0
0
HATCH
5
5d
100
AcDbEntity
8
One-Bedroom Apartment
6
Solid
370
35
62
250
100
AcDbHatch
10
0
20
0
30
0
210
0
220
0
230
1
2
FILL_93
70
1
71
0
91
1
92
0
93
28
72
1
10
16729.0
20
-37741.0
11
17513.0
21
-34184.0
72
1
10
17513.0
20
-34184.0
11
18296.0
21
-30626.0
72
1
10
18296.0
20
-30626.0
11
24351.0
21
-31959.0
72
1
10
24351.0
20
-31959.0
11
24351.0
21
-31960.0
72
1
10
24351.0
20
-31960.0
11
23568.0
21
-35517.0
72
1
10
23568.0
20
-35517.0
11
22784.0
21
-39075.0
72
1
10
22784.0
20
-39075.0
11
21129.0
21
-38710.0
72
1
10
21129.0
20
-38710.0
11
21237.0
21
-38222.0
72
1
10
21237.0
20
-38222.0
11
21237.0
21
-38220.0
72
1
10
21237.0
20
-38220.0
11
21237.0
21
-38218.0
72
1
10
21237.0
20
-38218.0
11
21236.0
21
-38216.0
72
1
10
21236.0
20
-38216.0
11
21235.0
21
-38214.0
72
1
10
21235.0
20
-38214.0
11
21234.0
21
-38213.0
72
1
10
21234.0
20
-38213.0
11
21232.0
21
-38211.0
72
1
10
21232.0
20
-38211.0
11
21231.0
21
-38210.0
72
1
10
21231.0
20
-38210.0
11
21229.0
21
-38210.0
72
1
10
21229.0
20
-38210.0
11
19867.0
21
-37910.0
72
1
10
19867.0
20
-37910.0
11
19865.0
21
-37910.0
72
1
10
19865.0
20
-37910.0
11
19863.0
21
-37910.0
72
1
10
19863.0
20
-37910.0
11
19861.0
21
-37910.0
72
1
10
19861.0
20
-37910.0
11
19859.0
21
-37911.0
72
1
10
19859.0
20
-37911.0
11
19857.0
21
-37912.0
72
1
10
19857.0
20
-37912.0
11
19856.0
21
-37914.0
72
1
10
19856.0
20
-37914.0
11
19855.0
21
-37916.0
72
1
10
19855.0
20
-37916.0
11
19855.0
21
-37918.0
72
1
10
19855.0
20
-37918.0
11
19747.0
21
-38406.0
72
1
10
19747.0
20
-38406.0
11
19747.0
21
-38406.0
72
1
10
19747.0
20
-38406.0
11
16729.0
21
-37741.0
97
0
75
0
76
1
98
0
0
LINE
5
5f
100
AcDbEntity
8
One-Bedroom Apartment
6
Solid
370
25
62
250
100
AcDbLine
10
16729.0
20
-37741.0
30
0.0
11
17513.0
21
-34184.0
31
0.0
0
LINE
5
61
100
AcDbEntity
8
One-Bedroom Apartment
6
Solid
370
25
62
250
100
AcDbLine
10
17513.0
20
-34184.0
30
0.0
11
18296.0
21
-30626.0
31
0.0
0
LINE
5
63
100
AcDbEntity
8
One-Bedroom Apartment
6
Solid
370
25
62
250
100
AcDbLine
10
18296.0
20
-30626.0
30
0.0
11
24351.0
21
-31959.0
31
0.0
0
LINE
5
65
100
AcDbEntity
8
One-Bedroom Apartment
6
Solid
370
25
62
250
100
AcDbLine
10
24351.0
20
-31959.0
30
0.0
11
24351.0
21
-31960.0
31
0.0
0
LINE
5
67
100
AcDbEntity
8
One-Bedroom Apartment
6
Solid
370
25
62
250
100
AcDbLine
10
24351.0
20
-31960.0
30
0.0
11
23568.0
21
-35517.0
31
0.0
0
LINE
5
69
100
AcDbEntity
8
One-Bedroom Apartment
6
Solid
370
25
62
250
100
AcDbLine
10
23568.0
20
-35517.0
30
0.0
11
22784.0
21
-39075.0
31
0.0
0
LINE
5
6b
100
AcDbEntity
8
One-Bedroom Apartment
6
Solid
370
25
62
250
100
AcDbLine
10
22784.0
20
-39075.0
30
0.0
11
21129.0
21
-38710.0
31
0.0
0
LINE
5
6d
100
AcDbEntity
8
One-Bedroom Apartment
6
Solid
370
25
62
250
100
AcDbLine
10
21129.0
20
-38710.0
30
0.0
11
21237.0
21
-38222.0
31
0.0
0
LINE
5
6f
100
AcDbEntity
8
One-Bedroom Apartment
6
Solid
370
25
62
250
100
AcDbLine
10
21237.0
20
-38222.0
30
0.0
11
21237.0
21
-38220.0
31
0.0
0
LINE
5
71
100
AcDbEntity
8
One-Bedroom Apartment
6
Solid
370
25
62
250
100
AcDbLine
10
21237.0
20
-38220.0
30
0.0
11
21237.0
21
-38218.0
31
0.0
0
LINE
5
73
100
AcDbEntity
8
One-Bedroom Apartment
6
Solid
370
25
62
250
100
AcDbLine
10
21237.0
20
-38218.0
30
0.0
11
21236.0
21
-38216.0
31
0.0
0
LINE
5
75
100
AcDbEntity
8
One-Bedroom Apartment
6
Solid
370
25
62
250
100
AcDbLine
10
21236.0
20
-38216.0
30
0.0
11
21235.0
21
-38214.0
31
0.0
0
LINE
5
77
100
AcDbEntity
8
One-Bedroom Apartment
6
Solid
370
25
62
250
100
AcDbLine
10
21235.0
20
-38214.0
30
0.0
11
21234.0
21
-38213.0
31
0.0
0
LINE
5
79
100
AcDbEntity
8
One-Bedroom Apartment
6
Solid
370
25
62
250
100
AcDbLine
10
21234.0
20
-38213.0
30
0.0
11
21232.0
21
-38211.0
31
0.0
0
LINE
5
7b
100
AcDbEntity
8
One-Bedroom Apartment
6
Solid
370
25
62
250
100
AcDbLine
10
21232.0
20
-38211.0
30
0.0
11
21231.0
21
-38210.0
31
0.0
0
LINE
5
7d
100
AcDbEntity
8
One-Bedroom Apartment
6
Solid
370
25
62
250
100
AcDbLine
10
21231.0
20
-38210.0
30
0.0
11
21229.0
21
-38210.0
31
0.0
0
LINE
5
7f
100
AcDbEntity
8
One-Bedroom Apartment
6
Solid
370
25
62
250
100
AcDbLine
10
21229.0
20
-38210.0
30
0.0
11
19867.0
21
-37910.0
31
0.0
0
LINE
5
81
100
AcDbEntity
8
One-Bedroom Apartment
6
Solid
370
25
62
250
100
AcDbLine
10
19867.0
20
-37910.0
30
0.0
11
19865.0
21
-37910.0
31
0.0
0
LINE
5
83
100
AcDbEntity
8
One-Bedroom Apartment
6
Solid
370
25
62
250
100
AcDbLine
10
19865.0
20
-37910.0
30
0.0
11
19863.0
21
-37910.0
31
0.0
0
LINE
5
85
100
AcDbEntity
8
One-Bedroom Apartment
6
Solid
370
25
62
250
100
AcDbLine
10
19863.0
20
-37910.0
30
0.0
11
19861.0
21
-37910.0
31
0.0
0
LINE
5
87
100
AcDbEntity
8
One-Bedroom Apartment
6
Solid
370
25
62
250
100
AcDbLine
10
19861.0
20
-37910.0
30
0.0
11
19859.0
21
-37911.0
31
0.0
0
LINE
5
89
100
AcDbEntity
8
One-Bedroom Apartment
6
Solid
370
25
62
250
100
AcDbLine
10
19859.0
20
-37911.0
30
0.0
11
19857.0
21
-37912.0
31
0.0
0
LINE
5
8b
100
AcDbEntity
8
One-Bedroom Apartment
6
Solid
370
25
62
250
100
AcDbLine
10
19857.0
20
-37912.0
30
0.0
11
19856.0
21
-37914.0
31
0.0
0
LINE
5
8d
100
AcDbEntity
8
One-Bedroom Apartment
6
Solid
370
25
62
250
100
AcDbLine
10
19856.0
20
-37914.0
30
0.0
11
19855.0
21
-37916.0
31
0.0
0
LINE
5
8f
100
AcDbEntity
8
One-Bedroom Apartment
6
Solid
370
25
62
250
100
AcDbLine
10
19855.0
20
-37916.0
30
0.0
11
19855.0
21
-37918.0
31
0.0
0
LINE
5
91
100
AcDbEntity
8
One-Bedroom Apartment
6
Solid
370
25
62
250
100
AcDbLine
10
19855.0
20
-37918.0
30
0.0
11
19747.0
21
-38406.0
31
0.0
0
POINT
5
93
100
AcDbEntity
8
One-Bedroom Apartment
6
Solid
370
25
62
250
100
AcDbPoint
10
19747.0
20
-38406.0
30
0.0
0
LINE
5
95
100
AcDbEntity
8
One-Bedroom Apartment
6
Solid
370
25
62
250
100
AcDbLine
10
19747.0
20
-38406.0
30
0.0
11
16729.0
21
-37741.0
31
0.0
0
HATCH
5
a1
100
AcDbEntity
8
One-Bedroom Apartment
6
Solid
370
25
62
250
100
AcDbHatch
10
0
20
0
30
0
210
0
220
0
230
1
2
FILL_161
70
1
71
0
91
1
92
0
93
4
72
1
10
16901.0
20
-30450.0
11
18268.0
21
-30751.0
72
1
10
18268.0
20
-30751.0
11
17540.0
21
-34059.0
72
1
10
17540.0
20
-34059.0
11
16173.0
21
-33758.0
72
1
10
16173.0
20
-33758.0
11
16901.0
21
-30450.0
97
0
75
0
76
1
98
0
0
LINE
5
a3
100
AcDbEntity
8
One-Bedroom Apartment
6
Solid
370
25
62
250
100
AcDbLine
10
16901.0
20
-30450.0
30
0.0
11
18268.0
21
-30751.0
31
0.0
0
LINE
5
a5
100
AcDbEntity
8
One-Bedroom Apartment
6
Solid
370
25
62
250
100
AcDbLine
10
18268.0
20
-30751.0
30
0.0
11
17540.0
21
-34059.0
31
0.0
0
LINE
5
a7
100
AcDbEntity
8
One-Bedroom Apartment
6
Solid
370
25
62
250
100
AcDbLine
10
17540.0
20
-34059.0
30
0.0
11
16173.0
21
-33758.0
31
0.0
0
LINE
5
a9
100
AcDbEntity
8
One-Bedroom Apartment
6
Solid
370
25
62
250
100
AcDbLine
10
16173.0
20
-33758.0
30
0.0
11
16901.0
21
-30450.0
31
0.0
0
HATCH
5
e3
100
AcDbEntity
8
One-Bedroom Apartment
6
Solid
370
25
62
250
100
AcDbHatch
10
0
20
0
30
0
210
0
220
0
230
1
2
FILL_227
70
1
71
0
91
1
92
0
93
27
72
1
10
18296.0
20
-30626.0
11
19079.0
21
-27068.0
72
1
10
19079.0
20
-27068.0
11
22585.0
21
-27840.0
72
1
10
22585.0
20
-27840.0
11
22585.0
21
-27840.0
72
1
10
22585.0
20
-27840.0
11
22478.0
21
-28329.0
72
1
10
22478.0
20
-28329.0
11
22477.0
21
-28331.0
72
1
10
22477.0
20
-28331.0
11
22478.0
21
-28333.0
72
1
10
22478.0
20
-28333.0
11
22478.0
21
-28334.0
72
1
10
22478.0
20
-28334.0
11
22479.0
21
-28336.0
72
1
10
22479.0
20
-28336.0
11
22480.0
21
-28338.0
72
1
10
22480.0
20
-28338.0
11
22482.0
21
-28339.0
72
1
10
22482.0
20
-28339.0
11
22483.0
21
-28340.0
72
1
10
22483.0
20
-28340.0
11
22485.0
21
-28341.0
72
1
10
22485.0
20
-28341.0
11
24067.0
21
-28689.0
72
1
10
24067.0
20
-28689.0
11
24069.0
21
-28689.0
72
1
10
24069.0
20
-28689.0
11
24071.0
21
-28689.0
72
1
10
24071.0
20
-28689.0
11
24073.0
21
-28688.0
72
1
10
24073.0
20
-28688.0
11
24075.0
21
-28688.0
72
1
10
24075.0
20
-28688.0
11
24076.0
21
-28686.0
72
1
10
24076.0
20
-28686.0
11
24078.0
21
-28685.0
72
1
10
24078.0
20
-28685.0
11
24079.0
21
-28683.0
72
1
10
24079.0
20
-28683.0
11
24079.0
21
-28681.0
72
1
10
24079.0
20
-28681.0
11
24187.0
21
-28193.0
72
1
10
24187.0
20
-28193.0
11
24187.0
21
-28193.0
72
1
10
24187.0
20
-28193.0
11
26111.0
21
-28617.0
72
1
10
26111.0
20
-28617.0
11
33142.0
21
-30165.0
72
1
10
33142.0
20
-30165.0
11
32359.0
21
-33722.0
72
1
10
32359.0
20
-33722.0
11
18296.0
21
-30626.0
97
0
75
0
76
1
98
0
0
LINE
5
e5
100
AcDbEntity
8
One-Bedroom Apartment
6
Solid
370
25
62
250
100
AcDbLine
10
18296.0
20
-30626.0
30
0.0
11
19079.0
21
-27068.0
31
0.0
0
LINE
5
e7
100
AcDbEntity
8
One-Bedroom Apartment
6
Solid
370
25
62
250
100
AcDbLine
10
19079.0
20
-27068.0
30
0.0
11
22585.0
21
-27840.0
31
0.0
0
POINT
5
e9
100
AcDbEntity
8
One-Bedroom Apartment
6
Solid
370
25
62
250
100
AcDbPoint
10
22585.0
20
-27840.0
30
0.0
0
LINE
5
eb
100
AcDbEntity
8
One-Bedroom Apartment
6
Solid
370
25
62
250
100
AcDbLine
10
22585.0
20
-27840.0
30
0.0
11
22478.0
21
-28329.0
31
0.0
0
LINE
5
ed
100
AcDbEntity
8
One-Bedroom Apartment
6
Solid
370
25
62
250
100
AcDbLine
10
22478.0
20
-28329.0
30
0.0
11
22477.0
21
-28331.0
31
0.0
0
LINE
5
ef
100
AcDbEntity
8
One-Bedroom Apartment
6
Solid
370
25
62
250
100
AcDbLine
10
22477.0
20
-28331.0
30
0.0
11
22478.0
21
-28333.0
31
0.0
0
LINE
5
f1
100
AcDbEntity
8
One-Bedroom Apartment
6
Solid
370
25
62
250
100
AcDbLine
10
22478.0
20
-28333.0
30
0.0
11
22478.0
21
-28334.0
31
0.0
0
LINE
5
f3
100
AcDbEntity
8
One-Bedroom Apartment
6
Solid
370
25
62
250
100
AcDbLine
10
22478.0
20
-28334.0
30
0.0
11
22479.0
21
-28336.0
31
0.0
0
LINE
5
f5
100
AcDbEntity
8
One-Bedroom Apartment
6
Solid
370
25
62
250
100
AcDbLine
10
22479.0
20
-28336.0
30
0.0
11
22480.0
21
-28338.0
31
0.0
0
LINE
5
f7
100
AcDbEntity
8
One-Bedroom Apartment
6
Solid
370
25
62
250
100
AcDbLine
10
22480.0
20
-28338.0
30
0.0
11
22482.0
21
-28339.0
31
0.0
0
LINE
5
f9
100
AcDbEntity
8
One-Bedroom Apartment
6
Solid
370
25
62
250
100
AcDbLine
10
22482.0
20
-28339.0
30
0.0
11
22483.0
21
-28340.0
31
0.0
0
LINE
5
fb
100
AcDbEntity
8
One-Bedroom Apartment
6
Solid
370
25
62
250
100
AcDbLine
10
22483.0
20
-28340.0
30
0.0
11
22485.0
21
-28341.0
31
0.0
0
LINE
5
fd
100
AcDbEntity
8
One-Bedroom Apartment
6
Solid
370
25
62
250
100
AcDbLine
10
22485.0
20
-28341.0
30
0.0
11
24067.0
21
-28689.0
31
0.0
0
LINE
5
ff
100
AcDbEntity
8
One-Bedroom Apartment
6
Solid
370
25
62
250
100
AcDbLine
10
24067.0
20
-28689.0
30
0.0
11
24069.0
21
-28689.0
31
0.0
0
LINE
5
101
100
AcDbEntity
8
One-Bedroom Apartment
6
Solid
370
25
62
250
100
AcDbLine
10
24069.0
20
-28689.0
30
0.0
11
24071.0
21
-28689.0
31
0.0
0
LINE
5
103
100
AcDbEntity
8
One-Bedroom Apartment
6
Solid
370
25
62
250
100
AcDbLine
10
24071.0
20
-28689.0
30
0.0
11
24073.0
21
-28688.0
31
0.0
0
LINE
5
105
100
AcDbEntity
8
One-Bedroom Apartment
6
Solid
370
25
62
250
100
AcDbLine
10
24073.0
20
-28688.0
30
0.0
11
24075.0
21
-28688.0
31
0.0
0
LINE
5
107
100
AcDbEntity
8
One-Bedroom Apartment
6
Solid
370
25
62
250
100
AcDbLine
10
24075.0
20
-28688.0
30
0.0
11
24076.0
21
-28686.0
31
0.0
0
LINE
5
109
100
AcDbEntity
8
One-Bedroom Apartment
6
Solid
370
25
62
250
100
AcDbLine
10
24076.0
20
-28686.0
30
0.0
11
24078.0
21
-28685.0
31
0.0
0
LINE
5
10b
100
AcDbEntity
8
One-Bedroom Apartment
6
Solid
370
25
62
250
100
AcDbLine
10
24078.0
20
-28685.0
30
0.0
11
24079.0
21
-28683.0
31
0.0
0
LINE
5
10d
100
AcDbEntity
8
One-Bedroom Apartment
6
Solid
370
25
62
250
100
AcDbLine
10
24079.0
20
-28683.0
30
0.0
11
24079.0
21
-28681.0
31
0.0
0
LINE
5
10f
100
AcDbEntity
8
One-Bedroom Apartment
6
Solid
370
25
62
250
100
AcDbLine
10
24079.0
20
-28681.0
30
0.0
11
24187.0
21
-28193.0
31
0.0
0
POINT
5
111
100
AcDbEntity
8
One-Bedroom Apartment
6
Solid
370
25
62
250
100
AcDbPoint
10
24187.0
20
-28193.0
30
0.0
0
LINE
5
113
100
AcDbEntity
8
One-Bedroom Apartment
6
Solid
370
25
62
250
100
AcDbLine
10
24187.0
20
-28193.0
30
0.0
11
26111.0
21
-28617.0
31
0.0
0
LINE
5
115
100
AcDbEntity
8
One-Bedroom Apartment
6
Solid
370
25
62
250
100
AcDbLine
10
26111.0
20
-28617.0
30
0.0
11
33142.0
21
-30165.0
31
0.0
0
LINE
5
117
100
AcDbEntity
8
One-Bedroom Apartment
6
Solid
370
25
62
250
100
AcDbLine
10
33142.0
20
-30165.0
30
0.0
11
32359.0
21
-33722.0
31
0.0
0
LINE
5
119
100
AcDbEntity
8
One-Bedroom Apartment
6
Solid
370
25
62
250
100
AcDbLine
10
32359.0
20
-33722.0
30
0.0
11
18296.0
21
-30626.0
31
0.0
0
HATCH
5
125
100
AcDbEntity
8
One-Bedroom Apartment
6
Solid
370
25
62
250
100
AcDbHatch
10
0
20
0
30
0
210
0
220
0
230
1
2
FILL_293
70
1
71
0
91
1
92
0
93
4
72
1
10
17669.0
20
-26963.0
11
19036.0
21
-27264.0
72
1
10
19036.0
20
-27264.0
11
18323.0
21
-30501.0
72
1
10
18323.0
20
-30501.0
11
16956.0
21
-30200.0
72
1
10
16956.0
20
-30200.0
11
17669.0
21
-26963.0
97
0
75
0
76
1
98
0
0
LINE
5
127
100
AcDbEntity
8
One-Bedroom Apartment
6
Solid
370
25
62
250
100
AcDbLine
10
17669.0
20
-26963.0
30
0.0
11
19036.0
21
-27264.0
31
0.0
0
LINE
5
129
100
AcDbEntity
8
One-Bedroom Apartment
6
Solid
370
25
62
250
100
AcDbLine
10
19036.0
20
-27264.0
30
0.0
11
18323.0
21
-30501.0
31
0.0
0
LINE
5
12b
100
AcDbEntity
8
One-Bedroom Apartment
6
Solid
370
25
62
250
100
AcDbLine
10
18323.0
20
-30501.0
30
0.0
11
16956.0
21
-30200.0
31
0.0
0
LINE
5
12d
100
AcDbEntity
8
One-Bedroom Apartment
6
Solid
370
25
62
250
100
AcDbLine
10
16956.0
20
-30200.0
30
0.0
11
17669.0
21
-26963.0
31
0.0
0
HATCH
5
16f
100
AcDbEntity
8
Two-Bedroom Apartment
6
Solid
370
25
62
151
100
AcDbHatch
10
0
20
0
30
0
210
0
220
0
230
1
2
FILL_367
70
1
71
0
91
1
92
0
93
31
72
1
10
24738.0
20
-39505.0
11
25521.0
21
-35947.0
72
1
10
25521.0
20
-35947.0
11
26304.0
21
-32390.0
72
1
10
26304.0
20
-32390.0
11
26304.0
21
-32389.0
72
1
10
26304.0
20
-32389.0
11
27959.0
21
-32754.0
72
1
10
27959.0
20
-32754.0
11
27959.0
21
-32754.0
72
1
10
27959.0
20
-32754.0
11
27852.0
21
-33243.0
72
1
10
27852.0
20
-33243.0
11
27851.0
21
-33245.0
72
1
10
27851.0
20
-33245.0
11
27852.0
21
-33247.0
72
1
10
27852.0
20
-33247.0
11
27852.0
21
-33248.0
72
1
10
27852.0
20
-33248.0
11
27853.0
21
-33250.0
72
1
10
27853.0
20
-33250.0
11
27854.0
21
-33252.0
72
1
10
27854.0
20
-33252.0
11
27856.0
21
-33253.0
72
1
10
27856.0
20
-33253.0
11
27857.0
21
-33254.0
72
1
10
27857.0
20
-33254.0
11
27859.0
21
-33255.0
72
1
10
27859.0
20
-33255.0
11
29222.0
21
-33554.0
72
1
10
29222.0
20
-33554.0
11
29224.0
21
-33555.0
72
1
10
29224.0
20
-33555.0
11
29226.0
21
-33554.0
72
1
10
29226.0
20
-33554.0
11
29227.0
21
-33554.0
72
1
10
29227.0
20
-33554.0
11
29229.0
21
-33553.0
72
1
10
29229.0
20
-33553.0
11
29231.0
21
-33552.0
72
1
10
29231.0
20
-33552.0
11
29232.0
21
-33550.0
72
1
10
29232.0
20
-33550.0
11
29233.0
21
-33549.0
72
1
10
29233.0
20
-33549.0
11
29234.0
21
-33547.0
72
1
10
29234.0
20
-33547.0
11
29341.0
21
-33058.0
72
1
10
29341.0
20
-33058.0
11
29341.0
21
-33058.0
72
1
10
29341.0
20
-33058.0
11
32359.0
21
-33722.0
72
1
10
32359.0
20
-33722.0
11
31576.0
21
-37280.0
72
1
10
31576.0
20
-37280.0
11
30793.0
21
-40838.0
72
1
10
30793.0
20
-40838.0
11
30009.0
21
-44395.0
72
1
10
30009.0
20
-44395.0
11
23954.0
21
-43062.0
72
1
10
23954.0
20
-43062.0
11
24738.0
21
-39505.0
97
0
75
0
76
1
98
0
0
LINE
5
171
100
AcDbEntity
8
Two-Bedroom Apartment
6
Solid
370
25
62
151
100
AcDbLine
10
24738.0
20
-39505.0
30
0.0
11
25521.0
21
-35947.0
31
0.0
0
LINE
5
173
100
AcDbEntity
8
Two-Bedroom Apartment
6
Solid
370
25
62
151
100
AcDbLine
10
25521.0
20
-35947.0
30
0.0
11
26304.0
21
-32390.0
31
0.0
0
LINE
5
175
100
AcDbEntity
8
Two-Bedroom Apartment
6
Solid
370
25
62
151
100
AcDbLine
10
26304.0
20
-32390.0
30
0.0
11
26304.0
21
-32389.0
31
0.0
0
LINE
5
177
100
AcDbEntity
8
Two-Bedroom Apartment
6
Solid
370
25
62
151
100
AcDbLine
10
26304.0
20
-32389.0
30
0.0
11
27959.0
21
-32754.0
31
0.0
0
POINT
5
179
100
AcDbEntity
8
Two-Bedroom Apartment
6
Solid
370
25
62
151
100
AcDbPoint
10
27959.0
20
-32754.0
30
0.0
0
LINE
5
17b
100
AcDbEntity
8
Two-Bedroom Apartment
6
Solid
370
25
62
151
100
AcDbLine
10
27959.0
20
-32754.0
30
0.0
11
27852.0
21
-33243.0
31
0.0
0
LINE
5
17d
100
AcDbEntity
8
Two-Bedroom Apartment
6
Solid
370
25
62
151
100
AcDbLine
10
27852.0
20
-33243.0
30
0.0
11
27851.0
21
-33245.0
31
0.0
0
LINE
5
17f
100
AcDbEntity
8
Two-Bedroom Apartment
6
Solid
370
25
62
151
100
AcDbLine
10
27851.0
20
-33245.0
30
0.0
11
27852.0
21
-33247.0
31
0.0
0
LINE
5
181
100
AcDbEntity
8
Two-Bedroom Apartment
6
Solid
370
25
62
151
100
AcDbLine
10
27852.0
20
-33247.0
30
0.0
11
27852.0
21
-33248.0
31
0.0
0
LINE
5
183
100
AcDbEntity
8
Two-Bedroom Apartment
6
Solid
370
25
62
151
100
AcDbLine
10
27852.0
20
-33248.0
30
0.0
11
27853.0
21
-33250.0
31
0.0
0
LINE
5
185
100
AcDbEntity
8
Two-Bedroom Apartment
6
Solid
370
25
62
151
100
AcDbLine
10
27853.0
20
-33250.0
30
0.0
11
27854.0
21
-33252.0
31
0.0
0
LINE
5
187
100
AcDbEntity
8
Two-Bedroom Apartment
6
Solid
370
25
62
151
100
AcDbLine
10
27854.0
20
-33252.0
30
0.0
11
27856.0
21
-33253.0
31
0.0
0
LINE
5
189
100
AcDbEntity
8
Two-Bedroom Apartment
6
Solid
370
25
62
151
100
AcDbLine
10
27856.0
20
-33253.0
30
0.0
11
27857.0
21
-33254.0
31
0.0
0
LINE
5
18b
100
AcDbEntity
8
Two-Bedroom Apartment
6
Solid
370
25
62
151
100
AcDbLine
10
27857.0
20
-33254.0
30
0.0
11
27859.0
21
-33255.0
31
0.0
0
LINE
5
18d
100
AcDbEntity
8
Two-Bedroom Apartment
6
Solid
370
25
62
151
100
AcDbLine
10
27859.0
20
-33255.0
30
0.0
11
29222.0
21
-33554.0
31
0.0
0
LINE
5
18f
100
AcDbEntity
8
Two-Bedroom Apartment
6
Solid
370
25
62
151
100
AcDbLine
10
29222.0
20
-33554.0
30
0.0
11
29224.0
21
-33555.0
31
0.0
0
LINE
5
191
100
AcDbEntity
8
Two-Bedroom Apartment
6
Solid
370
25
62
151
100
AcDbLine
10
29224.0
20
-33555.0
30
0.0
11
29226.0
21
-33554.0
31
0.0
0
LINE
5
193
100
AcDbEntity
8
Two-Bedroom Apartment
6
Solid
370
25
62
151
100
AcDbLine
10
29226.0
20
-33554.0
30
0.0
11
29227.0
21
-33554.0
31
0.0
0
LINE
5
195
100
AcDbEntity
8
Two-Bedroom Apartment
6
Solid
370
25
62
151
100
AcDbLine
10
29227.0
20
-33554.0
30
0.0
11
29229.0
21
-33553.0
31
0.0
0
LINE
5
197
100
AcDbEntity
8
Two-Bedroom Apartment
6
Solid
370
25
62
151
100
AcDbLine
10
29229.0
20
-33553.0
30
0.0
11
29231.0
21
-33552.0
31
0.0
0
LINE
5
199
100
AcDbEntity
8
Two-Bedroom Apartment
6
Solid
370
25
62
151
100
AcDbLine
10
29231.0
20
-33552.0
30
0.0
11
29232.0
21
-33550.0
31
0.0
0
LINE
5
19b
100
AcDbEntity
8
Two-Bedroom Apartment
6
Solid
370
25
62
151
100
AcDbLine
10
29232.0
20
-33550.0
30
0.0
11
29233.0
21
-33549.0
31
0.0
0
LINE
5
19d
100
AcDbEntity
8
Two-Bedroom Apartment
6
Solid
370
25
62
151
100
AcDbLine
10
29233.0
20
-33549.0
30
0.0
11
29234.0
21
-33547.0
31
0.0
0
LINE
5
19f
100
AcDbEntity
8
Two-Bedroom Apartment
6
Solid
370
25
62
151
100
AcDbLine
10
29234.0
20
-33547.0
30
0.0
11
29341.0
21
-33058.0
31
0.0
0
POINT
5
1a1
100
AcDbEntity
8
Two-Bedroom Apartment
6
Solid
370
25
62
151
100
AcDbPoint
10
29341.0
20
-33058.0
30
0.0
0
LINE
5
1a3
100
AcDbEntity
8
Two-Bedroom Apartment
6
Solid
370
25
62
151
100
AcDbLine
10
29341.0
20
-33058.0
30
0.0
11
32359.0
21
-33722.0
31
0.0
0
LINE
5
1a5
100
AcDbEntity
8
Two-Bedroom Apartment
6
Solid
370
25
62
151
100
AcDbLine
10
32359.0
20
-33722.0
30
0.0
11
31576.0
21
-37280.0
31
0.0
0
LINE
5
1a7
100
AcDbEntity
8
Two-Bedroom Apartment
6
Solid
370
25
62
151
100
AcDbLine
10
31576.0
20
-37280.0
30
0.0
11
30793.0
21
-40838.0
31
0.0
0
LINE
5
1a9
100
AcDbEntity
8
Two-Bedroom Apartment
6
Solid
370
25
62
151
100
AcDbLine
10
30793.0
20
-40838.0
30
0.0
11
30009.0
21
-44395.0
31
0.0
0
LINE
5
1ab
100
AcDbEntity
8
Two-Bedroom Apartment
6
Solid
370
25
62
151
100
AcDbLine
10
30009.0
20
-44395.0
30
0.0
11
23954.0
21
-43062.0
31
0.0
0
LINE
5
1ad
100
AcDbEntity
8
Two-Bedroom Apartment
6
Solid
370
25
62
151
100
AcDbLine
10
23954.0
20
-43062.0
30
0.0
11
24738.0
21
-39505.0
31
0.0
0
HATCH
5
1b9
100
AcDbEntity
8
Two-Bedroom Apartment
6
Solid
370
25
62
151
100
AcDbHatch
10
0
20
0
30
0
210
0
220
0
230
1
2
FILL_441
70
1
71
0
91
1
92
0
93
4
72
1
10
32187.0
20
-41014.0
11
30820.0
21
-40713.0
72
1
10
30820.0
20
-40713.0
11
31548.0
21
-37405.0
72
1
10
31548.0
20
-37405.0
11
32916.0
21
-37706.0
72
1
10
32916.0
20
-37706.0
11
32187.0
21
-41014.0
97
0
75
0
76
1
98
0
0
LINE
5
1bb
100
AcDbEntity
8
Two-Bedroom Apartment
6
Solid
370
25
62
151
100
AcDbLine
10
32187.0
20
-41014.0
30
0.0
11
30820.0
21
-40713.0
31
0.0
0
LINE
5
1bd
100
AcDbEntity
8
Two-Bedroom Apartment
6
Solid
370
25
62
151
100
AcDbLine
10
30820.0
20
-40713.0
30
0.0
11
31548.0
21
-37405.0
31
0.0
0
LINE
5
1bf
100
AcDbEntity
8
Two-Bedroom Apartment
6
Solid
370
25
62
151
100
AcDbLine
10
31548.0
20
-37405.0
30
0.0
11
32916.0
21
-37706.0
31
0.0
0
LINE
5
1c1
100
AcDbEntity
8
Two-Bedroom Apartment
6
Solid
370
25
62
151
100
AcDbLine
10
32916.0
20
-37706.0
30
0.0
11
32187.0
21
-41014.0
31
0.0
0
HATCH
5
1fb
100
AcDbEntity
8
One-Bedroom Apartment
6
Solid
370
25
62
250
100
AcDbHatch
10
0
20
0
30
0
210
0
220
0
230
1
2
FILL_507
70
1
71
0
91
1
92
0
93
27
72
1
10
23171.0
20
-46620.0
11
23954.0
21
-43062.0
72
1
10
23954.0
20
-43062.0
11
25610.0
21
-43427.0
72
1
10
25610.0
20
-43427.0
11
25502.0
21
-43915.0
72
1
10
25502.0
20
-43915.0
11
25502.0
21
-43917.0
72
1
10
25502.0
20
-43917.0
11
25502.0
21
-43919.0
72
1
10
25502.0
20
-43919.0
11
25503.0
21
-43921.0
72
1
10
25503.0
20
-43921.0
11
25504.0
21
-43922.0
72
1
10
25504.0
20
-43922.0
11
25505.0
21
-43924.0
72
1
10
25505.0
20
-43924.0
11
25506.0
21
-43925.0
72
1
10
25506.0
20
-43925.0
11
25508.0
21
-43926.0
72
1
10
25508.0
20
-43926.0
11
25510.0
21
-43927.0
72
1
10
25510.0
20
-43927.0
11
26872.0
21
-44227.0
72
1
10
26872.0
20
-44227.0
11
26874.0
21
-44227.0
72
1
10
26874.0
20
-44227.0
11
26876.0
21
-44227.0
72
1
10
26876.0
20
-44227.0
11
26878.0
21
-44226.0
72
1
10
26878.0
20
-44226.0
11
26880.0
21
-44225.0
72
1
10
26880.0
20
-44225.0
11
26881.0
21
-44224.0
72
1
10
26881.0
20
-44224.0
11
26883.0
21
-44223.0
72
1
10
26883.0
20
-44223.0
11
26884.0
21
-44221.0
72
1
10
26884.0
20
-44221.0
11
26884.0
21
-44219.0
72
1
10
26884.0
20
-44219.0
11
26992.0
21
-43731.0
72
1
10
26992.0
20
-43731.0
11
30009.0
21
-44395.0
72
1
10
30009.0
20
-44395.0
11
29226.0
21
-47953.0
72
1
10
29226.0
20
-47953.0
11
28443.0
21
-51511.0
72
1
10
28443.0
20
-51511.0
11
22388.0
21
-50178.0
72
1
10
22388.0
20
-50178.0
11
22388.0
21
-50177.0
72
1
10
22388.0
20
-50177.0
11
23171.0
21
-46620.0
97
0
75
0
76
1
98
0
0
LINE
5
1fd
100
AcDbEntity
8
One-Bedroom Apartment
6
Solid
370
25
62
250
100
AcDbLine
10
23171.0
20
-46620.0
30
0.0
11
23954.0
21
-43062.0
31
0.0
0
LINE
5
1ff
100
AcDbEntity
8
One-Bedroom Apartment
6
Solid
370
25
62
250
100
AcDbLine
10
23954.0
20
-43062.0
30
0.0
11
25610.0
21
-43427.0
31
0.0
0
LINE
5
201
100
AcDbEntity
8
One-Bedroom Apartment
6
Solid
370
25
62
250
100
AcDbLine
10
25610.0
20
-43427.0
30
0.0
11
25502.0
21
-43915.0
31
0.0
0
LINE
5
203
100
AcDbEntity
8
One-Bedroom Apartment
6
Solid
370
25
62
250
100
AcDbLine
10
25502.0
20
-43915.0
30
0.0
11
25502.0
21
-43917.0
31
0.0
0
LINE
5
205
100
AcDbEntity
8
One-Bedroom Apartment
6
Solid
370
25
62
250
100
AcDbLine
10
25502.0
20
-43917.0
30
0.0
11
25502.0
21
-43919.0
31
0.0
0
LINE
5
207
100
AcDbEntity
8
One-Bedroom Apartment
6
Solid
370
25
62
250
100
AcDbLine
10
25502.0
20
-43919.0
30
0.0
11
25503.0
21
-43921.0
31
0.0
0
LINE
5
209
100
AcDbEntity
8
One-Bedroom Apartment
6
Solid
370
25
62
250
100
AcDbLine
10
25503.0
20
-43921.0
30
0.0
11
25504.0
21
-43922.0
31
0.0
0
LINE
5
20b
100
AcDbEntity
8
One-Bedroom Apartment
6
Solid
370
25
62
250
100
AcDbLine
10
25504.0
20
-43922.0
30
0.0
11
25505.0
21
-43924.0
31
0.0
0
LINE
5
20d
100
AcDbEntity
8
One-Bedroom Apartment
6
Solid
370
25
62
250
100
AcDbLine
10
25505.0
20
-43924.0
30
0.0
11
25506.0
21
-43925.0
31
0.0
0
LINE
5
20f
100
AcDbEntity
8
One-Bedroom Apartment
6
Solid
370
25
62
250
100
AcDbLine
10
25506.0
20
-43925.0
30
0.0
11
25508.0
21
-43926.0
31
0.0
0
LINE
5
211
100
AcDbEntity
8
One-Bedroom Apartment
6
Solid
370
25
62
250
100
AcDbLine
10
25508.0
20
-43926.0
30
0.0
11
25510.0
21
-43927.0
31
0.0
0
LINE
5
213
100
AcDbEntity
8
One-Bedroom Apartment
6
Solid
370
25
62
250
100
AcDbLine
10
25510.0
20
-43927.0
30
0.0
11
26872.0
21
-44227.0
31
0.0
0
LINE
5
215
100
AcDbEntity
8
One-Bedroom Apartment
6
Solid
370
25
62
250
100
AcDbLine
10
26872.0
20
-44227.0
30
0.0
11
26874.0
21
-44227.0
31
0.0
0
LINE
5
217
100
AcDbEntity
8
One-Bedroom Apartment
6
Solid
370
25
62
250
100
AcDbLine
10
26874.0
20
-44227.0
30
0.0
11
26876.0
21
-44227.0
31
0.0
0
LINE
5
219
100
AcDbEntity
8
One-Bedroom Apartment
6
Solid
370
25
62
250
100
AcDbLine
10
26876.0
20
-44227.0
30
0.0
11
26878.0
21
-44226.0
31
0.0
0
LINE
5
21b
100
AcDbEntity
8
One-Bedroom Apartment
6
Solid
370
25
62
250
100
AcDbLine
10
26878.0
20
-44226.0
30
0.0
11
26880.0
21
-44225.0
31
0.0
0
LINE
5
21d
100
AcDbEntity
8
One-Bedroom Apartment
6
Solid
370
25
62
250
100
AcDbLine
10
26880.0
20
-44225.0
30
0.0
11
26881.0
21
-44224.0
31
0.0
0
LINE
5
21f
100
AcDbEntity
8
One-Bedroom Apartment
6
Solid
370
25
62
250
100
AcDbLine
10
26881.0
20
-44224.0
30
0.0
11
26883.0
21
-44223.0
31
0.0
0
LINE
5
221
100
AcDbEntity
8
One-Bedroom Apartment
6
Solid
370
25
62
250
100
AcDbLine
10
26883.0
20
-44223.0
30
0.0
11
26884.0
21
-44221.0
31
0.0
0
LINE
5
223
100
AcDbEntity
8
One-Bedroom Apartment
6
Solid
370
25
62
250
100
AcDbLine
10
26884.0
20
-44221.0
30
0.0
11
26884.0
21
-44219.0
31
0.0
0
LINE
5
225
100
AcDbEntity
8
One-Bedroom Apartment
6
Solid
370
25
62
250
100
AcDbLine
10
26884.0
20
-44219.0
30
0.0
11
26992.0
21
-43731.0
31
0.0
0
LINE
5
227
100
AcDbEntity
8
One-Bedroom Apartment
6
Solid
370
25
62
250
100
AcDbLine
10
26992.0
20
-43731.0
30
0.0
11
30009.0
21
-44395.0
31
0.0
0
LINE
5
229
100
AcDbEntity
8
One-Bedroom Apartment
6
Solid
370
25
62
250
100
AcDbLine
10
30009.0
20
-44395.0
30
0.0
11
29226.0
21
-47953.0
31
0.0
0
LINE
5
22b
100
AcDbEntity
8
One-Bedroom Apartment
6
Solid
370
25
62
250
100
AcDbLine
10
29226.0
20
-47953.0
30
0.0
11
28443.0
21
-51511.0
31
0.0
0
LINE
5
22d
100
AcDbEntity
8
One-Bedroom Apartment
6
Solid
370
25
62
250
100
AcDbLine
10
28443.0
20
-51511.0
30
0.0
11
22388.0
21
-50178.0
31
0.0
0
LINE
5
22f
100
AcDbEntity
8
One-Bedroom Apartment
6
Solid
370
25
62
250
100
AcDbLine
10
22388.0
20
-50178.0
30
0.0
11
22388.0
21
-50177.0
31
0.0
0
LINE
5
231
100
AcDbEntity
8
One-Bedroom Apartment
6
Solid
370
25
62
250
100
AcDbLine
10
22388.0
20
-50177.0
30
0.0
11
23171.0
21
-46620.0
31
0.0
0
HATCH
5
23d
100
AcDbEntity
8
One-Bedroom Apartment
6
Solid
370
25
62
250
100
AcDbHatch
10
0
20
0
30
0
210
0
220
0
230
1
2
FILL_573
70
1
71
0
91
1
92
0
93
4
72
1
10
30621.0
20
-48129.0
11
29254.0
21
-47828.0
72
1
10
29254.0
20
-47828.0
11
29982.0
21
-44520.0
72
1
10
29982.0
20
-44520.0
11
31349.0
21
-44821.0
72
1
10
31349.0
20
-44821.0
11
30621.0
21
-48129.0
97
0
75
0
76
1
98
0
0
LINE
5
23f
100
AcDbEntity
8
One-Bedroom Apartment
6
Solid
370
25
62
250
100
AcDbLine
10
30621.0
20
-48129.0
30
0.0
11
29254.0
21
-47828.0
31
0.0
0
LINE
5
241
100
AcDbEntity
8
One-Bedroom Apartment
6
Solid
370
25
62
250
100
AcDbLine
10
29254.0
20
-47828.0
30
0.0
11
29982.0
21
-44520.0
31
0.0
0
LINE
5
243
100
AcDbEntity
8
One-Bedroom Apartment
6
Solid
370
25
62
250
100
AcDbLine
10
29982.0
20
-44520.0
30
0.0
11
31349.0
21
-44821.0
31
0.0
0
LINE
5
245
100
AcDbEntity
8
One-Bedroom Apartment
6
Solid
370
25
62
250
100
AcDbLine
10
31349.0
20
-44821.0
30
0.0
11
30621.0
21
-48129.0
31
0.0
0
HATCH
5
281
100
AcDbEntity
8
One-Bedroom Apartment
6
Solid
370
25
62
250
100
AcDbHatch
10
0
20
0
30
0
210
0
220
0
230
1
2
FILL_641
70
1
71
0
91
1
92
0
93
28
72
1
10
13596.0
20
-51972.0
11
14380.0
21
-48414.0
72
1
10
14380.0
20
-48414.0
11
21411.0
21
-49963.0
72
1
10
21411.0
20
-49963.0
11
28443.0
21
-51511.0
72
1
10
28443.0
20
-51511.0
11
27660.0
21
-55068.0
72
1
10
27660.0
20
-55068.0
11
20628.0
21
-53520.0
72
1
10
20628.0
20
-53520.0
11
18704.0
21
-53097.0
72
1
10
18704.0
20
-53097.0
11
18704.0
21
-53097.0
72
1
10
18704.0
20
-53097.0
11
18812.0
21
-52608.0
72
1
10
18812.0
20
-52608.0
11
18812.0
21
-52606.0
72
1
10
18812.0
20
-52606.0
11
18812.0
21
-52604.0
72
1
10
18812.0
20
-52604.0
11
18811.0
21
-52603.0
72
1
10
18811.0
20
-52603.0
11
18810.0
21
-52601.0
72
1
10
18810.0
20
-52601.0
11
18809.0
21
-52599.0
72
1
10
18809.0
20
-52599.0
11
18808.0
21
-52598.0
72
1
10
18808.0
20
-52598.0
11
18806.0
21
-52597.0
72
1
10
18806.0
20
-52597.0
11
18804.0
21
-52596.0
72
1
10
18804.0
20
-52596.0
11
17222.0
21
-52248.0
72
1
10
17222.0
20
-52248.0
11
17220.0
21
-52248.0
72
1
10
17220.0
20
-52248.0
11
17218.0
21
-52248.0
72
1
10
17218.0
20
-52248.0
11
17216.0
21
-52249.0
72
1
10
17216.0
20
-52249.0
11
17214.0
21
-52249.0
72
1
10
17214.0
20
-52249.0
11
17213.0
21
-52251.0
72
1
10
17213.0
20
-52251.0
11
17211.0
21
-52252.0
72
1
10
17211.0
20
-52252.0
11
17211.0
21
-52254.0
72
1
10
17211.0
20
-52254.0
11
17210.0
21
-52256.0
72
1
10
17210.0
20
-52256.0
11
17102.0
21
-52744.0
72
1
10
17102.0
20
-52744.0
11
17102.0
21
-52744.0
72
1
10
17102.0
20
-52744.0
11
13596.0
21
-51972.0
97
0
75
0
76
1
98
0
0
LINE
5
283
100
AcDbEntity
8
One-Bedroom Apartment
6
Solid
370
25
62
250
100
AcDbLine
10
13596.0
20
-51972.0
30
0.0
11
14380.0
21
-48414.0
31
0.0
0
LINE
5
285
100
AcDbEntity
8
One-Bedroom Apartment
6
Solid
370
25
62
250
100
AcDbLine
10
14380.0
20
-48414.0
30
0.0
11
21411.0
21
-49963.0
31
0.0
0
LINE
5
287
100
AcDbEntity
8
One-Bedroom Apartment
6
Solid
370
25
62
250
100
AcDbLine
10
21411.0
20
-49963.0
30
0.0
11
28443.0
21
-51511.0
31
0.0
0
LINE
5
289
100
AcDbEntity
8
One-Bedroom Apartment
6
Solid
370
25
62
250
100
AcDbLine
10
28443.0
20
-51511.0
30
0.0
11
27660.0
21
-55068.0
31
0.0
0
LINE
5
28b
100
AcDbEntity
8
One-Bedroom Apartment
6
Solid
370
25
62
250
100
AcDbLine
10
27660.0
20
-55068.0
30
0.0
11
20628.0
21
-53520.0
31
0.0
0
LINE
5
28d
100
AcDbEntity
8
One-Bedroom Apartment
6
Solid
370
25
62
250
100
AcDbLine
10
20628.0
20
-53520.0
30
0.0
11
18704.0
21
-53097.0
31
0.0
0
POINT
5
28f
100
AcDbEntity
8
One-Bedroom Apartment
6
Solid
370
25
62
250
100
AcDbPoint
10
18704.0
20
-53097.0
30
0.0
0
LINE
5
291
100
AcDbEntity
8
One-Bedroom Apartment
6
Solid
370
25
62
250
100
AcDbLine
10
18704.0
20
-53097.0
30
0.0
11
18812.0
21
-52608.0
31
0.0
0
LINE
5
293
100
AcDbEntity
8
One-Bedroom Apartment
6
Solid
370
25
62
250
100
AcDbLine
10
18812.0
20
-52608.0
30
0.0
11
18812.0
21
-52606.0
31
0.0
0
LINE
5
295
100
AcDbEntity
8
One-Bedroom Apartment
6
Solid
370
25
62
250
100
AcDbLine
10
18812.0
20
-52606.0
30
0.0
11
18812.0
21
-52604.0
31
0.0
0
LINE
5
297
100
AcDbEntity
8
One-Bedroom Apartment
6
Solid
370
25
62
250
100
AcDbLine
10
18812.0
20
-52604.0
30
0.0
11
18811.0
21
-52603.0
31
0.0
0
LINE
5
299
100
AcDbEntity
8
One-Bedroom Apartment
6
Solid
370
25
62
250
100
AcDbLine
10
18811.0
20
-52603.0
30
0.0
11
18810.0
21
-52601.0
31
0.0
0
LINE
5
29b
100
AcDbEntity
8
One-Bedroom Apartment
6
Solid
370
25
62
250
100
AcDbLine
10
18810.0
20
-52601.0
30
0.0
11
18809.0
21
-52599.0
31
0.0
0
LINE
5
29d
100
AcDbEntity
8
One-Bedroom Apartment
6
Solid
370
25
62
250
100
AcDbLine
10
18809.0
20
-52599.0
30
0.0
11
18808.0
21
-52598.0
31
0.0
0
LINE
5
29f
100
AcDbEntity
8
One-Bedroom Apartment
6
Solid
370
25
62
250
100
AcDbLine
10
18808.0
20
-52598.0
30
0.0
11
18806.0
21
-52597.0
31
0.0
0
LINE
5
2a1
100
AcDbEntity
8
One-Bedroom Apartment
6
Solid
370
25
62
250
100
AcDbLine
10
18806.0
20
-52597.0
30
0.0
11
18804.0
21
-52596.0
31
0.0
0
LINE
5
2a3
100
AcDbEntity
8
One-Bedroom Apartment
6
Solid
370
25
62
250
100
AcDbLine
10
18804.0
20
-52596.0
30
0.0
11
17222.0
21
-52248.0
31
0.0
0
LINE
5
2a5
100
AcDbEntity
8
One-Bedroom Apartment
6
Solid
370
25
62
250
100
AcDbLine
10
17222.0
20
-52248.0
30
0.0
11
17220.0
21
-52248.0
31
0.0
0
LINE
5
2a7
100
AcDbEntity
8
One-Bedroom Apartment
6
Solid
370
25
62
250
100
AcDbLine
10
17220.0
20
-52248.0
30
0.0
11
17218.0
21
-52248.0
31
0.0
0
LINE
5
2a9
100
AcDbEntity
8
One-Bedroom Apartment
6
Solid
370
25
62
250
100
AcDbLine
10
17218.0
20
-52248.0
30
0.0
11
17216.0
21
-52249.0
31
0.0
0
LINE
5
2ab
100
AcDbEntity
8
One-Bedroom Apartment
6
Solid
370
25
62
250
100
AcDbLine
10
17216.0
20
-52249.0
30
0.0
11
17214.0
21
-52249.0
31
0.0
0
LINE
5
2ad
100
AcDbEntity
8
One-Bedroom Apartment
6
Solid
370
25
62
250
100
AcDbLine
10
17214.0
20
-52249.0
30
0.0
11
17213.0
21
-52251.0
31
0.0
0
LINE
5
2af
100
AcDbEntity
8
One-Bedroom Apartment
6
Solid
370
25
62
250
100
AcDbLine
10
17213.0
20
-52251.0
30
0.0
11
17211.0
21
-52252.0
31
0.0
0
LINE
5
2b1
100
AcDbEntity
8
One-Bedroom Apartment
6
Solid
370
25
62
250
100
AcDbLine
10
17211.0
20
-52252.0
30
0.0
11
17211.0
21
-52254.0
31
0.0
0
LINE
5
2b3
100
AcDbEntity
8
One-Bedroom Apartment
6
Solid
370
25
62
250
100
AcDbLine
10
17211.0
20
-52254.0
30
0.0
11
17210.0
21
-52256.0
31
0.0
0
LINE
5
2b5
100
AcDbEntity
8
One-Bedroom Apartment
6
Solid
370
25
62
250
100
AcDbLine
10
17210.0
20
-52256.0
30
0.0
11
17102.0
21
-52744.0
31
0.0
0
POINT
5
2b7
100
AcDbEntity
8
One-Bedroom Apartment
6
Solid
370
25
62
250
100
AcDbPoint
10
17102.0
20
-52744.0
30
0.0
0
LINE
5
2b9
100
AcDbEntity
8
One-Bedroom Apartment
6
Solid
370
25
62
250
100
AcDbLine
10
17102.0
20
-52744.0
30
0.0
11
13596.0
21
-51972.0
31
0.0
0
HATCH
5
2c5
100
AcDbEntity
8
One-Bedroom Apartment
6
Solid
370
25
62
250
100
AcDbHatch
10
0
20
0
30
0
210
0
220
0
230
1
2
FILL_709
70
1
71
0
91
1
92
0
93
4
72
1
10
12985.0
20
-48238.0
11
14352.0
21
-48539.0
72
1
10
14352.0
20
-48539.0
11
13639.0
21
-51777.0
72
1
10
13639.0
20
-51777.0
11
12272.0
21
-51476.0
72
1
10
12272.0
20
-51476.0
11
12985.0
21
-48238.0
97
0
75
0
76
1
98
0
0
LINE
5
2c7
100
AcDbEntity
8
One-Bedroom Apartment
6
Solid
370
25
62
250
100
AcDbLine
10
12985.0
20
-48238.0
30
0.0
11
14352.0
21
-48539.0
31
0.0
0
LINE
5
2c9
100
AcDbEntity
8
One-Bedroom Apartment
6
Solid
370
25
62
250
100
AcDbLine
10
14352.0
20
-48539.0
30
0.0
11
13639.0
21
-51777.0
31
0.0
0
LINE
5
2cb
100
AcDbEntity
8
One-Bedroom Apartment
6
Solid
370
25
62
250
100
AcDbLine
10
13639.0
20
-51777.0
30
0.0
11
12272.0
21
-51476.0
31
0.0
0
LINE
5
2cd
100
AcDbEntity
8
One-Bedroom Apartment
6
Solid
370
25
62
250
100
AcDbLine
10
12272.0
20
-51476.0
30
0.0
11
12985.0
21
-48238.0
31
0.0
0
HATCH
5
2f1
100
AcDbEntity
8
Studio Apartment
6
Solid
370
25
62
252
100
AcDbHatch
10
0
20
0
30
0
210
0
220
0
230
1
2
FILL_753
70
1
71
0
91
1
92
0
93
16
72
1
10
14380.0
20
-48414.0
11
15163.0
21
-44857.0
72
1
10
15163.0
20
-44857.0
11
19089.0
21
-45721.0
72
1
10
19089.0
20
-45721.0
11
18981.0
21
-46209.0
72
1
10
18981.0
20
-46209.0
11
18981.0
21
-46211.0
72
1
10
18981.0
20
-46211.0
11
18981.0
21
-46213.0
72
1
10
18981.0
20
-46213.0
11
18982.0
21
-46215.0
72
1
10
18982.0
20
-46215.0
11
18983.0
21
-46217.0
72
1
10
18983.0
20
-46217.0
11
18984.0
21
-46219.0
72
1
10
18984.0
20
-46219.0
11
18985.0
21
-46220.0
72
1
10
18985.0
20
-46220.0
11
18987.0
21
-46221.0
72
1
10
18987.0
20
-46221.0
11
18989.0
21
-46221.0
72
1
10
18989.0
20
-46221.0
11
21108.0
21
-46688.0
72
1
10
21108.0
20
-46688.0
11
21108.0
21
-46688.0
72
1
10
21108.0
20
-46688.0
11
20435.0
21
-49747.0
72
1
10
20435.0
20
-49747.0
11
20435.0
21
-49748.0
72
1
10
20435.0
20
-49748.0
11
14380.0
21
-48414.0
97
0
75
0
76
1
98
0
0
LINE
5
2f3
100
AcDbEntity
8
Studio Apartment
6
Solid
370
25
62
252
100
AcDbLine
10
14380.0
20
-48414.0
30
0.0
11
15163.0
21
-44857.0
31
0.0
0
LINE
5
2f5
100
AcDbEntity
8
Studio Apartment
6
Solid
370
25
62
252
100
AcDbLine
10
15163.0
20
-44857.0
30
0.0
11
19089.0
21
-45721.0
31
0.0
0
LINE
5
2f7
100
AcDbEntity
8
Studio Apartment
6
Solid
370
25
62
252
100
AcDbLine
10
19089.0
20
-45721.0
30
0.0
11
18981.0
21
-46209.0
31
0.0
0
LINE
5
2f9
100
AcDbEntity
8
Studio Apartment
6
Solid
370
25
62
252
100
AcDbLine
10
18981.0
20
-46209.0
30
0.0
11
18981.0
21
-46211.0
31
0.0
0
LINE
5
2fb
100
AcDbEntity
8
Studio Apartment
6
Solid
370
25
62
252
100
AcDbLine
10
18981.0
20
-46211.0
30
0.0
11
18981.0
21
-46213.0
31
0.0
0
LINE
5
2fd
100
AcDbEntity
8
Studio Apartment
6
Solid
370
25
62
252
100
AcDbLine
10
18981.0
20
-46213.0
30
0.0
11
18982.0
21
-46215.0
31
0.0
0
LINE
5
2ff
100
AcDbEntity
8
Studio Apartment
6
Solid
370
25
62
252
100
AcDbLine
10
18982.0
20
-46215.0
30
0.0
11
18983.0
21
-46217.0
31
0.0
0
LINE
5
301
100
AcDbEntity
8
Studio Apartment
6
Solid
370
25
62
252
100
AcDbLine
10
18983.0
20
-46217.0
30
0.0
11
18984.0
21
-46219.0
31
0.0
0
LINE
5
303
100
AcDbEntity
8
Studio Apartment
6
Solid
370
25
62
252
100
AcDbLine
10
18984.0
20
-46219.0
30
0.0
11
18985.0
21
-46220.0
31
0.0
0
LINE
5
305
100
AcDbEntity
8
Studio Apartment
6
Solid
370
25
62
252
100
AcDbLine
10
18985.0
20
-46220.0
30
0.0
11
18987.0
21
-46221.0
31
0.0
0
LINE
5
307
100
AcDbEntity
8
Studio Apartment
6
Solid
370
25
62
252
100
AcDbLine
10
18987.0
20
-46221.0
30
0.0
11
18989.0
21
-46221.0
31
0.0
0
LINE
5
309
100
AcDbEntity
8
Studio Apartment
6
Solid
370
25
62
252
100
AcDbLine
10
18989.0
20
-46221.0
30
0.0
11
21108.0
21
-46688.0
31
0.0
0
POINT
5
30b
100
AcDbEntity
8
Studio Apartment
6
Solid
370
25
62
252
100
AcDbPoint
10
21108.0
20
-46688.0
30
0.0
0
LINE
5
30d
100
AcDbEntity
8
Studio Apartment
6
Solid
370
25
62
252
100
AcDbLine
10
21108.0
20
-46688.0
30
0.0
11
20435.0
21
-49747.0
31
0.0
0
LINE
5
30f
100
AcDbEntity
8
Studio Apartment
6
Solid
370
25
62
252
100
AcDbLine
10
20435.0
20
-49747.0
30
0.0
11
20435.0
21
-49748.0
31
0.0
0
LINE
5
311
100
AcDbEntity
8
Studio Apartment
6
Solid
370
25
62
252
100
AcDbLine
10
20435.0
20
-49748.0
30
0.0
11
14380.0
21
-48414.0
31
0.0
0
HATCH
5
31d
100
AcDbEntity
8
Studio Apartment
6
Solid
370
25
62
252
100
AcDbHatch
10
0
20
0
30
0
210
0
220
0
230
1
2
FILL_797
70
1
71
0
91
1
92
0
93
4
72
1
10
13768.0
20
-44681.0
11
15135.0
21
-44982.0
72
1
10
15135.0
20
-44982.0
11
14407.0
21
-48290.0
72
1
10
14407.0
20
-48290.0
11
13040.0
21
-47989.0
72
1
10
13040.0
20
-47989.0
11
13768.0
21
-44681.0
97
0
75
0
76
1
98
0
0
LINE
5
31f
100
AcDbEntity
8
Studio Apartment
6
Solid
370
25
62
252
100
AcDbLine
10
13768.0
20
-44681.0
30
0.0
11
15135.0
21
-44982.0
31
0.0
0
LINE
5
321
100
AcDbEntity
8
Studio Apartment
6
Solid
370
25
62
252
100
AcDbLine
10
15135.0
20
-44982.0
30
0.0
11
14407.0
21
-48290.0
31
0.0
0
LINE
5
323
100
AcDbEntity
8
Studio Apartment
6
Solid
370
25
62
252
100
AcDbLine
10
14407.0
20
-48290.0
30
0.0
11
13040.0
21
-47989.0
31
0.0
0
LINE
5
325
100
AcDbEntity
8
Studio Apartment
6
Solid
370
25
62
252
100
AcDbLine
10
13040.0
20
-47989.0
30
0.0
11
13768.0
21
-44681.0
31
0.0
0
HATCH
5
361
100
AcDbEntity
8
One-Bedroom Apartment
6
Solid
370
25
62
250
100
AcDbHatch
10
0
20
0
30
0
210
0
220
0
230
1
2
FILL_865
70
1
71
0
91
1
92
0
93
28
72
1
10
113074.0
20
-104647.0
11
109928.0
21
-102810.0
72
1
10
109928.0
20
-102810.0
11
110783.0
21
-101346.0
72
1
10
110783.0
20
-101346.0
11
111214.0
21
-101598.0
72
1
10
111214.0
20
-101598.0
11
111216.0
21
-101599.0
72
1
10
111216.0
20
-101599.0
11
111218.0
21
-101600.0
72
1
10
111218.0
20
-101600.0
11
111220.0
21
-101600.0
72
1
10
111220.0
20
-101600.0
11
111222.0
21
-101599.0
72
1
10
111222.0
20
-101599.0
11
111224.0
21
-101599.0
72
1
10
111224.0
20
-101599.0
11
111225.0
21
-101598.0
72
1
10
111225.0
20
-101598.0
11
111227.0
21
-101596.0
72
1
10
111227.0
20
-101596.0
11
111228.0
21
-101595.0
72
1
10
111228.0
20
-101595.0
11
111931.0
21
-100390.0
72
1
10
111931.0
20
-100390.0
11
111932.0
21
-100388.0
72
1
10
111932.0
20
-100388.0
11
111933.0
21
-100386.0
72
1
10
111933.0
20
-100386.0
11
111933.0
21
-100384.0
72
1
10
111933.0
20
-100384.0
11
111932.0
21
-100383.0
72
1
10
111932.0
20
-100383.0
11
111932.0
21
-100381.0
72
1
10
111932.0
20
-100381.0
11
111931.0
21
-100379.0
72
1
10
111931.0
20
-100379.0
11
111929.0
21
-100378.0
72
1
10
111929.0
20
-100378.0
11
111928.0
21
-100376.0
72
1
10
111928.0
20
-100376.0
11
111496.0
21
-100124.0
72
1
10
111496.0
20
-100124.0
11
113054.0
21
-97456.0
72
1
10
113054.0
20
-97456.0
11
113054.0
21
-97456.0
72
1
10
113054.0
20
-97456.0
11
116200.0
21
-99293.0
72
1
10
116200.0
20
-99293.0
11
119346.0
21
-101129.0
72
1
10
119346.0
20
-101129.0
11
116220.0
21
-106483.0
72
1
10
116220.0
20
-106483.0
11
116219.0
21
-106483.0
72
1
10
116219.0
20
-106483.0
11
113074.0
21
-104647.0
97
0
75
0
76
1
98
0
0
LINE
5
363
100
AcDbEntity
8
One-Bedroom Apartment
6
Solid
370
25
62
250
100
AcDbLine
10
113074.0
20
-104647.0
30
0.0
11
109928.0
21
-102810.0
31
0.0
0
LINE
5
365
100
AcDbEntity
8
One-Bedroom Apartment
6
Solid
370
25
62
250
100
AcDbLine
10
109928.0
20
-102810.0
30
0.0
11
110783.0
21
-101346.0
31
0.0
0
LINE
5
367
100
AcDbEntity
8
One-Bedroom Apartment
6
Solid
370
25
62
250
100
AcDbLine
10
110783.0
20
-101346.0
30
0.0
11
111214.0
21
-101598.0
31
0.0
0
LINE
5
369
100
AcDbEntity
8
One-Bedroom Apartment
6
Solid
370
25
62
250
100
AcDbLine
10
111214.0
20
-101598.0
30
0.0
11
111216.0
21
-101599.0
31
0.0
0
LINE
5
36b
100
AcDbEntity
8
One-Bedroom Apartment
6
Solid
370
25
62
250
100
AcDbLine
10
111216.0
20
-101599.0
30
0.0
11
111218.0
21
-101600.0
31
0.0
0
LINE
5
36d
100
AcDbEntity
8
One-Bedroom Apartment
6
Solid
370
25
62
250
100
AcDbLine
10
111218.0
20
-101600.0
30
0.0
11
111220.0
21
-101600.0
31
0.0
0
LINE
5
36f
100
AcDbEntity
8
One-Bedroom Apartment
6
Solid
370
25
62
250
100
AcDbLine
10
111220.0
20
-101600.0
30
0.0
11
111222.0
21
-101599.0
31
0.0
0
LINE
5
371
100
AcDbEntity
8
One-Bedroom Apartment
6
Solid
370
25
62
250
100
AcDbLine
10
111222.0
20
-101599.0
30
0.0
11
111224.0
21
-101599.0
31
0.0
0
LINE
5
373
100
AcDbEntity
8
One-Bedroom Apartment
6
Solid
370
25
62
250
100
AcDbLine
10
111224.0
20
-101599.0
30
0.0
11
111225.0
21
-101598.0
31
0.0
0
LINE
5
375
100
AcDbEntity
8
One-Bedroom Apartment
6
Solid
370
25
62
250
100
AcDbLine
10
111225.0
20
-101598.0
30
0.0
11
111227.0
21
-101596.0
31
0.0
0
LINE
5
377
100
AcDbEntity
8
One-Bedroom Apartment
6
Solid
370
25
62
250
100
AcDbLine
10
111227.0
20
-101596.0
30
0.0
11
111228.0
21
-101595.0
31
0.0
0
LINE
5
379
100
AcDbEntity
8
One-Bedroom Apartment
6
Solid
370
25
62
250
100
AcDbLine
10
111228.0
20
-101595.0
30
0.0
11
111931.0
21
-100390.0
31
0.0
0
LINE
5
37b
100
AcDbEntity
8
One-Bedroom Apartment
6
Solid
370
25
62
250
100
AcDbLine
10
111931.0
20
-100390.0
30
0.0
11
111932.0
21
-100388.0
31
0.0
0
LINE
5
37d
100
AcDbEntity
8
One-Bedroom Apartment
6
Solid
370
25
62
250
100
AcDbLine
10
111932.0
20
-100388.0
30
0.0
11
111933.0
21
-100386.0
31
0.0
0
LINE
5
37f
100
AcDbEntity
8
One-Bedroom Apartment
6
Solid
370
25
62
250
100
AcDbLine
10
111933.0
20
-100386.0
30
0.0
11
111933.0
21
-100384.0
31
0.0
0
LINE
5
381
100
AcDbEntity
8
One-Bedroom Apartment
6
Solid
370
25
62
250
100
AcDbLine
10
111933.0
20
-100384.0
30
0.0
11
111932.0
21
-100383.0
31
0.0
0
LINE
5
383
100
AcDbEntity
8
One-Bedroom Apartment
6
Solid
370
25
62
250
100
AcDbLine
10
111932.0
20
-100383.0
30
0.0
11
111932.0
21
-100381.0
31
0.0
0
LINE
5
385
100
AcDbEntity
8
One-Bedroom Apartment
6
Solid
370
25
62
250
100
AcDbLine
10
111932.0
20
-100381.0
30
0.0
11
111931.0
21
-100379.0
31
0.0
0
LINE
5
387
100
AcDbEntity
8
One-Bedroom Apartment
6
Solid
370
25
62
250
100
AcDbLine
10
111931.0
20
-100379.0
30
0.0
11
111929.0
21
-100378.0
31
0.0
0
LINE
5
389
100
AcDbEntity
8
One-Bedroom Apartment
6
Solid
370
25
62
250
100
AcDbLine
10
111929.0
20
-100378.0
30
0.0
11
111928.0
21
-100376.0
31
0.0
0
LINE
5
38b
100
AcDbEntity
8
One-Bedroom Apartment
6
Solid
370
25
62
250
100
AcDbLine
10
111928.0
20
-100376.0
30
0.0
11
111496.0
21
-100124.0
31
0.0
0
LINE
5
38d
100
AcDbEntity
8
One-Bedroom Apartment
6
Solid
370
25
62
250
100
AcDbLine
10
111496.0
20
-100124.0
30
0.0
11
113054.0
21
-97456.0
31
0.0
0
POINT
5
38f
100
AcDbEntity
8
One-Bedroom Apartment
6
Solid
370
25
62
250
100
AcDbPoint
10
113054.0
20
-97456.0
30
0.0
0
LINE
5
391
100
AcDbEntity
8
One-Bedroom Apartment
6
Solid
370
25
62
250
100
AcDbLine
10
113054.0
20
-97456.0
30
0.0
11
116200.0
21
-99293.0
31
0.0
0
LINE
5
393
100
AcDbEntity
8
One-Bedroom Apartment
6
Solid
370
25
62
250
100
AcDbLine
10
116200.0
20
-99293.0
30
0.0
11
119346.0
21
-101129.0
31
0.0
0
LINE
5
395
100
AcDbEntity
8
One-Bedroom Apartment
6
Solid
370
25
62
250
100
AcDbLine
10
119346.0
20
-101129.0
30
0.0
11
116220.0
21
-106483.0
31
0.0
0
LINE
5
397
100
AcDbEntity
8
One-Bedroom Apartment
6
Solid
370
25
62
250
100
AcDbLine
10
116220.0
20
-106483.0
30
0.0
11
116219.0
21
-106483.0
31
0.0
0
LINE
5
399
100
AcDbEntity
8
One-Bedroom Apartment
6
Solid
370
25
62
250
100
AcDbLine
10
116219.0
20
-106483.0
30
0.0
11
113074.0
21
-104647.0
31
0.0
0
HATCH
5
3a5
100
AcDbEntity
8
One-Bedroom Apartment
6
Solid
370
25
62
250
100
AcDbHatch
10
0
20
0
30
0
210
0
220
0
230
1
2
FILL_933
70
1
71
0
91
1
92
0
93
4
72
1
10
116795.0
20
-98019.0
11
116090.0
21
-99228.0
72
1
10
116090.0
20
-99228.0
11
113164.0
21
-97520.0
72
1
10
113164.0
20
-97520.0
11
113870.0
21
-96311.0
72
1
10
113870.0
20
-96311.0
11
116795.0
21
-98019.0
97
0
75
0
76
1
98
0
0
LINE
5
3a7
100
AcDbEntity
8
One-Bedroom Apartment
6
Solid
370
25
62
250
100
AcDbLine
10
116795.0
20
-98019.0
30
0.0
11
116090.0
21
-99228.0
31
0.0
0
LINE
5
3a9
100
AcDbEntity
8
One-Bedroom Apartment
6
Solid
370
25
62
250
100
AcDbLine
10
116090.0
20
-99228.0
30
0.0
11
113164.0
21
-97520.0
31
0.0
0
LINE
5
3ab
100
AcDbEntity
8
One-Bedroom Apartment
6
Solid
370
25
62
250
100
AcDbLine
10
113164.0
20
-97520.0
30
0.0
11
113870.0
21
-96311.0
31
0.0
0
LINE
5
3ad
100
AcDbEntity
8
One-Bedroom Apartment
6
Solid
370
25
62
250
100
AcDbLine
10
113870.0
20
-96311.0
30
0.0
11
116795.0
21
-98019.0
31
0.0
0
HATCH
5
3ed
100
AcDbEntity
8
One-Bedroom Apartment
6
Solid
370
25
62
250
100
AcDbHatch
10
0
20
0
30
0
210
0
220
0
230
1
2
FILL_1005
70
1
71
0
91
1
92
0
93
30
72
1
10
115716.0
20
-107347.0
11
119346.0
21
-101129.0
72
1
10
119346.0
20
-101129.0
11
119346.0
21
-101129.0
72
1
10
119346.0
20
-101129.0
11
122492.0
21
-102966.0
72
1
10
122492.0
20
-102966.0
11
118862.0
21
-109184.0
72
1
10
118862.0
20
-109184.0
11
117868.0
21
-110885.0
72
1
10
117868.0
20
-110885.0
11
117868.0
21
-110885.0
72
1
10
117868.0
20
-110885.0
11
117437.0
21
-110633.0
72
1
10
117437.0
20
-110633.0
11
117435.0
21
-110632.0
72
1
10
117435.0
20
-110632.0
11
117433.0
21
-110632.0
72
1
10
117433.0
20
-110632.0
11
117431.0
21
-110632.0
72
1
10
117431.0
20
-110632.0
11
117429.0
21
-110632.0
72
1
10
117429.0
20
-110632.0
11
117427.0
21
-110633.0
72
1
10
117427.0
20
-110633.0
11
117426.0
21
-110634.0
72
1
10
117426.0
20
-110634.0
11
117424.0
21
-110635.0
72
1
10
117424.0
20
-110635.0
11
117423.0
21
-110637.0
72
1
10
117423.0
20
-110637.0
11
116606.0
21
-112036.0
72
1
10
116606.0
20
-112036.0
11
116605.0
21
-112037.0
72
1
10
116605.0
20
-112037.0
11
116605.0
21
-112039.0
72
1
10
116605.0
20
-112039.0
11
116605.0
21
-112041.0
72
1
10
116605.0
20
-112041.0
11
116605.0
21
-112043.0
72
1
10
116605.0
20
-112043.0
11
116606.0
21
-112045.0
72
1
10
116606.0
20
-112045.0
11
116607.0
21
-112047.0
72
1
10
116607.0
20
-112047.0
11
116608.0
21
-112048.0
72
1
10
116608.0
20
-112048.0
11
116610.0
21
-112049.0
72
1
10
116610.0
20
-112049.0
11
117042.0
21
-112301.0
72
1
10
117042.0
20
-112301.0
11
117042.0
21
-112301.0
72
1
10
117042.0
20
-112301.0
11
115232.0
21
-115402.0
72
1
10
115232.0
20
-115402.0
11
115232.0
21
-115402.0
72
1
10
115232.0
20
-115402.0
11
112086.0
21
-113565.0
72
1
10
112086.0
20
-113565.0
11
115716.0
21
-107347.0
97
0
75
0
76
1
98
0
0
LINE
5
3ef
100
AcDbEntity
8
One-Bedroom Apartment
6
Solid
370
25
62
250
100
AcDbLine
10
115716.0
20
-107347.0
30
0.0
11
119346.0
21
-101129.0
31
0.0
0
POINT
5
3f1
100
AcDbEntity
8
One-Bedroom Apartment
6
Solid
370
25
62
250
100
AcDbPoint
10
119346.0
20
-101129.0
30
0.0
0
LINE
5
3f3
100
AcDbEntity
8
One-Bedroom Apartment
6
Solid
370
25
62
250
100
AcDbLine
10
119346.0
20
-101129.0
30
0.0
11
122492.0
21
-102966.0
31
0.0
0
LINE
5
3f5
100
AcDbEntity
8
One-Bedroom Apartment
6
Solid
370
25
62
250
100
AcDbLine
10
122492.0
20
-102966.0
30
0.0
11
118862.0
21
-109184.0
31
0.0
0
LINE
5
3f7
100
AcDbEntity
8
One-Bedroom Apartment
6
Solid
370
25
62
250
100
AcDbLine
10
118862.0
20
-109184.0
30
0.0
11
117868.0
21
-110885.0
31
0.0
0
POINT
5
3f9
100
AcDbEntity
8
One-Bedroom Apartment
6
Solid
370
25
62
250
100
AcDbPoint
10
117868.0
20
-110885.0
30
0.0
0
LINE
5
3fb
100
AcDbEntity
8
One-Bedroom Apartment
6
Solid
370
25
62
250
100
AcDbLine
10
117868.0
20
-110885.0
30
0.0
11
117437.0
21
-110633.0
31
0.0
0
LINE
5
3fd
100
AcDbEntity
8
One-Bedroom Apartment
6
Solid
370
25
62
250
100
AcDbLine
10
117437.0
20
-110633.0
30
0.0
11
117435.0
21
-110632.0
31
0.0
0
LINE
5
3ff
100
AcDbEntity
8
One-Bedroom Apartment
6
Solid
370
25
62
250
100
AcDbLine
10
117435.0
20
-110632.0
30
0.0
11
117433.0
21
-110632.0
31
0.0
0
LINE
5
401
100
AcDbEntity
8
One-Bedroom Apartment
6
Solid
370
25
62
250
100
AcDbLine
10
117433.0
20
-110632.0
30
0.0
11
117431.0
21
-110632.0
31
0.0
0
LINE
5
403
100
AcDbEntity
8
One-Bedroom Apartment
6
Solid
370
25
62
250
100
AcDbLine
10
117431.0
20
-110632.0
30
0.0
11
117429.0
21
-110632.0
31
0.0
0
LINE
5
405
100
AcDbEntity
8
One-Bedroom Apartment
6
Solid
370
25
62
250
100
AcDbLine
10
117429.0
20
-110632.0
30
0.0
11
117427.0
21
-110633.0
31
0.0
0
LINE
5
407
100
AcDbEntity
8
One-Bedroom Apartment
6
Solid
370
25
62
250
100
AcDbLine
10
117427.0
20
-110633.0
30
0.0
11
117426.0
21
-110634.0
31
0.0
0
LINE
5
409
100
AcDbEntity
8
One-Bedroom Apartment
6
Solid
370
25
62
250
100
AcDbLine
10
117426.0
20
-110634.0
30
0.0
11
117424.0
21
-110635.0
31
0.0
0
LINE
5
40b
100
AcDbEntity
8
One-Bedroom Apartment
6
Solid
370
25
62
250
100
AcDbLine
10
117424.0
20
-110635.0
30
0.0
11
117423.0
21
-110637.0
31
0.0
0
LINE
5
40d
100
AcDbEntity
8
One-Bedroom Apartment
6
Solid
370
25
62
250
100
AcDbLine
10
117423.0
20
-110637.0
30
0.0
11
116606.0
21
-112036.0
31
0.0
0
LINE
5
40f
100
AcDbEntity
8
One-Bedroom Apartment
6
Solid
370
25
62
250
100
AcDbLine
10
116606.0
20
-112036.0
30
0.0
11
116605.0
21
-112037.0
31
0.0
0
LINE
5
411
100
AcDbEntity
8
One-Bedroom Apartment
6
Solid
370
25
62
250
100
AcDbLine
10
116605.0
20
-112037.0
30
0.0
11
116605.0
21
-112039.0
31
0.0
0
LINE
5
413
100
AcDbEntity
8
One-Bedroom Apartment
6
Solid
370
25
62
250
100
AcDbLine
10
116605.0
20
-112039.0
30
0.0
11
116605.0
21
-112041.0
31
0.0
0
LINE
5
415
100
AcDbEntity
8
One-Bedroom Apartment
6
Solid
370
25
62
250
100
AcDbLine
10
116605.0
20
-112041.0
30
0.0
11
116605.0
21
-112043.0
31
0.0
0
LINE
5
417
100
AcDbEntity
8
One-Bedroom Apartment
6
Solid
370
25
62
250
100
AcDbLine
10
116605.0
20
-112043.0
30
0.0
11
116606.0
21
-112045.0
31
0.0
0
LINE
5
419
100
AcDbEntity
8
One-Bedroom Apartment
6
Solid
370
25
62
250
100
AcDbLine
10
116606.0
20
-112045.0
30
0.0
11
116607.0
21
-112047.0
31
0.0
0
LINE
5
41b
100
AcDbEntity
8
One-Bedroom Apartment
6
Solid
370
25
62
250
100
AcDbLine
10
116607.0
20
-112047.0
30
0.0
11
116608.0
21
-112048.0
31
0.0
0
LINE
5
41d
100
AcDbEntity
8
One-Bedroom Apartment
6
Solid
370
25
62
250
100
AcDbLine
10
116608.0
20
-112048.0
30
0.0
11
116610.0
21
-112049.0
31
0.0
0
LINE
5
41f
100
AcDbEntity
8
One-Bedroom Apartment
6
Solid
370
25
62
250
100
AcDbLine
10
116610.0
20
-112049.0
30
0.0
11
117042.0
21
-112301.0
31
0.0
0
POINT
5
421
100
AcDbEntity
8
One-Bedroom Apartment
6
Solid
370
25
62
250
100
AcDbPoint
10
117042.0
20
-112301.0
30
0.0
0
LINE
5
423
100
AcDbEntity
8
One-Bedroom Apartment
6
Solid
370
25
62
250
100
AcDbLine
10
117042.0
20
-112301.0
30
0.0
11
115232.0
21
-115402.0
31
0.0
0
POINT
5
425
100
AcDbEntity
8
One-Bedroom Apartment
6
Solid
370
25
62
250
100
AcDbPoint
10
115232.0
20
-115402.0
30
0.0
0
LINE
5
427
100
AcDbEntity
8
One-Bedroom Apartment
6
Solid
370
25
62
250
100
AcDbLine
10
115232.0
20
-115402.0
30
0.0
11
112086.0
21
-113565.0
31
0.0
0
LINE
5
429
100
AcDbEntity
8
One-Bedroom Apartment
6
Solid
370
25
62
250
100
AcDbLine
10
112086.0
20
-113565.0
30
0.0
11
115716.0
21
-107347.0
31
0.0
0
HATCH
5
435
100
AcDbEntity
8
One-Bedroom Apartment
6
Solid
370
25
62
250
100
AcDbHatch
10
0
20
0
30
0
210
0
220
0
230
1
2
FILL_1077
70
1
71
0
91
1
92
0
93
4
72
1
10
123025.0
20
-101656.0
11
122319.0
21
-102865.0
72
1
10
122319.0
20
-102865.0
11
119456.0
21
-101194.0
72
1
10
119456.0
20
-101194.0
11
120162.0
21
-99985.0
72
1
10
120162.0
20
-99985.0
11
123025.0
21
-101656.0
97
0
75
0
76
1
98
0
0
LINE
5
437
100
AcDbEntity
8
One-Bedroom Apartment
6
Solid
370
25
62
250
100
AcDbLine
10
123025.0
20
-101656.0
30
0.0
11
122319.0
21
-102865.0
31
0.0
0
LINE
5
439
100
AcDbEntity
8
One-Bedroom Apartment
6
Solid
370
25
62
250
100
AcDbLine
10
122319.0
20
-102865.0
30
0.0
11
119456.0
21
-101194.0
31
0.0
0
LINE
5
43b
100
AcDbEntity
8
One-Bedroom Apartment
6
Solid
370
25
62
250
100
AcDbLine
10
119456.0
20
-101194.0
30
0.0
11
120162.0
21
-99985.0
31
0.0
0
LINE
5
43d
100
AcDbEntity
8
One-Bedroom Apartment
6
Solid
370
25
62
250
100
AcDbLine
10
120162.0
20
-99985.0
30
0.0
11
123025.0
21
-101656.0
31
0.0
0
HATCH
5
47b
100
AcDbEntity
8
One-Bedroom Apartment
6
Solid
370
25
62
250
100
AcDbHatch
10
0
20
0
30
0
210
0
220
0
230
1
2
FILL_1147
70
1
71
0
91
1
92
0
93
29
72
1
10
108940.0
20
-111728.0
11
105794.0
21
-109892.0
72
1
10
105794.0
20
-109892.0
11
108920.0
21
-104537.0
72
1
10
108920.0
20
-104537.0
11
108920.0
21
-104537.0
72
1
10
108920.0
20
-104537.0
11
112066.0
21
-106374.0
72
1
10
112066.0
20
-106374.0
11
115212.0
21
-108211.0
72
1
10
115212.0
20
-108211.0
11
114357.0
21
-109674.0
72
1
10
114357.0
20
-109674.0
11
114356.0
21
-109674.0
72
1
10
114356.0
20
-109674.0
11
113925.0
21
-109422.0
72
1
10
113925.0
20
-109422.0
11
113923.0
21
-109421.0
72
1
10
113923.0
20
-109421.0
11
113921.0
21
-109421.0
72
1
10
113921.0
20
-109421.0
11
113919.0
21
-109420.0
72
1
10
113919.0
20
-109420.0
11
113917.0
21
-109421.0
72
1
10
113917.0
20
-109421.0
11
113915.0
21
-109421.0
72
1
10
113915.0
20
-109421.0
11
113914.0
21
-109423.0
72
1
10
113914.0
20
-109423.0
11
113912.0
21
-109424.0
72
1
10
113912.0
20
-109424.0
11
113911.0
21
-109425.0
72
1
10
113911.0
20
-109425.0
11
113208.0
21
-110630.0
72
1
10
113208.0
20
-110630.0
11
113207.0
21
-110632.0
72
1
10
113207.0
20
-110632.0
11
113207.0
21
-110634.0
72
1
10
113207.0
20
-110634.0
11
113206.0
21
-110636.0
72
1
10
113206.0
20
-110636.0
11
113207.0
21
-110638.0
72
1
10
113207.0
20
-110638.0
11
113207.0
21
-110640.0
72
1
10
113207.0
20
-110640.0
11
113208.0
21
-110641.0
72
1
10
113208.0
20
-110641.0
11
113210.0
21
-110643.0
72
1
10
113210.0
20
-110643.0
11
113211.0
21
-110644.0
72
1
10
113211.0
20
-110644.0
11
113643.0
21
-110896.0
72
1
10
113643.0
20
-110896.0
11
113644.0
21
-110896.0
72
1
10
113644.0
20
-110896.0
11
112086.0
21
-113565.0
72
1
10
112086.0
20
-113565.0
11
108940.0
21
-111728.0
97
0
75
0
76
1
98
0
0
LINE
5
47d
100
AcDbEntity
8
One-Bedroom Apartment
6
Solid
370
25
62
250
100
AcDbLine
10
108940.0
20
-111728.0
30
0.0
11
105794.0
21
-109892.0
31
0.0
0
LINE
5
47f
100
AcDbEntity
8
One-Bedroom Apartment
6
Solid
370
25
62
250
100
AcDbLine
10
105794.0
20
-109892.0
30
0.0
11
108920.0
21
-104537.0
31
0.0
0
POINT
5
481
100
AcDbEntity
8
One-Bedroom Apartment
6
Solid
370
25
62
250
100
AcDbPoint
10
108920.0
20
-104537.0
30
0.0
0
LINE
5
483
100
AcDbEntity
8
One-Bedroom Apartment
6
Solid
370
25
62
250
100
AcDbLine
10
108920.0
20
-104537.0
30
0.0
11
112066.0
21
-106374.0
31
0.0
0
LINE
5
485
100
AcDbEntity
8
One-Bedroom Apartment
6
Solid
370
25
62
250
100
AcDbLine
10
112066.0
20
-106374.0
30
0.0
11
115212.0
21
-108211.0
31
0.0
0
LINE
5
487
100
AcDbEntity
8
One-Bedroom Apartment
6
Solid
370
25
62
250
100
AcDbLine
10
115212.0
20
-108211.0
30
0.0
11
114357.0
21
-109674.0
31
0.0
0
LINE
5
489
100
AcDbEntity
8
One-Bedroom Apartment
6
Solid
370
25
62
250
100
AcDbLine
10
114357.0
20
-109674.0
30
0.0
11
114356.0
21
-109674.0
31
0.0
0
LINE
5
48b
100
AcDbEntity
8
One-Bedroom Apartment
6
Solid
370
25
62
250
100
AcDbLine
10
114356.0
20
-109674.0
30
0.0
11
113925.0
21
-109422.0
31
0.0
0
LINE
5
48d
100
AcDbEntity
8
One-Bedroom Apartment
6
Solid
370
25
62
250
100
AcDbLine
10
113925.0
20
-109422.0
30
0.0
11
113923.0
21
-109421.0
31
0.0
0
LINE
5
48f
100
AcDbEntity
8
One-Bedroom Apartment
6
Solid
370
25
62
250
100
AcDbLine
10
113923.0
20
-109421.0
30
0.0
11
113921.0
21
-109421.0
31
0.0
0
LINE
5
491
100
AcDbEntity
8
One-Bedroom Apartment
6
Solid
370
25
62
250
100
AcDbLine
10
113921.0
20
-109421.0
30
0.0
11
113919.0
21
-109420.0
31
0.0
0
LINE
5
493
100
AcDbEntity
8
One-Bedroom Apartment
6
Solid
370
25
62
250
100
AcDbLine
10
113919.0
20
-109420.0
30
0.0
11
113917.0
21
-109421.0
31
0.0
0
LINE
5
495
100
AcDbEntity
8
One-Bedroom Apartment
6
Solid
370
25
62
250
100
AcDbLine
10
113917.0
20
-109421.0
30
0.0
11
113915.0
21
-109421.0
31
0.0
0
LINE
5
497
100
AcDbEntity
8
One-Bedroom Apartment
6
Solid
370
25
62
250
100
AcDbLine
10
113915.0
20
-109421.0
30
0.0
11
113914.0
21
-109423.0
31
0.0
0
LINE
5
499
100
AcDbEntity
8
One-Bedroom Apartment
6
Solid
370
25
62
250
100
AcDbLine
10
113914.0
20
-109423.0
30
0.0
11
113912.0
21
-109424.0
31
0.0
0
LINE
5
49b
100
AcDbEntity
8
One-Bedroom Apartment
6
Solid
370
25
62
250
100
AcDbLine
10
113912.0
20
-109424.0
30
0.0
11
113911.0
21
-109425.0
31
0.0
0
LINE
5
49d
100
AcDbEntity
8
One-Bedroom Apartment
6
Solid
370
25
62
250
100
AcDbLine
10
113911.0
20
-109425.0
30
0.0
11
113208.0
21
-110630.0
31
0.0
0
LINE
5
49f
100
AcDbEntity
8
One-Bedroom Apartment
6
Solid
370
25
62
250
100
AcDbLine
10
113208.0
20
-110630.0
30
0.0
11
113207.0
21
-110632.0
31
0.0
0
LINE
5
4a1
100
AcDbEntity
8
One-Bedroom Apartment
6
Solid
370
25
62
250
100
AcDbLine
10
113207.0
20
-110632.0
30
0.0
11
113207.0
21
-110634.0
31
0.0
0
LINE
5
4a3
100
AcDbEntity
8
One-Bedroom Apartment
6
Solid
370
25
62
250
100
AcDbLine
10
113207.0
20
-110634.0
30
0.0
11
113206.0
21
-110636.0
31
0.0
0
LINE
5
4a5
100
AcDbEntity
8
One-Bedroom Apartment
6
Solid
370
25
62
250
100
AcDbLine
10
113206.0
20
-110636.0
30
0.0
11
113207.0
21
-110638.0
31
0.0
0
LINE
5
4a7
100
AcDbEntity
8
One-Bedroom Apartment
6
Solid
370
25
62
250
100
AcDbLine
10
113207.0
20
-110638.0
30
0.0
11
113207.0
21
-110640.0
31
0.0
0
LINE
5
4a9
100
AcDbEntity
8
One-Bedroom Apartment
6
Solid
370
25
62
250
100
AcDbLine
10
113207.0
20
-110640.0
30
0.0
11
113208.0
21
-110641.0
31
0.0
0
LINE
5
4ab
100
AcDbEntity
8
One-Bedroom Apartment
6
Solid
370
25
62
250
100
AcDbLine
10
113208.0
20
-110641.0
30
0.0
11
113210.0
21
-110643.0
31
0.0
0
LINE
5
4ad
100
AcDbEntity
8
One-Bedroom Apartment
6
Solid
370
25
62
250
100
AcDbLine
10
113210.0
20
-110643.0
30
0.0
11
113211.0
21
-110644.0
31
0.0
0
LINE
5
4af
100
AcDbEntity
8
One-Bedroom Apartment
6
Solid
370
25
62
250
100
AcDbLine
10
113211.0
20
-110644.0
30
0.0
11
113643.0
21
-110896.0
31
0.0
0
LINE
5
4b1
100
AcDbEntity
8
One-Bedroom Apartment
6
Solid
370
25
62
250
100
AcDbLine
10
113643.0
20
-110896.0
30
0.0
11
113644.0
21
-110896.0
31
0.0
0
LINE
5
4b3
100
AcDbEntity
8
One-Bedroom Apartment
6
Solid
370
25
62
250
100
AcDbLine
10
113644.0
20
-110896.0
30
0.0
11
112086.0
21
-113565.0
31
0.0
0
LINE
5
4b5
100
AcDbEntity
8
One-Bedroom Apartment
6
Solid
370
25
62
250
100
AcDbLine
10
112086.0
20
-113565.0
30
0.0
11
108940.0
21
-111728.0
31
0.0
0
HATCH
5
4c1
100
AcDbEntity
8
One-Bedroom Apartment
6
Solid
370
25
62
250
100
AcDbHatch
10
0
20
0
30
0
210
0
220
0
230
1
2
FILL_1217
70
1
71
0
91
1
92
0
93
4
72
1
10
108344.0
20
-113002.0
11
109050.0
21
-111793.0
72
1
10
109050.0
20
-111793.0
11
111975.0
21
-113501.0
72
1
10
111975.0
20
-113501.0
11
111269.0
21
-114710.0
72
1
10
111269.0
20
-114710.0
11
108344.0
21
-113002.0
97
0
75
0
76
1
98
0
0
LINE
5
4c3
100
AcDbEntity
8
One-Bedroom Apartment
6
Solid
370
25
62
250
100
AcDbLine
10
108344.0
20
-113002.0
30
0.0
11
109050.0
21
-111793.0
31
0.0
0
LINE
5
4c5
100
AcDbEntity
8
One-Bedroom Apartment
6
Solid
370
25
62
250
100
AcDbLine
10
109050.0
20
-111793.0
30
0.0
11
111975.0
21
-113501.0
31
0.0
0
LINE
5
4c7
100
AcDbEntity
8
One-Bedroom Apartment
6
Solid
370
25
62
250
100
AcDbLine
10
111975.0
20
-113501.0
30
0.0
11
111269.0
21
-114710.0
31
0.0
0
LINE
5
4c9
100
AcDbEntity
8
One-Bedroom Apartment
6
Solid
370
25
62
250
100
AcDbLine
10
111269.0
20
-114710.0
30
0.0
11
108344.0
21
-113002.0
31
0.0
0
HATCH
5
505
100
AcDbEntity
8
One-Bedroom Apartment
6
Solid
370
25
62
250
100
AcDbHatch
10
0
20
0
30
0
210
0
220
0
230
1
2
FILL_1285
70
1
71
0
91
1
92
0
93
28
72
1
10
102648.0
20
-108055.0
11
99502.0
21
-106218.0
72
1
10
99502.0
20
-106218.0
11
102628.0
21
-100864.0
72
1
10
102628.0
20
-100864.0
11
102628.0
21
-100864.0
72
1
10
102628.0
20
-100864.0
11
105774.0
21
-102701.0
72
1
10
105774.0
20
-102701.0
11
108920.0
21
-104537.0
72
1
10
108920.0
20
-104537.0
11
108065.0
21
-106001.0
72
1
10
108065.0
20
-106001.0
11
108065.0
21
-106001.0
72
1
10
108065.0
20
-106001.0
11
107633.0
21
-105749.0
72
1
10
107633.0
20
-105749.0
11
107631.0
21
-105748.0
72
1
10
107631.0
20
-105748.0
11
107630.0
21
-105748.0
72
1
10
107630.0
20
-105748.0
11
107628.0
21
-105748.0
72
1
10
107628.0
20
-105748.0
11
107626.0
21
-105748.0
72
1
10
107626.0
20
-105748.0
11
107624.0
21
-105749.0
72
1
10
107624.0
20
-105749.0
11
107622.0
21
-105750.0
72
1
10
107622.0
20
-105750.0
11
107621.0
21
-105751.0
72
1
10
107621.0
20
-105751.0
11
107620.0
21
-105753.0
72
1
10
107620.0
20
-105753.0
11
106916.0
21
-106957.0
72
1
10
106916.0
20
-106957.0
11
106915.0
21
-106959.0
72
1
10
106915.0
20
-106959.0
11
106915.0
21
-106961.0
72
1
10
106915.0
20
-106961.0
11
106915.0
21
-106963.0
72
1
10
106915.0
20
-106963.0
11
106915.0
21
-106965.0
72
1
10
106915.0
20
-106965.0
11
106916.0
21
-106967.0
72
1
10
106916.0
20
-106967.0
11
106917.0
21
-106968.0
72
1
10
106917.0
20
-106968.0
11
106918.0
21
-106970.0
72
1
10
106918.0
20
-106970.0
11
106920.0
21
-106971.0
72
1
10
106920.0
20
-106971.0
11
107352.0
21
-107223.0
72
1
10
107352.0
20
-107223.0
11
105794.0
21
-109892.0
72
1
10
105794.0
20
-109892.0
11
102648.0
21
-108055.0
97
0
75
0
76
1
98
0
0
LINE
5
507
100
AcDbEntity
8
One-Bedroom Apartment
6
Solid
370
25
62
250
100
AcDbLine
10
102648.0
20
-108055.0
30
0.0
11
99502.0
21
-106218.0
31
0.0
0
LINE
5
509
100
AcDbEntity
8
One-Bedroom Apartment
6
Solid
370
25
62
250
100
AcDbLine
10
99502.0
20
-106218.0
30
0.0
11
102628.0
21
-100864.0
31
0.0
0
POINT
5
50b
100
AcDbEntity
8
One-Bedroom Apartment
6
Solid
370
25
62
250
100
AcDbPoint
10
102628.0
20
-100864.0
30
0.0
0
LINE
5
50d
100
AcDbEntity
8
One-Bedroom Apartment
6
Solid
370
25
62
250
100
AcDbLine
10
102628.0
20
-100864.0
30
0.0
11
105774.0
21
-102701.0
31
0.0
0
LINE
5
50f
100
AcDbEntity
8
One-Bedroom Apartment
6
Solid
370
25
62
250
100
AcDbLine
10
105774.0
20
-102701.0
30
0.0
11
108920.0
21
-104537.0
31
0.0
0
LINE
5
511
100
AcDbEntity
8
One-Bedroom Apartment
6
Solid
370
25
62
250
100
AcDbLine
10
108920.0
20
-104537.0
30
0.0
11
108065.0
21
-106001.0
31
0.0
0
POINT
5
513
100
AcDbEntity
8
One-Bedroom Apartment
6
Solid
370
25
62
250
100
AcDbPoint
10
108065.0
20
-106001.0
30
0.0
0
LINE
5
515
100
AcDbEntity
8
One-Bedroom Apartment
6
Solid
370
25
62
250
100
AcDbLine
10
108065.0
20
-106001.0
30
0.0
11
107633.0
21
-105749.0
31
0.0
0
LINE
5
517
100
AcDbEntity
8
One-Bedroom Apartment
6
Solid
370
25
62
250
100
AcDbLine
10
107633.0
20
-105749.0
30
0.0
11
107631.0
21
-105748.0
31
0.0
0
LINE
5
519
100
AcDbEntity
8
One-Bedroom Apartment
6
Solid
370
25
62
250
100
AcDbLine
10
107631.0
20
-105748.0
30
0.0
11
107630.0
21
-105748.0
31
0.0
0
LINE
5
51b
100
AcDbEntity
8
One-Bedroom Apartment
6
Solid
370
25
62
250
100
AcDbLine
10
107630.0
20
-105748.0
30
0.0
11
107628.0
21
-105748.0
31
0.0
0
LINE
5
51d
100
AcDbEntity
8
One-Bedroom Apartment
6
Solid
370
25
62
250
100
AcDbLine
10
107628.0
20
-105748.0
30
0.0
11
107626.0
21
-105748.0
31
0.0
0
LINE
5
51f
100
AcDbEntity
8
One-Bedroom Apartment
6
Solid
370
25
62
250
100
AcDbLine
10
107626.0
20
-105748.0
30
0.0
11
107624.0
21
-105749.0
31
0.0
0
LINE
5
521
100
AcDbEntity
8
One-Bedroom Apartment
6
Solid
370
25
62
250
100
AcDbLine
10
107624.0
20
-105749.0
30
0.0
11
107622.0
21
-105750.0
31
0.0
0
LINE
5
523
100
AcDbEntity
8
One-Bedroom Apartment
6
Solid
370
25
62
250
100
AcDbLine
10
107622.0
20
-105750.0
30
0.0
11
107621.0
21
-105751.0
31
0.0
0
LINE
5
525
100
AcDbEntity
8
One-Bedroom Apartment
6
Solid
370
25
62
250
100
AcDbLine
10
107621.0
20
-105751.0
30
0.0
11
107620.0
21
-105753.0
31
0.0
0
LINE
5
527
100
AcDbEntity
8
One-Bedroom Apartment
6
Solid
370
25
62
250
100
AcDbLine
10
107620.0
20
-105753.0
30
0.0
11
106916.0
21
-106957.0
31
0.0
0
LINE
5
529
100
AcDbEntity
8
One-Bedroom Apartment
6
Solid
370
25
62
250
100
AcDbLine
10
106916.0
20
-106957.0
30
0.0
11
106915.0
21
-106959.0
31
0.0
0
LINE
5
52b
100
AcDbEntity
8
One-Bedroom Apartment
6
Solid
370
25
62
250
100
AcDbLine
10
106915.0
20
-106959.0
30
0.0
11
106915.0
21
-106961.0
31
0.0
0
LINE
5
52d
100
AcDbEntity
8
One-Bedroom Apartment
6
Solid
370
25
62
250
100
AcDbLine
10
106915.0
20
-106961.0
30
0.0
11
106915.0
21
-106963.0
31
0.0
0
LINE
5
52f
100
AcDbEntity
8
One-Bedroom Apartment
6
Solid
370
25
62
250
100
AcDbLine
10
106915.0
20
-106963.0
30
0.0
11
106915.0
21
-106965.0
31
0.0
0
LINE
5
531
100
AcDbEntity
8
One-Bedroom Apartment
6
Solid
370
25
62
250
100
AcDbLine
10
106915.0
20
-106965.0
30
0.0
11
106916.0
21
-106967.0
31
0.0
0
LINE
5
533
100
AcDbEntity
8
One-Bedroom Apartment
6
Solid
370
25
62
250
100
AcDbLine
10
106916.0
20
-106967.0
30
0.0
11
106917.0
21
-106968.0
31
0.0
0
LINE
5
535
100
AcDbEntity
8
One-Bedroom Apartment
6
Solid
370
25
62
250
100
AcDbLine
10
106917.0
20
-106968.0
30
0.0
11
106918.0
21
-106970.0
31
0.0
0
LINE
5
537
100
AcDbEntity
8
One-Bedroom Apartment
6
Solid
370
25
62
250
100
AcDbLine
10
106918.0
20
-106970.0
30
0.0
11
106920.0
21
-106971.0
31
0.0
0
LINE
5
539
100
AcDbEntity
8
One-Bedroom Apartment
6
Solid
370
25
62
250
100
AcDbLine
10
106920.0
20
-106971.0
30
0.0
11
107352.0
21
-107223.0
31
0.0
0
LINE
5
53b
100
AcDbEntity
8
One-Bedroom Apartment
6
Solid
370
25
62
250
100
AcDbLine
10
107352.0
20
-107223.0
30
0.0
11
105794.0
21
-109892.0
31
0.0
0
LINE
5
53d
100
AcDbEntity
8
One-Bedroom Apartment
6
Solid
370
25
62
250
100
AcDbLine
10
105794.0
20
-109892.0
30
0.0
11
102648.0
21
-108055.0
31
0.0
0
HATCH
5
549
100
AcDbEntity
8
One-Bedroom Apartment
6
Solid
370
25
62
250
100
AcDbHatch
10
0
20
0
30
0
210
0
220
0
230
1
2
FILL_1353
70
1
71
0
91
1
92
0
93
4
72
1
10
102052.0
20
-109328.0
11
102758.0
21
-108119.0
72
1
10
102758.0
20
-108119.0
11
105683.0
21
-109827.0
72
1
10
105683.0
20
-109827.0
11
104977.0
21
-111036.0
72
1
10
104977.0
20
-111036.0
11
102052.0
21
-109328.0
97
0
75
0
76
1
98
0
0
LINE
5
54b
100
AcDbEntity
8
One-Bedroom Apartment
6
Solid
370
25
62
250
100
AcDbLine
10
102052.0
20
-109328.0
30
0.0
11
102758.0
21
-108119.0
31
0.0
0
LINE
5
54d
100
AcDbEntity
8
One-Bedroom Apartment
6
Solid
370
25
62
250
100
AcDbLine
10
102758.0
20
-108119.0
30
0.0
11
105683.0
21
-109827.0
31
0.0
0
LINE
5
54f
100
AcDbEntity
8
One-Bedroom Apartment
6
Solid
370
25
62
250
100
AcDbLine
10
105683.0
20
-109827.0
30
0.0
11
104977.0
21
-111036.0
31
0.0
0
LINE
5
551
100
AcDbEntity
8
One-Bedroom Apartment
6
Solid
370
25
62
250
100
AcDbLine
10
104977.0
20
-111036.0
30
0.0
11
102052.0
21
-109328.0
31
0.0
0
HATCH
5
58f
100
AcDbEntity
8
One-Bedroom Apartment
6
Solid
370
25
62
250
100
AcDbHatch
10
0
20
0
30
0
210
0
220
0
230
1
2
FILL_1423
70
1
71
0
91
1
92
0
93
29
72
1
10
96356.0
20
-104382.0
11
93210.0
21
-102545.0
72
1
10
93210.0
20
-102545.0
11
96840.0
21
-96327.0
72
1
10
96840.0
20
-96327.0
11
96840.0
21
-96327.0
72
1
10
96840.0
20
-96327.0
11
99986.0
21
-98164.0
72
1
10
99986.0
20
-98164.0
11
99483.0
21
-99028.0
72
1
10
99483.0
20
-99028.0
11
102628.0
21
-100864.0
72
1
10
102628.0
20
-100864.0
11
101773.0
21
-102328.0
72
1
10
101773.0
20
-102328.0
11
101341.0
21
-102076.0
72
1
10
101341.0
20
-102076.0
11
101339.0
21
-102075.0
72
1
10
101339.0
20
-102075.0
11
101338.0
21
-102075.0
72
1
10
101338.0
20
-102075.0
11
101336.0
21
-102075.0
72
1
10
101336.0
20
-102075.0
11
101334.0
21
-102075.0
72
1
10
101334.0
20
-102075.0
11
101332.0
21
-102076.0
72
1
10
101332.0
20
-102076.0
11
101330.0
21
-102077.0
72
1
10
101330.0
20
-102077.0
11
101329.0
21
-102078.0
72
1
10
101329.0
20
-102078.0
11
101328.0
21
-102079.0
72
1
10
101328.0
20
-102079.0
11
100624.0
21
-103284.0
72
1
10
100624.0
20
-103284.0
11
100623.0
21
-103286.0
72
1
10
100623.0
20
-103286.0
11
100623.0
21
-103288.0
72
1
10
100623.0
20
-103288.0
11
100623.0
21
-103290.0
72
1
10
100623.0
20
-103290.0
11
100623.0
21
-103292.0
72
1
10
100623.0
20
-103292.0
11
100624.0
21
-103293.0
72
1
10
100624.0
20
-103293.0
11
100625.0
21
-103295.0
72
1
10
100625.0
20
-103295.0
11
100626.0
21
-103297.0
72
1
10
100626.0
20
-103297.0
11
100628.0
21
-103298.0
72
1
10
100628.0
20
-103298.0
11
101060.0
21
-103550.0
72
1
10
101060.0
20
-103550.0
11
101060.0
21
-103550.0
72
1
10
101060.0
20
-103550.0
11
99502.0
21
-106218.0
72
1
10
99502.0
20
-106218.0
11
96356.0
21
-104382.0
97
0
75
0
76
1
98
0
0
LINE
5
591
100
AcDbEntity
8
One-Bedroom Apartment
6
Solid
370
25
62
250
100
AcDbLine
10
96356.0
20
-104382.0
30
0.0
11
93210.0
21
-102545.0
31
0.0
0
LINE
5
593
100
AcDbEntity
8
One-Bedroom Apartment
6
Solid
370
25
62
250
100
AcDbLine
10
93210.0
20
-102545.0
30
0.0
11
96840.0
21
-96327.0
31
0.0
0
POINT
5
595
100
AcDbEntity
8
One-Bedroom Apartment
6
Solid
370
25
62
250
100
AcDbPoint
10
96840.0
20
-96327.0
30
0.0
0
LINE
5
597
100
AcDbEntity
8
One-Bedroom Apartment
6
Solid
370
25
62
250
100
AcDbLine
10
96840.0
20
-96327.0
30
0.0
11
99986.0
21
-98164.0
31
0.0
0
LINE
5
599
100
AcDbEntity
8
One-Bedroom Apartment
6
Solid
370
25
62
250
100
AcDbLine
10
99986.0
20
-98164.0
30
0.0
11
99483.0
21
-99028.0
31
0.0
0
LINE
5
59b
100
AcDbEntity
8
One-Bedroom Apartment
6
Solid
370
25
62
250
100
AcDbLine
10
99483.0
20
-99028.0
30
0.0
11
102628.0
21
-100864.0
31
0.0
0
LINE
5
59d
100
AcDbEntity
8
One-Bedroom Apartment
6
Solid
370
25
62
250
100
AcDbLine
10
102628.0
20
-100864.0
30
0.0
11
101773.0
21
-102328.0
31
0.0
0
LINE
5
59f
100
AcDbEntity
8
One-Bedroom Apartment
6
Solid
370
25
62
250
100
AcDbLine
10
101773.0
20
-102328.0
30
0.0
11
101341.0
21
-102076.0
31
0.0
0
LINE
5
5a1
100
AcDbEntity
8
One-Bedroom Apartment
6
Solid
370
25
62
250
100
AcDbLine
10
101341.0
20
-102076.0
30
0.0
11
101339.0
21
-102075.0
31
0.0
0
LINE
5
5a3
100
AcDbEntity
8
One-Bedroom Apartment
6
Solid
370
25
62
250
100
AcDbLine
10
101339.0
20
-102075.0
30
0.0
11
101338.0
21
-102075.0
31
0.0
0
LINE
5
5a5
100
AcDbEntity
8
One-Bedroom Apartment
6
Solid
370
25
62
250
100
AcDbLine
10
101338.0
20
-102075.0
30
0.0
11
101336.0
21
-102075.0
31
0.0
0
LINE
5
5a7
100
AcDbEntity
8
One-Bedroom Apartment
6
Solid
370
25
62
250
100
AcDbLine
10
101336.0
20
-102075.0
30
0.0
11
101334.0
21
-102075.0
31
0.0
0
LINE
5
5a9
100
AcDbEntity
8
One-Bedroom Apartment
6
Solid
370
25
62
250
100
AcDbLine
10
101334.0
20
-102075.0
30
0.0
11
101332.0
21
-102076.0
31
0.0
0
LINE
5
5ab
100
AcDbEntity
8
One-Bedroom Apartment
6
Solid
370
25
62
250
100
AcDbLine
10
101332.0
20
-102076.0
30
0.0
11
101330.0
21
-102077.0
31
0.0
0
LINE
5
5ad
100
AcDbEntity
8
One-Bedroom Apartment
6
Solid
370
25
62
250
100
AcDbLine
10
101330.0
20
-102077.0
30
0.0
11
101329.0
21
-102078.0
31
0.0
0
LINE
5
5af
100
AcDbEntity
8
One-Bedroom Apartment
6
Solid
370
25
62
250
100
AcDbLine
10
101329.0
20
-102078.0
30
0.0
11
101328.0
21
-102079.0
31
0.0
0
LINE
5
5b1
100
AcDbEntity
8
One-Bedroom Apartment
6
Solid
370
25
62
250
100
AcDbLine
10
101328.0
20
-102079.0
30
0.0
11
100624.0
21
-103284.0
31
0.0
0
LINE
5
5b3
100
AcDbEntity
8
One-Bedroom Apartment
6
Solid
370
25
62
250
100
AcDbLine
10
100624.0
20
-103284.0
30
0.0
11
100623.0
21
-103286.0
31
0.0
0
LINE
5
5b5
100
AcDbEntity
8
One-Bedroom Apartment
6
Solid
370
25
62
250
100
AcDbLine
10
100623.0
20
-103286.0
30
0.0
11
100623.0
21
-103288.0
31
0.0
0
LINE
5
5b7
100
AcDbEntity
8
One-Bedroom Apartment
6
Solid
370
25
62
250
100
AcDbLine
10
100623.0
20
-103288.0
30
0.0
11
100623.0
21
-103290.0
31
0.0
0
LINE
5
5b9
100
AcDbEntity
8
One-Bedroom Apartment
6
Solid
370
25
62
250
100
AcDbLine
10
100623.0
20
-103290.0
30
0.0
11
100623.0
21
-103292.0
31
0.0
0
LINE
5
5bb
100
AcDbEntity
8
One-Bedroom Apartment
6
Solid
370
25
62
250
100
AcDbLine
10
100623.0
20
-103292.0
30
0.0
11
100624.0
21
-103293.0
31
0.0
0
LINE
5
5bd
100
AcDbEntity
8
One-Bedroom Apartment
6
Solid
370
25
62
250
100
AcDbLine
10
100624.0
20
-103293.0
30
0.0
11
100625.0
21
-103295.0
31
0.0
0
LINE
5
5bf
100
AcDbEntity
8
One-Bedroom Apartment
6
Solid
370
25
62
250
100
AcDbLine
10
100625.0
20
-103295.0
30
0.0
11
100626.0
21
-103297.0
31
0.0
0
LINE
5
5c1
100
AcDbEntity
8
One-Bedroom Apartment
6
Solid
370
25
62
250
100
AcDbLine
10
100626.0
20
-103297.0
30
0.0
11
100628.0
21
-103298.0
31
0.0
0
LINE
5
5c3
100
AcDbEntity
8
One-Bedroom Apartment
6
Solid
370
25
62
250
100
AcDbLine
10
100628.0
20
-103298.0
30
0.0
11
101060.0
21
-103550.0
31
0.0
0
POINT
5
5c5
100
AcDbEntity
8
One-Bedroom Apartment
6
Solid
370
25
62
250
100
AcDbPoint
10
101060.0
20
-103550.0
30
0.0
0
LINE
5
5c7
100
AcDbEntity
8
One-Bedroom Apartment
6
Solid
370
25
62
250
100
AcDbLine
10
101060.0
20
-103550.0
30
0.0
11
99502.0
21
-106218.0
31
0.0
0
LINE
5
5c9
100
AcDbEntity
8
One-Bedroom Apartment
6
Solid
370
25
62
250
100
AcDbLine
10
99502.0
20
-106218.0
30
0.0
11
96356.0
21
-104382.0
31
0.0
0
HATCH
5
5d5
100
AcDbEntity
8
One-Bedroom Apartment
6
Solid
370
25
62
250
100
AcDbHatch
10
0
20
0
30
0
210
0
220
0
230
1
2
FILL_1493
70
1
71
0
91
1
92
0
93
4
72
1
10
95760.0
20
-105655.0
11
96466.0
21
-104446.0
72
1
10
96466.0
20
-104446.0
11
99391.0
21
-106154.0
72
1
10
99391.0
20
-106154.0
11
98686.0
21
-107363.0
72
1
10
98686.0
20
-107363.0
11
95760.0
21
-105655.0
97
0
75
0
76
1
98
0
0
LINE
5
5d7
100
AcDbEntity
8
One-Bedroom Apartment
6
Solid
370
25
62
250
100
AcDbLine
10
95760.0
20
-105655.0
30
0.0
11
96466.0
21
-104446.0
31
0.0
0
LINE
5
5d9
100
AcDbEntity
8
One-Bedroom Apartment
6
Solid
370
25
62
250
100
AcDbLine
10
96466.0
20
-104446.0
30
0.0
11
99391.0
21
-106154.0
31
0.0
0
LINE
5
5db
100
AcDbEntity
8
One-Bedroom Apartment
6
Solid
370
25
62
250
100
AcDbLine
10
99391.0
20
-106154.0
30
0.0
11
98686.0
21
-107363.0
31
0.0
0
LINE
5
5dd
100
AcDbEntity
8
One-Bedroom Apartment
6
Solid
370
25
62
250
100
AcDbLine
10
98686.0
20
-107363.0
30
0.0
11
95760.0
21
-105655.0
31
0.0
0
HATCH
5
61d
100
AcDbEntity
8
One-Bedroom Apartment
6
Solid
370
25
62
250
100
AcDbHatch
10
0
20
0
30
0
210
0
220
0
230
1
2
FILL_1565
70
1
71
0
91
1
92
0
93
30
72
1
10
100491.0
20
-97301.0
11
99986.0
21
-98164.0
72
1
10
99986.0
20
-98164.0
11
96840.0
21
-96327.0
72
1
10
96840.0
20
-96327.0
11
100470.0
21
-90109.0
72
1
10
100470.0
20
-90109.0
11
100470.0
21
-90109.0
72
1
10
100470.0
20
-90109.0
11
103616.0
21
-91946.0
72
1
10
103616.0
20
-91946.0
11
106762.0
21
-93782.0
72
1
10
106762.0
20
-93782.0
11
105204.0
21
-96451.0
72
1
10
105204.0
20
-96451.0
11
105204.0
21
-96451.0
72
1
10
105204.0
20
-96451.0
11
104772.0
21
-96199.0
72
1
10
104772.0
20
-96199.0
11
104771.0
21
-96198.0
72
1
10
104771.0
20
-96198.0
11
104769.0
21
-96197.0
72
1
10
104769.0
20
-96197.0
11
104767.0
21
-96197.0
72
1
10
104767.0
20
-96197.0
11
104765.0
21
-96198.0
72
1
10
104765.0
20
-96198.0
11
104763.0
21
-96198.0
72
1
10
104763.0
20
-96198.0
11
104761.0
21
-96199.0
72
1
10
104761.0
20
-96199.0
11
104760.0
21
-96201.0
72
1
10
104760.0
20
-96201.0
11
104759.0
21
-96202.0
72
1
10
104759.0
20
-96202.0
11
104056.0
21
-97407.0
72
1
10
104056.0
20
-97407.0
11
104055.0
21
-97409.0
72
1
10
104055.0
20
-97409.0
11
104054.0
21
-97411.0
72
1
10
104054.0
20
-97411.0
11
104054.0
21
-97413.0
72
1
10
104054.0
20
-97413.0
11
104055.0
21
-97415.0
72
1
10
104055.0
20
-97415.0
11
104055.0
21
-97417.0
72
1
10
104055.0
20
-97417.0
11
104056.0
21
-97418.0
72
1
10
104056.0
20
-97418.0
11
104058.0
21
-97420.0
72
1
10
104058.0
20
-97420.0
11
104059.0
21
-97421.0
72
1
10
104059.0
20
-97421.0
11
104491.0
21
-97673.0
72
1
10
104491.0
20
-97673.0
11
103636.0
21
-99137.0
72
1
10
103636.0
20
-99137.0
11
103636.0
21
-99137.0
72
1
10
103636.0
20
-99137.0
11
100491.0
21
-97301.0
97
0
75
0
76
1
98
0
0
LINE
5
61f
100
AcDbEntity
8
One-Bedroom Apartment
6
Solid
370
25
62
250
100
AcDbLine
10
100491.0
20
-97301.0
30
0.0
11
99986.0
21
-98164.0
31
0.0
0
LINE
5
621
100
AcDbEntity
8
One-Bedroom Apartment
6
Solid
370
25
62
250
100
AcDbLine
10
99986.0
20
-98164.0
30
0.0
11
96840.0
21
-96327.0
31
0.0
0
LINE
5
623
100
AcDbEntity
8
One-Bedroom Apartment
6
Solid
370
25
62
250
100
AcDbLine
10
96840.0
20
-96327.0
30
0.0
11
100470.0
21
-90109.0
31
0.0
0
POINT
5
625
100
AcDbEntity
8
One-Bedroom Apartment
6
Solid
370
25
62
250
100
AcDbPoint
10
100470.0
20
-90109.0
30
0.0
0
LINE
5
627
100
AcDbEntity
8
One-Bedroom Apartment
6
Solid
370
25
62
250
100
AcDbLine
10
100470.0
20
-90109.0
30
0.0
11
103616.0
21
-91946.0
31
0.0
0
LINE
5
629
100
AcDbEntity
8
One-Bedroom Apartment
6
Solid
370
25
62
250
100
AcDbLine
10
103616.0
20
-91946.0
30
0.0
11
106762.0
21
-93782.0
31
0.0
0
LINE
5
62b
100
AcDbEntity
8
One-Bedroom Apartment
6
Solid
370
25
62
250
100
AcDbLine
10
106762.0
20
-93782.0
30
0.0
11
105204.0
21
-96451.0
31
0.0
0
POINT
5
62d
100
AcDbEntity
8
One-Bedroom Apartment
6
Solid
370
25
62
250
100
AcDbPoint
10
105204.0
20
-96451.0
30
0.0
0
LINE
5
62f
100
AcDbEntity
8
One-Bedroom Apartment
6
Solid
370
25
62
250
100
AcDbLine
10
105204.0
20
-96451.0
30
0.0
11
104772.0
21
-96199.0
31
0.0
0
LINE
5
631
100
AcDbEntity
8
One-Bedroom Apartment
6
Solid
370
25
62
250
100
AcDbLine
10
104772.0
20
-96199.0
30
0.0
11
104771.0
21
-96198.0
31
0.0
0
LINE
5
633
100
AcDbEntity
8
One-Bedroom Apartment
6
Solid
370
25
62
250
100
AcDbLine
10
104771.0
20
-96198.0
30
0.0
11
104769.0
21
-96197.0
31
0.0
0
LINE
5
635
100
AcDbEntity
8
One-Bedroom Apartment
6
Solid
370
25
62
250
100
AcDbLine
10
104769.0
20
-96197.0
30
0.0
11
104767.0
21
-96197.0
31
0.0
0
LINE
5
637
100
AcDbEntity
8
One-Bedroom Apartment
6
Solid
370
25
62
250
100
AcDbLine
10
104767.0
20
-96197.0
30
0.0
11
104765.0
21
-96198.0
31
0.0
0
LINE
5
639
100
AcDbEntity
8
One-Bedroom Apartment
6
Solid
370
25
62
250
100
AcDbLine
10
104765.0
20
-96198.0
30
0.0
11
104763.0
21
-96198.0
31
0.0
0
LINE
5
63b
100
AcDbEntity
8
One-Bedroom Apartment
6
Solid
370
25
62
250
100
AcDbLine
10
104763.0
20
-96198.0
30
0.0
11
104761.0
21
-96199.0
31
0.0
0
LINE
5
63d
100
AcDbEntity
8
One-Bedroom Apartment
6
Solid
370
25
62
250
100
AcDbLine
10
104761.0
20
-96199.0
30
0.0
11
104760.0
21
-96201.0
31
0.0
0
LINE
5
63f
100
AcDbEntity
8
One-Bedroom Apartment
6
Solid
370
25
62
250
100
AcDbLine
10
104760.0
20
-96201.0
30
0.0
11
104759.0
21
-96202.0
31
0.0
0
LINE
5
641
100
AcDbEntity
8
One-Bedroom Apartment
6
Solid
370
25
62
250
100
AcDbLine
10
104759.0
20
-96202.0
30
0.0
11
104056.0
21
-97407.0
31
0.0
0
LINE
5
643
100
AcDbEntity
8
One-Bedroom Apartment
6
Solid
370
25
62
250
100
AcDbLine
10
104056.0
20
-97407.0
30
0.0
11
104055.0
21
-97409.0
31
0.0
0
LINE
5
645
100
AcDbEntity
8
One-Bedroom Apartment
6
Solid
370
25
62
250
100
AcDbLine
10
104055.0
20
-97409.0
30
0.0
11
104054.0
21
-97411.0
31
0.0
0
LINE
5
647
100
AcDbEntity
8
One-Bedroom Apartment
6
Solid
370
25
62
250
100
AcDbLine
10
104054.0
20
-97411.0
30
0.0
11
104054.0
21
-97413.0
31
0.0
0
LINE
5
649
100
AcDbEntity
8
One-Bedroom Apartment
6
Solid
370
25
62
250
100
AcDbLine
10
104054.0
20
-97413.0
30
0.0
11
104055.0
21
-97415.0
31
0.0
0
LINE
5
64b
100
AcDbEntity
8
One-Bedroom Apartment
6
Solid
370
25
62
250
100
AcDbLine
10
104055.0
20
-97415.0
30
0.0
11
104055.0
21
-97417.0
31
0.0
0
LINE
5
64d
100
AcDbEntity
8
One-Bedroom Apartment
6
Solid
370
25
62
250
100
AcDbLine
10
104055.0
20
-97417.0
30
0.0
11
104056.0
21
-97418.0
31
0.0
0
LINE
5
64f
100
AcDbEntity
8
One-Bedroom Apartment
6
Solid
370
25
62
250
100
AcDbLine
10
104056.0
20
-97418.0
30
0.0
11
104058.0
21
-97420.0
31
0.0
0
LINE
5
651
100
AcDbEntity
8
One-Bedroom Apartment
6
Solid
370
25
62
250
100
AcDbLine
10
104058.0
20
-97420.0
30
0.0
11
104059.0
21
-97421.0
31
0.0
0
LINE
5
653
100
AcDbEntity
8
One-Bedroom Apartment
6
Solid
370
25
62
250
100
AcDbLine
10
104059.0
20
-97421.0
30
0.0
11
104491.0
21
-97673.0
31
0.0
0
LINE
5
655
100
AcDbEntity
8
One-Bedroom Apartment
6
Solid
370
25
62
250
100
AcDbLine
10
104491.0
20
-97673.0
30
0.0
11
103636.0
21
-99137.0
31
0.0
0
POINT
5
657
100
AcDbEntity
8
One-Bedroom Apartment
6
Solid
370
25
62
250
100
AcDbPoint
10
103636.0
20
-99137.0
30
0.0
0
LINE
5
659
100
AcDbEntity
8
One-Bedroom Apartment
6
Solid
370
25
62
250
100
AcDbLine
10
103636.0
20
-99137.0
30
0.0
11
100491.0
21
-97301.0
31
0.0
0
HATCH
5
665
100
AcDbEntity
8
One-Bedroom Apartment
6
Solid
370
25
62
250
100
AcDbHatch
10
0
20
0
30
0
210
0
220
0
230
1
2
FILL_1637
70
1
71
0
91
1
92
0
93
4
72
1
10
104212.0
20
-90672.0
11
103506.0
21
-91881.0
72
1
10
103506.0
20
-91881.0
11
100643.0
21
-90210.0
72
1
10
100643.0
20
-90210.0
11
101349.0
21
-89001.0
72
1
10
101349.0
20
-89001.0
11
104212.0
21
-90672.0
97
0
75
0
76
1
98
0
0
LINE
5
667
100
AcDbEntity
8
One-Bedroom Apartment
6
Solid
370
25
62
250
100
AcDbLine
10
104212.0
20
-90672.0
30
0.0
11
103506.0
21
-91881.0
31
0.0
0
LINE
5
669
100
AcDbEntity
8
One-Bedroom Apartment
6
Solid
370
25
62
250
100
AcDbLine
10
103506.0
20
-91881.0
30
0.0
11
100643.0
21
-90210.0
31
0.0
0
LINE
5
66b
100
AcDbEntity
8
One-Bedroom Apartment
6
Solid
370
25
62
250
100
AcDbLine
10
100643.0
20
-90210.0
30
0.0
11
101349.0
21
-89001.0
31
0.0
0
LINE
5
66d
100
AcDbEntity
8
One-Bedroom Apartment
6
Solid
370
25
62
250
100
AcDbLine
10
101349.0
20
-89001.0
30
0.0
11
104212.0
21
-90672.0
31
0.0
0
HATCH
5
6b3
100
AcDbEntity
8
Two-Bedroom Apartment
6
Solid
370
25
62
151
100
AcDbHatch
10
0
20
0
30
0
210
0
220
0
230
1
2
FILL_1715
70
1
71
0
91
1
92
0
93
33
72
1
10
51137.0
20
-95402.0
11
52901.0
21
-92379.0
72
1
10
52901.0
20
-92379.0
11
52901.0
21
-92379.0
72
1
10
52901.0
20
-92379.0
11
60026.0
21
-96539.0
72
1
10
60026.0
20
-96539.0
11
67151.0
21
-100698.0
72
1
10
67151.0
20
-100698.0
11
65386.0
21
-103721.0
72
1
10
65386.0
20
-103721.0
11
65386.0
21
-103721.0
72
1
10
65386.0
20
-103721.0
11
58261.0
21
-99561.0
72
1
10
58261.0
20
-99561.0
11
57397.0
21
-99058.0
72
1
10
57397.0
20
-99058.0
11
55633.0
21
-102080.0
72
1
10
55633.0
20
-102080.0
11
55633.0
21
-102080.0
72
1
10
55633.0
20
-102080.0
11
53920.0
21
-101080.0
72
1
10
53920.0
20
-101080.0
11
54172.0
21
-100648.0
72
1
10
54172.0
20
-100648.0
11
54173.0
21
-100646.0
72
1
10
54173.0
20
-100646.0
11
54173.0
21
-100644.0
72
1
10
54173.0
20
-100644.0
11
54173.0
21
-100642.0
72
1
10
54173.0
20
-100642.0
11
54173.0
21
-100640.0
72
1
10
54173.0
20
-100640.0
11
54172.0
21
-100638.0
72
1
10
54172.0
20
-100638.0
11
54171.0
21
-100637.0
72
1
10
54171.0
20
-100637.0
11
54170.0
21
-100635.0
72
1
10
54170.0
20
-100635.0
11
54168.0
21
-100634.0
72
1
10
54168.0
20
-100634.0
11
52760.0
21
-99812.0
72
1
10
52760.0
20
-99812.0
11
52758.0
21
-99811.0
72
1
10
52758.0
20
-99811.0
11
52756.0
21
-99810.0
72
1
10
52756.0
20
-99810.0
11
52754.0
21
-99810.0
72
1
10
52754.0
20
-99810.0
11
52752.0
21
-99811.0
72
1
10
52752.0
20
-99811.0
11
52750.0
21
-99811.0
72
1
10
52750.0
20
-99811.0
11
52749.0
21
-99812.0
72
1
10
52749.0
20
-99812.0
11
52747.0
21
-99814.0
72
1
10
52747.0
20
-99814.0
11
52746.0
21
-99815.0
72
1
10
52746.0
20
-99815.0
11
52494.0
21
-100247.0
72
1
10
52494.0
20
-100247.0
11
52494.0
21
-100247.0
72
1
10
52494.0
20
-100247.0
11
49372.0
21
-98424.0
72
1
10
49372.0
20
-98424.0
11
51137.0
21
-95402.0
97
0
75
0
76
1
98
0
0
LINE
5
6b5
100
AcDbEntity
8
Two-Bedroom Apartment
6
Solid
370
25
62
151
100
AcDbLine
10
51137.0
20
-95402.0
30
0.0
11
52901.0
21
-92379.0
31
0.0
0
POINT
5
6b7
100
AcDbEntity
8
Two-Bedroom Apartment
6
Solid
370
25
62
151
100
AcDbPoint
10
52901.0
20
-92379.0
30
0.0
0
LINE
5
6b9
100
AcDbEntity
8
Two-Bedroom Apartment
6
Solid
370
25
62
151
100
AcDbLine
10
52901.0
20
-92379.0
30
0.0
11
60026.0
21
-96539.0
31
0.0
0
LINE
5
6bb
100
AcDbEntity
8
Two-Bedroom Apartment
6
Solid
370
25
62
151
100
AcDbLine
10
60026.0
20
-96539.0
30
0.0
11
67151.0
21
-100698.0
31
0.0
0
LINE
5
6bd
100
AcDbEntity
8
Two-Bedroom Apartment
6
Solid
370
25
62
151
100
AcDbLine
10
67151.0
20
-100698.0
30
0.0
11
65386.0
21
-103721.0
31
0.0
0
POINT
5
6bf
100
AcDbEntity
8
Two-Bedroom Apartment
6
Solid
370
25
62
151
100
AcDbPoint
10
65386.0
20
-103721.0
30
0.0
0
LINE
5
6c1
100
AcDbEntity
8
Two-Bedroom Apartment
6
Solid
370
25
62
151
100
AcDbLine
10
65386.0
20
-103721.0
30
0.0
11
58261.0
21
-99561.0
31
0.0
0
LINE
5
6c3
100
AcDbEntity
8
Two-Bedroom Apartment
6
Solid
370
25
62
151
100
AcDbLine
10
58261.0
20
-99561.0
30
0.0
11
57397.0
21
-99058.0
31
0.0
0
LINE
5
6c5
100
AcDbEntity
8
Two-Bedroom Apartment
6
Solid
370
25
62
151
100
AcDbLine
10
57397.0
20
-99058.0
30
0.0
11
55633.0
21
-102080.0
31
0.0
0
POINT
5
6c7
100
AcDbEntity
8
Two-Bedroom Apartment
6
Solid
370
25
62
151
100
AcDbPoint
10
55633.0
20
-102080.0
30
0.0
0
LINE
5
6c9
100
AcDbEntity
8
Two-Bedroom Apartment
6
Solid
370
25
62
151
100
AcDbLine
10
55633.0
20
-102080.0
30
0.0
11
53920.0
21
-101080.0
31
0.0
0
LINE
5
6cb
100
AcDbEntity
8
Two-Bedroom Apartment
6
Solid
370
25
62
151
100
AcDbLine
10
53920.0
20
-101080.0
30
0.0
11
54172.0
21
-100648.0
31
0.0
0
LINE
5
6cd
100
AcDbEntity
8
Two-Bedroom Apartment
6
Solid
370
25
62
151
100
AcDbLine
10
54172.0
20
-100648.0
30
0.0
11
54173.0
21
-100646.0
31
0.0
0
LINE
5
6cf
100
AcDbEntity
8
Two-Bedroom Apartment
6
Solid
370
25
62
151
100
AcDbLine
10
54173.0
20
-100646.0
30
0.0
11
54173.0
21
-100644.0
31
0.0
0
LINE
5
6d1
100
AcDbEntity
8
Two-Bedroom Apartment
6
Solid
370
25
62
151
100
AcDbLine
10
54173.0
20
-100644.0
30
0.0
11
54173.0
21
-100642.0
31
0.0
0
LINE
5
6d3
100
AcDbEntity
8
Two-Bedroom Apartment
6
Solid
370
25
62
151
100
AcDbLine
10
54173.0
20
-100642.0
30
0.0
11
54173.0
21
-100640.0
31
0.0
0
LINE
5
6d5
100
AcDbEntity
8
Two-Bedroom Apartment
6
Solid
370
25
62
151
100
AcDbLine
10
54173.0
20
-100640.0
30
0.0
11
54172.0
21
-100638.0
31
0.0
0
LINE
5
6d7
100
AcDbEntity
8
Two-Bedroom Apartment
6
Solid
370
25
62
151
100
AcDbLine
10
54172.0
20
-100638.0
30
0.0
11
54171.0
21
-100637.0
31
0.0
0
LINE
5
6d9
100
AcDbEntity
8
Two-Bedroom Apartment
6
Solid
370
25
62
151
100
AcDbLine
10
54171.0
20
-100637.0
30
0.0
11
54170.0
21
-100635.0
31
0.0
0
LINE
5
6db
100
AcDbEntity
8
Two-Bedroom Apartment
6
Solid
370
25
62
151
100
AcDbLine
10
54170.0
20
-100635.0
30
0.0
11
54168.0
21
-100634.0
31
0.0
0
LINE
5
6dd
100
AcDbEntity
8
Two-Bedroom Apartment
6
Solid
370
25
62
151
100
AcDbLine
10
54168.0
20
-100634.0
30
0.0
11
52760.0
21
-99812.0
31
0.0
0
LINE
5
6df
100
AcDbEntity
8
Two-Bedroom Apartment
6
Solid
370
25
62
151
100
AcDbLine
10
52760.0
20
-99812.0
30
0.0
11
52758.0
21
-99811.0
31
0.0
0
LINE
5
6e1
100
AcDbEntity
8
Two-Bedroom Apartment
6
Solid
370
25
62
151
100
AcDbLine
10
52758.0
20
-99811.0
30
0.0
11
52756.0
21
-99810.0
31
0.0
0
LINE
5
6e3
100
AcDbEntity
8
Two-Bedroom Apartment
6
Solid
370
25
62
151
100
AcDbLine
10
52756.0
20
-99810.0
30
0.0
11
52754.0
21
-99810.0
31
0.0
0
LINE
5
6e5
100
AcDbEntity
8
Two-Bedroom Apartment
6
Solid
370
25
62
151
100
AcDbLine
10
52754.0
20
-99810.0
30
0.0
11
52752.0
21
-99811.0
31
0.0
0
LINE
5
6e7
100
AcDbEntity
8
Two-Bedroom Apartment
6
Solid
370
25
62
151
100
AcDbLine
10
52752.0
20
-99811.0
30
0.0
11
52750.0
21
-99811.0
31
0.0
0
LINE
5
6e9
100
AcDbEntity
8
Two-Bedroom Apartment
6
Solid
370
25
62
151
100
AcDbLine
10
52750.0
20
-99811.0
30
0.0
11
52749.0
21
-99812.0
31
0.0
0
LINE
5
6eb
100
AcDbEntity
8
Two-Bedroom Apartment
6
Solid
370
25
62
151
100
AcDbLine
10
52749.0
20
-99812.0
30
0.0
11
52747.0
21
-99814.0
31
0.0
0
LINE
5
6ed
100
AcDbEntity
8
Two-Bedroom Apartment
6
Solid
370
25
62
151
100
AcDbLine
10
52747.0
20
-99814.0
30
0.0
11
52746.0
21
-99815.0
31
0.0
0
LINE
5
6ef
100
AcDbEntity
8
Two-Bedroom Apartment
6
Solid
370
25
62
151
100
AcDbLine
10
52746.0
20
-99815.0
30
0.0
11
52494.0
21
-100247.0
31
0.0
0
POINT
5
6f1
100
AcDbEntity
8
Two-Bedroom Apartment
6
Solid
370
25
62
151
100
AcDbPoint
10
52494.0
20
-100247.0
30
0.0
0
LINE
5
6f3
100
AcDbEntity
8
Two-Bedroom Apartment
6
Solid
370
25
62
151
100
AcDbLine
10
52494.0
20
-100247.0
30
0.0
11
49372.0
21
-98424.0
31
0.0
0
LINE
5
6f5
100
AcDbEntity
8
Two-Bedroom Apartment
6
Solid
370
25
62
151
100
AcDbLine
10
49372.0
20
-98424.0
30
0.0
11
51137.0
21
-95402.0
31
0.0
0
HATCH
5
701
100
AcDbEntity
8
Two-Bedroom Apartment
6
Solid
370
25
62
151
100
AcDbHatch
10
0
20
0
30
0
210
0
220
0
230
1
2
FILL_1793
70
1
71
0
91
1
92
0
93
4
72
1
10
51591.0
20
-91846.0
11
52800.0
21
-92552.0
72
1
10
52800.0
20
-92552.0
11
51201.0
21
-95292.0
72
1
10
51201.0
20
-95292.0
11
49992.0
21
-94586.0
72
1
10
49992.0
20
-94586.0
11
51591.0
21
-91846.0
97
0
75
0
76
1
98
0
0
LINE
5
703
100
AcDbEntity
8
Two-Bedroom Apartment
6
Solid
370
25
62
151
100
AcDbLine
10
51591.0
20
-91846.0
30
0.0
11
52800.0
21
-92552.0
31
0.0
0
LINE
5
705
100
AcDbEntity
8
Two-Bedroom Apartment
6
Solid
370
25
62
151
100
AcDbLine
10
52800.0
20
-92552.0
30
0.0
11
51201.0
21
-95292.0
31
0.0
0
LINE
5
707
100
AcDbEntity
8
Two-Bedroom Apartment
6
Solid
370
25
62
151
100
AcDbLine
10
51201.0
20
-95292.0
30
0.0
11
49992.0
21
-94586.0
31
0.0
0
LINE
5
709
100
AcDbEntity
8
Two-Bedroom Apartment
6
Solid
370
25
62
151
100
AcDbLine
10
49992.0
20
-94586.0
30
0.0
11
51591.0
21
-91846.0
31
0.0
0
HATCH
5
747
100
AcDbEntity
8
One-Bedroom Apartment
6
Solid
370
25
62
250
100
AcDbHatch
10
0
20
0
30
0
210
0
220
0
230
1
2
FILL_1863
70
1
71
0
91
1
92
0
93
29
72
1
10
57360.0
20
-103088.0
11
59124.0
21
-100066.0
72
1
10
59124.0
20
-100066.0
11
59125.0
21
-100066.0
72
1
10
59125.0
20
-100066.0
11
60838.0
21
-101066.0
72
1
10
60838.0
20
-101066.0
11
60586.0
21
-101498.0
72
1
10
60586.0
20
-101498.0
11
60585.0
21
-101499.0
72
1
10
60585.0
20
-101499.0
11
60585.0
21
-101501.0
72
1
10
60585.0
20
-101501.0
11
60585.0
21
-101503.0
72
1
10
60585.0
20
-101503.0
11
60585.0
21
-101505.0
72
1
10
60585.0
20
-101505.0
11
60586.0
21
-101507.0
72
1
10
60586.0
20
-101507.0
11
60587.0
21
-101509.0
72
1
10
60587.0
20
-101509.0
11
60588.0
21
-101510.0
72
1
10
60588.0
20
-101510.0
11
60590.0
21
-101511.0
72
1
10
60590.0
20
-101511.0
11
61998.0
21
-102334.0
72
1
10
61998.0
20
-102334.0
11
62000.0
21
-102335.0
72
1
10
62000.0
20
-102335.0
11
62002.0
21
-102335.0
72
1
10
62002.0
20
-102335.0
11
62004.0
21
-102335.0
72
1
10
62004.0
20
-102335.0
11
62006.0
21
-102335.0
72
1
10
62006.0
20
-102335.0
11
62008.0
21
-102334.0
72
1
10
62008.0
20
-102334.0
11
62009.0
21
-102333.0
72
1
10
62009.0
20
-102333.0
11
62011.0
21
-102332.0
72
1
10
62011.0
20
-102332.0
11
62012.0
21
-102330.0
72
1
10
62012.0
20
-102330.0
11
62264.0
21
-101898.0
72
1
10
62264.0
20
-101898.0
11
62264.0
21
-101898.0
72
1
10
62264.0
20
-101898.0
11
65386.0
21
-103721.0
72
1
10
65386.0
20
-103721.0
11
63621.0
21
-106744.0
72
1
10
63621.0
20
-106744.0
11
61857.0
21
-109766.0
72
1
10
61857.0
20
-109766.0
11
61857.0
21
-109766.0
72
1
10
61857.0
20
-109766.0
11
55596.0
21
-106111.0
72
1
10
55596.0
20
-106111.0
11
57360.0
21
-103088.0
97
0
75
0
76
1
98
0
0
LINE
5
749
100
AcDbEntity
8
One-Bedroom Apartment
6
Solid
370
25
62
250
100
AcDbLine
10
57360.0
20
-103088.0
30
0.0
11
59124.0
21
-100066.0
31
0.0
0
LINE
5
74b
100
AcDbEntity
8
One-Bedroom Apartment
6
Solid
370
25
62
250
100
AcDbLine
10
59124.0
20
-100066.0
30
0.0
11
59125.0
21
-100066.0
31
0.0
0
LINE
5
74d
100
AcDbEntity
8
One-Bedroom Apartment
6
Solid
370
25
62
250
100
AcDbLine
10
59125.0
20
-100066.0
30
0.0
11
60838.0
21
-101066.0
31
0.0
0
LINE
5
74f
100
AcDbEntity
8
One-Bedroom Apartment
6
Solid
370
25
62
250
100
AcDbLine
10
60838.0
20
-101066.0
30
0.0
11
60586.0
21
-101498.0
31
0.0
0
LINE
5
751
100
AcDbEntity
8
One-Bedroom Apartment
6
Solid
370
25
62
250
100
AcDbLine
10
60586.0
20
-101498.0
30
0.0
11
60585.0
21
-101499.0
31
0.0
0
LINE
5
753
100
AcDbEntity
8
One-Bedroom Apartment
6
Solid
370
25
62
250
100
AcDbLine
10
60585.0
20
-101499.0
30
0.0
11
60585.0
21
-101501.0
31
0.0
0
LINE
5
755
100
AcDbEntity
8
One-Bedroom Apartment
6
Solid
370
25
62
250
100
AcDbLine
10
60585.0
20
-101501.0
30
0.0
11
60585.0
21
-101503.0
31
0.0
0
LINE
5
757
100
AcDbEntity
8
One-Bedroom Apartment
6
Solid
370
25
62
250
100
AcDbLine
10
60585.0
20
-101503.0
30
0.0
11
60585.0
21
-101505.0
31
0.0
0
LINE
5
759
100
AcDbEntity
8
One-Bedroom Apartment
6
Solid
370
25
62
250
100
AcDbLine
10
60585.0
20
-101505.0
30
0.0
11
60586.0
21
-101507.0
31
0.0
0
LINE
5
75b
100
AcDbEntity
8
One-Bedroom Apartment
6
Solid
370
25
62
250
100
AcDbLine
10
60586.0
20
-101507.0
30
0.0
11
60587.0
21
-101509.0
31
0.0
0
LINE
5
75d
100
AcDbEntity
8
One-Bedroom Apartment
6
Solid
370
25
62
250
100
AcDbLine
10
60587.0
20
-101509.0
30
0.0
11
60588.0
21
-101510.0
31
0.0
0
LINE
5
75f
100
AcDbEntity
8
One-Bedroom Apartment
6
Solid
370
25
62
250
100
AcDbLine
10
60588.0
20
-101510.0
30
0.0
11
60590.0
21
-101511.0
31
0.0
0
LINE
5
761
100
AcDbEntity
8
One-Bedroom Apartment
6
Solid
370
25
62
250
100
AcDbLine
10
60590.0
20
-101511.0
30
0.0
11
61998.0
21
-102334.0
31
0.0
0
LINE
5
763
100
AcDbEntity
8
One-Bedroom Apartment
6
Solid
370
25
62
250
100
AcDbLine
10
61998.0
20
-102334.0
30
0.0
11
62000.0
21
-102335.0
31
0.0
0
LINE
5
765
100
AcDbEntity
8
One-Bedroom Apartment
6
Solid
370
25
62
250
100
AcDbLine
10
62000.0
20
-102335.0
30
0.0
11
62002.0
21
-102335.0
31
0.0
0
LINE
5
767
100
AcDbEntity
8
One-Bedroom Apartment
6
Solid
370
25
62
250
100
AcDbLine
10
62002.0
20
-102335.0
30
0.0
11
62004.0
21
-102335.0
31
0.0
0
LINE
5
769
100
AcDbEntity
8
One-Bedroom Apartment
6
Solid
370
25
62
250
100
AcDbLine
10
62004.0
20
-102335.0
30
0.0
11
62006.0
21
-102335.0
31
0.0
0
LINE
5
76b
100
AcDbEntity
8
One-Bedroom Apartment
6
Solid
370
25
62
250
100
AcDbLine
10
62006.0
20
-102335.0
30
0.0
11
62008.0
21
-102334.0
31
0.0
0
LINE
5
76d
100
AcDbEntity
8
One-Bedroom Apartment
6
Solid
370
25
62
250
100
AcDbLine
10
62008.0
20
-102334.0
30
0.0
11
62009.0
21
-102333.0
31
0.0
0
LINE
5
76f
100
AcDbEntity
8
One-Bedroom Apartment
6
Solid
370
25
62
250
100
AcDbLine
10
62009.0
20
-102333.0
30
0.0
11
62011.0
21
-102332.0
31
0.0
0
LINE
5
771
100
AcDbEntity
8
One-Bedroom Apartment
6
Solid
370
25
62
250
100
AcDbLine
10
62011.0
20
-102332.0
30
0.0
11
62012.0
21
-102330.0
31
0.0
0
LINE
5
773
100
AcDbEntity
8
One-Bedroom Apartment
6
Solid
370
25
62
250
100
AcDbLine
10
62012.0
20
-102330.0
30
0.0
11
62264.0
21
-101898.0
31
0.0
0
POINT
5
775
100
AcDbEntity
8
One-Bedroom Apartment
6
Solid
370
25
62
250
100
AcDbPoint
10
62264.0
20
-101898.0
30
0.0
0
LINE
5
777
100
AcDbEntity
8
One-Bedroom Apartment
6
Solid
370
25
62
250
100
AcDbLine
10
62264.0
20
-101898.0
30
0.0
11
65386.0
21
-103721.0
31
0.0
0
LINE
5
779
100
AcDbEntity
8
One-Bedroom Apartment
6
Solid
370
25
62
250
100
AcDbLine
10
65386.0
20
-103721.0
30
0.0
11
63621.0
21
-106744.0
31
0.0
0
LINE
5
77b
100
AcDbEntity
8
One-Bedroom Apartment
6
Solid
370
25
62
250
100
AcDbLine
10
63621.0
20
-106744.0
30
0.0
11
61857.0
21
-109766.0
31
0.0
0
POINT
5
77d
100
AcDbEntity
8
One-Bedroom Apartment
6
Solid
370
25
62
250
100
AcDbPoint
10
61857.0
20
-109766.0
30
0.0
0
LINE
5
77f
100
AcDbEntity
8
One-Bedroom Apartment
6
Solid
370
25
62
250
100
AcDbLine
10
61857.0
20
-109766.0
30
0.0
11
55596.0
21
-106111.0
31
0.0
0
LINE
5
781
100
AcDbEntity
8
One-Bedroom Apartment
6
Solid
370
25
62
250
100
AcDbLine
10
55596.0
20
-106111.0
30
0.0
11
57360.0
21
-103088.0
31
0.0
0
HATCH
5
78d
100
AcDbEntity
8
One-Bedroom Apartment
6
Solid
370
25
62
250
100
AcDbHatch
10
0
20
0
30
0
210
0
220
0
230
1
2
FILL_1933
70
1
71
0
91
1
92
0
93
4
72
1
10
64895.0
20
-107339.0
11
63686.0
21
-106633.0
72
1
10
63686.0
20
-106633.0
11
65322.0
21
-103831.0
72
1
10
65322.0
20
-103831.0
11
66531.0
21
-104537.0
72
1
10
66531.0
20
-104537.0
11
64895.0
21
-107339.0
97
0
75
0
76
1
98
0
0
LINE
5
78f
100
AcDbEntity
8
One-Bedroom Apartment
6
Solid
370
25
62
250
100
AcDbLine
10
64895.0
20
-107339.0
30
0.0
11
63686.0
21
-106633.0
31
0.0
0
LINE
5
791
100
AcDbEntity
8
One-Bedroom Apartment
6
Solid
370
25
62
250
100
AcDbLine
10
63686.0
20
-106633.0
30
0.0
11
65322.0
21
-103831.0
31
0.0
0
LINE
5
793
100
AcDbEntity
8
One-Bedroom Apartment
6
Solid
370
25
62
250
100
AcDbLine
10
65322.0
20
-103831.0
30
0.0
11
66531.0
21
-104537.0
31
0.0
0
LINE
5
795
100
AcDbEntity
8
One-Bedroom Apartment
6
Solid
370
25
62
250
100
AcDbLine
10
66531.0
20
-104537.0
30
0.0
11
64895.0
21
-107339.0
31
0.0
0
HATCH
5
7d1
100
AcDbEntity
8
One-Bedroom Apartment
6
Solid
370
25
62
250
100
AcDbHatch
10
0
20
0
30
0
210
0
220
0
230
1
2
FILL_2001
70
1
71
0
91
1
92
0
93
28
72
1
10
53831.0
20
-109133.0
11
55596.0
21
-106111.0
72
1
10
55596.0
20
-106111.0
11
55596.0
21
-106111.0
72
1
10
55596.0
20
-106111.0
11
57309.0
21
-107111.0
72
1
10
57309.0
20
-107111.0
11
57057.0
21
-107543.0
72
1
10
57057.0
20
-107543.0
11
57056.0
21
-107545.0
72
1
10
57056.0
20
-107545.0
11
57055.0
21
-107546.0
72
1
10
57055.0
20
-107546.0
11
57055.0
21
-107548.0
72
1
10
57055.0
20
-107548.0
11
57056.0
21
-107550.0
72
1
10
57056.0
20
-107550.0
11
57056.0
21
-107552.0
72
1
10
57056.0
20
-107552.0
11
57057.0
21
-107554.0
72
1
10
57057.0
20
-107554.0
11
57059.0
21
-107555.0
72
1
10
57059.0
20
-107555.0
11
57060.0
21
-107556.0
72
1
10
57060.0
20
-107556.0
11
58469.0
21
-108379.0
72
1
10
58469.0
20
-108379.0
11
58471.0
21
-108380.0
72
1
10
58471.0
20
-108380.0
11
58473.0
21
-108380.0
72
1
10
58473.0
20
-108380.0
11
58475.0
21
-108380.0
72
1
10
58475.0
20
-108380.0
11
58477.0
21
-108380.0
72
1
10
58477.0
20
-108380.0
11
58478.0
21
-108379.0
72
1
10
58478.0
20
-108379.0
11
58480.0
21
-108378.0
72
1
10
58480.0
20
-108378.0
11
58482.0
21
-108377.0
72
1
10
58482.0
20
-108377.0
11
58483.0
21
-108375.0
72
1
10
58483.0
20
-108375.0
11
58735.0
21
-107943.0
72
1
10
58735.0
20
-107943.0
11
61857.0
21
-109766.0
72
1
10
61857.0
20
-109766.0
11
60092.0
21
-112789.0
72
1
10
60092.0
20
-112789.0
11
58327.0
21
-115811.0
72
1
10
58327.0
20
-115811.0
11
58327.0
21
-115811.0
72
1
10
58327.0
20
-115811.0
11
52066.0
21
-112156.0
72
1
10
52066.0
20
-112156.0
11
53831.0
21
-109133.0
97
0
75
0
76
1
98
0
0
LINE
5
7d3
100
AcDbEntity
8
One-Bedroom Apartment
6
Solid
370
25
62
250
100
AcDbLine
10
53831.0
20
-109133.0
30
0.0
11
55596.0
21
-106111.0
31
0.0
0
POINT
5
7d5
100
AcDbEntity
8
One-Bedroom Apartment
6
Solid
370
25
62
250
100
AcDbPoint
10
55596.0
20
-106111.0
30
0.0
0
LINE
5
7d7
100
AcDbEntity
8
One-Bedroom Apartment
6
Solid
370
25
62
250
100
AcDbLine
10
55596.0
20
-106111.0
30
0.0
11
57309.0
21
-107111.0
31
0.0
0
LINE
5
7d9
100
AcDbEntity
8
One-Bedroom Apartment
6
Solid
370
25
62
250
100
AcDbLine
10
57309.0
20
-107111.0
30
0.0
11
57057.0
21
-107543.0
31
0.0
0
LINE
5
7db
100
AcDbEntity
8
One-Bedroom Apartment
6
Solid
370
25
62
250
100
AcDbLine
10
57057.0
20
-107543.0
30
0.0
11
57056.0
21
-107545.0
31
0.0
0
LINE
5
7dd
100
AcDbEntity
8
One-Bedroom Apartment
6
Solid
370
25
62
250
100
AcDbLine
10
57056.0
20
-107545.0
30
0.0
11
57055.0
21
-107546.0
31
0.0
0
LINE
5
7df
100
AcDbEntity
8
One-Bedroom Apartment
6
Solid
370
25
62
250
100
AcDbLine
10
57055.0
20
-107546.0
30
0.0
11
57055.0
21
-107548.0
31
0.0
0
LINE
5
7e1
100
AcDbEntity
8
One-Bedroom Apartment
6
Solid
370
25
62
250
100
AcDbLine
10
57055.0
20
-107548.0
30
0.0
11
57056.0
21
-107550.0
31
0.0
0
LINE
5
7e3
100
AcDbEntity
8
One-Bedroom Apartment
6
Solid
370
25
62
250
100
AcDbLine
10
57056.0
20
-107550.0
30
0.0
11
57056.0
21
-107552.0
31
0.0
0
LINE
5
7e5
100
AcDbEntity
8
One-Bedroom Apartment
6
Solid
370
25
62
250
100
AcDbLine
10
57056.0
20
-107552.0
30
0.0
11
57057.0
21
-107554.0
31
0.0
0
LINE
5
7e7
100
AcDbEntity
8
One-Bedroom Apartment
6
Solid
370
25
62
250
100
AcDbLine
10
57057.0
20
-107554.0
30
0.0
11
57059.0
21
-107555.0
31
0.0
0
LINE
5
7e9
100
AcDbEntity
8
One-Bedroom Apartment
6
Solid
370
25
62
250
100
AcDbLine
10
57059.0
20
-107555.0
30
0.0
11
57060.0
21
-107556.0
31
0.0
0
LINE
5
7eb
100
AcDbEntity
8
One-Bedroom Apartment
6
Solid
370
25
62
250
100
AcDbLine
10
57060.0
20
-107556.0
30
0.0
11
58469.0
21
-108379.0
31
0.0
0
LINE
5
7ed
100
AcDbEntity
8
One-Bedroom Apartment
6
Solid
370
25
62
250
100
AcDbLine
10
58469.0
20
-108379.0
30
0.0
11
58471.0
21
-108380.0
31
0.0
0
LINE
5
7ef
100
AcDbEntity
8
One-Bedroom Apartment
6
Solid
370
25
62
250
100
AcDbLine
10
58471.0
20
-108380.0
30
0.0
11
58473.0
21
-108380.0
31
0.0
0
LINE
5
7f1
100
AcDbEntity
8
One-Bedroom Apartment
6
Solid
370
25
62
250
100
AcDbLine
10
58473.0
20
-108380.0
30
0.0
11
58475.0
21
-108380.0
31
0.0
0
LINE
5
7f3
100
AcDbEntity
8
One-Bedroom Apartment
6
Solid
370
25
62
250
100
AcDbLine
10
58475.0
20
-108380.0
30
0.0
11
58477.0
21
-108380.0
31
0.0
0
LINE
5
7f5
100
AcDbEntity
8
One-Bedroom Apartment
6
Solid
370
25
62
250
100
AcDbLine
10
58477.0
20
-108380.0
30
0.0
11
58478.0
21
-108379.0
31
0.0
0
LINE
5
7f7
100
AcDbEntity
8
One-Bedroom Apartment
6
Solid
370
25
62
250
100
AcDbLine
10
58478.0
20
-108379.0
30
0.0
11
58480.0
21
-108378.0
31
0.0
0
LINE
5
7f9
100
AcDbEntity
8
One-Bedroom Apartment
6
Solid
370
25
62
250
100
AcDbLine
10
58480.0
20
-108378.0
30
0.0
11
58482.0
21
-108377.0
31
0.0
0
LINE
5
7fb
100
AcDbEntity
8
One-Bedroom Apartment
6
Solid
370
25
62
250
100
AcDbLine
10
58482.0
20
-108377.0
30
0.0
11
58483.0
21
-108375.0
31
0.0
0
LINE
5
7fd
100
AcDbEntity
8
One-Bedroom Apartment
6
Solid
370
25
62
250
100
AcDbLine
10
58483.0
20
-108375.0
30
0.0
11
58735.0
21
-107943.0
31
0.0
0
LINE
5
7ff
100
AcDbEntity
8
One-Bedroom Apartment
6
Solid
370
25
62
250
100
AcDbLine
10
58735.0
20
-107943.0
30
0.0
11
61857.0
21
-109766.0
31
0.0
0
LINE
5
801
100
AcDbEntity
8
One-Bedroom Apartment
6
Solid
370
25
62
250
100
AcDbLine
10
61857.0
20
-109766.0
30
0.0
11
60092.0
21
-112789.0
31
0.0
0
LINE
5
803
100
AcDbEntity
8
One-Bedroom Apartment
6
Solid
370
25
62
250
100
AcDbLine
10
60092.0
20
-112789.0
30
0.0
11
58327.0
21
-115811.0
31
0.0
0
POINT
5
805
100
AcDbEntity
8
One-Bedroom Apartment
6
Solid
370
25
62
250
100
AcDbPoint
10
58327.0
20
-115811.0
30
0.0
0
LINE
5
807
100
AcDbEntity
8
One-Bedroom Apartment
6
Solid
370
25
62
250
100
AcDbLine
10
58327.0
20
-115811.0
30
0.0
11
52066.0
21
-112156.0
31
0.0
0
LINE
5
809
100
AcDbEntity
8
One-Bedroom Apartment
6
Solid
370
25
62
250
100
AcDbLine
10
52066.0
20
-112156.0
30
0.0
11
53831.0
21
-109133.0
31
0.0
0
HATCH
5
815
100
AcDbEntity
8
One-Bedroom Apartment
6
Solid
370
25
62
250
100
AcDbHatch
10
0
20
0
30
0
210
0
220
0
230
1
2
FILL_2069
70
1
71
0
91
1
92
0
93
4
72
1
10
59601.0
20
-116407.0
11
58392.0
21
-115701.0
72
1
10
58392.0
20
-115701.0
11
60028.0
21
-112899.0
72
1
10
60028.0
20
-112899.0
11
61237.0
21
-113605.0
72
1
10
61237.0
20
-113605.0
11
59601.0
21
-116407.0
97
0
75
0
76
1
98
0
0
LINE
5
817
100
AcDbEntity
8
One-Bedroom Apartment
6
Solid
370
25
62
250
100
AcDbLine
10
59601.0
20
-116407.0
30
0.0
11
58392.0
21
-115701.0
31
0.0
0
LINE
5
819
100
AcDbEntity
8
One-Bedroom Apartment
6
Solid
370
25
62
250
100
AcDbLine
10
58392.0
20
-115701.0
30
0.0
11
60028.0
21
-112899.0
31
0.0
0
LINE
5
81b
100
AcDbEntity
8
One-Bedroom Apartment
6
Solid
370
25
62
250
100
AcDbLine
10
60028.0
20
-112899.0
30
0.0
11
61237.0
21
-113605.0
31
0.0
0
LINE
5
81d
100
AcDbEntity
8
One-Bedroom Apartment
6
Solid
370
25
62
250
100
AcDbLine
10
61237.0
20
-113605.0
30
0.0
11
59601.0
21
-116407.0
31
0.0
0
HATCH
5
861
100
AcDbEntity
8
Two-Bedroom Apartment
6
Solid
370
25
62
151
100
AcDbHatch
10
0
20
0
30
0
210
0
220
0
230
1
2
FILL_2145
70
1
71
0
91
1
92
0
93
32
72
1
10
44078.0
20
-107492.0
11
45843.0
21
-104470.0
72
1
10
45843.0
20
-104470.0
11
45843.0
21
-104470.0
72
1
10
45843.0
20
-104470.0
11
48964.0
21
-106292.0
72
1
10
48964.0
20
-106292.0
11
48964.0
21
-106292.0
72
1
10
48964.0
20
-106292.0
11
48712.0
21
-106724.0
72
1
10
48712.0
20
-106724.0
11
48712.0
21
-106726.0
72
1
10
48712.0
20
-106726.0
11
48711.0
21
-106728.0
72
1
10
48711.0
20
-106728.0
11
48711.0
21
-106730.0
72
1
10
48711.0
20
-106730.0
11
48711.0
21
-106732.0
72
1
10
48711.0
20
-106732.0
11
48712.0
21
-106733.0
72
1
10
48712.0
20
-106733.0
11
48713.0
21
-106735.0
72
1
10
48713.0
20
-106735.0
11
48714.0
21
-106736.0
72
1
10
48714.0
20
-106736.0
11
48716.0
21
-106738.0
72
1
10
48716.0
20
-106738.0
11
50125.0
21
-107560.0
72
1
10
50125.0
20
-107560.0
11
50127.0
21
-107561.0
72
1
10
50127.0
20
-107561.0
11
50129.0
21
-107561.0
72
1
10
50129.0
20
-107561.0
11
50130.0
21
-107561.0
72
1
10
50130.0
20
-107561.0
11
50132.0
21
-107561.0
72
1
10
50132.0
20
-107561.0
11
50134.0
21
-107560.0
72
1
10
50134.0
20
-107560.0
11
50136.0
21
-107559.0
72
1
10
50136.0
20
-107559.0
11
50137.0
21
-107558.0
72
1
10
50137.0
20
-107558.0
11
50139.0
21
-107556.0
72
1
10
50139.0
20
-107556.0
11
50390.0
21
-107125.0
72
1
10
50390.0
20
-107125.0
11
52104.0
21
-108125.0
72
1
10
52104.0
20
-108125.0
11
50340.0
21
-111147.0
72
1
10
50340.0
20
-111147.0
11
51203.0
21
-111652.0
72
1
10
51203.0
20
-111652.0
11
58327.0
21
-115811.0
72
1
10
58327.0
20
-115811.0
11
56563.0
21
-118834.0
72
1
10
56563.0
20
-118834.0
11
56563.0
21
-118834.0
72
1
10
56563.0
20
-118834.0
11
49438.0
21
-114674.0
72
1
10
49438.0
20
-114674.0
11
42313.0
21
-110515.0
72
1
10
42313.0
20
-110515.0
11
44078.0
21
-107492.0
97
0
75
0
76
1
98
0
0
LINE
5
863
100
AcDbEntity
8
Two-Bedroom Apartment
6
Solid
370
25
62
151
100
AcDbLine
10
44078.0
20
-107492.0
30
0.0
11
45843.0
21
-104470.0
31
0.0
0
POINT
5
865
100
AcDbEntity
8
Two-Bedroom Apartment
6
Solid
370
25
62
151
100
AcDbPoint
10
45843.0
20
-104470.0
30
0.0
0
LINE
5
867
100
AcDbEntity
8
Two-Bedroom Apartment
6
Solid
370
25
62
151
100
AcDbLine
10
45843.0
20
-104470.0
30
0.0
11
48964.0
21
-106292.0
31
0.0
0
POINT
5
869
100
AcDbEntity
8
Two-Bedroom Apartment
6
Solid
370
25
62
151
100
AcDbPoint
10
48964.0
20
-106292.0
30
0.0
0
LINE
5
86b
100
AcDbEntity
8
Two-Bedroom Apartment
6
Solid
370
25
62
151
100
AcDbLine
10
48964.0
20
-106292.0
30
0.0
11
48712.0
21
-106724.0
31
0.0
0
LINE
5
86d
100
AcDbEntity
8
Two-Bedroom Apartment
6
Solid
370
25
62
151
100
AcDbLine
10
48712.0
20
-106724.0
30
0.0
11
48712.0
21
-106726.0
31
0.0
0
LINE
5
86f
100
AcDbEntity
8
Two-Bedroom Apartment
6
Solid
370
25
62
151
100
AcDbLine
10
48712.0
20
-106726.0
30
0.0
11
48711.0
21
-106728.0
31
0.0
0
LINE
5
871
100
AcDbEntity
8
Two-Bedroom Apartment
6
Solid
370
25
62
151
100
AcDbLine
10
48711.0
20
-106728.0
30
0.0
11
48711.0
21
-106730.0
31
0.0
0
LINE
5
873
100
AcDbEntity
8
Two-Bedroom Apartment
6
Solid
370
25
62
151
100
AcDbLine
10
48711.0
20
-106730.0
30
0.0
11
48711.0
21
-106732.0
31
0.0
0
LINE
5
875
100
AcDbEntity
8
Two-Bedroom Apartment
6
Solid
370
25
62
151
100
AcDbLine
10
48711.0
20
-106732.0
30
0.0
11
48712.0
21
-106733.0
31
0.0
0
LINE
5
877
100
AcDbEntity
8
Two-Bedroom Apartment
6
Solid
370
25
62
151
100
AcDbLine
10
48712.0
20
-106733.0
30
0.0
11
48713.0
21
-106735.0
31
0.0
0
LINE
5
879
100
AcDbEntity
8
Two-Bedroom Apartment
6
Solid
370
25
62
151
100
AcDbLine
10
48713.0
20
-106735.0
30
0.0
11
48714.0
21
-106736.0
31
0.0
0
LINE
5
87b
100
AcDbEntity
8
Two-Bedroom Apartment
6
Solid
370
25
62
151
100
AcDbLine
10
48714.0
20
-106736.0
30
0.0
11
48716.0
21
-106738.0
31
0.0
0
LINE
5
87d
100
AcDbEntity
8
Two-Bedroom Apartment
6
Solid
370
25
62
151
100
AcDbLine
10
48716.0
20
-106738.0
30
0.0
11
50125.0
21
-107560.0
31
0.0
0
LINE
5
87f
100
AcDbEntity
8
Two-Bedroom Apartment
6
Solid
370
25
62
151
100
AcDbLine
10
50125.0
20
-107560.0
30
0.0
11
50127.0
21
-107561.0
31
0.0
0
LINE
5
881
100
AcDbEntity
8
Two-Bedroom Apartment
6
Solid
370
25
62
151
100
AcDbLine
10
50127.0
20
-107561.0
30
0.0
11
50129.0
21
-107561.0
31
0.0
0
LINE
5
883
100
AcDbEntity
8
Two-Bedroom Apartment
6
Solid
370
25
62
151
100
AcDbLine
10
50129.0
20
-107561.0
30
0.0
11
50130.0
21
-107561.0
31
0.0
0
LINE
5
885
100
AcDbEntity
8
Two-Bedroom Apartment
6
Solid
370
25
62
151
100
AcDbLine
10
50130.0
20
-107561.0
30
0.0
11
50132.0
21
-107561.0
31
0.0
0
LINE
5
887
100
AcDbEntity
8
Two-Bedroom Apartment
6
Solid
370
25
62
151
100
AcDbLine
10
50132.0
20
-107561.0
30
0.0
11
50134.0
21
-107560.0
31
0.0
0
LINE
5
889
100
AcDbEntity
8
Two-Bedroom Apartment
6
Solid
370
25
62
151
100
AcDbLine
10
50134.0
20
-107560.0
30
0.0
11
50136.0
21
-107559.0
31
0.0
0
LINE
5
88b
100
AcDbEntity
8
Two-Bedroom Apartment
6
Solid
370
25
62
151
100
AcDbLine
10
50136.0
20
-107559.0
30
0.0
11
50137.0
21
-107558.0
31
0.0
0
LINE
5
88d
100
AcDbEntity
8
Two-Bedroom Apartment
6
Solid
370
25
62
151
100
AcDbLine
10
50137.0
20
-107558.0
30
0.0
11
50139.0
21
-107556.0
31
0.0
0
LINE
5
88f
100
AcDbEntity
8
Two-Bedroom Apartment
6
Solid
370
25
62
151
100
AcDbLine
10
50139.0
20
-107556.0
30
0.0
11
50390.0
21
-107125.0
31
0.0
0
LINE
5
891
100
AcDbEntity
8
Two-Bedroom Apartment
6
Solid
370
25
62
151
100
AcDbLine
10
50390.0
20
-107125.0
30
0.0
11
52104.0
21
-108125.0
31
0.0
0
LINE
5
893
100
AcDbEntity
8
Two-Bedroom Apartment
6
Solid
370
25
62
151
100
AcDbLine
10
52104.0
20
-108125.0
30
0.0
11
50340.0
21
-111147.0
31
0.0
0
LINE
5
895
100
AcDbEntity
8
Two-Bedroom Apartment
6
Solid
370
25
62
151
100
AcDbLine
10
50340.0
20
-111147.0
30
0.0
11
51203.0
21
-111652.0
31
0.0
0
LINE
5
897
100
AcDbEntity
8
Two-Bedroom Apartment
6
Solid
370
25
62
151
100
AcDbLine
10
51203.0
20
-111652.0
30
0.0
11
58327.0
21
-115811.0
31
0.0
0
LINE
5
899
100
AcDbEntity
8
Two-Bedroom Apartment
6
Solid
370
25
62
151
100
AcDbLine
10
58327.0
20
-115811.0
30
0.0
11
56563.0
21
-118834.0
31
0.0
0
POINT
5
89b
100
AcDbEntity
8
Two-Bedroom Apartment
6
Solid
370
25
62
151
100
AcDbPoint
10
56563.0
20
-118834.0
30
0.0
0
LINE
5
89d
100
AcDbEntity
8
Two-Bedroom Apartment
6
Solid
370
25
62
151
100
AcDbLine
10
56563.0
20
-118834.0
30
0.0
11
49438.0
21
-114674.0
31
0.0
0
LINE
5
89f
100
AcDbEntity
8
Two-Bedroom Apartment
6
Solid
370
25
62
151
100
AcDbLine
10
49438.0
20
-114674.0
30
0.0
11
42313.0
21
-110515.0
31
0.0
0
LINE
5
8a1
100
AcDbEntity
8
Two-Bedroom Apartment
6
Solid
370
25
62
151
100
AcDbLine
10
42313.0
20
-110515.0
30
0.0
11
44078.0
21
-107492.0
31
0.0
0
HATCH
5
8ad
100
AcDbEntity
8
Two-Bedroom Apartment
6
Solid
370
25
62
151
100
AcDbHatch
10
0
20
0
30
0
210
0
220
0
230
1
2
FILL_2221
70
1
71
0
91
1
92
0
93
4
72
1
10
42805.0
20
-106897.0
11
44014.0
21
-107603.0
72
1
10
44014.0
20
-107603.0
11
42414.0
21
-110342.0
72
1
10
42414.0
20
-110342.0
11
41205.0
21
-109636.0
72
1
10
41205.0
20
-109636.0
11
42805.0
21
-106897.0
97
0
75
0
76
1
98
0
0
LINE
5
8af
100
AcDbEntity
8
Two-Bedroom Apartment
6
Solid
370
25
62
151
100
AcDbLine
10
42805.0
20
-106897.0
30
0.0
11
44014.0
21
-107603.0
31
0.0
0
LINE
5
8b1
100
AcDbEntity
8
Two-Bedroom Apartment
6
Solid
370
25
62
151
100
AcDbLine
10
44014.0
20
-107603.0
30
0.0
11
42414.0
21
-110342.0
31
0.0
0
LINE
5
8b3
100
AcDbEntity
8
Two-Bedroom Apartment
6
Solid
370
25
62
151
100
AcDbLine
10
42414.0
20
-110342.0
30
0.0
11
41205.0
21
-109636.0
31
0.0
0
LINE
5
8b5
100
AcDbEntity
8
Two-Bedroom Apartment
6
Solid
370
25
62
151
100
AcDbLine
10
41205.0
20
-109636.0
30
0.0
11
42805.0
21
-106897.0
31
0.0
0
HATCH
5
8dd
100
AcDbEntity
8
Studio Apartment
6
Solid
370
25
62
252
100
AcDbHatch
10
0
20
0
30
0
210
0
220
0
230
1
2
FILL_2269
70
1
71
0
91
1
92
0
93
18
72
1
10
88523.0
20
-55982.0
11
85818.0
21
-54402.0
72
1
10
85818.0
20
-54402.0
11
85818.0
21
-54402.0
72
1
10
85818.0
20
-54402.0
11
88943.0
21
-49048.0
72
1
10
88943.0
20
-49048.0
11
88943.0
21
-49048.0
72
1
10
88943.0
20
-49048.0
11
92089.0
21
-50885.0
72
1
10
92089.0
20
-50885.0
11
92089.0
21
-50885.0
72
1
10
92089.0
20
-50885.0
11
89750.0
21
-54892.0
72
1
10
89750.0
20
-54892.0
11
89750.0
21
-54892.0
72
1
10
89750.0
20
-54892.0
11
89318.0
21
-54640.0
72
1
10
89318.0
20
-54640.0
11
89316.0
21
-54639.0
72
1
10
89316.0
20
-54639.0
11
89315.0
21
-54638.0
72
1
10
89315.0
20
-54638.0
11
89313.0
21
-54638.0
72
1
10
89313.0
20
-54638.0
11
89311.0
21
-54639.0
72
1
10
89311.0
20
-54639.0
11
89309.0
21
-54639.0
72
1
10
89309.0
20
-54639.0
11
89307.0
21
-54640.0
72
1
10
89307.0
20
-54640.0
11
89306.0
21
-54642.0
72
1
10
89306.0
20
-54642.0
11
89305.0
21
-54643.0
72
1
10
89305.0
20
-54643.0
11
88523.0
21
-55982.0
97
0
75
0
76
1
98
0
0
LINE
5
8df
100
AcDbEntity
8
Studio Apartment
6
Solid
370
25
62
252
100
AcDbLine
10
88523.0
20
-55982.0
30
0.0
11
85818.0
21
-54402.0
31
0.0
0
POINT
5
8e1
100
AcDbEntity
8
Studio Apartment
6
Solid
370
25
62
252
100
AcDbPoint
10
85818.0
20
-54402.0
30
0.0
0
LINE
5
8e3
100
AcDbEntity
8
Studio Apartment
6
Solid
370
25
62
252
100
AcDbLine
10
85818.0
20
-54402.0
30
0.0
11
88943.0
21
-49048.0
31
0.0
0
POINT
5
8e5
100
AcDbEntity
8
Studio Apartment
6
Solid
370
25
62
252
100
AcDbPoint
10
88943.0
20
-49048.0
30
0.0
0
LINE
5
8e7
100
AcDbEntity
8
Studio Apartment
6
Solid
370
25
62
252
100
AcDbLine
10
88943.0
20
-49048.0
30
0.0
11
92089.0
21
-50885.0
31
0.0
0
POINT
5
8e9
100
AcDbEntity
8
Studio Apartment
6
Solid
370
25
62
252
100
AcDbPoint
10
92089.0
20
-50885.0
30
0.0
0
LINE
5
8eb
100
AcDbEntity
8
Studio Apartment
6
Solid
370
25
62
252
100
AcDbLine
10
92089.0
20
-50885.0
30
0.0
11
89750.0
21
-54892.0
31
0.0
0
POINT
5
8ed
100
AcDbEntity
8
Studio Apartment
6
Solid
370
25
62
252
100
AcDbPoint
10
89750.0
20
-54892.0
30
0.0
0
LINE
5
8ef
100
AcDbEntity
8
Studio Apartment
6
Solid
370
25
62
252
100
AcDbLine
10
89750.0
20
-54892.0
30
0.0
11
89318.0
21
-54640.0
31
0.0
0
LINE
5
8f1
100
AcDbEntity
8
Studio Apartment
6
Solid
370
25
62
252
100
AcDbLine
10
89318.0
20
-54640.0
30
0.0
11
89316.0
21
-54639.0
31
0.0
0
LINE
5
8f3
100
AcDbEntity
8
Studio Apartment
6
Solid
370
25
62
252
100
AcDbLine
10
89316.0
20
-54639.0
30
0.0
11
89315.0
21
-54638.0
31
0.0
0
LINE
5
8f5
100
AcDbEntity
8
Studio Apartment
6
Solid
370
25
62
252
100
AcDbLine
10
89315.0
20
-54638.0
30
0.0
11
89313.0
21
-54638.0
31
0.0
0
LINE
5
8f7
100
AcDbEntity
8
Studio Apartment
6
Solid
370
25
62
252
100
AcDbLine
10
89313.0
20
-54638.0
30
0.0
11
89311.0
21
-54639.0
31
0.0
0
LINE
5
8f9
100
AcDbEntity
8
Studio Apartment
6
Solid
370
25
62
252
100
AcDbLine
10
89311.0
20
-54639.0
30
0.0
11
89309.0
21
-54639.0
31
0.0
0
LINE
5
8fb
100
AcDbEntity
8
Studio Apartment
6
Solid
370
25
62
252
100
AcDbLine
10
89309.0
20
-54639.0
30
0.0
11
89307.0
21
-54640.0
31
0.0
0
LINE
5
8fd
100
AcDbEntity
8
Studio Apartment
6
Solid
370
25
62
252
100
AcDbLine
10
89307.0
20
-54640.0
30
0.0
11
89306.0
21
-54642.0
31
0.0
0
LINE
5
8ff
100
AcDbEntity
8
Studio Apartment
6
Solid
370
25
62
252
100
AcDbLine
10
89306.0
20
-54642.0
30
0.0
11
89305.0
21
-54643.0
31
0.0
0
LINE
5
901
100
AcDbEntity
8
Studio Apartment
6
Solid
370
25
62
252
100
AcDbLine
10
89305.0
20
-54643.0
30
0.0
11
88523.0
21
-55982.0
31
0.0
0
HATCH
5
90d
100
AcDbEntity
8
Studio Apartment
6
Solid
370
25
62
252
100
AcDbHatch
10
0
20
0
30
0
210
0
220
0
230
1
2
FILL_2317
70
1
71
0
91
1
92
0
93
4
72
1
10
92685.0
20
-49611.0
11
91979.0
21
-50820.0
72
1
10
91979.0
20
-50820.0
11
89054.0
21
-49112.0
72
1
10
89054.0
20
-49112.0
11
89760.0
21
-47903.0
72
1
10
89760.0
20
-47903.0
11
92685.0
21
-49611.0
97
0
75
0
76
1
98
0
0
LINE
5
90f
100
AcDbEntity
8
Studio Apartment
6
Solid
370
25
62
252
100
AcDbLine
10
92685.0
20
-49611.0
30
0.0
11
91979.0
21
-50820.0
31
0.0
0
LINE
5
911
100
AcDbEntity
8
Studio Apartment
6
Solid
370
25
62
252
100
AcDbLine
10
91979.0
20
-50820.0
30
0.0
11
89054.0
21
-49112.0
31
0.0
0
LINE
5
913
100
AcDbEntity
8
Studio Apartment
6
Solid
370
25
62
252
100
AcDbLine
10
89054.0
20
-49112.0
30
0.0
11
89760.0
21
-47903.0
31
0.0
0
LINE
5
915
100
AcDbEntity
8
Studio Apartment
6
Solid
370
25
62
252
100
AcDbLine
10
89760.0
20
-47903.0
30
0.0
11
92685.0
21
-49611.0
31
0.0
0
HATCH
5
951
100
AcDbEntity
8
One-Bedroom Apartment
6
Solid
370
25
62
250
100
AcDbHatch
10
0
20
0
30
0
210
0
220
0
230
1
2
FILL_2385
70
1
71
0
91
1
92
0
93
28
72
1
10
88963.0
20
-56239.0
11
89818.0
21
-54775.0
72
1
10
89818.0
20
-54775.0
11
90250.0
21
-55027.0
72
1
10
90250.0
20
-55027.0
11
90252.0
21
-55028.0
72
1
10
90252.0
20
-55028.0
11
90253.0
21
-55028.0
72
1
10
90253.0
20
-55028.0
11
90255.0
21
-55028.0
72
1
10
90255.0
20
-55028.0
11
90257.0
21
-55028.0
72
1
10
90257.0
20
-55028.0
11
90259.0
21
-55027.0
72
1
10
90259.0
20
-55027.0
11
90261.0
21
-55026.0
72
1
10
90261.0
20
-55026.0
11
90262.0
21
-55025.0
72
1
10
90262.0
20
-55025.0
11
90263.0
21
-55023.0
72
1
10
90263.0
20
-55023.0
11
90967.0
21
-53819.0
72
1
10
90967.0
20
-53819.0
11
90968.0
21
-53817.0
72
1
10
90968.0
20
-53817.0
11
90968.0
21
-53815.0
72
1
10
90968.0
20
-53815.0
11
90968.0
21
-53813.0
72
1
10
90968.0
20
-53813.0
11
90968.0
21
-53811.0
72
1
10
90968.0
20
-53811.0
11
90967.0
21
-53809.0
72
1
10
90967.0
20
-53809.0
11
90966.0
21
-53808.0
72
1
10
90966.0
20
-53808.0
11
90965.0
21
-53806.0
72
1
10
90965.0
20
-53806.0
11
90963.0
21
-53805.0
72
1
10
90963.0
20
-53805.0
11
90532.0
21
-53553.0
72
1
10
90532.0
20
-53553.0
11
90532.0
21
-53553.0
72
1
10
90532.0
20
-53553.0
11
92089.0
21
-50885.0
72
1
10
92089.0
20
-50885.0
11
98381.0
21
-54558.0
72
1
10
98381.0
20
-54558.0
11
94751.0
21
-60776.0
72
1
10
94751.0
20
-60776.0
11
94751.0
21
-60776.0
72
1
10
94751.0
20
-60776.0
11
91605.0
21
-58939.0
72
1
10
91605.0
20
-58939.0
11
92109.0
21
-58075.0
72
1
10
92109.0
20
-58075.0
11
88963.0
21
-56239.0
97
0
75
0
76
1
98
0
0
LINE
5
953
100
AcDbEntity
8
One-Bedroom Apartment
6
Solid
370
25
62
250
100
AcDbLine
10
88963.0
20
-56239.0
30
0.0
11
89818.0
21
-54775.0
31
0.0
0
LINE
5
955
100
AcDbEntity
8
One-Bedroom Apartment
6
Solid
370
25
62
250
100
AcDbLine
10
89818.0
20
-54775.0
30
0.0
11
90250.0
21
-55027.0
31
0.0
0
LINE
5
957
100
AcDbEntity
8
One-Bedroom Apartment
6
Solid
370
25
62
250
100
AcDbLine
10
90250.0
20
-55027.0
30
0.0
11
90252.0
21
-55028.0
31
0.0
0
LINE
5
959
100
AcDbEntity
8
One-Bedroom Apartment
6
Solid
370
25
62
250
100
AcDbLine
10
90252.0
20
-55028.0
30
0.0
11
90253.0
21
-55028.0
31
0.0
0
LINE
5
95b
100
AcDbEntity
8
One-Bedroom Apartment
6
Solid
370
25
62
250
100
AcDbLine
10
90253.0
20
-55028.0
30
0.0
11
90255.0
21
-55028.0
31
0.0
0
LINE
5
95d
100
AcDbEntity
8
One-Bedroom Apartment
6
Solid
370
25
62
250
100
AcDbLine
10
90255.0
20
-55028.0
30
0.0
11
90257.0
21
-55028.0
31
0.0
0
LINE
5
95f
100
AcDbEntity
8
One-Bedroom Apartment
6
Solid
370
25
62
250
100
AcDbLine
10
90257.0
20
-55028.0
30
0.0
11
90259.0
21
-55027.0
31
0.0
0
LINE
5
961
100
AcDbEntity
8
One-Bedroom Apartment
6
Solid
370
25
62
250
100
AcDbLine
10
90259.0
20
-55027.0
30
0.0
11
90261.0
21
-55026.0
31
0.0
0
LINE
5
963
100
AcDbEntity
8
One-Bedroom Apartment
6
Solid
370
25
62
250
100
AcDbLine
10
90261.0
20
-55026.0
30
0.0
11
90262.0
21
-55025.0
31
0.0
0
LINE
5
965
100
AcDbEntity
8
One-Bedroom Apartment
6
Solid
370
25
62
250
100
AcDbLine
10
90262.0
20
-55025.0
30
0.0
11
90263.0
21
-55023.0
31
0.0
0
LINE
5
967
100
AcDbEntity
8
One-Bedroom Apartment
6
Solid
370
25
62
250
100
AcDbLine
10
90263.0
20
-55023.0
30
0.0
11
90967.0
21
-53819.0
31
0.0
0
LINE
5
969
100
AcDbEntity
8
One-Bedroom Apartment
6
Solid
370
25
62
250
100
AcDbLine
10
90967.0
20
-53819.0
30
0.0
11
90968.0
21
-53817.0
31
0.0
0
LINE
5
96b
100
AcDbEntity
8
One-Bedroom Apartment
6
Solid
370
25
62
250
100
AcDbLine
10
90968.0
20
-53817.0
30
0.0
11
90968.0
21
-53815.0
31
0.0
0
LINE
5
96d
100
AcDbEntity
8
One-Bedroom Apartment
6
Solid
370
25
62
250
100
AcDbLine
10
90968.0
20
-53815.0
30
0.0
11
90968.0
21
-53813.0
31
0.0
0
LINE
5
96f
100
AcDbEntity
8
One-Bedroom Apartment
6
Solid
370
25
62
250
100
AcDbLine
10
90968.0
20
-53813.0
30
0.0
11
90968.0
21
-53811.0
31
0.0
0
LINE
5
971
100
AcDbEntity
8
One-Bedroom Apartment
6
Solid
370
25
62
250
100
AcDbLine
10
90968.0
20
-53811.0
30
0.0
11
90967.0
21
-53809.0
31
0.0
0
LINE
5
973
100
AcDbEntity
8
One-Bedroom Apartment
6
Solid
370
25
62
250
100
AcDbLine
10
90967.0
20
-53809.0
30
0.0
11
90966.0
21
-53808.0
31
0.0
0
LINE
5
975
100
AcDbEntity
8
One-Bedroom Apartment
6
Solid
370
25
62
250
100
AcDbLine
10
90966.0
20
-53808.0
30
0.0
11
90965.0
21
-53806.0
31
0.0
0
LINE
5
977
100
AcDbEntity
8
One-Bedroom Apartment
6
Solid
370
25
62
250
100
AcDbLine
10
90965.0
20
-53806.0
30
0.0
11
90963.0
21
-53805.0
31
0.0
0
LINE
5
979
100
AcDbEntity
8
One-Bedroom Apartment
6
Solid
370
25
62
250
100
AcDbLine
10
90963.0
20
-53805.0
30
0.0
11
90532.0
21
-53553.0
31
0.0
0
POINT
5
97b
100
AcDbEntity
8
One-Bedroom Apartment
6
Solid
370
25
62
250
100
AcDbPoint
10
90532.0
20
-53553.0
30
0.0
0
LINE
5
97d
100
AcDbEntity
8
One-Bedroom Apartment
6
Solid
370
25
62
250
100
AcDbLine
10
90532.0
20
-53553.0
30
0.0
11
92089.0
21
-50885.0
31
0.0
0
LINE
5
97f
100
AcDbEntity
8
One-Bedroom Apartment
6
Solid
370
25
62
250
100
AcDbLine
10
92089.0
20
-50885.0
30
0.0
11
98381.0
21
-54558.0
31
0.0
0
LINE
5
981
100
AcDbEntity
8
One-Bedroom Apartment
6
Solid
370
25
62
250
100
AcDbLine
10
98381.0
20
-54558.0
30
0.0
11
94751.0
21
-60776.0
31
0.0
0
POINT
5
983
100
AcDbEntity
8
One-Bedroom Apartment
6
Solid
370
25
62
250
100
AcDbPoint
10
94751.0
20
-60776.0
30
0.0
0
LINE
5
985
100
AcDbEntity
8
One-Bedroom Apartment
6
Solid
370
25
62
250
100
AcDbLine
10
94751.0
20
-60776.0
30
0.0
11
91605.0
21
-58939.0
31
0.0
0
LINE
5
987
100
AcDbEntity
8
One-Bedroom Apartment
6
Solid
370
25
62
250
100
AcDbLine
10
91605.0
20
-58939.0
30
0.0
11
92109.0
21
-58075.0
31
0.0
0
LINE
5
989
100
AcDbEntity
8
One-Bedroom Apartment
6
Solid
370
25
62
250
100
AcDbLine
10
92109.0
20
-58075.0
30
0.0
11
88963.0
21
-56239.0
31
0.0
0
HATCH
5
995
100
AcDbEntity
8
One-Bedroom Apartment
6
Solid
370
25
62
250
100
AcDbHatch
10
0
20
0
30
0
210
0
220
0
230
1
2
FILL_2453
70
1
71
0
91
1
92
0
93
4
72
1
10
95831.0
20
-51448.0
11
95125.0
21
-52657.0
72
1
10
95125.0
20
-52657.0
11
92200.0
21
-50949.0
72
1
10
92200.0
20
-50949.0
11
92906.0
21
-49740.0
72
1
10
92906.0
20
-49740.0
11
95831.0
21
-51448.0
97
0
75
0
76
1
98
0
0
LINE
5
997
100
AcDbEntity
8
One-Bedroom Apartment
6
Solid
370
25
62
250
100
AcDbLine
10
95831.0
20
-51448.0
30
0.0
11
95125.0
21
-52657.0
31
0.0
0
LINE
5
999
100
AcDbEntity
8
One-Bedroom Apartment
6
Solid
370
25
62
250
100
AcDbLine
10
95125.0
20
-52657.0
30
0.0
11
92200.0
21
-50949.0
31
0.0
0
LINE
5
99b
100
AcDbEntity
8
One-Bedroom Apartment
6
Solid
370
25
62
250
100
AcDbLine
10
92200.0
20
-50949.0
30
0.0
11
92906.0
21
-49740.0
31
0.0
0
LINE
5
99d
100
AcDbEntity
8
One-Bedroom Apartment
6
Solid
370
25
62
250
100
AcDbLine
10
92906.0
20
-49740.0
30
0.0
11
95831.0
21
-51448.0
31
0.0
0
HATCH
5
9dd
100
AcDbEntity
8
One-Bedroom Apartment
6
Solid
370
25
62
250
100
AcDbHatch
10
0
20
0
30
0
210
0
220
0
230
1
2
FILL_2525
70
1
71
0
91
1
92
0
93
30
72
1
10
84829.0
20
-63320.0
11
86387.0
21
-60652.0
72
1
10
86387.0
20
-60652.0
11
86387.0
21
-60652.0
72
1
10
86387.0
20
-60652.0
11
86819.0
21
-60904.0
72
1
10
86819.0
20
-60904.0
11
86821.0
21
-60905.0
72
1
10
86821.0
20
-60905.0
11
86823.0
21
-60906.0
72
1
10
86823.0
20
-60906.0
11
86825.0
21
-60906.0
72
1
10
86825.0
20
-60906.0
11
86827.0
21
-60905.0
72
1
10
86827.0
20
-60905.0
11
86828.0
21
-60905.0
72
1
10
86828.0
20
-60905.0
11
86830.0
21
-60904.0
72
1
10
86830.0
20
-60904.0
11
86832.0
21
-60902.0
72
1
10
86832.0
20
-60902.0
11
86833.0
21
-60901.0
72
1
10
86833.0
20
-60901.0
11
87536.0
21
-59696.0
72
1
10
87536.0
20
-59696.0
11
87537.0
21
-59694.0
72
1
10
87537.0
20
-59694.0
11
87537.0
21
-59692.0
72
1
10
87537.0
20
-59692.0
11
87537.0
21
-59690.0
72
1
10
87537.0
20
-59690.0
11
87537.0
21
-59688.0
72
1
10
87537.0
20
-59688.0
11
87536.0
21
-59686.0
72
1
10
87536.0
20
-59686.0
11
87535.0
21
-59685.0
72
1
10
87535.0
20
-59685.0
11
87534.0
21
-59683.0
72
1
10
87534.0
20
-59683.0
11
87532.0
21
-59682.0
72
1
10
87532.0
20
-59682.0
11
87100.0
21
-59430.0
72
1
10
87100.0
20
-59430.0
11
87955.0
21
-57966.0
72
1
10
87955.0
20
-57966.0
11
87955.0
21
-57966.0
72
1
10
87955.0
20
-57966.0
11
91100.0
21
-59802.0
72
1
10
91100.0
20
-59802.0
11
91605.0
21
-58939.0
72
1
10
91605.0
20
-58939.0
11
94751.0
21
-60776.0
72
1
10
94751.0
20
-60776.0
11
91121.0
21
-66994.0
72
1
10
91121.0
20
-66994.0
11
91121.0
21
-66994.0
72
1
10
91121.0
20
-66994.0
11
87975.0
21
-65157.0
72
1
10
87975.0
20
-65157.0
11
84829.0
21
-63320.0
97
0
75
0
76
1
98
0
0
LINE
5
9df
100
AcDbEntity
8
One-Bedroom Apartment
6
Solid
370
25
62
250
100
AcDbLine
10
84829.0
20
-63320.0
30
0.0
11
86387.0
21
-60652.0
31
0.0
0
POINT
5
9e1
100
AcDbEntity
8
One-Bedroom Apartment
6
Solid
370
25
62
250
100
AcDbPoint
10
86387.0
20
-60652.0
30
0.0
0
LINE
5
9e3
100
AcDbEntity
8
One-Bedroom Apartment
6
Solid
370
25
62
250
100
AcDbLine
10
86387.0
20
-60652.0
30
0.0
11
86819.0
21
-60904.0
31
0.0
0
LINE
5
9e5
100
AcDbEntity
8
One-Bedroom Apartment
6
Solid
370
25
62
250
100
AcDbLine
10
86819.0
20
-60904.0
30
0.0
11
86821.0
21
-60905.0
31
0.0
0
LINE
5
9e7
100
AcDbEntity
8
One-Bedroom Apartment
6
Solid
370
25
62
250
100
AcDbLine
10
86821.0
20
-60905.0
30
0.0
11
86823.0
21
-60906.0
31
0.0
0
LINE
5
9e9
100
AcDbEntity
8
One-Bedroom Apartment
6
Solid
370
25
62
250
100
AcDbLine
10
86823.0
20
-60906.0
30
0.0
11
86825.0
21
-60906.0
31
0.0
0
LINE
5
9eb
100
AcDbEntity
8
One-Bedroom Apartment
6
Solid
370
25
62
250
100
AcDbLine
10
86825.0
20
-60906.0
30
0.0
11
86827.0
21
-60905.0
31
0.0
0
LINE
5
9ed
100
AcDbEntity
8
One-Bedroom Apartment
6
Solid
370
25
62
250
100
AcDbLine
10
86827.0
20
-60905.0
30
0.0
11
86828.0
21
-60905.0
31
0.0
0
LINE
5
9ef
100
AcDbEntity
8
One-Bedroom Apartment
6
Solid
370
25
62
250
100
AcDbLine
10
86828.0
20
-60905.0
30
0.0
11
86830.0
21
-60904.0
31
0.0
0
LINE
5
9f1
100
AcDbEntity
8
One-Bedroom Apartment
6
Solid
370
25
62
250
100
AcDbLine
10
86830.0
20
-60904.0
30
0.0
11
86832.0
21
-60902.0
31
0.0
0
LINE
5
9f3
100
AcDbEntity
8
One-Bedroom Apartment
6
Solid
370
25
62
250
100
AcDbLine
10
86832.0
20
-60902.0
30
0.0
11
86833.0
21
-60901.0
31
0.0
0
LINE
5
9f5
100
AcDbEntity
8
One-Bedroom Apartment
6
Solid
370
25
62
250
100
AcDbLine
10
86833.0
20
-60901.0
30
0.0
11
87536.0
21
-59696.0
31
0.0
0
LINE
5
9f7
100
AcDbEntity
8
One-Bedroom Apartment
6
Solid
370
25
62
250
100
AcDbLine
10
87536.0
20
-59696.0
30
0.0
11
87537.0
21
-59694.0
31
0.0
0
LINE
5
9f9
100
AcDbEntity
8
One-Bedroom Apartment
6
Solid
370
25
62
250
100
AcDbLine
10
87537.0
20
-59694.0
30
0.0
11
87537.0
21
-59692.0
31
0.0
0
LINE
5
9fb
100
AcDbEntity
8
One-Bedroom Apartment
6
Solid
370
25
62
250
100
AcDbLine
10
87537.0
20
-59692.0
30
0.0
11
87537.0
21
-59690.0
31
0.0
0
LINE
5
9fd
100
AcDbEntity
8
One-Bedroom Apartment
6
Solid
370
25
62
250
100
AcDbLine
10
87537.0
20
-59690.0
30
0.0
11
87537.0
21
-59688.0
31
0.0
0
LINE
5
9ff
100
AcDbEntity
8
One-Bedroom Apartment
6
Solid
370
25
62
250
100
AcDbLine
10
87537.0
20
-59688.0
30
0.0
11
87536.0
21
-59686.0
31
0.0
0
LINE
5
a01
100
AcDbEntity
8
One-Bedroom Apartment
6
Solid
370
25
62
250
100
AcDbLine
10
87536.0
20
-59686.0
30
0.0
11
87535.0
21
-59685.0
31
0.0
0
LINE
5
a03
100
AcDbEntity
8
One-Bedroom Apartment
6
Solid
370
25
62
250
100
AcDbLine
10
87535.0
20
-59685.0
30
0.0
11
87534.0
21
-59683.0
31
0.0
0
LINE
5
a05
100
AcDbEntity
8
One-Bedroom Apartment
6
Solid
370
25
62
250
100
AcDbLine
10
87534.0
20
-59683.0
30
0.0
11
87532.0
21
-59682.0
31
0.0
0
LINE
5
a07
100
AcDbEntity
8
One-Bedroom Apartment
6
Solid
370
25
62
250
100
AcDbLine
10
87532.0
20
-59682.0
30
0.0
11
87100.0
21
-59430.0
31
0.0
0
LINE
5
a09
100
AcDbEntity
8
One-Bedroom Apartment
6
Solid
370
25
62
250
100
AcDbLine
10
87100.0
20
-59430.0
30
0.0
11
87955.0
21
-57966.0
31
0.0
0
POINT
5
a0b
100
AcDbEntity
8
One-Bedroom Apartment
6
Solid
370
25
62
250
100
AcDbPoint
10
87955.0
20
-57966.0
30
0.0
0
LINE
5
a0d
100
AcDbEntity
8
One-Bedroom Apartment
6
Solid
370
25
62
250
100
AcDbLine
10
87955.0
20
-57966.0
30
0.0
11
91100.0
21
-59802.0
31
0.0
0
LINE
5
a0f
100
AcDbEntity
8
One-Bedroom Apartment
6
Solid
370
25
62
250
100
AcDbLine
10
91100.0
20
-59802.0
30
0.0
11
91605.0
21
-58939.0
31
0.0
0
LINE
5
a11
100
AcDbEntity
8
One-Bedroom Apartment
6
Solid
370
25
62
250
100
AcDbLine
10
91605.0
20
-58939.0
30
0.0
11
94751.0
21
-60776.0
31
0.0
0
LINE
5
a13
100
AcDbEntity
8
One-Bedroom Apartment
6
Solid
370
25
62
250
100
AcDbLine
10
94751.0
20
-60776.0
30
0.0
11
91121.0
21
-66994.0
31
0.0
0
POINT
5
a15
100
AcDbEntity
8
One-Bedroom Apartment
6
Solid
370
25
62
250
100
AcDbPoint
10
91121.0
20
-66994.0
30
0.0
0
LINE
5
a17
100
AcDbEntity
8
One-Bedroom Apartment
6
Solid
370
25
62
250
100
AcDbLine
10
91121.0
20
-66994.0
30
0.0
11
87975.0
21
-65157.0
31
0.0
0
LINE
5
a19
100
AcDbEntity
8
One-Bedroom Apartment
6
Solid
370
25
62
250
100
AcDbLine
10
87975.0
20
-65157.0
30
0.0
11
84829.0
21
-63320.0
31
0.0
0
HATCH
5
a25
100
AcDbEntity
8
One-Bedroom Apartment
6
Solid
370
25
62
250
100
AcDbHatch
10
0
20
0
30
0
210
0
220
0
230
1
2
FILL_2597
70
1
71
0
91
1
92
0
93
4
72
1
10
87380.0
20
-66430.0
11
88085.0
21
-65221.0
72
1
10
88085.0
20
-65221.0
11
90948.0
21
-66893.0
72
1
10
90948.0
20
-66893.0
11
90242.0
21
-68102.0
72
1
10
90242.0
20
-68102.0
11
87380.0
21
-66430.0
97
0
75
0
76
1
98
0
0
LINE
5
a27
100
AcDbEntity
8
One-Bedroom Apartment
6
Solid
370
25
62
250
100
AcDbLine
10
87380.0
20
-66430.0
30
0.0
11
88085.0
21
-65221.0
31
0.0
0
LINE
5
a29
100
AcDbEntity
8
One-Bedroom Apartment
6
Solid
370
25
62
250
100
AcDbLine
10
88085.0
20
-65221.0
30
0.0
11
90948.0
21
-66893.0
31
0.0
0
LINE
5
a2b
100
AcDbEntity
8
One-Bedroom Apartment
6
Solid
370
25
62
250
100
AcDbLine
10
90948.0
20
-66893.0
30
0.0
11
90242.0
21
-68102.0
31
0.0
0
LINE
5
a2d
100
AcDbEntity
8
One-Bedroom Apartment
6
Solid
370
25
62
250
100
AcDbLine
10
90242.0
20
-68102.0
30
0.0
11
87380.0
21
-66430.0
31
0.0
0
HATCH
5
a6d
100
AcDbEntity
8
One-Bedroom Apartment
6
Solid
370
25
62
250
100
AcDbHatch
10
0
20
0
30
0
210
0
220
0
230
1
2
FILL_2669
70
1
71
0
91
1
92
0
93
30
72
1
10
78537.0
20
-59647.0
11
81663.0
21
-54293.0
72
1
10
81663.0
20
-54293.0
11
81663.0
21
-54293.0
72
1
10
81663.0
20
-54293.0
11
84809.0
21
-56129.0
72
1
10
84809.0
20
-56129.0
11
87955.0
21
-57966.0
72
1
10
87955.0
20
-57966.0
11
87101.0
21
-59430.0
72
1
10
87101.0
20
-59430.0
11
87101.0
21
-59430.0
72
1
10
87101.0
20
-59430.0
11
86669.0
21
-59178.0
72
1
10
86669.0
20
-59178.0
11
86667.0
21
-59177.0
72
1
10
86667.0
20
-59177.0
11
86665.0
21
-59176.0
72
1
10
86665.0
20
-59176.0
11
86663.0
21
-59176.0
72
1
10
86663.0
20
-59176.0
11
86661.0
21
-59177.0
72
1
10
86661.0
20
-59177.0
11
86659.0
21
-59177.0
72
1
10
86659.0
20
-59177.0
11
86658.0
21
-59178.0
72
1
10
86658.0
20
-59178.0
11
86656.0
21
-59180.0
72
1
10
86656.0
20
-59180.0
11
86655.0
21
-59181.0
72
1
10
86655.0
20
-59181.0
11
85952.0
21
-60386.0
72
1
10
85952.0
20
-60386.0
11
85951.0
21
-60388.0
72
1
10
85951.0
20
-60388.0
11
85950.0
21
-60390.0
72
1
10
85950.0
20
-60390.0
11
85950.0
21
-60392.0
72
1
10
85950.0
20
-60392.0
11
85951.0
21
-60394.0
72
1
10
85951.0
20
-60394.0
11
85951.0
21
-60395.0
72
1
10
85951.0
20
-60395.0
11
85952.0
21
-60397.0
72
1
10
85952.0
20
-60397.0
11
85954.0
21
-60399.0
72
1
10
85954.0
20
-60399.0
11
85955.0
21
-60400.0
72
1
10
85955.0
20
-60400.0
11
86387.0
21
-60652.0
72
1
10
86387.0
20
-60652.0
11
86387.0
21
-60652.0
72
1
10
86387.0
20
-60652.0
11
84829.0
21
-63320.0
72
1
10
84829.0
20
-63320.0
11
84829.0
21
-63320.0
72
1
10
84829.0
20
-63320.0
11
81683.0
21
-61484.0
72
1
10
81683.0
20
-61484.0
11
78537.0
21
-59647.0
97
0
75
0
76
1
98
0
0
LINE
5
a6f
100
AcDbEntity
8
One-Bedroom Apartment
6
Solid
370
25
62
250
100
AcDbLine
10
78537.0
20
-59647.0
30
0.0
11
81663.0
21
-54293.0
31
0.0
0
POINT
5
a71
100
AcDbEntity
8
One-Bedroom Apartment
6
Solid
370
25
62
250
100
AcDbPoint
10
81663.0
20
-54293.0
30
0.0
0
LINE
5
a73
100
AcDbEntity
8
One-Bedroom Apartment
6
Solid
370
25
62
250
100
AcDbLine
10
81663.0
20
-54293.0
30
0.0
11
84809.0
21
-56129.0
31
0.0
0
LINE
5
a75
100
AcDbEntity
8
One-Bedroom Apartment
6
Solid
370
25
62
250
100
AcDbLine
10
84809.0
20
-56129.0
30
0.0
11
87955.0
21
-57966.0
31
0.0
0
LINE
5
a77
100
AcDbEntity
8
One-Bedroom Apartment
6
Solid
370
25
62
250
100
AcDbLine
10
87955.0
20
-57966.0
30
0.0
11
87101.0
21
-59430.0
31
0.0
0
POINT
5
a79
100
AcDbEntity
8
One-Bedroom Apartment
6
Solid
370
25
62
250
100
AcDbPoint
10
87101.0
20
-59430.0
30
0.0
0
LINE
5
a7b
100
AcDbEntity
8
One-Bedroom Apartment
6
Solid
370
25
62
250
100
AcDbLine
10
87101.0
20
-59430.0
30
0.0
11
86669.0
21
-59178.0
31
0.0
0
LINE
5
a7d
100
AcDbEntity
8
One-Bedroom Apartment
6
Solid
370
25
62
250
100
AcDbLine
10
86669.0
20
-59178.0
30
0.0
11
86667.0
21
-59177.0
31
0.0
0
LINE
5
a7f
100
AcDbEntity
8
One-Bedroom Apartment
6
Solid
370
25
62
250
100
AcDbLine
10
86667.0
20
-59177.0
30
0.0
11
86665.0
21
-59176.0
31
0.0
0
LINE
5
a81
100
AcDbEntity
8
One-Bedroom Apartment
6
Solid
370
25
62
250
100
AcDbLine
10
86665.0
20
-59176.0
30
0.0
11
86663.0
21
-59176.0
31
0.0
0
LINE
5
a83
100
AcDbEntity
8
One-Bedroom Apartment
6
Solid
370
25
62
250
100
AcDbLine
10
86663.0
20
-59176.0
30
0.0
11
86661.0
21
-59177.0
31
0.0
0
LINE
5
a85
100
AcDbEntity
8
One-Bedroom Apartment
6
Solid
370
25
62
250
100
AcDbLine
10
86661.0
20
-59177.0
30
0.0
11
86659.0
21
-59177.0
31
0.0
0
LINE
5
a87
100
AcDbEntity
8
One-Bedroom Apartment
6
Solid
370
25
62
250
100
AcDbLine
10
86659.0
20
-59177.0
30
0.0
11
86658.0
21
-59178.0
31
0.0
0
LINE
5
a89
100
AcDbEntity
8
One-Bedroom Apartment
6
Solid
370
25
62
250
100
AcDbLine
10
86658.0
20
-59178.0
30
0.0
11
86656.0
21
-59180.0
31
0.0
0
LINE
5
a8b
100
AcDbEntity
8
One-Bedroom Apartment
6
Solid
370
25
62
250
100
AcDbLine
10
86656.0
20
-59180.0
30
0.0
11
86655.0
21
-59181.0
31
0.0
0
LINE
5
a8d
100
AcDbEntity
8
One-Bedroom Apartment
6
Solid
370
25
62
250
100
AcDbLine
10
86655.0
20
-59181.0
30
0.0
11
85952.0
21
-60386.0
31
0.0
0
LINE
5
a8f
100
AcDbEntity
8
One-Bedroom Apartment
6
Solid
370
25
62
250
100
AcDbLine
10
85952.0
20
-60386.0
30
0.0
11
85951.0
21
-60388.0
31
0.0
0
LINE
5
a91
100
AcDbEntity
8
One-Bedroom Apartment
6
Solid
370
25
62
250
100
AcDbLine
10
85951.0
20
-60388.0
30
0.0
11
85950.0
21
-60390.0
31
0.0
0
LINE
5
a93
100
AcDbEntity
8
One-Bedroom Apartment
6
Solid
370
25
62
250
100
AcDbLine
10
85950.0
20
-60390.0
30
0.0
11
85950.0
21
-60392.0
31
0.0
0
LINE
5
a95
100
AcDbEntity
8
One-Bedroom Apartment
6
Solid
370
25
62
250
100
AcDbLine
10
85950.0
20
-60392.0
30
0.0
11
85951.0
21
-60394.0
31
0.0
0
LINE
5
a97
100
AcDbEntity
8
One-Bedroom Apartment
6
Solid
370
25
62
250
100
AcDbLine
10
85951.0
20
-60394.0
30
0.0
11
85951.0
21
-60395.0
31
0.0
0
LINE
5
a99
100
AcDbEntity
8
One-Bedroom Apartment
6
Solid
370
25
62
250
100
AcDbLine
10
85951.0
20
-60395.0
30
0.0
11
85952.0
21
-60397.0
31
0.0
0
LINE
5
a9b
100
AcDbEntity
8
One-Bedroom Apartment
6
Solid
370
25
62
250
100
AcDbLine
10
85952.0
20
-60397.0
30
0.0
11
85954.0
21
-60399.0
31
0.0
0
LINE
5
a9d
100
AcDbEntity
8
One-Bedroom Apartment
6
Solid
370
25
62
250
100
AcDbLine
10
85954.0
20
-60399.0
30
0.0
11
85955.0
21
-60400.0
31
0.0
0
LINE
5
a9f
100
AcDbEntity
8
One-Bedroom Apartment
6
Solid
370
25
62
250
100
AcDbLine
10
85955.0
20
-60400.0
30
0.0
11
86387.0
21
-60652.0
31
0.0
0
POINT
5
aa1
100
AcDbEntity
8
One-Bedroom Apartment
6
Solid
370
25
62
250
100
AcDbPoint
10
86387.0
20
-60652.0
30
0.0
0
LINE
5
aa3
100
AcDbEntity
8
One-Bedroom Apartment
6
Solid
370
25
62
250
100
AcDbLine
10
86387.0
20
-60652.0
30
0.0
11
84829.0
21
-63320.0
31
0.0
0
POINT
5
aa5
100
AcDbEntity
8
One-Bedroom Apartment
6
Solid
370
25
62
250
100
AcDbPoint
10
84829.0
20
-63320.0
30
0.0
0
LINE
5
aa7
100
AcDbEntity
8
One-Bedroom Apartment
6
Solid
370
25
62
250
100
AcDbLine
10
84829.0
20
-63320.0
30
0.0
11
81683.0
21
-61484.0
31
0.0
0
LINE
5
aa9
100
AcDbEntity
8
One-Bedroom Apartment
6
Solid
370
25
62
250
100
AcDbLine
10
81683.0
20
-61484.0
30
0.0
11
78537.0
21
-59647.0
31
0.0
0
HATCH
5
ab5
100
AcDbEntity
8
One-Bedroom Apartment
6
Solid
370
25
62
250
100
AcDbHatch
10
0
20
0
30
0
210
0
220
0
230
1
2
FILL_2741
70
1
71
0
91
1
92
0
93
4
72
1
10
77942.0
20
-60920.0
11
78648.0
21
-59711.0
72
1
10
78648.0
20
-59711.0
11
81573.0
21
-61419.0
72
1
10
81573.0
20
-61419.0
11
80867.0
21
-62628.0
72
1
10
80867.0
20
-62628.0
11
77942.0
21
-60920.0
97
0
75
0
76
1
98
0
0
LINE
5
ab7
100
AcDbEntity
8
One-Bedroom Apartment
6
Solid
370
25
62
250
100
AcDbLine
10
77942.0
20
-60920.0
30
0.0
11
78648.0
21
-59711.0
31
0.0
0
LINE
5
ab9
100
AcDbEntity
8
One-Bedroom Apartment
6
Solid
370
25
62
250
100
AcDbLine
10
78648.0
20
-59711.0
30
0.0
11
81573.0
21
-61419.0
31
0.0
0
LINE
5
abb
100
AcDbEntity
8
One-Bedroom Apartment
6
Solid
370
25
62
250
100
AcDbLine
10
81573.0
20
-61419.0
30
0.0
11
80867.0
21
-62628.0
31
0.0
0
LINE
5
abd
100
AcDbEntity
8
One-Bedroom Apartment
6
Solid
370
25
62
250
100
AcDbLine
10
80867.0
20
-62628.0
30
0.0
11
77942.0
21
-60920.0
31
0.0
0
HATCH
5
b01
100
AcDbEntity
8
Two-Bedroom Apartment
6
Solid
370
25
62
151
100
AcDbHatch
10
0
20
0
30
0
210
0
220
0
230
1
2
FILL_2817
70
1
71
0
91
1
92
0
93
32
72
1
10
72245.0
20
-55974.0
11
69099.0
21
-54137.0
72
1
10
69099.0
20
-54137.0
11
72730.0
21
-47919.0
72
1
10
72730.0
20
-47919.0
11
72730.0
21
-47919.0
72
1
10
72730.0
20
-47919.0
11
75875.0
21
-49756.0
72
1
10
75875.0
20
-49756.0
11
75372.0
21
-50620.0
72
1
10
75372.0
20
-50620.0
11
78517.0
21
-52456.0
72
1
10
78517.0
20
-52456.0
11
81663.0
21
-54293.0
72
1
10
81663.0
20
-54293.0
11
80809.0
21
-55756.0
72
1
10
80809.0
20
-55756.0
11
80809.0
21
-55756.0
72
1
10
80809.0
20
-55756.0
11
80377.0
21
-55504.0
72
1
10
80377.0
20
-55504.0
11
80375.0
21
-55504.0
72
1
10
80375.0
20
-55504.0
11
80373.0
21
-55503.0
72
1
10
80373.0
20
-55503.0
11
80371.0
21
-55503.0
72
1
10
80371.0
20
-55503.0
11
80369.0
21
-55503.0
72
1
10
80369.0
20
-55503.0
11
80367.0
21
-55504.0
72
1
10
80367.0
20
-55504.0
11
80366.0
21
-55505.0
72
1
10
80366.0
20
-55505.0
11
80364.0
21
-55506.0
72
1
10
80364.0
20
-55506.0
11
80363.0
21
-55508.0
72
1
10
80363.0
20
-55508.0
11
79660.0
21
-56713.0
72
1
10
79660.0
20
-56713.0
11
79659.0
21
-56714.0
72
1
10
79659.0
20
-56714.0
11
79659.0
21
-56716.0
72
1
10
79659.0
20
-56716.0
11
79658.0
21
-56718.0
72
1
10
79658.0
20
-56718.0
11
79659.0
21
-56720.0
72
1
10
79659.0
20
-56720.0
11
79659.0
21
-56722.0
72
1
10
79659.0
20
-56722.0
11
79660.0
21
-56724.0
72
1
10
79660.0
20
-56724.0
11
79662.0
21
-56725.0
72
1
10
79662.0
20
-56725.0
11
79663.0
21
-56726.0
72
1
10
79663.0
20
-56726.0
11
80095.0
21
-56978.0
72
1
10
80095.0
20
-56978.0
11
78537.0
21
-59647.0
72
1
10
78537.0
20
-59647.0
11
78537.0
21
-59647.0
72
1
10
78537.0
20
-59647.0
11
75391.0
21
-57810.0
72
1
10
75391.0
20
-57810.0
11
72245.0
21
-55974.0
97
0
75
0
76
1
98
0
0
LINE
5
b03
100
AcDbEntity
8
Two-Bedroom Apartment
6
Solid
370
25
62
151
100
AcDbLine
10
72245.0
20
-55974.0
30
0.0
11
69099.0
21
-54137.0
31
0.0
0
LINE
5
b05
100
AcDbEntity
8
Two-Bedroom Apartment
6
Solid
370
25
62
151
100
AcDbLine
10
69099.0
20
-54137.0
30
0.0
11
72730.0
21
-47919.0
31
0.0
0
POINT
5
b07
100
AcDbEntity
8
Two-Bedroom Apartment
6
Solid
370
25
62
151
100
AcDbPoint
10
72730.0
20
-47919.0
30
0.0
0
LINE
5
b09
100
AcDbEntity
8
Two-Bedroom Apartment
6
Solid
370
25
62
151
100
AcDbLine
10
72730.0
20
-47919.0
30
0.0
11
75875.0
21
-49756.0
31
0.0
0
LINE
5
b0b
100
AcDbEntity
8
Two-Bedroom Apartment
6
Solid
370
25
62
151
100
AcDbLine
10
75875.0
20
-49756.0
30
0.0
11
75372.0
21
-50620.0
31
0.0
0
LINE
5
b0d
100
AcDbEntity
8
Two-Bedroom Apartment
6
Solid
370
25
62
151
100
AcDbLine
10
75372.0
20
-50620.0
30
0.0
11
78517.0
21
-52456.0
31
0.0
0
LINE
5
b0f
100
AcDbEntity
8
Two-Bedroom Apartment
6
Solid
370
25
62
151
100
AcDbLine
10
78517.0
20
-52456.0
30
0.0
11
81663.0
21
-54293.0
31
0.0
0
LINE
5
b11
100
AcDbEntity
8
Two-Bedroom Apartment
6
Solid
370
25
62
151
100
AcDbLine
10
81663.0
20
-54293.0
30
0.0
11
80809.0
21
-55756.0
31
0.0
0
POINT
5
b13
100
AcDbEntity
8
Two-Bedroom Apartment
6
Solid
370
25
62
151
100
AcDbPoint
10
80809.0
20
-55756.0
30
0.0
0
LINE
5
b15
100
AcDbEntity
8
Two-Bedroom Apartment
6
Solid
370
25
62
151
100
AcDbLine
10
80809.0
20
-55756.0
30
0.0
11
80377.0
21
-55504.0
31
0.0
0
LINE
5
b17
100
AcDbEntity
8
Two-Bedroom Apartment
6
Solid
370
25
62
151
100
AcDbLine
10
80377.0
20
-55504.0
30
0.0
11
80375.0
21
-55504.0
31
0.0
0
LINE
5
b19
100
AcDbEntity
8
Two-Bedroom Apartment
6
Solid
370
25
62
151
100
AcDbLine
10
80375.0
20
-55504.0
30
0.0
11
80373.0
21
-55503.0
31
0.0
0
LINE
5
b1b
100
AcDbEntity
8
Two-Bedroom Apartment
6
Solid
370
25
62
151
100
AcDbLine
10
80373.0
20
-55503.0
30
0.0
11
80371.0
21
-55503.0
31
0.0
0
LINE
5
b1d
100
AcDbEntity
8
Two-Bedroom Apartment
6
Solid
370
25
62
151
100
AcDbLine
10
80371.0
20
-55503.0
30
0.0
11
80369.0
21
-55503.0
31
0.0
0
LINE
5
b1f
100
AcDbEntity
8
Two-Bedroom Apartment
6
Solid
370
25
62
151
100
AcDbLine
10
80369.0
20
-55503.0
30
0.0
11
80367.0
21
-55504.0
31
0.0
0
LINE
5
b21
100
AcDbEntity
8
Two-Bedroom Apartment
6
Solid
370
25
62
151
100
AcDbLine
10
80367.0
20
-55504.0
30
0.0
11
80366.0
21
-55505.0
31
0.0
0
LINE
5
b23
100
AcDbEntity
8
Two-Bedroom Apartment
6
Solid
370
25
62
151
100
AcDbLine
10
80366.0
20
-55505.0
30
0.0
11
80364.0
21
-55506.0
31
0.0
0
LINE
5
b25
100
AcDbEntity
8
Two-Bedroom Apartment
6
Solid
370
25
62
151
100
AcDbLine
10
80364.0
20
-55506.0
30
0.0
11
80363.0
21
-55508.0
31
0.0
0
LINE
5
b27
100
AcDbEntity
8
Two-Bedroom Apartment
6
Solid
370
25
62
151
100
AcDbLine
10
80363.0
20
-55508.0
30
0.0
11
79660.0
21
-56713.0
31
0.0
0
LINE
5
b29
100
AcDbEntity
8
Two-Bedroom Apartment
6
Solid
370
25
62
151
100
AcDbLine
10
79660.0
20
-56713.0
30
0.0
11
79659.0
21
-56714.0
31
0.0
0
LINE
5
b2b
100
AcDbEntity
8
Two-Bedroom Apartment
6
Solid
370
25
62
151
100
AcDbLine
10
79659.0
20
-56714.0
30
0.0
11
79659.0
21
-56716.0
31
0.0
0
LINE
5
b2d
100
AcDbEntity
8
Two-Bedroom Apartment
6
Solid
370
25
62
151
100
AcDbLine
10
79659.0
20
-56716.0
30
0.0
11
79658.0
21
-56718.0
31
0.0
0
LINE
5
b2f
100
AcDbEntity
8
Two-Bedroom Apartment
6
Solid
370
25
62
151
100
AcDbLine
10
79658.0
20
-56718.0
30
0.0
11
79659.0
21
-56720.0
31
0.0
0
LINE
5
b31
100
AcDbEntity
8
Two-Bedroom Apartment
6
Solid
370
25
62
151
100
AcDbLine
10
79659.0
20
-56720.0
30
0.0
11
79659.0
21
-56722.0
31
0.0
0
LINE
5
b33
100
AcDbEntity
8
Two-Bedroom Apartment
6
Solid
370
25
62
151
100
AcDbLine
10
79659.0
20
-56722.0
30
0.0
11
79660.0
21
-56724.0
31
0.0
0
LINE
5
b35
100
AcDbEntity
8
Two-Bedroom Apartment
6
Solid
370
25
62
151
100
AcDbLine
10
79660.0
20
-56724.0
30
0.0
11
79662.0
21
-56725.0
31
0.0
0
LINE
5
b37
100
AcDbEntity
8
Two-Bedroom Apartment
6
Solid
370
25
62
151
100
AcDbLine
10
79662.0
20
-56725.0
30
0.0
11
79663.0
21
-56726.0
31
0.0
0
LINE
5
b39
100
AcDbEntity
8
Two-Bedroom Apartment
6
Solid
370
25
62
151
100
AcDbLine
10
79663.0
20
-56726.0
30
0.0
11
80095.0
21
-56978.0
31
0.0
0
LINE
5
b3b
100
AcDbEntity
8
Two-Bedroom Apartment
6
Solid
370
25
62
151
100
AcDbLine
10
80095.0
20
-56978.0
30
0.0
11
78537.0
21
-59647.0
31
0.0
0
POINT
5
b3d
100
AcDbEntity
8
Two-Bedroom Apartment
6
Solid
370
25
62
151
100
AcDbPoint
10
78537.0
20
-59647.0
30
0.0
0
LINE
5
b3f
100
AcDbEntity
8
Two-Bedroom Apartment
6
Solid
370
25
62
151
100
AcDbLine
10
78537.0
20
-59647.0
30
0.0
11
75391.0
21
-57810.0
31
0.0
0
LINE
5
b41
100
AcDbEntity
8
Two-Bedroom Apartment
6
Solid
370
25
62
151
100
AcDbLine
10
75391.0
20
-57810.0
30
0.0
11
72245.0
21
-55974.0
31
0.0
0
HATCH
5
b4d
100
AcDbEntity
8
Two-Bedroom Apartment
6
Solid
370
25
62
151
100
AcDbHatch
10
0
20
0
30
0
210
0
220
0
230
1
2
FILL_2893
70
1
71
0
91
1
92
0
93
4
72
1
10
68566.0
20
-55447.0
11
69272.0
21
-54238.0
72
1
10
69272.0
20
-54238.0
11
72135.0
21
-55909.0
72
1
10
72135.0
20
-55909.0
11
71429.0
21
-57118.0
72
1
10
71429.0
20
-57118.0
11
68566.0
21
-55447.0
97
0
75
0
76
1
98
0
0
LINE
5
b4f
100
AcDbEntity
8
Two-Bedroom Apartment
6
Solid
370
25
62
151
100
AcDbLine
10
68566.0
20
-55447.0
30
0.0
11
69272.0
21
-54238.0
31
0.0
0
LINE
5
b51
100
AcDbEntity
8
Two-Bedroom Apartment
6
Solid
370
25
62
151
100
AcDbLine
10
69272.0
20
-54238.0
30
0.0
11
72135.0
21
-55909.0
31
0.0
0
LINE
5
b53
100
AcDbEntity
8
Two-Bedroom Apartment
6
Solid
370
25
62
151
100
AcDbLine
10
72135.0
20
-55909.0
30
0.0
11
71429.0
21
-57118.0
31
0.0
0
LINE
5
b55
100
AcDbEntity
8
Two-Bedroom Apartment
6
Solid
370
25
62
151
100
AcDbLine
10
71429.0
20
-57118.0
30
0.0
11
68566.0
21
-55447.0
31
0.0
0
HATCH
5
b95
100
AcDbEntity
8
One-Bedroom Apartment
6
Solid
370
25
62
250
100
AcDbHatch
10
0
20
0
30
0
210
0
220
0
230
1
2
FILL_2965
70
1
71
0
91
1
92
0
93
30
72
1
10
75875.0
20
-49756.0
11
72730.0
21
-47919.0
72
1
10
72730.0
20
-47919.0
11
76360.0
21
-41701.0
72
1
10
76360.0
20
-41701.0
11
76360.0
21
-41701.0
72
1
10
76360.0
20
-41701.0
11
79506.0
21
-43538.0
72
1
10
79506.0
20
-43538.0
11
82652.0
21
-45375.0
72
1
10
82652.0
20
-45375.0
11
81094.0
21
-48043.0
72
1
10
81094.0
20
-48043.0
11
81094.0
21
-48043.0
72
1
10
81094.0
20
-48043.0
11
80662.0
21
-47791.0
72
1
10
80662.0
20
-47791.0
11
80660.0
21
-47790.0
72
1
10
80660.0
20
-47790.0
11
80658.0
21
-47790.0
72
1
10
80658.0
20
-47790.0
11
80656.0
21
-47789.0
72
1
10
80656.0
20
-47789.0
11
80654.0
21
-47790.0
72
1
10
80654.0
20
-47790.0
11
80653.0
21
-47790.0
72
1
10
80653.0
20
-47790.0
11
80651.0
21
-47791.0
72
1
10
80651.0
20
-47791.0
11
80649.0
21
-47793.0
72
1
10
80649.0
20
-47793.0
11
80648.0
21
-47794.0
72
1
10
80648.0
20
-47794.0
11
79945.0
21
-48999.0
72
1
10
79945.0
20
-48999.0
11
79944.0
21
-49001.0
72
1
10
79944.0
20
-49001.0
11
79944.0
21
-49003.0
72
1
10
79944.0
20
-49003.0
11
79944.0
21
-49005.0
72
1
10
79944.0
20
-49005.0
11
79944.0
21
-49007.0
72
1
10
79944.0
20
-49007.0
11
79945.0
21
-49009.0
72
1
10
79945.0
20
-49009.0
11
79946.0
21
-49010.0
72
1
10
79946.0
20
-49010.0
11
79947.0
21
-49012.0
72
1
10
79947.0
20
-49012.0
11
79949.0
21
-49013.0
72
1
10
79949.0
20
-49013.0
11
80380.0
21
-49265.0
72
1
10
80380.0
20
-49265.0
11
79526.0
21
-50729.0
72
1
10
79526.0
20
-50729.0
11
79526.0
21
-50729.0
72
1
10
79526.0
20
-50729.0
11
76381.0
21
-48893.0
72
1
10
76381.0
20
-48893.0
11
75875.0
21
-49756.0
97
0
75
0
76
1
98
0
0
LINE
5
b97
100
AcDbEntity
8
One-Bedroom Apartment
6
Solid
370
25
62
250
100
AcDbLine
10
75875.0
20
-49756.0
30
0.0
11
72730.0
21
-47919.0
31
0.0
0
LINE
5
b99
100
AcDbEntity
8
One-Bedroom Apartment
6
Solid
370
25
62
250
100
AcDbLine
10
72730.0
20
-47919.0
30
0.0
11
76360.0
21
-41701.0
31
0.0
0
POINT
5
b9b
100
AcDbEntity
8
One-Bedroom Apartment
6
Solid
370
25
62
250
100
AcDbPoint
10
76360.0
20
-41701.0
30
0.0
0
LINE
5
b9d
100
AcDbEntity
8
One-Bedroom Apartment
6
Solid
370
25
62
250
100
AcDbLine
10
76360.0
20
-41701.0
30
0.0
11
79506.0
21
-43538.0
31
0.0
0
LINE
5
b9f
100
AcDbEntity
8
One-Bedroom Apartment
6
Solid
370
25
62
250
100
AcDbLine
10
79506.0
20
-43538.0
30
0.0
11
82652.0
21
-45375.0
31
0.0
0
LINE
5
ba1
100
AcDbEntity
8
One-Bedroom Apartment
6
Solid
370
25
62
250
100
AcDbLine
10
82652.0
20
-45375.0
30
0.0
11
81094.0
21
-48043.0
31
0.0
0
POINT
5
ba3
100
AcDbEntity
8
One-Bedroom Apartment
6
Solid
370
25
62
250
100
AcDbPoint
10
81094.0
20
-48043.0
30
0.0
0
LINE
5
ba5
100
AcDbEntity
8
One-Bedroom Apartment
6
Solid
370
25
62
250
100
AcDbLine
10
81094.0
20
-48043.0
30
0.0
11
80662.0
21
-47791.0
31
0.0
0
LINE
5
ba7
100
AcDbEntity
8
One-Bedroom Apartment
6
Solid
370
25
62
250
100
AcDbLine
10
80662.0
20
-47791.0
30
0.0
11
80660.0
21
-47790.0
31
0.0
0
LINE
5
ba9
100
AcDbEntity
8
One-Bedroom Apartment
6
Solid
370
25
62
250
100
AcDbLine
10
80660.0
20
-47790.0
30
0.0
11
80658.0
21
-47790.0
31
0.0
0
LINE
5
bab
100
AcDbEntity
8
One-Bedroom Apartment
6
Solid
370
25
62
250
100
AcDbLine
10
80658.0
20
-47790.0
30
0.0
11
80656.0
21
-47789.0
31
0.0
0
LINE
5
bad
100
AcDbEntity
8
One-Bedroom Apartment
6
Solid
370
25
62
250
100
AcDbLine
10
80656.0
20
-47789.0
30
0.0
11
80654.0
21
-47790.0
31
0.0
0
LINE
5
baf
100
AcDbEntity
8
One-Bedroom Apartment
6
Solid
370
25
62
250
100
AcDbLine
10
80654.0
20
-47790.0
30
0.0
11
80653.0
21
-47790.0
31
0.0
0
LINE
5
bb1
100
AcDbEntity
8
One-Bedroom Apartment
6
Solid
370
25
62
250
100
AcDbLine
10
80653.0
20
-47790.0
30
0.0
11
80651.0
21
-47791.0
31
0.0
0
LINE
5
bb3
100
AcDbEntity
8
One-Bedroom Apartment
6
Solid
370
25
62
250
100
AcDbLine
10
80651.0
20
-47791.0
30
0.0
11
80649.0
21
-47793.0
31
0.0
0
LINE
5
bb5
100
AcDbEntity
8
One-Bedroom Apartment
6
Solid
370
25
62
250
100
AcDbLine
10
80649.0
20
-47793.0
30
0.0
11
80648.0
21
-47794.0
31
0.0
0
LINE
5
bb7
100
AcDbEntity
8
One-Bedroom Apartment
6
Solid
370
25
62
250
100
AcDbLine
10
80648.0
20
-47794.0
30
0.0
11
79945.0
21
-48999.0
31
0.0
0
LINE
5
bb9
100
AcDbEntity
8
One-Bedroom Apartment
6
Solid
370
25
62
250
100
AcDbLine
10
79945.0
20
-48999.0
30
0.0
11
79944.0
21
-49001.0
31
0.0
0
LINE
5
bbb
100
AcDbEntity
8
One-Bedroom Apartment
6
Solid
370
25
62
250
100
AcDbLine
10
79944.0
20
-49001.0
30
0.0
11
79944.0
21
-49003.0
31
0.0
0
LINE
5
bbd
100
AcDbEntity
8
One-Bedroom Apartment
6
Solid
370
25
62
250
100
AcDbLine
10
79944.0
20
-49003.0
30
0.0
11
79944.0
21
-49005.0
31
0.0
0
LINE
5
bbf
100
AcDbEntity
8
One-Bedroom Apartment
6
Solid
370
25
62
250
100
AcDbLine
10
79944.0
20
-49005.0
30
0.0
11
79944.0
21
-49007.0
31
0.0
0
LINE
5
bc1
100
AcDbEntity
8
One-Bedroom Apartment
6
Solid
370
25
62
250
100
AcDbLine
10
79944.0
20
-49007.0
30
0.0
11
79945.0
21
-49009.0
31
0.0
0
LINE
5
bc3
100
AcDbEntity
8
One-Bedroom Apartment
6
Solid
370
25
62
250
100
AcDbLine
10
79945.0
20
-49009.0
30
0.0
11
79946.0
21
-49010.0
31
0.0
0
LINE
5
bc5
100
AcDbEntity
8
One-Bedroom Apartment
6
Solid
370
25
62
250
100
AcDbLine
10
79946.0
20
-49010.0
30
0.0
11
79947.0
21
-49012.0
31
0.0
0
LINE
5
bc7
100
AcDbEntity
8
One-Bedroom Apartment
6
Solid
370
25
62
250
100
AcDbLine
10
79947.0
20
-49012.0
30
0.0
11
79949.0
21
-49013.0
31
0.0
0
LINE
5
bc9
100
AcDbEntity
8
One-Bedroom Apartment
6
Solid
370
25
62
250
100
AcDbLine
10
79949.0
20
-49013.0
30
0.0
11
80380.0
21
-49265.0
31
0.0
0
LINE
5
bcb
100
AcDbEntity
8
One-Bedroom Apartment
6
Solid
370
25
62
250
100
AcDbLine
10
80380.0
20
-49265.0
30
0.0
11
79526.0
21
-50729.0
31
0.0
0
POINT
5
bcd
100
AcDbEntity
8
One-Bedroom Apartment
6
Solid
370
25
62
250
100
AcDbPoint
10
79526.0
20
-50729.0
30
0.0
0
LINE
5
bcf
100
AcDbEntity
8
One-Bedroom Apartment
6
Solid
370
25
62
250
100
AcDbLine
10
79526.0
20
-50729.0
30
0.0
11
76381.0
21
-48893.0
31
0.0
0
LINE
5
bd1
100
AcDbEntity
8
One-Bedroom Apartment
6
Solid
370
25
62
250
100
AcDbLine
10
76381.0
20
-48893.0
30
0.0
11
75875.0
21
-49756.0
31
0.0
0
HATCH
5
bdd
100
AcDbEntity
8
One-Bedroom Apartment
6
Solid
370
25
62
250
100
AcDbHatch
10
0
20
0
30
0
210
0
220
0
230
1
2
FILL_3037
70
1
71
0
91
1
92
0
93
4
72
1
10
83247.0
20
-44101.0
11
82541.0
21
-45310.0
72
1
10
82541.0
20
-45310.0
11
79616.0
21
-43602.0
72
1
10
79616.0
20
-43602.0
11
80322.0
21
-42393.0
72
1
10
80322.0
20
-42393.0
11
83247.0
21
-44101.0
97
0
75
0
76
1
98
0
0
LINE
5
bdf
100
AcDbEntity
8
One-Bedroom Apartment
6
Solid
370
25
62
250
100
AcDbLine
10
83247.0
20
-44101.0
30
0.0
11
82541.0
21
-45310.0
31
0.0
0
LINE
5
be1
100
AcDbEntity
8
One-Bedroom Apartment
6
Solid
370
25
62
250
100
AcDbLine
10
82541.0
20
-45310.0
30
0.0
11
79616.0
21
-43602.0
31
0.0
0
LINE
5
be3
100
AcDbEntity
8
One-Bedroom Apartment
6
Solid
370
25
62
250
100
AcDbLine
10
79616.0
20
-43602.0
30
0.0
11
80322.0
21
-42393.0
31
0.0
0
LINE
5
be5
100
AcDbEntity
8
One-Bedroom Apartment
6
Solid
370
25
62
250
100
AcDbLine
10
80322.0
20
-42393.0
30
0.0
11
83247.0
21
-44101.0
31
0.0
0
HATCH
5
bf1
100
AcDbEntity
8
Service Area
6
Solid
370
25
62
254
100
AcDbHatch
10
0
20
0
30
0
210
0
220
0
230
1
2
FILL_3057
70
1
71
0
91
1
92
0
93
4
72
1
10
15276.0
20
-37831.0
11
16643.0
21
-38132.0
72
1
10
16643.0
20
-38132.0
11
15249.0
21
-44466.0
72
1
10
15249.0
20
-44466.0
11
13882.0
21
-44165.0
72
1
10
13882.0
20
-44165.0
11
15276.0
21
-37831.0
97
0
75
0
76
1
98
0
0
LINE
5
bf3
100
AcDbEntity
8
Service Area
6
Solid
370
25
62
254
100
AcDbLine
10
15276.0
20
-37831.0
30
0.0
11
16643.0
21
-38132.0
31
0.0
0
LINE
5
bf5
100
AcDbEntity
8
Service Area
6
Solid
370
25
62
254
100
AcDbLine
10
16643.0
20
-38132.0
30
0.0
11
15249.0
21
-44466.0
31
0.0
0
LINE
5
bf7
100
AcDbEntity
8
Service Area
6
Solid
370
25
62
254
100
AcDbLine
10
15249.0
20
-44466.0
30
0.0
11
13882.0
21
-44165.0
31
0.0
0
LINE
5
bf9
100
AcDbEntity
8
Service Area
6
Solid
370
25
62
254
100
AcDbLine
10
13882.0
20
-44165.0
30
0.0
11
15276.0
21
-37831.0
31
0.0
0
HATCH
5
c07
100
AcDbEntity
8
Service Area
6
Solid
370
25
62
254
100
AcDbHatch
10
0
20
0
30
0
210
0
220
0
230
1
2
FILL_3079
70
1
71
0
91
1
92
0
93
5
72
1
10
15163.0
20
-44857.0
11
15946.0
21
-41299.0
72
1
10
15946.0
20
-41299.0
11
22001.0
21
-42632.0
72
1
10
22001.0
20
-42632.0
11
22001.0
21
-42632.0
72
1
10
22001.0
20
-42632.0
11
21218.0
21
-46190.0
72
1
10
21218.0
20
-46190.0
11
15163.0
21
-44857.0
97
0
75
0
76
1
98
0
0
LINE
5
c09
100
AcDbEntity
8
Service Area
6
Solid
370
25
62
254
100
AcDbLine
10
15163.0
20
-44857.0
30
0.0
11
15946.0
21
-41299.0
31
0.0
0
LINE
5
c0b
100
AcDbEntity
8
Service Area
6
Solid
370
25
62
254
100
AcDbLine
10
15946.0
20
-41299.0
30
0.0
11
22001.0
21
-42632.0
31
0.0
0
POINT
5
c0d
100
AcDbEntity
8
Service Area
6
Solid
370
25
62
254
100
AcDbPoint
10
22001.0
20
-42632.0
30
0.0
0
LINE
5
c0f
100
AcDbEntity
8
Service Area
6
Solid
370
25
62
254
100
AcDbLine
10
22001.0
20
-42632.0
30
0.0
11
21218.0
21
-46190.0
31
0.0
0
LINE
5
c11
100
AcDbEntity
8
Service Area
6
Solid
370
25
62
254
100
AcDbLine
10
21218.0
20
-46190.0
30
0.0
11
15163.0
21
-44857.0
31
0.0
0
HATCH
5
c27
100
AcDbEntity
8
Service Area
6
Solid
370
25
62
254
100
AcDbHatch
10
0
20
0
30
0
210
0
220
0
230
1
2
FILL_3111
70
1
71
0
91
1
92
0
93
9
72
1
10
18876.0
20
-41944.0
11
15946.0
21
-41299.0
72
1
10
15946.0
20
-41299.0
11
15946.0
21
-41299.0
72
1
10
15946.0
20
-41299.0
11
16729.0
21
-37741.0
72
1
10
16729.0
20
-37741.0
11
22784.0
21
-39075.0
72
1
10
22784.0
20
-39075.0
11
22453.0
21
-40581.0
72
1
10
22453.0
20
-40581.0
11
21964.0
21
-40474.0
72
1
10
21964.0
20
-40474.0
11
20890.0
21
-40237.0
72
1
10
20890.0
20
-40237.0
11
19328.0
21
-39893.0
72
1
10
19328.0
20
-39893.0
11
18876.0
21
-41944.0
97
0
75
0
76
1
98
0
0
LINE
5
c29
100
AcDbEntity
8
Service Area
6
Solid
370
25
62
254
100
AcDbLine
10
18876.0
20
-41944.0
30
0.0
11
15946.0
21
-41299.0
31
0.0
0
POINT
5
c2b
100
AcDbEntity
8
Service Area
6
Solid
370
25
62
254
100
AcDbPoint
10
15946.0
20
-41299.0
30
0.0
0
LINE
5
c2d
100
AcDbEntity
8
Service Area
6
Solid
370
25
62
254
100
AcDbLine
10
15946.0
20
-41299.0
30
0.0
11
16729.0
21
-37741.0
31
0.0
0
LINE
5
c2f
100
AcDbEntity
8
Service Area
6
Solid
370
25
62
254
100
AcDbLine
10
16729.0
20
-37741.0
30
0.0
11
22784.0
21
-39075.0
31
0.0
0
LINE
5
c31
100
AcDbEntity
8
Service Area
6
Solid
370
25
62
254
100
AcDbLine
10
22784.0
20
-39075.0
30
0.0
11
22453.0
21
-40581.0
31
0.0
0
LINE
5
c33
100
AcDbEntity
8
Service Area
6
Solid
370
25
62
254
100
AcDbLine
10
22453.0
20
-40581.0
30
0.0
11
21964.0
21
-40474.0
31
0.0
0
LINE
5
c35
100
AcDbEntity
8
Service Area
6
Solid
370
25
62
254
100
AcDbLine
10
21964.0
20
-40474.0
30
0.0
11
20890.0
21
-40237.0
31
0.0
0
LINE
5
c37
100
AcDbEntity
8
Service Area
6
Solid
370
25
62
254
100
AcDbLine
10
20890.0
20
-40237.0
30
0.0
11
19328.0
21
-39893.0
31
0.0
0
LINE
5
c39
100
AcDbEntity
8
Service Area
6
Solid
370
25
62
254
100
AcDbLine
10
19328.0
20
-39893.0
30
0.0
11
18876.0
21
-41944.0
31
0.0
0
HATCH
5
c45
100
AcDbEntity
8
Service Area
6
Solid
370
25
62
254
100
AcDbHatch
10
0
20
0
30
0
210
0
220
0
230
1
2
FILL_3141
70
1
71
0
91
1
92
0
93
4
72
1
10
21513.0
20
-42525.0
11
21964.0
21
-40474.0
72
1
10
21964.0
20
-40474.0
11
22453.0
21
-40581.0
72
1
10
22453.0
20
-40581.0
11
22001.0
21
-42632.0
72
1
10
22001.0
20
-42632.0
11
21513.0
21
-42525.0
97
0
75
0
76
1
98
0
0
LINE
5
c47
100
AcDbEntity
8
Service Area
6
Solid
370
25
62
254
100
AcDbLine
10
21513.0
20
-42525.0
30
0.0
11
21964.0
21
-40474.0
31
0.0
0
LINE
5
c49
100
AcDbEntity
8
Service Area
6
Solid
370
25
62
254
100
AcDbLine
10
21964.0
20
-40474.0
30
0.0
11
22453.0
21
-40581.0
31
0.0
0
LINE
5
c4b
100
AcDbEntity
8
Service Area
6
Solid
370
25
62
254
100
AcDbLine
10
22453.0
20
-40581.0
30
0.0
11
22001.0
21
-42632.0
31
0.0
0
LINE
5
c4d
100
AcDbEntity
8
Service Area
6
Solid
370
25
62
254
100
AcDbLine
10
22001.0
20
-42632.0
30
0.0
11
21513.0
21
-42525.0
31
0.0
0
HATCH
5
c59
100
AcDbEntity
8
Service Area
6
Solid
370
25
62
254
100
AcDbHatch
10
0
20
0
30
0
210
0
220
0
230
1
2
FILL_3161
70
1
71
0
91
1
92
0
93
4
72
1
10
20439.0
20
-42288.0
11
20890.0
21
-40237.0
72
1
10
20890.0
20
-40237.0
11
21964.0
21
-40474.0
72
1
10
21964.0
20
-40474.0
11
21513.0
21
-42525.0
72
1
10
21513.0
20
-42525.0
11
20439.0
21
-42288.0
97
0
75
0
76
1
98
0
0
LINE
5
c5b
100
AcDbEntity
8
Service Area
6
Solid
370
25
62
254
100
AcDbLine
10
20439.0
20
-42288.0
30
0.0
11
20890.0
21
-40237.0
31
0.0
0
LINE
5
c5d
100
AcDbEntity
8
Service Area
6
Solid
370
25
62
254
100
AcDbLine
10
20890.0
20
-40237.0
30
0.0
11
21964.0
21
-40474.0
31
0.0
0
LINE
5
c5f
100
AcDbEntity
8
Service Area
6
Solid
370
25
62
254
100
AcDbLine
10
21964.0
20
-40474.0
30
0.0
11
21513.0
21
-42525.0
31
0.0
0
LINE
5
c61
100
AcDbEntity
8
Service Area
6
Solid
370
25
62
254
100
AcDbLine
10
21513.0
20
-42525.0
30
0.0
11
20439.0
21
-42288.0
31
0.0
0
HATCH
5
c6d
100
AcDbEntity
8
Service Area
6
Solid
370
25
62
254
100
AcDbHatch
10
0
20
0
30
0
210
0
220
0
230
1
2
FILL_3181
70
1
71
0
91
1
92
0
93
4
72
1
10
18876.0
20
-41944.0
11
19328.0
21
-39893.0
72
1
10
19328.0
20
-39893.0
11
20890.0
21
-40237.0
72
1
10
20890.0
20
-40237.0
11
20439.0
21
-42288.0
72
1
10
20439.0
20
-42288.0
11
18876.0
21
-41944.0
97
0
75
0
76
1
98
0
0
LINE
5
c6f
100
AcDbEntity
8
Service Area
6
Solid
370
25
62
254
100
AcDbLine
10
18876.0
20
-41944.0
30
0.0
11
19328.0
21
-39893.0
31
0.0
0
LINE
5
c71
100
AcDbEntity
8
Service Area
6
Solid
370
25
62
254
100
AcDbLine
10
19328.0
20
-39893.0
30
0.0
11
20890.0
21
-40237.0
31
0.0
0
LINE
5
c73
100
AcDbEntity
8
Service Area
6
Solid
370
25
62
254
100
AcDbLine
10
20890.0
20
-40237.0
30
0.0
11
20439.0
21
-42288.0
31
0.0
0
LINE
5
c75
100
AcDbEntity
8
Service Area
6
Solid
370
25
62
254
100
AcDbLine
10
20439.0
20
-42288.0
30
0.0
11
18876.0
21
-41944.0
31
0.0
0
HATCH
5
c81
100
AcDbEntity
8
Service Area
6
Solid
370
25
62
254
100
AcDbHatch
10
0
20
0
30
0
210
0
220
0
230
1
2
FILL_3201
70
1
71
0
91
1
92
0
93
4
72
1
10
24351.0
20
-31960.0
11
26304.0
21
-32390.0
72
1
10
26304.0
20
-32390.0
11
22388.0
21
-50177.0
72
1
10
22388.0
20
-50177.0
11
20435.0
21
-49747.0
72
1
10
20435.0
20
-49747.0
11
24351.0
21
-31960.0
97
0
75
0
76
1
98
0
0
LINE
5
c83
100
AcDbEntity
8
Service Area
6
Solid
370
25
62
254
100
AcDbLine
10
24351.0
20
-31960.0
30
0.0
11
26304.0
21
-32390.0
31
0.0
0
LINE
5
c85
100
AcDbEntity
8
Service Area
6
Solid
370
25
62
254
100
AcDbLine
10
26304.0
20
-32390.0
30
0.0
11
22388.0
21
-50177.0
31
0.0
0
LINE
5
c87
100
AcDbEntity
8
Service Area
6
Solid
370
25
62
254
100
AcDbLine
10
22388.0
20
-50177.0
30
0.0
11
20435.0
21
-49747.0
31
0.0
0
LINE
5
c89
100
AcDbEntity
8
Service Area
6
Solid
370
25
62
254
100
AcDbLine
10
20435.0
20
-49747.0
30
0.0
11
24351.0
21
-31960.0
31
0.0
0
HATCH
5
c95
100
AcDbEntity
8
Service Area
6
Solid
370
25
62
254
100
AcDbHatch
10
0
20
0
30
0
210
0
220
0
230
1
2
FILL_3221
70
1
71
0
91
1
92
0
93
4
72
1
10
21227.0
20
-38220.0
11
21119.0
21
-38708.0
72
1
10
21119.0
20
-38708.0
11
19757.0
21
-38408.0
72
1
10
19757.0
20
-38408.0
11
19864.0
21
-37920.0
72
1
10
19864.0
20
-37920.0
11
21227.0
21
-38220.0
97
0
75
0
76
1
98
0
0
LINE
5
c97
100
AcDbEntity
8
Service Area
6
Solid
370
25
62
254
100
AcDbLine
10
21227.0
20
-38220.0
30
0.0
11
21119.0
21
-38708.0
31
0.0
0
LINE
5
c99
100
AcDbEntity
8
Service Area
6
Solid
370
25
62
254
100
AcDbLine
10
21119.0
20
-38708.0
30
0.0
11
19757.0
21
-38408.0
31
0.0
0
LINE
5
c9b
100
AcDbEntity
8
Service Area
6
Solid
370
25
62
254
100
AcDbLine
10
19757.0
20
-38408.0
30
0.0
11
19864.0
21
-37920.0
31
0.0
0
LINE
5
c9d
100
AcDbEntity
8
Service Area
6
Solid
370
25
62
254
100
AcDbLine
10
19864.0
20
-37920.0
30
0.0
11
21227.0
21
-38220.0
31
0.0
0
HATCH
5
ca9
100
AcDbEntity
8
Service Area
6
Solid
370
25
62
254
100
AcDbHatch
10
0
20
0
30
0
210
0
220
0
230
1
2
FILL_3241
70
1
71
0
91
1
92
0
93
4
72
1
10
22487.0
20
-28331.0
11
22595.0
21
-27843.0
72
1
10
22595.0
20
-27843.0
11
24177.0
21
-28191.0
72
1
10
24177.0
20
-28191.0
11
24070.0
21
-28679.0
72
1
10
24070.0
20
-28679.0
11
22487.0
21
-28331.0
97
0
75
0
76
1
98
0
0
LINE
5
cab
100
AcDbEntity
8
Service Area
6
Solid
370
25
62
254
100
AcDbLine
10
22487.0
20
-28331.0
30
0.0
11
22595.0
21
-27843.0
31
0.0
0
LINE
5
cad
100
AcDbEntity
8
Service Area
6
Solid
370
25
62
254
100
AcDbLine
10
22595.0
20
-27843.0
30
0.0
11
24177.0
21
-28191.0
31
0.0
0
LINE
5
caf
100
AcDbEntity
8
Service Area
6
Solid
370
25
62
254
100
AcDbLine
10
24177.0
20
-28191.0
30
0.0
11
24070.0
21
-28679.0
31
0.0
0
LINE
5
cb1
100
AcDbEntity
8
Service Area
6
Solid
370
25
62
254
100
AcDbLine
10
24070.0
20
-28679.0
30
0.0
11
22487.0
21
-28331.0
31
0.0
0
HATCH
5
cbd
100
AcDbEntity
8
Service Area
6
Solid
370
25
62
254
100
AcDbHatch
10
0
20
0
30
0
210
0
220
0
230
1
2
FILL_3261
70
1
71
0
91
1
92
0
93
4
72
1
10
27861.0
20
-33245.0
11
27969.0
21
-32756.0
72
1
10
27969.0
20
-32756.0
11
29331.0
21
-33056.0
72
1
10
29331.0
20
-33056.0
11
29224.0
21
-33545.0
72
1
10
29224.0
20
-33545.0
11
27861.0
21
-33245.0
97
0
75
0
76
1
98
0
0
LINE
5
cbf
100
AcDbEntity
8
Service Area
6
Solid
370
25
62
254
100
AcDbLine
10
27861.0
20
-33245.0
30
0.0
11
27969.0
21
-32756.0
31
0.0
0
LINE
5
cc1
100
AcDbEntity
8
Service Area
6
Solid
370
25
62
254
100
AcDbLine
10
27969.0
20
-32756.0
30
0.0
11
29331.0
21
-33056.0
31
0.0
0
LINE
5
cc3
100
AcDbEntity
8
Service Area
6
Solid
370
25
62
254
100
AcDbLine
10
29331.0
20
-33056.0
30
0.0
11
29224.0
21
-33545.0
31
0.0
0
LINE
5
cc5
100
AcDbEntity
8
Service Area
6
Solid
370
25
62
254
100
AcDbLine
10
29224.0
20
-33545.0
30
0.0
11
27861.0
21
-33245.0
31
0.0
0
HATCH
5
cd1
100
AcDbEntity
8
Service Area
6
Solid
370
25
62
254
100
AcDbHatch
10
0
20
0
30
0
210
0
220
0
230
1
2
FILL_3281
70
1
71
0
91
1
92
0
93
4
72
1
10
25512.0
20
-43917.0
11
25619.0
21
-43429.0
72
1
10
25619.0
20
-43429.0
11
26982.0
21
-43729.0
72
1
10
26982.0
20
-43729.0
11
26874.0
21
-44217.0
72
1
10
26874.0
20
-44217.0
11
25512.0
21
-43917.0
97
0
75
0
76
1
98
0
0
LINE
5
cd3
100
AcDbEntity
8
Service Area
6
Solid
370
25
62
254
100
AcDbLine
10
25512.0
20
-43917.0
30
0.0
11
25619.0
21
-43429.0
31
0.0
0
LINE
5
cd5
100
AcDbEntity
8
Service Area
6
Solid
370
25
62
254
100
AcDbLine
10
25619.0
20
-43429.0
30
0.0
11
26982.0
21
-43729.0
31
0.0
0
LINE
5
cd7
100
AcDbEntity
8
Service Area
6
Solid
370
25
62
254
100
AcDbLine
10
26982.0
20
-43729.0
30
0.0
11
26874.0
21
-44217.0
31
0.0
0
LINE
5
cd9
100
AcDbEntity
8
Service Area
6
Solid
370
25
62
254
100
AcDbLine
10
26874.0
20
-44217.0
30
0.0
11
25512.0
21
-43917.0
31
0.0
0
HATCH
5
ce5
100
AcDbEntity
8
Service Area
6
Solid
370
25
62
254
100
AcDbHatch
10
0
20
0
30
0
210
0
220
0
230
1
2
FILL_3301
70
1
71
0
91
1
92
0
93
4
72
1
10
18802.0
20
-52606.0
11
18694.0
21
-53094.0
72
1
10
18694.0
20
-53094.0
11
17112.0
21
-52746.0
72
1
10
17112.0
20
-52746.0
11
17220.0
21
-52258.0
72
1
10
17220.0
20
-52258.0
11
18802.0
21
-52606.0
97
0
75
0
76
1
98
0
0
LINE
5
ce7
100
AcDbEntity
8
Service Area
6
Solid
370
25
62
254
100
AcDbLine
10
18802.0
20
-52606.0
30
0.0
11
18694.0
21
-53094.0
31
0.0
0
LINE
5
ce9
100
AcDbEntity
8
Service Area
6
Solid
370
25
62
254
100
AcDbLine
10
18694.0
20
-53094.0
30
0.0
11
17112.0
21
-52746.0
31
0.0
0
LINE
5
ceb
100
AcDbEntity
8
Service Area
6
Solid
370
25
62
254
100
AcDbLine
10
17112.0
20
-52746.0
30
0.0
11
17220.0
21
-52258.0
31
0.0
0
LINE
5
ced
100
AcDbEntity
8
Service Area
6
Solid
370
25
62
254
100
AcDbLine
10
17220.0
20
-52258.0
30
0.0
11
18802.0
21
-52606.0
31
0.0
0
HATCH
5
cf9
100
AcDbEntity
8
Service Area
6
Solid
370
25
62
254
100
AcDbHatch
10
0
20
0
30
0
210
0
220
0
230
1
2
FILL_3321
70
1
71
0
91
1
92
0
93
4
72
1
10
21110.0
20
-46678.0
11
18991.0
21
-46212.0
72
1
10
18991.0
20
-46212.0
11
19099.0
21
-45723.0
72
1
10
19099.0
20
-45723.0
11
21218.0
21
-46190.0
72
1
10
21218.0
20
-46190.0
11
21110.0
21
-46678.0
97
0
75
0
76
1
98
0
0
LINE
5
cfb
100
AcDbEntity
8
Service Area
6
Solid
370
25
62
254
100
AcDbLine
10
21110.0
20
-46678.0
30
0.0
11
18991.0
21
-46212.0
31
0.0
0
LINE
5
cfd
100
AcDbEntity
8
Service Area
6
Solid
370
25
62
254
100
AcDbLine
10
18991.0
20
-46212.0
30
0.0
11
19099.0
21
-45723.0
31
0.0
0
LINE
5
cff
100
AcDbEntity
8
Service Area
6
Solid
370
25
62
254
100
AcDbLine
10
19099.0
20
-45723.0
30
0.0
11
21218.0
21
-46190.0
31
0.0
0
LINE
5
d01
100
AcDbEntity
8
Service Area
6
Solid
370
25
62
254
100
AcDbLine
10
21218.0
20
-46190.0
30
0.0
11
21110.0
21
-46678.0
31
0.0
0
HATCH
5
d0d
100
AcDbEntity
8
Service Area
6
Solid
370
25
62
254
100
AcDbHatch
10
0
20
0
30
0
210
0
220
0
230
1
2
FILL_3341
70
1
71
0
91
1
92
0
93
4
72
1
10
113414.0
20
-96045.0
11
112709.0
21
-97254.0
72
1
10
112709.0
20
-97254.0
11
107107.0
21
-93984.0
72
1
10
107107.0
20
-93984.0
11
107813.0
21
-92775.0
72
1
10
107813.0
20
-92775.0
11
113414.0
21
-96045.0
97
0
75
0
76
1
98
0
0
LINE
5
d0f
100
AcDbEntity
8
Service Area
6
Solid
370
25
62
254
100
AcDbLine
10
113414.0
20
-96045.0
30
0.0
11
112709.0
21
-97254.0
31
0.0
0
LINE
5
d11
100
AcDbEntity
8
Service Area
6
Solid
370
25
62
254
100
AcDbLine
10
112709.0
20
-97254.0
30
0.0
11
107107.0
21
-93984.0
31
0.0
0
LINE
5
d13
100
AcDbEntity
8
Service Area
6
Solid
370
25
62
254
100
AcDbLine
10
107107.0
20
-93984.0
30
0.0
11
107813.0
21
-92775.0
31
0.0
0
LINE
5
d15
100
AcDbEntity
8
Service Area
6
Solid
370
25
62
254
100
AcDbLine
10
107813.0
20
-92775.0
30
0.0
11
113414.0
21
-96045.0
31
0.0
0
HATCH
5
d29
100
AcDbEntity
8
Service Area
6
Solid
370
25
62
254
100
AcDbHatch
10
0
20
0
30
0
210
0
220
0
230
1
2
FILL_3369
70
1
71
0
91
1
92
0
93
8
72
1
10
109908.0
20
-95619.0
11
109908.0
21
-95619.0
72
1
10
109908.0
20
-95619.0
11
106762.0
21
-93782.0
72
1
10
106762.0
20
-93782.0
11
106762.0
21
-93782.0
72
1
10
106762.0
20
-93782.0
11
103636.0
21
-99137.0
72
1
10
103636.0
20
-99137.0
11
103636.0
21
-99137.0
72
1
10
103636.0
20
-99137.0
11
106782.0
21
-100973.0
72
1
10
106782.0
20
-100973.0
11
106782.0
21
-100973.0
72
1
10
106782.0
20
-100973.0
11
109908.0
21
-95619.0
97
0
75
0
76
1
98
0
0
POINT
5
d2b
100
AcDbEntity
8
Service Area
6
Solid
370
25
62
254
100
AcDbPoint
10
109908.0
20
-95619.0
30
0.0
0
LINE
5
d2d
100
AcDbEntity
8
Service Area
6
Solid
370
25
62
254
100
AcDbLine
10
109908.0
20
-95619.0
30
0.0
11
106762.0
21
-93782.0
31
0.0
0
POINT
5
d2f
100
AcDbEntity
8
Service Area
6
Solid
370
25
62
254
100
AcDbPoint
10
106762.0
20
-93782.0
30
0.0
0
LINE
5
d31
100
AcDbEntity
8
Service Area
6
Solid
370
25
62
254
100
AcDbLine
10
106762.0
20
-93782.0
30
0.0
11
103636.0
21
-99137.0
31
0.0
0
POINT
5
d33
100
AcDbEntity
8
Service Area
6
Solid
370
25
62
254
100
AcDbPoint
10
103636.0
20
-99137.0
30
0.0
0
LINE
5
d35
100
AcDbEntity
8
Service Area
6
Solid
370
25
62
254
100
AcDbLine
10
103636.0
20
-99137.0
30
0.0
11
106782.0
21
-100973.0
31
0.0
0
POINT
5
d37
100
AcDbEntity
8
Service Area
6
Solid
370
25
62
254
100
AcDbPoint
10
106782.0
20
-100973.0
30
0.0
0
LINE
5
d39
100
AcDbEntity
8
Service Area
6
Solid
370
25
62
254
100
AcDbLine
10
106782.0
20
-100973.0
30
0.0
11
109908.0
21
-95619.0
31
0.0
0
HATCH
5
d51
100
AcDbEntity
8
Service Area
6
Solid
370
25
62
254
100
AcDbHatch
10
0
20
0
30
0
210
0
220
0
230
1
2
FILL_3409
70
1
71
0
91
1
92
0
93
10
72
1
10
109908.0
20
-95619.0
11
113054.0
21
-97456.0
72
1
10
113054.0
20
-97456.0
11
113054.0
21
-97456.0
72
1
10
113054.0
20
-97456.0
11
109928.0
21
-102810.0
72
1
10
109928.0
20
-102810.0
11
109928.0
21
-102810.0
72
1
10
109928.0
20
-102810.0
11
108596.0
21
-102032.0
72
1
10
108596.0
20
-102032.0
11
108848.0
21
-101600.0
72
1
10
108848.0
20
-101600.0
11
109402.0
21
-100651.0
72
1
10
109402.0
20
-100651.0
11
110209.0
21
-99269.0
72
1
10
110209.0
20
-99269.0
11
108395.0
21
-98210.0
72
1
10
108395.0
20
-98210.0
11
109908.0
21
-95619.0
97
0
75
0
76
1
98
0
0
LINE
5
d53
100
AcDbEntity
8
Service Area
6
Solid
370
25
62
254
100
AcDbLine
10
109908.0
20
-95619.0
30
0.0
11
113054.0
21
-97456.0
31
0.0
0
POINT
5
d55
100
AcDbEntity
8
Service Area
6
Solid
370
25
62
254
100
AcDbPoint
10
113054.0
20
-97456.0
30
0.0
0
LINE
5
d57
100
AcDbEntity
8
Service Area
6
Solid
370
25
62
254
100
AcDbLine
10
113054.0
20
-97456.0
30
0.0
11
109928.0
21
-102810.0
31
0.0
0
POINT
5
d59
100
AcDbEntity
8
Service Area
6
Solid
370
25
62
254
100
AcDbPoint
10
109928.0
20
-102810.0
30
0.0
0
LINE
5
d5b
100
AcDbEntity
8
Service Area
6
Solid
370
25
62
254
100
AcDbLine
10
109928.0
20
-102810.0
30
0.0
11
108596.0
21
-102032.0
31
0.0
0
LINE
5
d5d
100
AcDbEntity
8
Service Area
6
Solid
370
25
62
254
100
AcDbLine
10
108596.0
20
-102032.0
30
0.0
11
108848.0
21
-101600.0
31
0.0
0
LINE
5
d5f
100
AcDbEntity
8
Service Area
6
Solid
370
25
62
254
100
AcDbLine
10
108848.0
20
-101600.0
30
0.0
11
109402.0
21
-100651.0
31
0.0
0
LINE
5
d61
100
AcDbEntity
8
Service Area
6
Solid
370
25
62
254
100
AcDbLine
10
109402.0
20
-100651.0
30
0.0
11
110209.0
21
-99269.0
31
0.0
0
LINE
5
d63
100
AcDbEntity
8
Service Area
6
Solid
370
25
62
254
100
AcDbLine
10
110209.0
20
-99269.0
30
0.0
11
108395.0
21
-98210.0
31
0.0
0
LINE
5
d65
100
AcDbEntity
8
Service Area
6
Solid
370
25
62
254
100
AcDbLine
10
108395.0
20
-98210.0
30
0.0
11
109908.0
21
-95619.0
31
0.0
0
HATCH
5
d73
100
AcDbEntity
8
Service Area
6
Solid
370
25
62
254
100
AcDbHatch
10
0
20
0
30
0
210
0
220
0
230
1
2
FILL_3443
70
1
71
0
91
1
92
0
93
5
72
1
10
107034.0
20
-100542.0
11
108848.0
21
-101600.0
72
1
10
108848.0
20
-101600.0
11
108596.0
21
-102032.0
72
1
10
108596.0
20
-102032.0
11
106782.0
21
-100973.0
72
1
10
106782.0
20
-100973.0
11
106782.0
21
-100973.0
72
1
10
106782.0
20
-100973.0
11
107034.0
21
-100542.0
97
0
75
0
76
1
98
0
0
LINE
5
d75
100
AcDbEntity
8
Service Area
6
Solid
370
25
62
254
100
AcDbLine
10
107034.0
20
-100542.0
30
0.0
11
108848.0
21
-101600.0
31
0.0
0
LINE
5
d77
100
AcDbEntity
8
Service Area
6
Solid
370
25
62
254
100
AcDbLine
10
108848.0
20
-101600.0
30
0.0
11
108596.0
21
-102032.0
31
0.0
0
LINE
5
d79
100
AcDbEntity
8
Service Area
6
Solid
370
25
62
254
100
AcDbLine
10
108596.0
20
-102032.0
30
0.0
11
106782.0
21
-100973.0
31
0.0
0
POINT
5
d7b
100
AcDbEntity
8
Service Area
6
Solid
370
25
62
254
100
AcDbPoint
10
106782.0
20
-100973.0
30
0.0
0
LINE
5
d7d
100
AcDbEntity
8
Service Area
6
Solid
370
25
62
254
100
AcDbLine
10
106782.0
20
-100973.0
30
0.0
11
107034.0
21
-100542.0
31
0.0
0
HATCH
5
d89
100
AcDbEntity
8
Service Area
6
Solid
370
25
62
254
100
AcDbHatch
10
0
20
0
30
0
210
0
220
0
230
1
2
FILL_3465
70
1
71
0
91
1
92
0
93
4
72
1
10
107589.0
20
-99592.0
11
109402.0
21
-100651.0
72
1
10
109402.0
20
-100651.0
11
108848.0
21
-101600.0
72
1
10
108848.0
20
-101600.0
11
107034.0
21
-100542.0
72
1
10
107034.0
20
-100542.0
11
107589.0
21
-99592.0
97
0
75
0
76
1
98
0
0
LINE
5
d8b
100
AcDbEntity
8
Service Area
6
Solid
370
25
62
254
100
AcDbLine
10
107589.0
20
-99592.0
30
0.0
11
109402.0
21
-100651.0
31
0.0
0
LINE
5
d8d
100
AcDbEntity
8
Service Area
6
Solid
370
25
62
254
100
AcDbLine
10
109402.0
20
-100651.0
30
0.0
11
108848.0
21
-101600.0
31
0.0
0
LINE
5
d8f
100
AcDbEntity
8
Service Area
6
Solid
370
25
62
254
100
AcDbLine
10
108848.0
20
-101600.0
30
0.0
11
107034.0
21
-100542.0
31
0.0
0
LINE
5
d91
100
AcDbEntity
8
Service Area
6
Solid
370
25
62
254
100
AcDbLine
10
107034.0
20
-100542.0
30
0.0
11
107589.0
21
-99592.0
31
0.0
0
HATCH
5
d9d
100
AcDbEntity
8
Service Area
6
Solid
370
25
62
254
100
AcDbHatch
10
0
20
0
30
0
210
0
220
0
230
1
2
FILL_3485
70
1
71
0
91
1
92
0
93
4
72
1
10
108395.0
20
-98210.0
11
110209.0
21
-99269.0
72
1
10
110209.0
20
-99269.0
11
109402.0
21
-100651.0
72
1
10
109402.0
20
-100651.0
11
107589.0
21
-99592.0
72
1
10
107589.0
20
-99592.0
11
108395.0
21
-98210.0
97
0
75
0
76
1
98
0
0
LINE
5
d9f
100
AcDbEntity
8
Service Area
6
Solid
370
25
62
254
100
AcDbLine
10
108395.0
20
-98210.0
30
0.0
11
110209.0
21
-99269.0
31
0.0
0
LINE
5
da1
100
AcDbEntity
8
Service Area
6
Solid
370
25
62
254
100
AcDbLine
10
110209.0
20
-99269.0
30
0.0
11
109402.0
21
-100651.0
31
0.0
0
LINE
5
da3
100
AcDbEntity
8
Service Area
6
Solid
370
25
62
254
100
AcDbLine
10
109402.0
20
-100651.0
30
0.0
11
107589.0
21
-99592.0
31
0.0
0
LINE
5
da5
100
AcDbEntity
8
Service Area
6
Solid
370
25
62
254
100
AcDbLine
10
107589.0
20
-99592.0
30
0.0
11
108395.0
21
-98210.0
31
0.0
0
HATCH
5
db1
100
AcDbEntity
8
Service Area
6
Solid
370
25
62
254
100
AcDbHatch
10
0
20
0
30
0
210
0
220
0
230
1
2
FILL_3505
70
1
71
0
91
1
92
0
93
4
72
1
10
99483.0
20
-99028.0
11
100491.0
21
-97301.0
72
1
10
100491.0
20
-97301.0
11
116219.0
21
-106483.0
72
1
10
116219.0
20
-106483.0
11
115211.0
21
-108210.0
72
1
10
115211.0
20
-108210.0
11
99483.0
21
-99028.0
97
0
75
0
76
1
98
0
0
LINE
5
db3
100
AcDbEntity
8
Service Area
6
Solid
370
25
62
254
100
AcDbLine
10
99483.0
20
-99028.0
30
0.0
11
100491.0
21
-97301.0
31
0.0
0
LINE
5
db5
100
AcDbEntity
8
Service Area
6
Solid
370
25
62
254
100
AcDbLine
10
100491.0
20
-97301.0
30
0.0
11
116219.0
21
-106483.0
31
0.0
0
LINE
5
db7
100
AcDbEntity
8
Service Area
6
Solid
370
25
62
254
100
AcDbLine
10
116219.0
20
-106483.0
30
0.0
11
115211.0
21
-108210.0
31
0.0
0
LINE
5
db9
100
AcDbEntity
8
Service Area
6
Solid
370
25
62
254
100
AcDbLine
10
115211.0
20
-108210.0
30
0.0
11
99483.0
21
-99028.0
31
0.0
0
HATCH
5
dc5
100
AcDbEntity
8
Service Area
6
Solid
370
25
62
254
100
AcDbHatch
10
0
20
0
30
0
210
0
220
0
230
1
2
FILL_3525
70
1
71
0
91
1
92
0
93
4
72
1
10
111923.0
20
-100385.0
11
111219.0
21
-101590.0
72
1
10
111219.0
20
-101590.0
11
110788.0
21
-101338.0
72
1
10
110788.0
20
-101338.0
11
111491.0
21
-100133.0
72
1
10
111491.0
20
-100133.0
11
111923.0
21
-100385.0
97
0
75
0
76
1
98
0
0
LINE
5
dc7
100
AcDbEntity
8
Service Area
6
Solid
370
25
62
254
100
AcDbLine
10
111923.0
20
-100385.0
30
0.0
11
111219.0
21
-101590.0
31
0.0
0
LINE
5
dc9
100
AcDbEntity
8
Service Area
6
Solid
370
25
62
254
100
AcDbLine
10
111219.0
20
-101590.0
30
0.0
11
110788.0
21
-101338.0
31
0.0
0
LINE
5
dcb
100
AcDbEntity
8
Service Area
6
Solid
370
25
62
254
100
AcDbLine
10
110788.0
20
-101338.0
30
0.0
11
111491.0
21
-100133.0
31
0.0
0
LINE
5
dcd
100
AcDbEntity
8
Service Area
6
Solid
370
25
62
254
100
AcDbLine
10
111491.0
20
-100133.0
30
0.0
11
111923.0
21
-100385.0
31
0.0
0
HATCH
5
dd9
100
AcDbEntity
8
Service Area
6
Solid
370
25
62
254
100
AcDbHatch
10
0
20
0
30
0
210
0
220
0
230
1
2
FILL_3545
70
1
71
0
91
1
92
0
93
4
72
1
10
116615.0
20
-112041.0
11
117432.0
21
-110642.0
72
1
10
117432.0
20
-110642.0
11
117863.0
21
-110894.0
72
1
10
117863.0
20
-110894.0
11
117047.0
21
-112293.0
72
1
10
117047.0
20
-112293.0
11
116615.0
21
-112041.0
97
0
75
0
76
1
98
0
0
LINE
5
ddb
100
AcDbEntity
8
Service Area
6
Solid
370
25
62
254
100
AcDbLine
10
116615.0
20
-112041.0
30
0.0
11
117432.0
21
-110642.0
31
0.0
0
LINE
5
ddd
100
AcDbEntity
8
Service Area
6
Solid
370
25
62
254
100
AcDbLine
10
117432.0
20
-110642.0
30
0.0
11
117863.0
21
-110894.0
31
0.0
0
LINE
5
ddf
100
AcDbEntity
8
Service Area
6
Solid
370
25
62
254
100
AcDbLine
10
117863.0
20
-110894.0
30
0.0
11
117047.0
21
-112293.0
31
0.0
0
LINE
5
de1
100
AcDbEntity
8
Service Area
6
Solid
370
25
62
254
100
AcDbLine
10
117047.0
20
-112293.0
30
0.0
11
116615.0
21
-112041.0
31
0.0
0
HATCH
5
ded
100
AcDbEntity
8
Service Area
6
Solid
370
25
62
254
100
AcDbHatch
10
0
20
0
30
0
210
0
220
0
230
1
2
FILL_3565
70
1
71
0
91
1
92
0
93
4
72
1
10
113920.0
20
-109430.0
11
114351.0
21
-109682.0
72
1
10
114351.0
20
-109682.0
11
113648.0
21
-110887.0
72
1
10
113648.0
20
-110887.0
11
113216.0
21
-110635.0
72
1
10
113216.0
20
-110635.0
11
113920.0
21
-109430.0
97
0
75
0
76
1
98
0
0
LINE
5
def
100
AcDbEntity
8
Service Area
6
Solid
370
25
62
254
100
AcDbLine
10
113920.0
20
-109430.0
30
0.0
11
114351.0
21
-109682.0
31
0.0
0
LINE
5
df1
100
AcDbEntity
8
Service Area
6
Solid
370
25
62
254
100
AcDbLine
10
114351.0
20
-109682.0
30
0.0
11
113648.0
21
-110887.0
31
0.0
0
LINE
5
df3
100
AcDbEntity
8
Service Area
6
Solid
370
25
62
254
100
AcDbLine
10
113648.0
20
-110887.0
30
0.0
11
113216.0
21
-110635.0
31
0.0
0
LINE
5
df5
100
AcDbEntity
8
Service Area
6
Solid
370
25
62
254
100
AcDbLine
10
113216.0
20
-110635.0
30
0.0
11
113920.0
21
-109430.0
31
0.0
0
HATCH
5
e01
100
AcDbEntity
8
Service Area
6
Solid
370
25
62
254
100
AcDbHatch
10
0
20
0
30
0
210
0
220
0
230
1
2
FILL_3585
70
1
71
0
91
1
92
0
93
4
72
1
10
107628.0
20
-105758.0
11
108060.0
21
-106010.0
72
1
10
108060.0
20
-106010.0
11
107357.0
21
-107214.0
72
1
10
107357.0
20
-107214.0
11
106925.0
21
-106962.0
72
1
10
106925.0
20
-106962.0
11
107628.0
21
-105758.0
97
0
75
0
76
1
98
0
0
LINE
5
e03
100
AcDbEntity
8
Service Area
6
Solid
370
25
62
254
100
AcDbLine
10
107628.0
20
-105758.0
30
0.0
11
108060.0
21
-106010.0
31
0.0
0
LINE
5
e05
100
AcDbEntity
8
Service Area
6
Solid
370
25
62
254
100
AcDbLine
10
108060.0
20
-106010.0
30
0.0
11
107357.0
21
-107214.0
31
0.0
0
LINE
5
e07
100
AcDbEntity
8
Service Area
6
Solid
370
25
62
254
100
AcDbLine
10
107357.0
20
-107214.0
30
0.0
11
106925.0
21
-106962.0
31
0.0
0
LINE
5
e09
100
AcDbEntity
8
Service Area
6
Solid
370
25
62
254
100
AcDbLine
10
106925.0
20
-106962.0
30
0.0
11
107628.0
21
-105758.0
31
0.0
0
HATCH
5
e15
100
AcDbEntity
8
Service Area
6
Solid
370
25
62
254
100
AcDbHatch
10
0
20
0
30
0
210
0
220
0
230
1
2
FILL_3605
70
1
71
0
91
1
92
0
93
4
72
1
10
100633.0
20
-103289.0
11
101336.0
21
-102084.0
72
1
10
101336.0
20
-102084.0
11
101768.0
21
-102337.0
72
1
10
101768.0
20
-102337.0
11
101065.0
21
-103541.0
72
1
10
101065.0
20
-103541.0
11
100633.0
21
-103289.0
97
0
75
0
76
1
98
0
0
LINE
5
e17
100
AcDbEntity
8
Service Area
6
Solid
370
25
62
254
100
AcDbLine
10
100633.0
20
-103289.0
30
0.0
11
101336.0
21
-102084.0
31
0.0
0
LINE
5
e19
100
AcDbEntity
8
Service Area
6
Solid
370
25
62
254
100
AcDbLine
10
101336.0
20
-102084.0
30
0.0
11
101768.0
21
-102337.0
31
0.0
0
LINE
5
e1b
100
AcDbEntity
8
Service Area
6
Solid
370
25
62
254
100
AcDbLine
10
101768.0
20
-102337.0
30
0.0
11
101065.0
21
-103541.0
31
0.0
0
LINE
5
e1d
100
AcDbEntity
8
Service Area
6
Solid
370
25
62
254
100
AcDbLine
10
101065.0
20
-103541.0
30
0.0
11
100633.0
21
-103289.0
31
0.0
0
HATCH
5
e29
100
AcDbEntity
8
Service Area
6
Solid
370
25
62
254
100
AcDbHatch
10
0
20
0
30
0
210
0
220
0
230
1
2
FILL_3625
70
1
71
0
91
1
92
0
93
4
72
1
10
104064.0
20
-97412.0
11
104767.0
21
-96207.0
72
1
10
104767.0
20
-96207.0
11
105199.0
21
-96459.0
72
1
10
105199.0
20
-96459.0
11
104496.0
21
-97664.0
72
1
10
104496.0
20
-97664.0
11
104064.0
21
-97412.0
97
0
75
0
76
1
98
0
0
LINE
5
e2b
100
AcDbEntity
8
Service Area
6
Solid
370
25
62
254
100
AcDbLine
10
104064.0
20
-97412.0
30
0.0
11
104767.0
21
-96207.0
31
0.0
0
LINE
5
e2d
100
AcDbEntity
8
Service Area
6
Solid
370
25
62
254
100
AcDbLine
10
104767.0
20
-96207.0
30
0.0
11
105199.0
21
-96459.0
31
0.0
0
LINE
5
e2f
100
AcDbEntity
8
Service Area
6
Solid
370
25
62
254
100
AcDbLine
10
105199.0
20
-96459.0
30
0.0
11
104496.0
21
-97664.0
31
0.0
0
LINE
5
e31
100
AcDbEntity
8
Service Area
6
Solid
370
25
62
254
100
AcDbLine
10
104496.0
20
-97664.0
30
0.0
11
104064.0
21
-97412.0
31
0.0
0
HATCH
5
e3d
100
AcDbEntity
8
Service Area
6
Solid
370
25
62
254
100
AcDbHatch
10
0
20
0
30
0
210
0
220
0
230
1
2
FILL_3645
70
1
71
0
91
1
92
0
93
4
72
1
10
47961.0
20
-98064.0
11
49170.0
21
-98770.0
72
1
10
49170.0
20
-98770.0
11
46044.0
21
-104124.0
72
1
10
46044.0
20
-104124.0
11
44835.0
21
-103418.0
72
1
10
44835.0
20
-103418.0
11
47961.0
21
-98064.0
97
0
75
0
76
1
98
0
0
LINE
5
e3f
100
AcDbEntity
8
Service Area
6
Solid
370
25
62
254
100
AcDbLine
10
47961.0
20
-98064.0
30
0.0
11
49170.0
21
-98770.0
31
0.0
0
LINE
5
e41
100
AcDbEntity
8
Service Area
6
Solid
370
25
62
254
100
AcDbLine
10
49170.0
20
-98770.0
30
0.0
11
46044.0
21
-104124.0
31
0.0
0
LINE
5
e43
100
AcDbEntity
8
Service Area
6
Solid
370
25
62
254
100
AcDbLine
10
46044.0
20
-104124.0
30
0.0
11
44835.0
21
-103418.0
31
0.0
0
LINE
5
e45
100
AcDbEntity
8
Service Area
6
Solid
370
25
62
254
100
AcDbLine
10
44835.0
20
-103418.0
30
0.0
11
47961.0
21
-98064.0
31
0.0
0
HATCH
5
e57
100
AcDbEntity
8
Service Area
6
Solid
370
25
62
254
100
AcDbHatch
10
0
20
0
30
0
210
0
220
0
230
1
2
FILL_3671
70
1
71
0
91
1
92
0
93
7
72
1
10
47607.0
20
-101447.0
11
45843.0
21
-104470.0
72
1
10
45843.0
20
-104470.0
11
45843.0
21
-104470.0
72
1
10
45843.0
20
-104470.0
11
52104.0
21
-108125.0
72
1
10
52104.0
20
-108125.0
11
52104.0
21
-108125.0
72
1
10
52104.0
20
-108125.0
11
53868.0
21
-105102.0
72
1
10
53868.0
20
-105102.0
11
53868.0
21
-105102.0
72
1
10
53868.0
20
-105102.0
11
47607.0
21
-101447.0
97
0
75
0
76
1
98
0
0
LINE
5
e59
100
AcDbEntity
8
Service Area
6
Solid
370
25
62
254
100
AcDbLine
10
47607.0
20
-101447.0
30
0.0
11
45843.0
21
-104470.0
31
0.0
0
POINT
5
e5b
100
AcDbEntity
8
Service Area
6
Solid
370
25
62
254
100
AcDbPoint
10
45843.0
20
-104470.0
30
0.0
0
LINE
5
e5d
100
AcDbEntity
8
Service Area
6
Solid
370
25
62
254
100
AcDbLine
10
45843.0
20
-104470.0
30
0.0
11
52104.0
21
-108125.0
31
0.0
0
POINT
5
e5f
100
AcDbEntity
8
Service Area
6
Solid
370
25
62
254
100
AcDbPoint
10
52104.0
20
-108125.0
30
0.0
0
LINE
5
e61
100
AcDbEntity
8
Service Area
6
Solid
370
25
62
254
100
AcDbLine
10
52104.0
20
-108125.0
30
0.0
11
53868.0
21
-105102.0
31
0.0
0
POINT
5
e63
100
AcDbEntity
8
Service Area
6
Solid
370
25
62
254
100
AcDbPoint
10
53868.0
20
-105102.0
30
0.0
0
LINE
5
e65
100
AcDbEntity
8
Service Area
6
Solid
370
25
62
254
100
AcDbLine
10
53868.0
20
-105102.0
30
0.0
11
47607.0
21
-101447.0
31
0.0
0
HATCH
5
e83
100
AcDbEntity
8
Service Area
6
Solid
370
25
62
254
100
AcDbHatch
10
0
20
0
30
0
210
0
220
0
230
1
2
FILL_3715
70
1
71
0
91
1
92
0
93
13
72
1
10
49723.0
20
-102682.0
11
47607.0
21
-101447.0
72
1
10
47607.0
20
-101447.0
11
47607.0
21
-101447.0
72
1
10
47607.0
20
-101447.0
11
49372.0
21
-98424.0
72
1
10
49372.0
20
-98424.0
11
49372.0
21
-98424.0
72
1
10
49372.0
20
-98424.0
11
49372.0
21
-98424.0
72
1
10
49372.0
20
-98424.0
11
55633.0
21
-102080.0
72
1
10
55633.0
20
-102080.0
11
53868.0
21
-105102.0
72
1
10
53868.0
20
-105102.0
11
54927.0
21
-103289.0
72
1
10
54927.0
20
-103289.0
11
54495.0
21
-103037.0
72
1
10
54495.0
20
-103037.0
11
53545.0
21
-102482.0
72
1
10
53545.0
20
-102482.0
11
52164.0
21
-101675.0
72
1
10
52164.0
20
-101675.0
11
50782.0
21
-100869.0
72
1
10
50782.0
20
-100869.0
11
49723.0
21
-102682.0
97
0
75
0
76
1
98
0
0
LINE
5
e85
100
AcDbEntity
8
Service Area
6
Solid
370
25
62
254
100
AcDbLine
10
49723.0
20
-102682.0
30
0.0
11
47607.0
21
-101447.0
31
0.0
0
POINT
5
e87
100
AcDbEntity
8
Service Area
6
Solid
370
25
62
254
100
AcDbPoint
10
47607.0
20
-101447.0
30
0.0
0
LINE
5
e89
100
AcDbEntity
8
Service Area
6
Solid
370
25
62
254
100
AcDbLine
10
47607.0
20
-101447.0
30
0.0
11
49372.0
21
-98424.0
31
0.0
0
POINT
5
e8b
100
AcDbEntity
8
Service Area
6
Solid
370
25
62
254
100
AcDbPoint
10
49372.0
20
-98424.0
30
0.0
0
POINT
5
e8d
100
AcDbEntity
8
Service Area
6
Solid
370
25
62
254
100
AcDbPoint
10
49372.0
20
-98424.0
30
0.0
0
LINE
5
e8f
100
AcDbEntity
8
Service Area
6
Solid
370
25
62
254
100
AcDbLine
10
49372.0
20
-98424.0
30
0.0
11
55633.0
21
-102080.0
31
0.0
0
LINE
5
e91
100
AcDbEntity
8
Service Area
6
Solid
370
25
62
254
100
AcDbLine
10
55633.0
20
-102080.0
30
0.0
11
53868.0
21
-105102.0
31
0.0
0
LINE
5
e93
100
AcDbEntity
8
Service Area
6
Solid
370
25
62
254
100
AcDbLine
10
53868.0
20
-105102.0
30
0.0
11
54927.0
21
-103289.0
31
0.0
0
LINE
5
e95
100
AcDbEntity
8
Service Area
6
Solid
370
25
62
254
100
AcDbLine
10
54927.0
20
-103289.0
30
0.0
11
54495.0
21
-103037.0
31
0.0
0
LINE
5
e97
100
AcDbEntity
8
Service Area
6
Solid
370
25
62
254
100
AcDbLine
10
54495.0
20
-103037.0
30
0.0
11
53545.0
21
-102482.0
31
0.0
0
LINE
5
e99
100
AcDbEntity
8
Service Area
6
Solid
370
25
62
254
100
AcDbLine
10
53545.0
20
-102482.0
30
0.0
11
52164.0
21
-101675.0
31
0.0
0
LINE
5
e9b
100
AcDbEntity
8
Service Area
6
Solid
370
25
62
254
100
AcDbLine
10
52164.0
20
-101675.0
30
0.0
11
50782.0
21
-100869.0
31
0.0
0
LINE
5
e9d
100
AcDbEntity
8
Service Area
6
Solid
370
25
62
254
100
AcDbLine
10
50782.0
20
-100869.0
30
0.0
11
49723.0
21
-102682.0
31
0.0
0
HATCH
5
ea9
100
AcDbEntity
8
Service Area
6
Solid
370
25
62
254
100
AcDbHatch
10
0
20
0
30
0
210
0
220
0
230
1
2
FILL_3753
70
1
71
0
91
1
92
0
93
4
72
1
10
53437.0
20
-104850.0
11
54495.0
21
-103037.0
72
1
10
54495.0
20
-103037.0
11
54927.0
21
-103289.0
72
1
10
54927.0
20
-103289.0
11
53868.0
21
-105102.0
72
1
10
53868.0
20
-105102.0
11
53437.0
21
-104850.0
97
0
75
0
76
1
98
0
0
LINE
5
eab
100
AcDbEntity
8
Service Area
6
Solid
370
25
62
254
100
AcDbLine
10
53437.0
20
-104850.0
30
0.0
11
54495.0
21
-103037.0
31
0.0
0
LINE
5
ead
100
AcDbEntity
8
Service Area
6
Solid
370
25
62
254
100
AcDbLine
10
54495.0
20
-103037.0
30
0.0
11
54927.0
21
-103289.0
31
0.0
0
LINE
5
eaf
100
AcDbEntity
8
Service Area
6
Solid
370
25
62
254
100
AcDbLine
10
54927.0
20
-103289.0
30
0.0
11
53868.0
21
-105102.0
31
0.0
0
LINE
5
eb1
100
AcDbEntity
8
Service Area
6
Solid
370
25
62
254
100
AcDbLine
10
53868.0
20
-105102.0
30
0.0
11
53437.0
21
-104850.0
31
0.0
0
HATCH
5
ebd
100
AcDbEntity
8
Service Area
6
Solid
370
25
62
254
100
AcDbHatch
10
0
20
0
30
0
210
0
220
0
230
1
2
FILL_3773
70
1
71
0
91
1
92
0
93
4
72
1
10
52487.0
20
-104296.0
11
53545.0
21
-102482.0
72
1
10
53545.0
20
-102482.0
11
54495.0
21
-103037.0
72
1
10
54495.0
20
-103037.0
11
53437.0
21
-104850.0
72
1
10
53437.0
20
-104850.0
11
52487.0
21
-104296.0
97
0
75
0
76
1
98
0
0
LINE
5
ebf
100
AcDbEntity
8
Service Area
6
Solid
370
25
62
254
100
AcDbLine
10
52487.0
20
-104296.0
30
0.0
11
53545.0
21
-102482.0
31
0.0
0
LINE
5
ec1
100
AcDbEntity
8
Service Area
6
Solid
370
25
62
254
100
AcDbLine
10
53545.0
20
-102482.0
30
0.0
11
54495.0
21
-103037.0
31
0.0
0
LINE
5
ec3
100
AcDbEntity
8
Service Area
6
Solid
370
25
62
254
100
AcDbLine
10
54495.0
20
-103037.0
30
0.0
11
53437.0
21
-104850.0
31
0.0
0
LINE
5
ec5
100
AcDbEntity
8
Service Area
6
Solid
370
25
62
254
100
AcDbLine
10
53437.0
20
-104850.0
30
0.0
11
52487.0
21
-104296.0
31
0.0
0
HATCH
5
ed1
100
AcDbEntity
8
Service Area
6
Solid
370
25
62
254
100
AcDbHatch
10
0
20
0
30
0
210
0
220
0
230
1
2
FILL_3793
70
1
71
0
91
1
92
0
93
4
72
1
10
51105.0
20
-103489.0
11
52164.0
21
-101675.0
72
1
10
52164.0
20
-101675.0
11
53545.0
21
-102482.0
72
1
10
53545.0
20
-102482.0
11
52487.0
21
-104296.0
72
1
10
52487.0
20
-104296.0
11
51105.0
21
-103489.0
97
0
75
0
76
1
98
0
0
LINE
5
ed3
100
AcDbEntity
8
Service Area
6
Solid
370
25
62
254
100
AcDbLine
10
51105.0
20
-103489.0
30
0.0
11
52164.0
21
-101675.0
31
0.0
0
LINE
5
ed5
100
AcDbEntity
8
Service Area
6
Solid
370
25
62
254
100
AcDbLine
10
52164.0
20
-101675.0
30
0.0
11
53545.0
21
-102482.0
31
0.0
0
LINE
5
ed7
100
AcDbEntity
8
Service Area
6
Solid
370
25
62
254
100
AcDbLine
10
53545.0
20
-102482.0
30
0.0
11
52487.0
21
-104296.0
31
0.0
0
LINE
5
ed9
100
AcDbEntity
8
Service Area
6
Solid
370
25
62
254
100
AcDbLine
10
52487.0
20
-104296.0
30
0.0
11
51105.0
21
-103489.0
31
0.0
0
HATCH
5
ee5
100
AcDbEntity
8
Service Area
6
Solid
370
25
62
254
100
AcDbHatch
10
0
20
0
30
0
210
0
220
0
230
1
2
FILL_3813
70
1
71
0
91
1
92
0
93
4
72
1
10
49723.0
20
-102682.0
11
50782.0
21
-100869.0
72
1
10
50782.0
20
-100869.0
11
52164.0
21
-101675.0
72
1
10
52164.0
20
-101675.0
11
51105.0
21
-103489.0
72
1
10
51105.0
20
-103489.0
11
49723.0
21
-102682.0
97
0
75
0
76
1
98
0
0
LINE
5
ee7
100
AcDbEntity
8
Service Area
6
Solid
370
25
62
254
100
AcDbLine
10
49723.0
20
-102682.0
30
0.0
11
50782.0
21
-100869.0
31
0.0
0
LINE
5
ee9
100
AcDbEntity
8
Service Area
6
Solid
370
25
62
254
100
AcDbLine
10
50782.0
20
-100869.0
30
0.0
11
52164.0
21
-101675.0
31
0.0
0
LINE
5
eeb
100
AcDbEntity
8
Service Area
6
Solid
370
25
62
254
100
AcDbLine
10
52164.0
20
-101675.0
30
0.0
11
51105.0
21
-103489.0
31
0.0
0
LINE
5
eed
100
AcDbEntity
8
Service Area
6
Solid
370
25
62
254
100
AcDbLine
10
51105.0
20
-103489.0
30
0.0
11
49723.0
21
-102682.0
31
0.0
0
HATCH
5
ef9
100
AcDbEntity
8
Service Area
6
Solid
370
25
62
254
100
AcDbHatch
10
0
20
0
30
0
210
0
220
0
230
1
2
FILL_3833
70
1
71
0
91
1
92
0
93
4
72
1
10
57397.0
20
-99058.0
11
59124.0
21
-100066.0
72
1
10
59124.0
20
-100066.0
11
52067.0
21
-112155.0
72
1
10
52067.0
20
-112155.0
11
50340.0
21
-111147.0
72
1
10
50340.0
20
-111147.0
11
57397.0
21
-99058.0
97
0
75
0
76
1
98
0
0
LINE
5
efb
100
AcDbEntity
8
Service Area
6
Solid
370
25
62
254
100
AcDbLine
10
57397.0
20
-99058.0
30
0.0
11
59124.0
21
-100066.0
31
0.0
0
LINE
5
efd
100
AcDbEntity
8
Service Area
6
Solid
370
25
62
254
100
AcDbLine
10
59124.0
20
-100066.0
30
0.0
11
52067.0
21
-112155.0
31
0.0
0
LINE
5
eff
100
AcDbEntity
8
Service Area
6
Solid
370
25
62
254
100
AcDbLine
10
52067.0
20
-112155.0
30
0.0
11
50340.0
21
-111147.0
31
0.0
0
LINE
5
f01
100
AcDbEntity
8
Service Area
6
Solid
370
25
62
254
100
AcDbLine
10
50340.0
20
-111147.0
30
0.0
11
57397.0
21
-99058.0
31
0.0
0
HATCH
5
f0d
100
AcDbEntity
8
Service Area
6
Solid
370
25
62
254
100
AcDbHatch
10
0
20
0
30
0
210
0
220
0
230
1
2
FILL_3853
70
1
71
0
91
1
92
0
93
4
72
1
10
53911.0
20
-101075.0
11
52503.0
21
-100252.0
72
1
10
52503.0
20
-100252.0
11
52755.0
21
-99820.0
72
1
10
52755.0
20
-99820.0
11
54163.0
21
-100643.0
72
1
10
54163.0
20
-100643.0
11
53911.0
21
-101075.0
97
0
75
0
76
1
98
0
0
LINE
5
f0f
100
AcDbEntity
8
Service Area
6
Solid
370
25
62
254
100
AcDbLine
10
53911.0
20
-101075.0
30
0.0
11
52503.0
21
-100252.0
31
0.0
0
LINE
5
f11
100
AcDbEntity
8
Service Area
6
Solid
370
25
62
254
100
AcDbLine
10
52503.0
20
-100252.0
30
0.0
11
52755.0
21
-99820.0
31
0.0
0
LINE
5
f13
100
AcDbEntity
8
Service Area
6
Solid
370
25
62
254
100
AcDbLine
10
52755.0
20
-99820.0
30
0.0
11
54163.0
21
-100643.0
31
0.0
0
LINE
5
f15
100
AcDbEntity
8
Service Area
6
Solid
370
25
62
254
100
AcDbLine
10
54163.0
20
-100643.0
30
0.0
11
53911.0
21
-101075.0
31
0.0
0
HATCH
5
f21
100
AcDbEntity
8
Service Area
6
Solid
370
25
62
254
100
AcDbHatch
10
0
20
0
30
0
210
0
220
0
230
1
2
FILL_3873
70
1
71
0
91
1
92
0
93
4
72
1
10
62003.0
20
-102325.0
11
60595.0
21
-101503.0
72
1
10
60595.0
20
-101503.0
11
60847.0
21
-101071.0
72
1
10
60847.0
20
-101071.0
11
62255.0
21
-101893.0
72
1
10
62255.0
20
-101893.0
11
62003.0
21
-102325.0
97
0
75
0
76
1
98
0
0
LINE
5
f23
100
AcDbEntity
8
Service Area
6
Solid
370
25
62
254
100
AcDbLine
10
62003.0
20
-102325.0
30
0.0
11
60595.0
21
-101503.0
31
0.0
0
LINE
5
f25
100
AcDbEntity
8
Service Area
6
Solid
370
25
62
254
100
AcDbLine
10
60595.0
20
-101503.0
30
0.0
11
60847.0
21
-101071.0
31
0.0
0
LINE
5
f27
100
AcDbEntity
8
Service Area
6
Solid
370
25
62
254
100
AcDbLine
10
60847.0
20
-101071.0
30
0.0
11
62255.0
21
-101893.0
31
0.0
0
LINE
5
f29
100
AcDbEntity
8
Service Area
6
Solid
370
25
62
254
100
AcDbLine
10
62255.0
20
-101893.0
30
0.0
11
62003.0
21
-102325.0
31
0.0
0
HATCH
5
f35
100
AcDbEntity
8
Service Area
6
Solid
370
25
62
254
100
AcDbHatch
10
0
20
0
30
0
210
0
220
0
230
1
2
FILL_3893
70
1
71
0
91
1
92
0
93
4
72
1
10
58474.0
20
-108370.0
11
57065.0
21
-107548.0
72
1
10
57065.0
20
-107548.0
11
57317.0
21
-107116.0
72
1
10
57317.0
20
-107116.0
11
58726.0
21
-107938.0
72
1
10
58726.0
20
-107938.0
11
58474.0
21
-108370.0
97
0
75
0
76
1
98
0
0
LINE
5
f37
100
AcDbEntity
8
Service Area
6
Solid
370
25
62
254
100
AcDbLine
10
58474.0
20
-108370.0
30
0.0
11
57065.0
21
-107548.0
31
0.0
0
LINE
5
f39
100
AcDbEntity
8
Service Area
6
Solid
370
25
62
254
100
AcDbLine
10
57065.0
20
-107548.0
30
0.0
11
57317.0
21
-107116.0
31
0.0
0
LINE
5
f3b
100
AcDbEntity
8
Service Area
6
Solid
370
25
62
254
100
AcDbLine
10
57317.0
20
-107116.0
30
0.0
11
58726.0
21
-107938.0
31
0.0
0
LINE
5
f3d
100
AcDbEntity
8
Service Area
6
Solid
370
25
62
254
100
AcDbLine
10
58726.0
20
-107938.0
30
0.0
11
58474.0
21
-108370.0
31
0.0
0
HATCH
5
f49
100
AcDbEntity
8
Service Area
6
Solid
370
25
62
254
100
AcDbHatch
10
0
20
0
30
0
210
0
220
0
230
1
2
FILL_3913
70
1
71
0
91
1
92
0
93
4
72
1
10
50130.0
20
-107551.0
11
48721.0
21
-106729.0
72
1
10
48721.0
20
-106729.0
11
48973.0
21
-106297.0
72
1
10
48973.0
20
-106297.0
11
50382.0
21
-107120.0
72
1
10
50382.0
20
-107120.0
11
50130.0
21
-107551.0
97
0
75
0
76
1
98
0
0
LINE
5
f4b
100
AcDbEntity
8
Service Area
6
Solid
370
25
62
254
100
AcDbLine
10
50130.0
20
-107551.0
30
0.0
11
48721.0
21
-106729.0
31
0.0
0
LINE
5
f4d
100
AcDbEntity
8
Service Area
6
Solid
370
25
62
254
100
AcDbLine
10
48721.0
20
-106729.0
30
0.0
11
48973.0
21
-106297.0
31
0.0
0
LINE
5
f4f
100
AcDbEntity
8
Service Area
6
Solid
370
25
62
254
100
AcDbLine
10
48973.0
20
-106297.0
30
0.0
11
50382.0
21
-107120.0
31
0.0
0
LINE
5
f51
100
AcDbEntity
8
Service Area
6
Solid
370
25
62
254
100
AcDbLine
10
50382.0
20
-107120.0
30
0.0
11
50130.0
21
-107551.0
31
0.0
0
HATCH
5
f5d
100
AcDbEntity
8
Service Area
6
Solid
370
25
62
254
100
AcDbHatch
10
0
20
0
30
0
210
0
220
0
230
1
2
FILL_3933
70
1
71
0
91
1
92
0
93
4
72
1
10
89304.0
20
-47637.0
11
88598.0
21
-48846.0
72
1
10
88598.0
20
-48846.0
11
82997.0
21
-45576.0
72
1
10
82997.0
20
-45576.0
11
83703.0
21
-44367.0
72
1
10
83703.0
20
-44367.0
11
89304.0
21
-47637.0
97
0
75
0
76
1
98
0
0
LINE
5
f5f
100
AcDbEntity
8
Service Area
6
Solid
370
25
62
254
100
AcDbLine
10
89304.0
20
-47637.0
30
0.0
11
88598.0
21
-48846.0
31
0.0
0
LINE
5
f61
100
AcDbEntity
8
Service Area
6
Solid
370
25
62
254
100
AcDbLine
10
88598.0
20
-48846.0
30
0.0
11
82997.0
21
-45576.0
31
0.0
0
LINE
5
f63
100
AcDbEntity
8
Service Area
6
Solid
370
25
62
254
100
AcDbLine
10
82997.0
20
-45576.0
30
0.0
11
83703.0
21
-44367.0
31
0.0
0
LINE
5
f65
100
AcDbEntity
8
Service Area
6
Solid
370
25
62
254
100
AcDbLine
10
83703.0
20
-44367.0
30
0.0
11
89304.0
21
-47637.0
31
0.0
0
HATCH
5
f79
100
AcDbEntity
8
Service Area
6
Solid
370
25
62
254
100
AcDbHatch
10
0
20
0
30
0
210
0
220
0
230
1
2
FILL_3961
70
1
71
0
91
1
92
0
93
8
72
1
10
85798.0
20
-47211.0
11
85798.0
21
-47211.0
72
1
10
85798.0
20
-47211.0
11
82652.0
21
-45375.0
72
1
10
82652.0
20
-45375.0
11
82652.0
21
-45375.0
72
1
10
82652.0
20
-45375.0
11
79526.0
21
-50729.0
72
1
10
79526.0
20
-50729.0
11
79526.0
21
-50729.0
72
1
10
79526.0
20
-50729.0
11
82672.0
21
-52566.0
72
1
10
82672.0
20
-52566.0
11
82672.0
21
-52566.0
72
1
10
82672.0
20
-52566.0
11
85798.0
21
-47211.0
97
0
75
0
76
1
98
0
0
POINT
5
f7b
100
AcDbEntity
8
Service Area
6
Solid
370
25
62
254
100
AcDbPoint
10
85798.0
20
-47211.0
30
0.0
0
LINE
5
f7d
100
AcDbEntity
8
Service Area
6
Solid
370
25
62
254
100
AcDbLine
10
85798.0
20
-47211.0
30
0.0
11
82652.0
21
-45375.0
31
0.0
0
POINT
5
f7f
100
AcDbEntity
8
Service Area
6
Solid
370
25
62
254
100
AcDbPoint
10
82652.0
20
-45375.0
30
0.0
0
LINE
5
f81
100
AcDbEntity
8
Service Area
6
Solid
370
25
62
254
100
AcDbLine
10
82652.0
20
-45375.0
30
0.0
11
79526.0
21
-50729.0
31
0.0
0
POINT
5
f83
100
AcDbEntity
8
Service Area
6
Solid
370
25
62
254
100
AcDbPoint
10
79526.0
20
-50729.0
30
0.0
0
LINE
5
f85
100
AcDbEntity
8
Service Area
6
Solid
370
25
62
254
100
AcDbLine
10
79526.0
20
-50729.0
30
0.0
11
82672.0
21
-52566.0
31
0.0
0
POINT
5
f87
100
AcDbEntity
8
Service Area
6
Solid
370
25
62
254
100
AcDbPoint
10
82672.0
20
-52566.0
30
0.0
0
LINE
5
f89
100
AcDbEntity
8
Service Area
6
Solid
370
25
62
254
100
AcDbLine
10
82672.0
20
-52566.0
30
0.0
11
85798.0
21
-47211.0
31
0.0
0
HATCH
5
fa1
100
AcDbEntity
8
Service Area
6
Solid
370
25
62
254
100
AcDbHatch
10
0
20
0
30
0
210
0
220
0
230
1
2
FILL_4001
70
1
71
0
91
1
92
0
93
10
72
1
10
84285.0
20
-49802.0
11
85798.0
21
-47211.0
72
1
10
85798.0
20
-47211.0
11
88943.0
21
-49048.0
72
1
10
88943.0
20
-49048.0
11
88943.0
21
-49048.0
72
1
10
88943.0
20
-49048.0
11
85818.0
21
-54402.0
72
1
10
85818.0
20
-54402.0
11
85818.0
21
-54402.0
72
1
10
85818.0
20
-54402.0
11
84485.0
21
-53624.0
72
1
10
84485.0
20
-53624.0
11
84737.0
21
-53193.0
72
1
10
84737.0
20
-53193.0
11
85292.0
21
-52243.0
72
1
10
85292.0
20
-52243.0
11
86099.0
21
-50861.0
72
1
10
86099.0
20
-50861.0
11
84285.0
21
-49802.0
97
0
75
0
76
1
98
0
0
LINE
5
fa3
100
AcDbEntity
8
Service Area
6
Solid
370
25
62
254
100
AcDbLine
10
84285.0
20
-49802.0
30
0.0
11
85798.0
21
-47211.0
31
0.0
0
LINE
5
fa5
100
AcDbEntity
8
Service Area
6
Solid
370
25
62
254
100
AcDbLine
10
85798.0
20
-47211.0
30
0.0
11
88943.0
21
-49048.0
31
0.0
0
POINT
5
fa7
100
AcDbEntity
8
Service Area
6
Solid
370
25
62
254
100
AcDbPoint
10
88943.0
20
-49048.0
30
0.0
0
LINE
5
fa9
100
AcDbEntity
8
Service Area
6
Solid
370
25
62
254
100
AcDbLine
10
88943.0
20
-49048.0
30
0.0
11
85818.0
21
-54402.0
31
0.0
0
POINT
5
fab
100
AcDbEntity
8
Service Area
6
Solid
370
25
62
254
100
AcDbPoint
10
85818.0
20
-54402.0
30
0.0
0
LINE
5
fad
100
AcDbEntity
8
Service Area
6
Solid
370
25
62
254
100
AcDbLine
10
85818.0
20
-54402.0
30
0.0
11
84485.0
21
-53624.0
31
0.0
0
LINE
5
faf
100
AcDbEntity
8
Service Area
6
Solid
370
25
62
254
100
AcDbLine
10
84485.0
20
-53624.0
30
0.0
11
84737.0
21
-53193.0
31
0.0
0
LINE
5
fb1
100
AcDbEntity
8
Service Area
6
Solid
370
25
62
254
100
AcDbLine
10
84737.0
20
-53193.0
30
0.0
11
85292.0
21
-52243.0
31
0.0
0
LINE
5
fb3
100
AcDbEntity
8
Service Area
6
Solid
370
25
62
254
100
AcDbLine
10
85292.0
20
-52243.0
30
0.0
11
86099.0
21
-50861.0
31
0.0
0
LINE
5
fb5
100
AcDbEntity
8
Service Area
6
Solid
370
25
62
254
100
AcDbLine
10
86099.0
20
-50861.0
30
0.0
11
84285.0
21
-49802.0
31
0.0
0
HATCH
5
fc3
100
AcDbEntity
8
Service Area
6
Solid
370
25
62
254
100
AcDbHatch
10
0
20
0
30
0
210
0
220
0
230
1
2
FILL_4035
70
1
71
0
91
1
92
0
93
5
72
1
10
82924.0
20
-52134.0
11
84737.0
21
-53193.0
72
1
10
84737.0
20
-53193.0
11
84485.0
21
-53624.0
72
1
10
84485.0
20
-53624.0
11
82672.0
21
-52566.0
72
1
10
82672.0
20
-52566.0
11
82672.0
21
-52566.0
72
1
10
82672.0
20
-52566.0
11
82924.0
21
-52134.0
97
0
75
0
76
1
98
0
0
LINE
5
fc5
100
AcDbEntity
8
Service Area
6
Solid
370
25
62
254
100
AcDbLine
10
82924.0
20
-52134.0
30
0.0
11
84737.0
21
-53193.0
31
0.0
0
LINE
5
fc7
100
AcDbEntity
8
Service Area
6
Solid
370
25
62
254
100
AcDbLine
10
84737.0
20
-53193.0
30
0.0
11
84485.0
21
-53624.0
31
0.0
0
LINE
5
fc9
100
AcDbEntity
8
Service Area
6
Solid
370
25
62
254
100
AcDbLine
10
84485.0
20
-53624.0
30
0.0
11
82672.0
21
-52566.0
31
0.0
0
POINT
5
fcb
100
AcDbEntity
8
Service Area
6
Solid
370
25
62
254
100
AcDbPoint
10
82672.0
20
-52566.0
30
0.0
0
LINE
5
fcd
100
AcDbEntity
8
Service Area
6
Solid
370
25
62
254
100
AcDbLine
10
82672.0
20
-52566.0
30
0.0
11
82924.0
21
-52134.0
31
0.0
0
HATCH
5
fd9
100
AcDbEntity
8
Service Area
6
Solid
370
25
62
254
100
AcDbHatch
10
0
20
0
30
0
210
0
220
0
230
1
2
FILL_4057
70
1
71
0
91
1
92
0
93
4
72
1
10
83478.0
20
-51184.0
11
85292.0
21
-52243.0
72
1
10
85292.0
20
-52243.0
11
84737.0
21
-53193.0
72
1
10
84737.0
20
-53193.0
11
82924.0
21
-52134.0
72
1
10
82924.0
20
-52134.0
11
83478.0
21
-51184.0
97
0
75
0
76
1
98
0
0
LINE
5
fdb
100
AcDbEntity
8
Service Area
6
Solid
370
25
62
254
100
AcDbLine
10
83478.0
20
-51184.0
30
0.0
11
85292.0
21
-52243.0
31
0.0
0
LINE
5
fdd
100
AcDbEntity
8
Service Area
6
Solid
370
25
62
254
100
AcDbLine
10
85292.0
20
-52243.0
30
0.0
11
84737.0
21
-53193.0
31
0.0
0
LINE
5
fdf
100
AcDbEntity
8
Service Area
6
Solid
370
25
62
254
100
AcDbLine
10
84737.0
20
-53193.0
30
0.0
11
82924.0
21
-52134.0
31
0.0
0
LINE
5
fe1
100
AcDbEntity
8
Service Area
6
Solid
370
25
62
254
100
AcDbLine
10
82924.0
20
-52134.0
30
0.0
11
83478.0
21
-51184.0
31
0.0
0
HATCH
5
fed
100
AcDbEntity
8
Service Area
6
Solid
370
25
62
254
100
AcDbHatch
10
0
20
0
30
0
210
0
220
0
230
1
2
FILL_4077
70
1
71
0
91
1
92
0
93
4
72
1
10
84285.0
20
-49802.0
11
86099.0
21
-50861.0
72
1
10
86099.0
20
-50861.0
11
85292.0
21
-52243.0
72
1
10
85292.0
20
-52243.0
11
83478.0
21
-51184.0
72
1
10
83478.0
20
-51184.0
11
84285.0
21
-49802.0
97
0
75
0
76
1
98
0
0
LINE
5
fef
100
AcDbEntity
8
Service Area
6
Solid
370
25
62
254
100
AcDbLine
10
84285.0
20
-49802.0
30
0.0
11
86099.0
21
-50861.0
31
0.0
0
LINE
5
ff1
100
AcDbEntity
8
Service Area
6
Solid
370
25
62
254
100
AcDbLine
10
86099.0
20
-50861.0
30
0.0
11
85292.0
21
-52243.0
31
0.0
0
LINE
5
ff3
100
AcDbEntity
8
Service Area
6
Solid
370
25
62
254
100
AcDbLine
10
85292.0
20
-52243.0
30
0.0
11
83478.0
21
-51184.0
31
0.0
0
LINE
5
ff5
100
AcDbEntity
8
Service Area
6
Solid
370
25
62
254
100
AcDbLine
10
83478.0
20
-51184.0
30
0.0
11
84285.0
21
-49802.0
31
0.0
0
HATCH
5
1001
100
AcDbEntity
8
Service Area
6
Solid
370
25
62
254
100
AcDbHatch
10
0
20
0
30
0
210
0
220
0
230
1
2
FILL_4097
70
1
71
0
91
1
92
0
93
4
72
1
10
92109.0
20
-58075.0
11
91100.0
21
-59802.0
72
1
10
91100.0
20
-59802.0
11
75372.0
21
-50620.0
72
1
10
75372.0
20
-50620.0
11
76381.0
21
-48893.0
72
1
10
76381.0
20
-48893.0
11
92109.0
21
-58075.0
97
0
75
0
76
1
98
0
0
LINE
5
1003
100
AcDbEntity
8
Service Area
6
Solid
370
25
62
254
100
AcDbLine
10
92109.0
20
-58075.0
30
0.0
11
91100.0
21
-59802.0
31
0.0
0
LINE
5
1005
100
AcDbEntity
8
Service Area
6
Solid
370
25
62
254
100
AcDbLine
10
91100.0
20
-59802.0
30
0.0
11
75372.0
21
-50620.0
31
0.0
0
LINE
5
1007
100
AcDbEntity
8
Service Area
6
Solid
370
25
62
254
100
AcDbLine
10
75372.0
20
-50620.0
30
0.0
11
76381.0
21
-48893.0
31
0.0
0
LINE
5
1009
100
AcDbEntity
8
Service Area
6
Solid
370
25
62
254
100
AcDbLine
10
76381.0
20
-48893.0
30
0.0
11
92109.0
21
-58075.0
31
0.0
0
HATCH
5
1017
100
AcDbEntity
8
Service Area
6
Solid
370
25
62
254
100
AcDbHatch
10
0
20
0
30
0
210
0
220
0
230
1
2
FILL_4119
70
1
71
0
91
1
92
0
93
5
72
1
10
89313.0
20
-54648.0
11
89745.0
21
-54900.0
72
1
10
89745.0
20
-54900.0
11
88963.0
21
-56239.0
72
1
10
88963.0
20
-56239.0
11
88963.0
21
-56239.0
72
1
10
88963.0
20
-56239.0
11
88532.0
21
-55987.0
72
1
10
88532.0
20
-55987.0
11
89313.0
21
-54648.0
97
0
75
0
76
1
98
0
0
LINE
5
1019
100
AcDbEntity
8
Service Area
6
Solid
370
25
62
254
100
AcDbLine
10
89313.0
20
-54648.0
30
0.0
11
89745.0
21
-54900.0
31
0.0
0
LINE
5
101b
100
AcDbEntity
8
Service Area
6
Solid
370
25
62
254
100
AcDbLine
10
89745.0
20
-54900.0
30
0.0
11
88963.0
21
-56239.0
31
0.0
0
POINT
5
101d
100
AcDbEntity
8
Service Area
6
Solid
370
25
62
254
100
AcDbPoint
10
88963.0
20
-56239.0
30
0.0
0
LINE
5
101f
100
AcDbEntity
8
Service Area
6
Solid
370
25
62
254
100
AcDbLine
10
88963.0
20
-56239.0
30
0.0
11
88532.0
21
-55987.0
31
0.0
0
LINE
5
1021
100
AcDbEntity
8
Service Area
6
Solid
370
25
62
254
100
AcDbLine
10
88532.0
20
-55987.0
30
0.0
11
89313.0
21
-54648.0
31
0.0
0
HATCH
5
102d
100
AcDbEntity
8
Service Area
6
Solid
370
25
62
254
100
AcDbHatch
10
0
20
0
30
0
210
0
220
0
230
1
2
FILL_4141
70
1
71
0
91
1
92
0
93
4
72
1
10
90958.0
20
-53814.0
11
90255.0
21
-55018.0
72
1
10
90255.0
20
-55018.0
11
89823.0
21
-54766.0
72
1
10
89823.0
20
-54766.0
11
90527.0
21
-53561.0
72
1
10
90527.0
20
-53561.0
11
90958.0
21
-53814.0
97
0
75
0
76
1
98
0
0
LINE
5
102f
100
AcDbEntity
8
Service Area
6
Solid
370
25
62
254
100
AcDbLine
10
90958.0
20
-53814.0
30
0.0
11
90255.0
21
-55018.0
31
0.0
0
LINE
5
1031
100
AcDbEntity
8
Service Area
6
Solid
370
25
62
254
100
AcDbLine
10
90255.0
20
-55018.0
30
0.0
11
89823.0
21
-54766.0
31
0.0
0
LINE
5
1033
100
AcDbEntity
8
Service Area
6
Solid
370
25
62
254
100
AcDbLine
10
89823.0
20
-54766.0
30
0.0
11
90527.0
21
-53561.0
31
0.0
0
LINE
5
1035
100
AcDbEntity
8
Service Area
6
Solid
370
25
62
254
100
AcDbLine
10
90527.0
20
-53561.0
30
0.0
11
90958.0
21
-53814.0
31
0.0
0
HATCH
5
1041
100
AcDbEntity
8
Service Area
6
Solid
370
25
62
254
100
AcDbHatch
10
0
20
0
30
0
210
0
220
0
230
1
2
FILL_4161
70
1
71
0
91
1
92
0
93
4
72
1
10
87527.0
20
-59691.0
11
86824.0
21
-60896.0
72
1
10
86824.0
20
-60896.0
11
86392.0
21
-60643.0
72
1
10
86392.0
20
-60643.0
11
87095.0
21
-59439.0
72
1
10
87095.0
20
-59439.0
11
87527.0
21
-59691.0
97
0
75
0
76
1
98
0
0
LINE
5
1043
100
AcDbEntity
8
Service Area
6
Solid
370
25
62
254
100
AcDbLine
10
87527.0
20
-59691.0
30
0.0
11
86824.0
21
-60896.0
31
0.0
0
LINE
5
1045
100
AcDbEntity
8
Service Area
6
Solid
370
25
62
254
100
AcDbLine
10
86824.0
20
-60896.0
30
0.0
11
86392.0
21
-60643.0
31
0.0
0
LINE
5
1047
100
AcDbEntity
8
Service Area
6
Solid
370
25
62
254
100
AcDbLine
10
86392.0
20
-60643.0
30
0.0
11
87095.0
21
-59439.0
31
0.0
0
LINE
5
1049
100
AcDbEntity
8
Service Area
6
Solid
370
25
62
254
100
AcDbLine
10
87095.0
20
-59439.0
30
0.0
11
87527.0
21
-59691.0
31
0.0
0
HATCH
5
1055
100
AcDbEntity
8
Service Area
6
Solid
370
25
62
254
100
AcDbHatch
10
0
20
0
30
0
210
0
220
0
230
1
2
FILL_4181
70
1
71
0
91
1
92
0
93
4
72
1
10
85960.0
20
-60391.0
11
86664.0
21
-59186.0
72
1
10
86664.0
20
-59186.0
11
87095.0
21
-59438.0
72
1
10
87095.0
20
-59438.0
11
86392.0
21
-60643.0
72
1
10
86392.0
20
-60643.0
11
85960.0
21
-60391.0
97
0
75
0
76
1
98
0
0
LINE
5
1057
100
AcDbEntity
8
Service Area
6
Solid
370
25
62
254
100
AcDbLine
10
85960.0
20
-60391.0
30
0.0
11
86664.0
21
-59186.0
31
0.0
0
LINE
5
1059
100
AcDbEntity
8
Service Area
6
Solid
370
25
62
254
100
AcDbLine
10
86664.0
20
-59186.0
30
0.0
11
87095.0
21
-59438.0
31
0.0
0
LINE
5
105b
100
AcDbEntity
8
Service Area
6
Solid
370
25
62
254
100
AcDbLine
10
87095.0
20
-59438.0
30
0.0
11
86392.0
21
-60643.0
31
0.0
0
LINE
5
105d
100
AcDbEntity
8
Service Area
6
Solid
370
25
62
254
100
AcDbLine
10
86392.0
20
-60643.0
30
0.0
11
85960.0
21
-60391.0
31
0.0
0
HATCH
5
1069
100
AcDbEntity
8
Service Area
6
Solid
370
25
62
254
100
AcDbHatch
10
0
20
0
30
0
210
0
220
0
230
1
2
FILL_4201
70
1
71
0
91
1
92
0
93
4
72
1
10
79668.0
20
-56718.0
11
80372.0
21
-55513.0
72
1
10
80372.0
20
-55513.0
11
80804.0
21
-55765.0
72
1
10
80804.0
20
-55765.0
11
80100.0
21
-56970.0
72
1
10
80100.0
20
-56970.0
11
79668.0
21
-56718.0
97
0
75
0
76
1
98
0
0
LINE
5
106b
100
AcDbEntity
8
Service Area
6
Solid
370
25
62
254
100
AcDbLine
10
79668.0
20
-56718.0
30
0.0
11
80372.0
21
-55513.0
31
0.0
0
LINE
5
106d
100
AcDbEntity
8
Service Area
6
Solid
370
25
62
254
100
AcDbLine
10
80372.0
20
-55513.0
30
0.0
11
80804.0
21
-55765.0
31
0.0
0
LINE
5
106f
100
AcDbEntity
8
Service Area
6
Solid
370
25
62
254
100
AcDbLine
10
80804.0
20
-55765.0
30
0.0
11
80100.0
21
-56970.0
31
0.0
0
LINE
5
1071
100
AcDbEntity
8
Service Area
6
Solid
370
25
62
254
100
AcDbLine
10
80100.0
20
-56970.0
30
0.0
11
79668.0
21
-56718.0
31
0.0
0
HATCH
5
107d
100
AcDbEntity
8
Service Area
6
Solid
370
25
62
254
100
AcDbHatch
10
0
20
0
30
0
210
0
220
0
230
1
2
FILL_4221
70
1
71
0
91
1
92
0
93
4
72
1
10
80657.0
20
-47799.0
11
81089.0
21
-48051.0
72
1
10
81089.0
20
-48051.0
11
80385.0
21
-49256.0
72
1
10
80385.0
20
-49256.0
11
79954.0
21
-49004.0
72
1
10
79954.0
20
-49004.0
11
80657.0
21
-47799.0
97
0
75
0
76
1
98
0
0
LINE
5
107f
100
AcDbEntity
8
Service Area
6
Solid
370
25
62
254
100
AcDbLine
10
80657.0
20
-47799.0
30
0.0
11
81089.0
21
-48051.0
31
0.0
0
LINE
5
1081
100
AcDbEntity
8
Service Area
6
Solid
370
25
62
254
100
AcDbLine
10
81089.0
20
-48051.0
30
0.0
11
80385.0
21
-49256.0
31
0.0
0
LINE
5
1083
100
AcDbEntity
8
Service Area
6
Solid
370
25
62
254
100
AcDbLine
10
80385.0
20
-49256.0
30
0.0
11
79954.0
21
-49004.0
31
0.0
0
LINE
5
1085
100
AcDbEntity
8
Service Area
6
Solid
370
25
62
254
100
AcDbLine
10
79954.0
20
-49004.0
30
0.0
11
80657.0
21
-47799.0
31
0.0
0
HATCH
5
1491
100
AcDbEntity
8
Outer Walls
6
Solid
370
25
62
47
100
AcDbHatch
10
0
20
0
30
0
210
0
220
0
230
1
2
FILL_5265
70
1
71
0
91
89
92
0
93
14
72
1
10
120814.0
20
-105344.0
11
122150.0
21
-103056.0
72
1
10
122150.0
20
-103056.0
11
121829.0
21
-102868.0
72
1
10
121829.0
20
-102868.0
11
122081.0
21
-102437.0
72
1
10
122081.0
20
-102437.0
11
122618.0
21
-102750.0
72
1
10
122618.0
20
-102750.0
11
122658.0
21
-102779.0
72
1
10
122658.0
20
-102779.0
11
122691.0
21
-102815.0
72
1
10
122691.0
20
-102815.0
11
122717.0
21
-102856.0
72
1
10
122717.0
20
-102856.0
11
122734.0
21
-102902.0
72
1
10
122734.0
20
-102902.0
11
122741.0
21
-102951.0
72
1
10
122741.0
20
-102951.0
11
122740.0
21
-103000.0
72
1
10
122740.0
20
-103000.0
11
122728.0
21
-103047.0
72
1
10
122728.0
20
-103047.0
11
122708.0
21
-103092.0
72
1
10
122708.0
20
-103092.0
11
121246.0
21
-105596.0
72
1
10
121246.0
20
-105596.0
11
120814.0
21
-105344.0
97
0
92
0
93
4
72
1
10
120966.0
20
-102364.0
11
120534.0
21
-102112.0
72
1
10
120534.0
20
-102112.0
11
120786.0
21
-101680.0
72
1
10
120786.0
20
-101680.0
11
121218.0
21
-101932.0
72
1
10
121218.0
20
-101932.0
11
120966.0
21
-102364.0
97
0
92
0
93
14
72
1
10
114389.0
20
-114620.0
11
115142.0
21
-115060.0
72
1
10
115142.0
20
-115060.0
11
120058.0
21
-106640.0
72
1
10
120058.0
20
-106640.0
11
120489.0
21
-106892.0
72
1
10
120489.0
20
-106892.0
11
115447.0
21
-115528.0
72
1
10
115447.0
20
-115528.0
11
115419.0
21
-115567.0
72
1
10
115419.0
20
-115567.0
11
115383.0
21
-115601.0
72
1
10
115383.0
20
-115601.0
11
115341.0
21
-115626.0
72
1
10
115341.0
20
-115626.0
11
115295.0
21
-115643.0
72
1
10
115295.0
20
-115643.0
11
115247.0
21
-115651.0
72
1
10
115247.0
20
-115651.0
11
115198.0
21
-115649.0
72
1
10
115198.0
20
-115649.0
11
115150.0
21
-115638.0
72
1
10
115150.0
20
-115638.0
11
115106.0
21
-115618.0
72
1
10
115106.0
20
-115618.0
11
114137.0
21
-115052.0
72
1
10
114137.0
20
-115052.0
11
114389.0
21
-114620.0
97
0
92
0
93
4
72
1
10
119670.0
20
-101608.0
11
118295.0
21
-100805.0
72
1
10
118295.0
20
-100805.0
11
118547.0
21
-100373.0
72
1
10
118547.0
20
-100373.0
11
119922.0
21
-101176.0
72
1
10
119922.0
20
-101176.0
11
119670.0
21
-101608.0
97
0
92
0
93
4
72
1
10
115832.0
20
-98789.0
11
117251.0
21
-99617.0
72
1
10
117251.0
20
-99617.0
11
116999.0
21
-100049.0
72
1
10
116999.0
20
-100049.0
11
115580.0
21
-99220.0
72
1
10
115580.0
20
-99220.0
11
115832.0
21
-98789.0
97
0
92
0
93
4
72
1
10
114537.0
20
-98032.0
11
114969.0
21
-98284.0
72
1
10
114969.0
20
-98284.0
11
114717.0
21
-98716.0
72
1
10
114717.0
20
-98716.0
11
114285.0
21
-98464.0
72
1
10
114285.0
20
-98464.0
11
114537.0
21
-98032.0
97
0
92
0
93
4
72
1
10
111723.0
20
-96389.0
11
113673.0
21
-97528.0
72
1
10
113673.0
20
-97528.0
11
113421.0
21
-97960.0
72
1
10
113421.0
20
-97960.0
11
111471.0
21
-96821.0
72
1
10
111471.0
20
-96821.0
11
111723.0
21
-96389.0
97
0
92
0
93
4
72
1
10
111718.0
20
-113061.0
11
113094.0
21
-113864.0
72
1
10
113094.0
20
-113864.0
11
112842.0
21
-114296.0
72
1
10
112842.0
20
-114296.0
11
111466.0
21
-113493.0
72
1
10
111466.0
20
-113493.0
11
111718.0
21
-113061.0
97
0
92
0
93
4
72
1
10
109208.0
20
-94921.0
11
110860.0
21
-95885.0
72
1
10
110860.0
20
-95885.0
11
110608.0
21
-96317.0
72
1
10
110608.0
20
-96317.0
11
108956.0
21
-95353.0
72
1
10
108956.0
20
-95353.0
11
109208.0
21
-94921.0
97
0
92
0
93
4
72
1
10
110423.0
20
-112305.0
11
110855.0
21
-112557.0
72
1
10
110855.0
20
-112557.0
11
110602.0
21
-112989.0
72
1
10
110602.0
20
-112989.0
11
110171.0
21
-112736.0
72
1
10
110171.0
20
-112736.0
11
110423.0
21
-112305.0
97
0
92
0
93
4
72
1
10
108140.0
20
-110972.0
11
109559.0
21
-111801.0
72
1
10
109559.0
20
-111801.0
11
109307.0
21
-112232.0
72
1
10
109307.0
20
-112232.0
11
107888.0
21
-111404.0
72
1
10
107888.0
20
-111404.0
11
108140.0
21
-110972.0
97
0
92
0
93
4
72
1
10
105963.0
20
-93026.0
11
108345.0
21
-94417.0
72
1
10
108345.0
20
-94417.0
11
108093.0
21
-94849.0
72
1
10
108093.0
20
-94849.0
11
105711.0
21
-93458.0
72
1
10
105711.0
20
-93458.0
11
105963.0
21
-93026.0
97
0
92
0
93
4
72
1
10
105426.0
20
-109388.0
11
106845.0
21
-110216.0
72
1
10
106845.0
20
-110216.0
11
106593.0
21
-110648.0
72
1
10
106593.0
20
-110648.0
11
105174.0
21
-109819.0
72
1
10
105174.0
20
-109819.0
11
105426.0
21
-109388.0
97
0
92
0
93
4
72
1
10
103292.0
20
-91467.0
11
104667.0
21
-92270.0
72
1
10
104667.0
20
-92270.0
11
104415.0
21
-92702.0
72
1
10
104415.0
20
-92702.0
11
103040.0
21
-91899.0
72
1
10
103040.0
20
-91899.0
11
103292.0
21
-91467.0
97
0
92
0
93
4
72
1
10
104131.0
20
-108631.0
11
104563.0
21
-108883.0
72
1
10
104563.0
20
-108883.0
11
104311.0
21
-109315.0
72
1
10
104311.0
20
-109315.0
11
103879.0
21
-109063.0
72
1
10
103879.0
20
-109063.0
11
104131.0
21
-108631.0
97
0
92
0
93
4
72
1
10
101848.0
20
-107299.0
11
103267.0
21
-108127.0
72
1
10
103267.0
20
-108127.0
11
103015.0
21
-108559.0
72
1
10
103015.0
20
-108559.0
11
101596.0
21
-107731.0
72
1
10
101596.0
20
-107731.0
11
101848.0
21
-107299.0
97
0
92
0
93
4
72
1
10
101996.0
20
-90711.0
11
102428.0
21
-90963.0
72
1
10
102428.0
20
-90963.0
11
102176.0
21
-91395.0
72
1
10
102176.0
20
-91395.0
11
101744.0
21
-91143.0
72
1
10
101744.0
20
-91143.0
11
101996.0
21
-90711.0
97
0
92
0
93
14
72
1
10
98792.0
20
-92488.0
11
100254.0
21
-89983.0
72
1
10
100254.0
20
-89983.0
11
100283.0
21
-89943.0
72
1
10
100283.0
20
-89943.0
11
100319.0
21
-89910.0
72
1
10
100319.0
20
-89910.0
11
100361.0
21
-89884.0
72
1
10
100361.0
20
-89884.0
11
100407.0
21
-89867.0
72
1
10
100407.0
20
-89867.0
11
100455.0
21
-89860.0
72
1
10
100455.0
20
-89860.0
11
100504.0
21
-89861.0
72
1
10
100504.0
20
-89861.0
11
100552.0
21
-89873.0
72
1
10
100552.0
20
-89873.0
11
100596.0
21
-89893.0
72
1
10
100596.0
20
-89893.0
11
101133.0
21
-90207.0
72
1
10
101133.0
20
-90207.0
11
100881.0
21
-90638.0
72
1
10
100881.0
20
-90638.0
11
100560.0
21
-90451.0
72
1
10
100560.0
20
-90451.0
11
99224.0
21
-92740.0
72
1
10
99224.0
20
-92740.0
11
98792.0
21
-92488.0
97
0
92
0
93
4
72
1
10
99134.0
20
-105714.0
11
100553.0
21
-106543.0
72
1
10
100553.0
20
-106543.0
11
100301.0
21
-106974.0
72
1
10
100301.0
20
-106974.0
11
98882.0
21
-106146.0
72
1
10
98882.0
20
-106146.0
11
99134.0
21
-105714.0
97
0
92
0
93
14
72
1
10
98507.0
20
-54342.0
11
98547.0
21
-54371.0
72
1
10
98547.0
20
-54371.0
11
98580.0
21
-54407.0
72
1
10
98580.0
20
-54407.0
11
98606.0
21
-54448.0
72
1
10
98606.0
20
-54448.0
11
98623.0
21
-54494.0
72
1
10
98623.0
20
-54494.0
11
98631.0
21
-54543.0
72
1
10
98631.0
20
-54543.0
11
98629.0
21
-54592.0
72
1
10
98629.0
20
-54592.0
11
98618.0
21
-54639.0
72
1
10
98618.0
20
-54639.0
11
98597.0
21
-54684.0
72
1
10
98597.0
20
-54684.0
11
97135.0
21
-57188.0
72
1
10
97135.0
20
-57188.0
11
96703.0
21
-56936.0
72
1
10
96703.0
20
-56936.0
11
98039.0
21
-54648.0
72
1
10
98039.0
20
-54648.0
11
97287.0
21
-54208.0
72
1
10
97287.0
20
-54208.0
11
97539.0
21
-53777.0
72
1
10
97539.0
20
-53777.0
11
98507.0
21
-54342.0
97
0
92
0
93
4
72
1
10
95212.0
20
-98619.0
11
98036.0
21
-93783.0
72
1
10
98036.0
20
-93783.0
11
98468.0
21
-94035.0
72
1
10
98468.0
20
-94035.0
11
95644.0
21
-98871.0
72
1
10
95644.0
20
-98871.0
11
95212.0
21
-98619.0
97
0
92
0
93
4
72
1
10
97839.0
20
-104958.0
11
98271.0
21
-105210.0
72
1
10
98271.0
20
-105210.0
11
98019.0
21
-105642.0
72
1
10
98019.0
20
-105642.0
11
97587.0
21
-105390.0
72
1
10
97587.0
20
-105390.0
11
97839.0
21
-104958.0
97
0
92
0
93
4
72
1
10
95600.0
20
-103651.0
11
96975.0
21
-104454.0
72
1
10
96975.0
20
-104454.0
11
96723.0
21
-104886.0
72
1
10
96723.0
20
-104886.0
11
95348.0
21
-104083.0
72
1
10
95348.0
20
-104083.0
11
95600.0
21
-103651.0
97
0
92
0
93
4
72
1
10
96379.0
20
-58484.0
11
93555.0
21
-63320.0
72
1
10
93555.0
20
-63320.0
11
93124.0
21
-63068.0
72
1
10
93124.0
20
-63068.0
11
95947.0
21
-58232.0
72
1
10
95947.0
20
-58232.0
11
96379.0
21
-58484.0
97
0
92
0
93
4
72
1
10
95991.0
20
-53452.0
11
94616.0
21
-52649.0
72
1
10
94616.0
20
-52649.0
11
94868.0
21
-52217.0
72
1
10
94868.0
20
-52217.0
11
96244.0
21
-53020.0
72
1
10
96244.0
20
-53020.0
11
95991.0
21
-53452.0
97
0
92
0
93
14
72
1
10
93084.0
20
-102761.0
11
93044.0
21
-102732.0
72
1
10
93044.0
20
-102732.0
11
93011.0
21
-102696.0
72
1
10
93011.0
20
-102696.0
11
92985.0
21
-102654.0
72
1
10
92985.0
20
-102654.0
11
92968.0
21
-102608.0
72
1
10
92968.0
20
-102608.0
11
92960.0
21
-102560.0
72
1
10
92960.0
20
-102560.0
11
92962.0
21
-102511.0
72
1
10
92962.0
20
-102511.0
11
92974.0
21
-102463.0
72
1
10
92974.0
20
-102463.0
11
92994.0
21
-102419.0
72
1
10
92994.0
20
-102419.0
11
94456.0
21
-99914.0
72
1
10
94456.0
20
-99914.0
11
94888.0
21
-100167.0
72
1
10
94888.0
20
-100167.0
11
93552.0
21
-102455.0
72
1
10
93552.0
20
-102455.0
11
94304.0
21
-102894.0
72
1
10
94304.0
20
-102894.0
11
94052.0
21
-103326.0
72
1
10
94052.0
20
-103326.0
11
93084.0
21
-102761.0
97
0
92
0
93
4
72
1
10
93752.0
20
-52145.0
11
93320.0
21
-51893.0
72
1
10
93320.0
20
-51893.0
11
93573.0
21
-51461.0
72
1
10
93573.0
20
-51461.0
11
94004.0
21
-51713.0
72
1
10
94004.0
20
-51713.0
11
93752.0
21
-52145.0
97
0
92
0
93
14
72
1
10
92799.0
20
-64615.0
11
91337.0
21
-67120.0
72
1
10
91337.0
20
-67120.0
11
91308.0
21
-67159.0
72
1
10
91308.0
20
-67159.0
11
91272.0
21
-67193.0
72
1
10
91272.0
20
-67193.0
11
91231.0
21
-67218.0
72
1
10
91231.0
20
-67218.0
11
91185.0
21
-67235.0
72
1
10
91185.0
20
-67235.0
11
91136.0
21
-67243.0
72
1
10
91136.0
20
-67243.0
11
91087.0
21
-67241.0
72
1
10
91087.0
20
-67241.0
11
91040.0
21
-67230.0
72
1
10
91040.0
20
-67230.0
11
90995.0
21
-67210.0
72
1
10
90995.0
20
-67210.0
11
90458.0
21
-66896.0
72
1
10
90458.0
20
-66896.0
11
90710.0
21
-66464.0
72
1
10
90710.0
20
-66464.0
11
91031.0
21
-66652.0
72
1
10
91031.0
20
-66652.0
11
92367.0
21
-64363.0
72
1
10
92367.0
20
-64363.0
11
92799.0
21
-64615.0
97
0
92
0
93
4
72
1
10
92457.0
20
-51389.0
11
91470.0
21
-50812.0
72
1
10
91470.0
20
-50812.0
11
91722.0
21
-50381.0
72
1
10
91722.0
20
-50381.0
11
92709.0
21
-50957.0
72
1
10
92709.0
20
-50957.0
11
92457.0
21
-51389.0
97
0
92
0
93
4
72
1
10
90427.0
20
-49624.0
11
90858.0
21
-49876.0
72
1
10
90858.0
20
-49876.0
11
90606.0
21
-50308.0
72
1
10
90606.0
20
-50308.0
11
90175.0
21
-50056.0
72
1
10
90175.0
20
-50056.0
11
90427.0
21
-49624.0
97
0
92
0
93
4
72
1
10
89595.0
20
-66392.0
11
89163.0
21
-66140.0
72
1
10
89163.0
20
-66140.0
11
89415.0
21
-65708.0
72
1
10
89415.0
20
-65708.0
11
89847.0
21
-65960.0
72
1
10
89847.0
20
-65960.0
11
89595.0
21
-66392.0
97
0
92
0
93
4
72
1
10
87613.0
20
-47982.0
11
89563.0
21
-49120.0
72
1
10
89563.0
20
-49120.0
11
89311.0
21
-49552.0
72
1
10
89311.0
20
-49552.0
11
87361.0
21
-48413.0
72
1
10
87361.0
20
-48413.0
11
87613.0
21
-47982.0
97
0
92
0
93
4
72
1
10
88299.0
20
-65636.0
11
86924.0
21
-64833.0
72
1
10
86924.0
20
-64833.0
11
87176.0
21
-64401.0
72
1
10
87176.0
20
-64401.0
11
88551.0
21
-65204.0
72
1
10
88551.0
20
-65204.0
11
88299.0
21
-65636.0
97
0
92
0
93
4
72
1
10
85098.0
20
-46513.0
11
86749.0
21
-47477.0
72
1
10
86749.0
20
-47477.0
11
86497.0
21
-47909.0
72
1
10
86497.0
20
-47909.0
11
84846.0
21
-46945.0
72
1
10
84846.0
20
-46945.0
11
85098.0
21
-46513.0
97
0
92
0
93
4
72
1
10
85628.0
20
-64076.0
11
83778.0
21
-62996.0
72
1
10
83778.0
20
-62996.0
11
84030.0
21
-62564.0
72
1
10
84030.0
20
-62564.0
11
85880.0
21
-63645.0
72
1
10
85880.0
20
-63645.0
11
85628.0
21
-64076.0
97
0
92
0
93
4
72
1
10
82284.0
20
-44871.0
11
84234.0
21
-46009.0
72
1
10
84234.0
20
-46009.0
11
83982.0
21
-46441.0
72
1
10
83982.0
20
-46441.0
11
82032.0
21
-45302.0
72
1
10
82032.0
20
-45302.0
11
82284.0
21
-44871.0
97
0
92
0
93
4
72
1
10
82482.0
20
-62240.0
11
81064.0
21
-61411.0
72
1
10
81064.0
20
-61411.0
11
81316.0
21
-60980.0
72
1
10
81316.0
20
-60980.0
11
82735.0
21
-61808.0
72
1
10
82735.0
20
-61808.0
11
82482.0
21
-62240.0
97
0
92
0
93
4
72
1
10
80989.0
20
-44114.0
11
81421.0
21
-44366.0
72
1
10
81421.0
20
-44366.0
11
81168.0
21
-44798.0
72
1
10
81168.0
20
-44798.0
11
80737.0
21
-44546.0
72
1
10
80737.0
20
-44546.0
11
80989.0
21
-44114.0
97
0
92
0
93
4
72
1
10
80200.0
20
-60907.0
11
79768.0
21
-60655.0
72
1
10
79768.0
20
-60655.0
11
80020.0
21
-60223.0
72
1
10
80020.0
20
-60223.0
11
80452.0
21
-60475.0
72
1
10
80452.0
20
-60475.0
11
80200.0
21
-60907.0
97
0
92
0
93
4
72
1
10
78750.0
20
-42807.0
11
80125.0
21
-43610.0
72
1
10
80125.0
20
-43610.0
11
79873.0
21
-44042.0
72
1
10
79873.0
20
-44042.0
11
78497.0
21
-43239.0
72
1
10
78497.0
20
-43239.0
11
78750.0
21
-42807.0
97
0
92
0
93
4
72
1
10
78905.0
20
-60151.0
11
77486.0
21
-59323.0
72
1
10
77486.0
20
-59323.0
11
77738.0
21
-58891.0
72
1
10
77738.0
20
-58891.0
11
79157.0
21
-59719.0
72
1
10
79157.0
20
-59719.0
11
78905.0
21
-60151.0
97
0
92
0
93
14
72
1
10
74682.0
20
-44080.0
11
76144.0
21
-41575.0
72
1
10
76144.0
20
-41575.0
11
76172.0
21
-41535.0
72
1
10
76172.0
20
-41535.0
11
76208.0
21
-41502.0
72
1
10
76208.0
20
-41502.0
11
76250.0
21
-41476.0
72
1
10
76250.0
20
-41476.0
11
76296.0
21
-41459.0
72
1
10
76296.0
20
-41459.0
11
76345.0
21
-41452.0
72
1
10
76345.0
20
-41452.0
11
76393.0
21
-41453.0
72
1
10
76393.0
20
-41453.0
11
76441.0
21
-41465.0
72
1
10
76441.0
20
-41465.0
11
76486.0
21
-41485.0
72
1
10
76486.0
20
-41485.0
11
77454.0
21
-42051.0
72
1
10
77454.0
20
-42051.0
11
77202.0
21
-42483.0
72
1
10
77202.0
20
-42483.0
11
76450.0
21
-42043.0
72
1
10
76450.0
20
-42043.0
11
75113.0
21
-44332.0
72
1
10
75113.0
20
-44332.0
11
74682.0
21
-44080.0
97
0
92
0
93
4
72
1
10
76191.0
20
-58566.0
11
74340.0
21
-57486.0
72
1
10
74340.0
20
-57486.0
11
74592.0
21
-57054.0
72
1
10
74592.0
20
-57054.0
11
76443.0
21
-58135.0
72
1
10
76443.0
20
-58135.0
11
76191.0
21
-58566.0
97
0
92
0
93
4
72
1
10
71102.0
20
-50211.0
11
73925.0
21
-45375.0
72
1
10
73925.0
20
-45375.0
11
74357.0
21
-45627.0
72
1
10
74357.0
20
-45627.0
11
71534.0
21
-50463.0
72
1
10
71534.0
20
-50463.0
11
71102.0
21
-50211.0
97
0
92
0
93
4
72
1
10
73045.0
20
-56730.0
11
71669.0
21
-55927.0
72
1
10
71669.0
20
-55927.0
11
71921.0
21
-55495.0
72
1
10
71921.0
20
-55495.0
11
73297.0
21
-56298.0
72
1
10
73297.0
20
-56298.0
11
73045.0
21
-56730.0
97
0
92
0
93
4
72
1
10
70805.0
20
-55422.0
11
70374.0
21
-55170.0
72
1
10
70374.0
20
-55170.0
11
70626.0
21
-54739.0
72
1
10
70626.0
20
-54739.0
11
71057.0
21
-54991.0
72
1
10
71057.0
20
-54991.0
11
70805.0
21
-55422.0
97
0
92
0
93
14
72
1
10
69510.0
20
-54666.0
11
68973.0
21
-54353.0
72
1
10
68973.0
20
-54353.0
11
68934.0
21
-54324.0
72
1
10
68934.0
20
-54324.0
11
68900.0
21
-54288.0
72
1
10
68900.0
20
-54288.0
11
68875.0
21
-54246.0
72
1
10
68875.0
20
-54246.0
11
68858.0
21
-54201.0
72
1
10
68858.0
20
-54201.0
11
68850.0
21
-54152.0
72
1
10
68850.0
20
-54152.0
11
68852.0
21
-54103.0
72
1
10
68852.0
20
-54103.0
11
68863.0
21
-54055.0
72
1
10
68863.0
20
-54055.0
11
68883.0
21
-54011.0
72
1
10
68883.0
20
-54011.0
11
70346.0
21
-51506.0
72
1
10
70346.0
20
-51506.0
11
70777.0
21
-51759.0
72
1
10
70777.0
20
-51759.0
11
69441.0
21
-54047.0
72
1
10
69441.0
20
-54047.0
11
69762.0
21
-54234.0
72
1
10
69762.0
20
-54234.0
11
69510.0
21
-54666.0
97
0
92
0
93
14
72
1
10
64319.0
20
-98756.0
11
67277.0
21
-100482.0
72
1
10
67277.0
20
-100482.0
11
67316.0
21
-100511.0
72
1
10
67316.0
20
-100511.0
11
67350.0
21
-100547.0
72
1
10
67350.0
20
-100547.0
11
67375.0
21
-100589.0
72
1
10
67375.0
20
-100589.0
11
67392.0
21
-100635.0
72
1
10
67392.0
20
-100635.0
11
67400.0
21
-100683.0
72
1
10
67400.0
20
-100683.0
11
67398.0
21
-100732.0
72
1
10
67398.0
20
-100732.0
11
67387.0
21
-100780.0
72
1
10
67387.0
20
-100780.0
11
67367.0
21
-100824.0
72
1
10
67367.0
20
-100824.0
11
66837.0
21
-101731.0
72
1
10
66837.0
20
-101731.0
11
66405.0
21
-101479.0
72
1
10
66405.0
20
-101479.0
11
66809.0
21
-100788.0
72
1
10
66809.0
20
-100788.0
11
64067.0
21
-99187.0
72
1
10
64067.0
20
-99187.0
11
64319.0
21
-98756.0
97
0
92
0
93
4
72
1
10
66081.0
20
-103027.0
11
65350.0
21
-104279.0
72
1
10
65350.0
20
-104279.0
11
64918.0
21
-104027.0
72
1
10
64918.0
20
-104027.0
11
65649.0
21
-102774.0
72
1
10
65649.0
20
-102774.0
11
66081.0
21
-103027.0
97
0
92
0
93
4
72
1
10
64846.0
20
-105142.0
11
64594.0
21
-105574.0
72
1
10
64594.0
20
-105574.0
11
64162.0
21
-105322.0
72
1
10
64162.0
20
-105322.0
11
64414.0
21
-104890.0
72
1
10
64414.0
20
-104890.0
11
64846.0
21
-105142.0
97
0
92
0
93
4
72
1
10
64089.0
20
-106438.0
11
63333.0
21
-107733.0
72
1
10
63333.0
20
-107733.0
11
62901.0
21
-107481.0
72
1
10
62901.0
20
-107481.0
11
63658.0
21
-106186.0
72
1
10
63658.0
20
-106186.0
11
64089.0
21
-106438.0
97
0
92
0
93
4
72
1
10
57281.0
20
-94646.0
11
63023.0
21
-97999.0
72
1
10
63023.0
20
-97999.0
11
62771.0
21
-98431.0
72
1
10
62771.0
20
-98431.0
11
57028.0
21
-95078.0
72
1
10
57028.0
20
-95078.0
11
57281.0
21
-94646.0
97
0
92
0
93
4
72
1
10
62577.0
20
-109029.0
11
61568.0
21
-110756.0
72
1
10
61568.0
20
-110756.0
11
61137.0
21
-110504.0
72
1
10
61137.0
20
-110504.0
11
62145.0
21
-108776.0
72
1
10
62145.0
20
-108776.0
11
62577.0
21
-109029.0
97
0
92
0
93
4
72
1
10
60812.0
20
-112051.0
11
60056.0
21
-113347.0
72
1
10
60056.0
20
-113347.0
11
59624.0
21
-113094.0
72
1
10
59624.0
20
-113094.0
11
60380.0
21
-111799.0
72
1
10
60380.0
20
-111799.0
11
60812.0
21
-112051.0
97
0
92
0
93
4
72
1
10
59552.0
20
-114210.0
11
59300.0
21
-114642.0
72
1
10
59300.0
20
-114642.0
11
58868.0
21
-114390.0
72
1
10
58868.0
20
-114390.0
11
59120.0
21
-113958.0
72
1
10
59120.0
20
-113958.0
11
59552.0
21
-114210.0
97
0
92
0
93
4
72
1
10
58795.0
20
-115506.0
11
58064.0
21
-116758.0
72
1
10
58064.0
20
-116758.0
11
57633.0
21
-116506.0
72
1
10
57633.0
20
-116506.0
11
58364.0
21
-115253.0
72
1
10
58364.0
20
-115253.0
11
58795.0
21
-115506.0
97
0
92
0
93
14
72
1
10
57308.0
20
-118053.0
11
56779.0
21
-118960.0
72
1
10
56779.0
20
-118960.0
11
56750.0
21
-119000.0
72
1
10
56750.0
20
-119000.0
11
56714.0
21
-119033.0
72
1
10
56714.0
20
-119033.0
11
56672.0
21
-119059.0
72
1
10
56672.0
20
-119059.0
11
56626.0
21
-119076.0
72
1
10
56626.0
20
-119076.0
11
56578.0
21
-119083.0
72
1
10
56578.0
20
-119083.0
11
56529.0
21
-119082.0
72
1
10
56529.0
20
-119082.0
11
56481.0
21
-119070.0
72
1
10
56481.0
20
-119070.0
11
56437.0
21
-119050.0
72
1
10
56437.0
20
-119050.0
11
53479.0
21
-117323.0
72
1
10
53479.0
20
-117323.0
11
53731.0
21
-116891.0
72
1
10
53731.0
20
-116891.0
11
56473.0
21
-118492.0
72
1
10
56473.0
20
-118492.0
11
56876.0
21
-117801.0
72
1
10
56876.0
20
-117801.0
11
57308.0
21
-118053.0
97
0
92
0
93
14
72
1
10
52685.0
20
-92253.0
11
52714.0
21
-92214.0
72
1
10
52714.0
20
-92214.0
11
52750.0
21
-92180.0
72
1
10
52750.0
20
-92180.0
11
52792.0
21
-92155.0
72
1
10
52792.0
20
-92155.0
11
52838.0
21
-92137.0
72
1
10
52838.0
20
-92137.0
11
52886.0
21
-92130.0
72
1
10
52886.0
20
-92130.0
11
52935.0
21
-92132.0
72
1
10
52935.0
20
-92132.0
11
52983.0
21
-92143.0
72
1
10
52983.0
20
-92143.0
11
53027.0
21
-92163.0
72
1
10
53027.0
20
-92163.0
11
55985.0
21
-93890.0
72
1
10
55985.0
20
-93890.0
11
55733.0
21
-94322.0
72
1
10
55733.0
20
-94322.0
11
52991.0
21
-92721.0
72
1
10
52991.0
20
-92721.0
11
52840.0
21
-92980.0
72
1
10
52840.0
20
-92980.0
11
52408.0
21
-92728.0
72
1
10
52408.0
20
-92728.0
11
52685.0
21
-92253.0
97
0
92
0
93
4
72
1
10
52184.0
20
-116567.0
11
46441.0
21
-113214.0
72
1
10
46441.0
20
-113214.0
11
46693.0
21
-112782.0
72
1
10
46693.0
20
-112782.0
11
52436.0
21
-116135.0
72
1
10
52436.0
20
-116135.0
11
52184.0
21
-116567.0
97
0
92
0
93
4
72
1
10
52336.0
20
-93844.0
11
52084.0
21
-94276.0
72
1
10
52084.0
20
-94276.0
11
51652.0
21
-94024.0
72
1
10
51652.0
20
-94024.0
11
51904.0
21
-93592.0
72
1
10
51904.0
20
-93592.0
11
52336.0
21
-93844.0
97
0
92
0
93
4
72
1
10
51579.0
20
-95139.0
11
50848.0
21
-96392.0
72
1
10
50848.0
20
-96392.0
11
50417.0
21
-96139.0
72
1
10
50417.0
20
-96139.0
11
51148.0
21
-94887.0
72
1
10
51148.0
20
-94887.0
11
51579.0
21
-95139.0
97
0
92
0
93
4
72
1
10
48342.0
20
-99693.0
11
49660.0
21
-97435.0
72
1
10
49660.0
20
-97435.0
11
50092.0
21
-97687.0
72
1
10
50092.0
20
-97687.0
11
48773.0
21
-99946.0
72
1
10
48773.0
20
-99946.0
11
48342.0
21
-99693.0
97
0
92
0
93
4
72
1
10
46945.0
20
-102085.0
11
47837.0
21
-100557.0
72
1
10
47837.0
20
-100557.0
11
48269.0
21
-100809.0
72
1
10
48269.0
20
-100809.0
11
47377.0
21
-102337.0
72
1
10
47377.0
20
-102337.0
11
46945.0
21
-102085.0
97
0
92
0
93
4
72
1
10
45123.0
20
-105207.0
11
46441.0
21
-102949.0
72
1
10
46441.0
20
-102949.0
11
46873.0
21
-103201.0
72
1
10
46873.0
20
-103201.0
11
45554.0
21
-105459.0
72
1
10
45554.0
20
-105459.0
11
45123.0
21
-105207.0
97
0
92
0
93
14
72
1
10
45145.0
20
-112458.0
11
42187.0
21
-110731.0
72
1
10
42187.0
20
-110731.0
11
42148.0
21
-110702.0
72
1
10
42148.0
20
-110702.0
11
42114.0
21
-110666.0
72
1
10
42114.0
20
-110666.0
11
42089.0
21
-110624.0
72
1
10
42089.0
20
-110624.0
11
42072.0
21
-110578.0
72
1
10
42072.0
20
-110578.0
11
42064.0
21
-110530.0
72
1
10
42064.0
20
-110530.0
11
42066.0
21
-110481.0
72
1
10
42066.0
20
-110481.0
11
42077.0
21
-110433.0
72
1
10
42077.0
20
-110433.0
11
42098.0
21
-110389.0
72
1
10
42098.0
20
-110389.0
11
42375.0
21
-109914.0
72
1
10
42375.0
20
-109914.0
11
42807.0
21
-110166.0
72
1
10
42807.0
20
-110166.0
11
42655.0
21
-110425.0
72
1
10
42655.0
20
-110425.0
11
45397.0
21
-112026.0
72
1
10
45397.0
20
-112026.0
11
45145.0
21
-112458.0
97
0
92
0
93
4
72
1
10
43635.0
20
-107755.0
11
44366.0
21
-106503.0
72
1
10
44366.0
20
-106503.0
11
44798.0
21
-106755.0
72
1
10
44798.0
20
-106755.0
11
44067.0
21
-108007.0
72
1
10
44067.0
20
-108007.0
11
43635.0
21
-107755.0
97
0
92
0
93
4
72
1
10
42879.0
20
-109050.0
11
43131.0
21
-108618.0
72
1
10
43131.0
20
-108618.0
11
43563.0
21
-108870.0
72
1
10
43563.0
20
-108870.0
11
43311.0
21
-109302.0
72
1
10
43311.0
20
-109302.0
11
42879.0
21
-109050.0
97
0
92
0
93
14
72
1
10
30364.0
20
-29297.0
11
33196.0
21
-29921.0
72
1
10
33196.0
20
-29921.0
11
33243.0
21
-29936.0
72
1
10
33243.0
20
-29936.0
11
33285.0
21
-29960.0
72
1
10
33285.0
20
-29960.0
11
33323.0
21
-29992.0
72
1
10
33323.0
20
-29992.0
11
33353.0
21
-30030.0
72
1
10
33353.0
20
-30030.0
11
33375.0
21
-30074.0
72
1
10
33375.0
20
-30074.0
11
33389.0
21
-30121.0
72
1
10
33389.0
20
-30121.0
11
33392.0
21
-30170.0
72
1
10
33392.0
20
-30170.0
11
33387.0
21
-30218.0
72
1
10
33387.0
20
-30218.0
11
33145.0
21
-31314.0
72
1
10
33145.0
20
-31314.0
11
32657.0
21
-31206.0
72
1
10
32657.0
20
-31206.0
11
32844.0
21
-30355.0
72
1
10
32844.0
20
-30355.0
11
30256.0
21
-29785.0
72
1
10
30256.0
20
-29785.0
11
30364.0
21
-29297.0
97
0
92
0
93
4
72
1
10
32823.0
20
-32779.0
11
32373.0
21
-34822.0
72
1
10
32373.0
20
-34822.0
11
31885.0
21
-34715.0
72
1
10
31885.0
20
-34715.0
11
32335.0
21
-32671.0
72
1
10
32335.0
20
-32671.0
11
32823.0
21
-32779.0
97
0
92
0
93
4
72
1
10
32050.0
20
-36287.0
11
31697.0
21
-37892.0
72
1
10
31697.0
20
-37892.0
11
31209.0
21
-37784.0
72
1
10
31209.0
20
-37784.0
11
31562.0
21
-36180.0
72
1
10
31562.0
20
-36180.0
11
32050.0
21
-36287.0
97
0
92
0
93
4
72
1
10
31482.0
20
-38868.0
11
31375.0
21
-39357.0
72
1
10
31375.0
20
-39357.0
11
30886.0
21
-39249.0
72
1
10
30886.0
20
-39249.0
11
30994.0
21
-38761.0
72
1
10
30994.0
20
-38761.0
11
31482.0
21
-38868.0
97
0
92
0
93
4
72
1
10
31160.0
20
-40333.0
11
30806.0
21
-41938.0
72
1
10
30806.0
20
-41938.0
11
30318.0
21
-41830.0
72
1
10
30318.0
20
-41830.0
11
30671.0
21
-40226.0
72
1
10
30671.0
20
-40226.0
11
31160.0
21
-40333.0
97
0
92
0
93
4
72
1
10
30484.0
20
-43403.0
11
30131.0
21
-45007.0
72
1
10
30131.0
20
-45007.0
11
29642.0
21
-44900.0
72
1
10
29642.0
20
-44900.0
11
29996.0
21
-43295.0
72
1
10
29996.0
20
-43295.0
11
30484.0
21
-43403.0
97
0
92
0
93
4
72
1
10
29916.0
20
-45984.0
11
29808.0
21
-46472.0
72
1
10
29808.0
20
-46472.0
11
29320.0
21
-46365.0
72
1
10
29320.0
20
-46365.0
11
29427.0
21
-45876.0
72
1
10
29427.0
20
-45876.0
11
29916.0
21
-45984.0
97
0
92
0
93
4
72
1
10
29593.0
20
-47449.0
11
29240.0
21
-49053.0
72
1
10
29240.0
20
-49053.0
11
28752.0
21
-48946.0
72
1
10
28752.0
20
-48946.0
11
29105.0
21
-47341.0
72
1
10
29105.0
20
-47341.0
11
29593.0
21
-47449.0
97
0
92
0
93
4
72
1
10
28917.0
20
-50518.0
11
28467.0
21
-52562.0
72
1
10
28467.0
20
-52562.0
11
27979.0
21
-52454.0
72
1
10
27979.0
20
-52454.0
11
28429.0
21
-50410.0
72
1
10
28429.0
20
-50410.0
11
28917.0
21
-50518.0
97
0
92
0
93
14
72
1
10
18835.0
20
-27015.0
11
18850.0
21
-26968.0
72
1
10
18850.0
20
-26968.0
11
18874.0
21
-26925.0
72
1
10
18874.0
20
-26925.0
11
18906.0
21
-26888.0
72
1
10
18906.0
20
-26888.0
11
18945.0
21
-26858.0
72
1
10
18945.0
20
-26858.0
11
18988.0
21
-26836.0
72
1
10
18988.0
20
-26836.0
11
19035.0
21
-26822.0
72
1
10
19035.0
20
-26822.0
11
19084.0
21
-26819.0
72
1
10
19084.0
20
-26819.0
11
19133.0
21
-26824.0
72
1
10
19133.0
20
-26824.0
11
28899.0
21
-28974.0
72
1
10
28899.0
20
-28974.0
11
28792.0
21
-29463.0
72
1
10
28792.0
20
-29463.0
11
19270.0
21
-27366.0
72
1
10
19270.0
20
-27366.0
11
19190.0
21
-27729.0
72
1
10
19190.0
20
-27729.0
11
18701.0
21
-27622.0
72
1
10
18701.0
20
-27622.0
11
18835.0
21
-27015.0
97
0
92
0
93
14
72
1
10
28145.0
20
-54027.0
11
27904.0
21
-55122.0
72
1
10
27904.0
20
-55122.0
11
27889.0
21
-55169.0
72
1
10
27889.0
20
-55169.0
11
27865.0
21
-55211.0
72
1
10
27865.0
20
-55211.0
11
27833.0
21
-55249.0
72
1
10
27833.0
20
-55249.0
11
27794.0
21
-55279.0
72
1
10
27794.0
20
-55279.0
11
27751.0
21
-55301.0
72
1
10
27751.0
20
-55301.0
11
27703.0
21
-55314.0
72
1
10
27703.0
20
-55314.0
11
27655.0
21
-55318.0
72
1
10
27655.0
20
-55318.0
11
27606.0
21
-55312.0
72
1
10
27606.0
20
-55312.0
11
24774.0
21
-54689.0
72
1
10
24774.0
20
-54689.0
11
24881.0
21
-54201.0
72
1
10
24881.0
20
-54201.0
11
27469.0
21
-54770.0
72
1
10
27469.0
20
-54770.0
11
27657.0
21
-53919.0
72
1
10
27657.0
20
-53919.0
11
28145.0
21
-54027.0
97
0
92
0
93
14
72
1
10
23309.0
20
-54366.0
11
13543.0
21
-52216.0
72
1
10
13543.0
20
-52216.0
11
13496.0
21
-52201.0
72
1
10
13496.0
20
-52201.0
11
13453.0
21
-52177.0
72
1
10
13453.0
20
-52177.0
11
13416.0
21
-52145.0
72
1
10
13416.0
20
-52145.0
11
13386.0
21
-52107.0
72
1
10
13386.0
20
-52107.0
11
13364.0
21
-52063.0
72
1
10
13364.0
20
-52063.0
11
13350.0
21
-52016.0
72
1
10
13350.0
20
-52016.0
11
13346.0
21
-51967.0
72
1
10
13346.0
20
-51967.0
11
13352.0
21
-51918.0
72
1
10
13352.0
20
-51918.0
11
13486.0
21
-51311.0
72
1
10
13486.0
20
-51311.0
11
13974.0
21
-51419.0
72
1
10
13974.0
20
-51419.0
11
13894.0
21
-51782.0
72
1
10
13894.0
20
-51782.0
11
23416.0
21
-53878.0
72
1
10
23416.0
20
-53878.0
11
23309.0
21
-54366.0
97
0
92
0
93
4
72
1
10
18975.0
20
-28706.0
11
18867.0
21
-29194.0
72
1
10
18867.0
20
-29194.0
11
18379.0
21
-29087.0
72
1
10
18379.0
20
-29087.0
11
18486.0
21
-28598.0
72
1
10
18486.0
20
-28598.0
11
18975.0
21
-28706.0
97
0
92
0
93
4
72
1
10
18652.0
20
-30171.0
11
18417.0
21
-31238.0
72
1
10
18417.0
20
-31238.0
11
17929.0
21
-31130.0
72
1
10
17929.0
20
-31130.0
11
18164.0
21
-30063.0
72
1
10
18164.0
20
-30063.0
11
18652.0
21
-30171.0
97
0
92
0
93
4
72
1
10
18202.0
20
-32215.0
11
18095.0
21
-32703.0
72
1
10
18095.0
20
-32703.0
11
17606.0
21
-32595.0
72
1
10
17606.0
20
-32595.0
11
17714.0
21
-32107.0
72
1
10
17714.0
20
-32107.0
11
18202.0
21
-32215.0
97
0
92
0
93
4
72
1
10
17880.0
20
-33679.0
11
17526.0
21
-35284.0
72
1
10
17526.0
20
-35284.0
11
17038.0
21
-35176.0
72
1
10
17038.0
20
-35176.0
11
17391.0
21
-33572.0
72
1
10
17391.0
20
-33572.0
11
17880.0
21
-33679.0
97
0
92
0
93
4
72
1
10
16123.0
20
-39335.0
11
16716.0
21
-36641.0
72
1
10
16716.0
20
-36641.0
11
17204.0
21
-36749.0
72
1
10
17204.0
20
-36749.0
11
16611.0
21
-39443.0
72
1
10
16611.0
20
-39443.0
11
16123.0
21
-39335.0
97
0
92
0
93
4
72
1
10
15496.0
20
-42179.0
11
15908.0
21
-40312.0
72
1
10
15908.0
20
-40312.0
11
16396.0
21
-40419.0
72
1
10
16396.0
20
-40419.0
11
15985.0
21
-42287.0
72
1
10
15985.0
20
-42287.0
11
15496.0
21
-42179.0
97
0
92
0
93
4
72
1
10
14796.0
20
-45361.0
11
15281.0
21
-43156.0
72
1
10
15281.0
20
-43156.0
11
15770.0
21
-43263.0
72
1
10
15770.0
20
-43263.0
11
15284.0
21
-45469.0
72
1
10
15284.0
20
-45469.0
11
14796.0
21
-45361.0
97
0
92
0
93
4
72
1
10
14473.0
20
-46826.0
11
14581.0
21
-46338.0
72
1
10
14581.0
20
-46338.0
11
15069.0
21
-46445.0
72
1
10
15069.0
20
-46445.0
11
14962.0
21
-46934.0
72
1
10
14962.0
20
-46934.0
11
14473.0
21
-46826.0
97
0
92
0
93
4
72
1
10
14023.0
20
-48870.0
11
14258.0
21
-47803.0
72
1
10
14258.0
20
-47803.0
11
14747.0
21
-47910.0
72
1
10
14747.0
20
-47910.0
11
14512.0
21
-48977.0
72
1
10
14512.0
20
-48977.0
11
14023.0
21
-48870.0
97
0
92
0
93
4
72
1
10
13701.0
20
-50335.0
11
13808.0
21
-49847.0
72
1
10
13808.0
20
-49847.0
11
14297.0
21
-49954.0
72
1
10
14297.0
20
-49954.0
11
14189.0
21
-50442.0
72
1
10
14189.0
20
-50442.0
11
13701.0
21
-50335.0
97
0
75
0
76
1
98
0
0
LINE
5
1493
100
AcDbEntity
8
Outer Walls
6
Solid
370
35
62
47
100
AcDbLine
10
120814.0
20
-105344.0
30
0.0
11
122150.0
21
-103056.0
31
0.0
0
LINE
5
1495
100
AcDbEntity
8
Outer Walls
6
Solid
370
35
62
47
100
AcDbLine
10
122150.0
20
-103056.0
30
0.0
11
121829.0
21
-102868.0
31
0.0
0
LINE
5
1497
100
AcDbEntity
8
Outer Walls
6
Solid
370
35
62
47
100
AcDbLine
10
121829.0
20
-102868.0
30
0.0
11
122081.0
21
-102437.0
31
0.0
0
LINE
5
1499
100
AcDbEntity
8
Outer Walls
6
Solid
370
35
62
47
100
AcDbLine
10
122081.0
20
-102437.0
30
0.0
11
122618.0
21
-102750.0
31
0.0
0
LINE
5
149b
100
AcDbEntity
8
Outer Walls
6
Solid
370
35
62
47
100
AcDbLine
10
122618.0
20
-102750.0
30
0.0
11
122658.0
21
-102779.0
31
0.0
0
LINE
5
149d
100
AcDbEntity
8
Outer Walls
6
Solid
370
35
62
47
100
AcDbLine
10
122658.0
20
-102779.0
30
0.0
11
122691.0
21
-102815.0
31
0.0
0
LINE
5
149f
100
AcDbEntity
8
Outer Walls
6
Solid
370
35
62
47
100
AcDbLine
10
122691.0
20
-102815.0
30
0.0
11
122717.0
21
-102856.0
31
0.0
0
LINE
5
14a1
100
AcDbEntity
8
Outer Walls
6
Solid
370
35
62
47
100
AcDbLine
10
122717.0
20
-102856.0
30
0.0
11
122734.0
21
-102902.0
31
0.0
0
LINE
5
14a3
100
AcDbEntity
8
Outer Walls
6
Solid
370
35
62
47
100
AcDbLine
10
122734.0
20
-102902.0
30
0.0
11
122741.0
21
-102951.0
31
0.0
0
LINE
5
14a5
100
AcDbEntity
8
Outer Walls
6
Solid
370
35
62
47
100
AcDbLine
10
122741.0
20
-102951.0
30
0.0
11
122740.0
21
-103000.0
31
0.0
0
LINE
5
14a7
100
AcDbEntity
8
Outer Walls
6
Solid
370
35
62
47
100
AcDbLine
10
122740.0
20
-103000.0
30
0.0
11
122728.0
21
-103047.0
31
0.0
0
LINE
5
14a9
100
AcDbEntity
8
Outer Walls
6
Solid
370
35
62
47
100
AcDbLine
10
122728.0
20
-103047.0
30
0.0
11
122708.0
21
-103092.0
31
0.0
0
LINE
5
14ab
100
AcDbEntity
8
Outer Walls
6
Solid
370
35
62
47
100
AcDbLine
10
122708.0
20
-103092.0
30
0.0
11
121246.0
21
-105596.0
31
0.0
0
LINE
5
14ad
100
AcDbEntity
8
Outer Walls
6
Solid
370
35
62
47
100
AcDbLine
10
121246.0
20
-105596.0
30
0.0
11
120814.0
21
-105344.0
31
0.0
0
LINE
5
14af
100
AcDbEntity
8
Outer Walls
6
Solid
370
35
62
47
100
AcDbLine
10
120966.0
20
-102364.0
30
0.0
11
120534.0
21
-102112.0
31
0.0
0
LINE
5
14b1
100
AcDbEntity
8
Outer Walls
6
Solid
370
35
62
47
100
AcDbLine
10
120534.0
20
-102112.0
30
0.0
11
120786.0
21
-101680.0
31
0.0
0
LINE
5
14b3
100
AcDbEntity
8
Outer Walls
6
Solid
370
35
62
47
100
AcDbLine
10
120786.0
20
-101680.0
30
0.0
11
121218.0
21
-101932.0
31
0.0
0
LINE
5
14b5
100
AcDbEntity
8
Outer Walls
6
Solid
370
35
62
47
100
AcDbLine
10
121218.0
20
-101932.0
30
0.0
11
120966.0
21
-102364.0
31
0.0
0
LINE
5
14b7
100
AcDbEntity
8
Outer Walls
6
Solid
370
35
62
47
100
AcDbLine
10
114389.0
20
-114620.0
30
0.0
11
115142.0
21
-115060.0
31
0.0
0
LINE
5
14b9
100
AcDbEntity
8
Outer Walls
6
Solid
370
35
62
47
100
AcDbLine
10
115142.0
20
-115060.0
30
0.0
11
120058.0
21
-106640.0
31
0.0
0
LINE
5
14bb
100
AcDbEntity
8
Outer Walls
6
Solid
370
35
62
47
100
AcDbLine
10
120058.0
20
-106640.0
30
0.0
11
120489.0
21
-106892.0
31
0.0
0
LINE
5
14bd
100
AcDbEntity
8
Outer Walls
6
Solid
370
35
62
47
100
AcDbLine
10
120489.0
20
-106892.0
30
0.0
11
115447.0
21
-115528.0
31
0.0
0
LINE
5
14bf
100
AcDbEntity
8
Outer Walls
6
Solid
370
35
62
47
100
AcDbLine
10
115447.0
20
-115528.0
30
0.0
11
115419.0
21
-115567.0
31
0.0
0
LINE
5
14c1
100
AcDbEntity
8
Outer Walls
6
Solid
370
35
62
47
100
AcDbLine
10
115419.0
20
-115567.0
30
0.0
11
115383.0
21
-115601.0
31
0.0
0
LINE
5
14c3
100
AcDbEntity
8
Outer Walls
6
Solid
370
35
62
47
100
AcDbLine
10
115383.0
20
-115601.0
30
0.0
11
115341.0
21
-115626.0
31
0.0
0
LINE
5
14c5
100
AcDbEntity
8
Outer Walls
6
Solid
370
35
62
47
100
AcDbLine
10
115341.0
20
-115626.0
30
0.0
11
115295.0
21
-115643.0
31
0.0
0
LINE
5
14c7
100
AcDbEntity
8
Outer Walls
6
Solid
370
35
62
47
100
AcDbLine
10
115295.0
20
-115643.0
30
0.0
11
115247.0
21
-115651.0
31
0.0
0
LINE
5
14c9
100
AcDbEntity
8
Outer Walls
6
Solid
370
35
62
47
100
AcDbLine
10
115247.0
20
-115651.0
30
0.0
11
115198.0
21
-115649.0
31
0.0
0
LINE
5
14cb
100
AcDbEntity
8
Outer Walls
6
Solid
370
35
62
47
100
AcDbLine
10
115198.0
20
-115649.0
30
0.0
11
115150.0
21
-115638.0
31
0.0
0
LINE
5
14cd
100
AcDbEntity
8
Outer Walls
6
Solid
370
35
62
47
100
AcDbLine
10
115150.0
20
-115638.0
30
0.0
11
115106.0
21
-115618.0
31
0.0
0
LINE
5
14cf
100
AcDbEntity
8
Outer Walls
6
Solid
370
35
62
47
100
AcDbLine
10
115106.0
20
-115618.0
30
0.0
11
114137.0
21
-115052.0
31
0.0
0
LINE
5
14d1
100
AcDbEntity
8
Outer Walls
6
Solid
370
35
62
47
100
AcDbLine
10
114137.0
20
-115052.0
30
0.0
11
114389.0
21
-114620.0
31
0.0
0
LINE
5
14d3
100
AcDbEntity
8
Outer Walls
6
Solid
370
35
62
47
100
AcDbLine
10
119670.0
20
-101608.0
30
0.0
11
118295.0
21
-100805.0
31
0.0
0
LINE
5
14d5
100
AcDbEntity
8
Outer Walls
6
Solid
370
35
62
47
100
AcDbLine
10
118295.0
20
-100805.0
30
0.0
11
118547.0
21
-100373.0
31
0.0
0
LINE
5
14d7
100
AcDbEntity
8
Outer Walls
6
Solid
370
35
62
47
100
AcDbLine
10
118547.0
20
-100373.0
30
0.0
11
119922.0
21
-101176.0
31
0.0
0
LINE
5
14d9
100
AcDbEntity
8
Outer Walls
6
Solid
370
35
62
47
100
AcDbLine
10
119922.0
20
-101176.0
30
0.0
11
119670.0
21
-101608.0
31
0.0
0
LINE
5
14db
100
AcDbEntity
8
Outer Walls
6
Solid
370
35
62
47
100
AcDbLine
10
115832.0
20
-98789.0
30
0.0
11
117251.0
21
-99617.0
31
0.0
0
LINE
5
14dd
100
AcDbEntity
8
Outer Walls
6
Solid
370
35
62
47
100
AcDbLine
10
117251.0
20
-99617.0
30
0.0
11
116999.0
21
-100049.0
31
0.0
0
LINE
5
14df
100
AcDbEntity
8
Outer Walls
6
Solid
370
35
62
47
100
AcDbLine
10
116999.0
20
-100049.0
30
0.0
11
115580.0
21
-99220.0
31
0.0
0
LINE
5
14e1
100
AcDbEntity
8
Outer Walls
6
Solid
370
35
62
47
100
AcDbLine
10
115580.0
20
-99220.0
30
0.0
11
115832.0
21
-98789.0
31
0.0
0
LINE
5
14e3
100
AcDbEntity
8
Outer Walls
6
Solid
370
35
62
47
100
AcDbLine
10
114537.0
20
-98032.0
30
0.0
11
114969.0
21
-98284.0
31
0.0
0
LINE
5
14e5
100
AcDbEntity
8
Outer Walls
6
Solid
370
35
62
47
100
AcDbLine
10
114969.0
20
-98284.0
30
0.0
11
114717.0
21
-98716.0
31
0.0
0
LINE
5
14e7
100
AcDbEntity
8
Outer Walls
6
Solid
370
35
62
47
100
AcDbLine
10
114717.0
20
-98716.0
30
0.0
11
114285.0
21
-98464.0
31
0.0
0
LINE
5
14e9
100
AcDbEntity
8
Outer Walls
6
Solid
370
35
62
47
100
AcDbLine
10
114285.0
20
-98464.0
30
0.0
11
114537.0
21
-98032.0
31
0.0
0
LINE
5
14eb
100
AcDbEntity
8
Outer Walls
6
Solid
370
35
62
47
100
AcDbLine
10
111723.0
20
-96389.0
30
0.0
11
113673.0
21
-97528.0
31
0.0
0
LINE
5
14ed
100
AcDbEntity
8
Outer Walls
6
Solid
370
35
62
47
100
AcDbLine
10
113673.0
20
-97528.0
30
0.0
11
113421.0
21
-97960.0
31
0.0
0
LINE
5
14ef
100
AcDbEntity
8
Outer Walls
6
Solid
370
35
62
47
100
AcDbLine
10
113421.0
20
-97960.0
30
0.0
11
111471.0
21
-96821.0
31
0.0
0
LINE
5
14f1
100
AcDbEntity
8
Outer Walls
6
Solid
370
35
62
47
100
AcDbLine
10
111471.0
20
-96821.0
30
0.0
11
111723.0
21
-96389.0
31
0.0
0
LINE
5
14f3
100
AcDbEntity
8
Outer Walls
6
Solid
370
35
62
47
100
AcDbLine
10
111718.0
20
-113061.0
30
0.0
11
113094.0
21
-113864.0
31
0.0
0
LINE
5
14f5
100
AcDbEntity
8
Outer Walls
6
Solid
370
35
62
47
100
AcDbLine
10
113094.0
20
-113864.0
30
0.0
11
112842.0
21
-114296.0
31
0.0
0
LINE
5
14f7
100
AcDbEntity
8
Outer Walls
6
Solid
370
35
62
47
100
AcDbLine
10
112842.0
20
-114296.0
30
0.0
11
111466.0
21
-113493.0
31
0.0
0
LINE
5
14f9
100
AcDbEntity
8
Outer Walls
6
Solid
370
35
62
47
100
AcDbLine
10
111466.0
20
-113493.0
30
0.0
11
111718.0
21
-113061.0
31
0.0
0
LINE
5
14fb
100
AcDbEntity
8
Outer Walls
6
Solid
370
35
62
47
100
AcDbLine
10
109208.0
20
-94921.0
30
0.0
11
110860.0
21
-95885.0
31
0.0
0
LINE
5
14fd
100
AcDbEntity
8
Outer Walls
6
Solid
370
35
62
47
100
AcDbLine
10
110860.0
20
-95885.0
30
0.0
11
110608.0
21
-96317.0
31
0.0
0
LINE
5
14ff
100
AcDbEntity
8
Outer Walls
6
Solid
370
35
62
47
100
AcDbLine
10
110608.0
20
-96317.0
30
0.0
11
108956.0
21
-95353.0
31
0.0
0
LINE
5
1501
100
AcDbEntity
8
Outer Walls
6
Solid
370
35
62
47
100
AcDbLine
10
108956.0
20
-95353.0
30
0.0
11
109208.0
21
-94921.0
31
0.0
0
LINE
5
1503
100
AcDbEntity
8
Outer Walls
6
Solid
370
35
62
47
100
AcDbLine
10
110423.0
20
-112305.0
30
0.0
11
110855.0
21
-112557.0
31
0.0
0
LINE
5
1505
100
AcDbEntity
8
Outer Walls
6
Solid
370
35
62
47
100
AcDbLine
10
110855.0
20
-112557.0
30
0.0
11
110602.0
21
-112989.0
31
0.0
0
LINE
5
1507
100
AcDbEntity
8
Outer Walls
6
Solid
370
35
62
47
100
AcDbLine
10
110602.0
20
-112989.0
30
0.0
11
110171.0
21
-112736.0
31
0.0
0
LINE
5
1509
100
AcDbEntity
8
Outer Walls
6
Solid
370
35
62
47
100
AcDbLine
10
110171.0
20
-112736.0
30
0.0
11
110423.0
21
-112305.0
31
0.0
0
LINE
5
150b
100
AcDbEntity
8
Outer Walls
6
Solid
370
35
62
47
100
AcDbLine
10
108140.0
20
-110972.0
30
0.0
11
109559.0
21
-111801.0
31
0.0
0
LINE
5
150d
100
AcDbEntity
8
Outer Walls
6
Solid
370
35
62
47
100
AcDbLine
10
109559.0
20
-111801.0
30
0.0
11
109307.0
21
-112232.0
31
0.0
0
LINE
5
150f
100
AcDbEntity
8
Outer Walls
6
Solid
370
35
62
47
100
AcDbLine
10
109307.0
20
-112232.0
30
0.0
11
107888.0
21
-111404.0
31
0.0
0
LINE
5
1511
100
AcDbEntity
8
Outer Walls
6
Solid
370
35
62
47
100
AcDbLine
10
107888.0
20
-111404.0
30
0.0
11
108140.0
21
-110972.0
31
0.0
0
LINE
5
1513
100
AcDbEntity
8
Outer Walls
6
Solid
370
35
62
47
100
AcDbLine
10
105963.0
20
-93026.0
30
0.0
11
108345.0
21
-94417.0
31
0.0
0
LINE
5
1515
100
AcDbEntity
8
Outer Walls
6
Solid
370
35
62
47
100
AcDbLine
10
108345.0
20
-94417.0
30
0.0
11
108093.0
21
-94849.0
31
0.0
0
LINE
5
1517
100
AcDbEntity
8
Outer Walls
6
Solid
370
35
62
47
100
AcDbLine
10
108093.0
20
-94849.0
30
0.0
11
105711.0
21
-93458.0
31
0.0
0
LINE
5
1519
100
AcDbEntity
8
Outer Walls
6
Solid
370
35
62
47
100
AcDbLine
10
105711.0
20
-93458.0
30
0.0
11
105963.0
21
-93026.0
31
0.0
0
LINE
5
151b
100
AcDbEntity
8
Outer Walls
6
Solid
370
35
62
47
100
AcDbLine
10
105426.0
20
-109388.0
30
0.0
11
106845.0
21
-110216.0
31
0.0
0
LINE
5
151d
100
AcDbEntity
8
Outer Walls
6
Solid
370
35
62
47
100
AcDbLine
10
106845.0
20
-110216.0
30
0.0
11
106593.0
21
-110648.0
31
0.0
0
LINE
5
151f
100
AcDbEntity
8
Outer Walls
6
Solid
370
35
62
47
100
AcDbLine
10
106593.0
20
-110648.0
30
0.0
11
105174.0
21
-109819.0
31
0.0
0
LINE
5
1521
100
AcDbEntity
8
Outer Walls
6
Solid
370
35
62
47
100
AcDbLine
10
105174.0
20
-109819.0
30
0.0
11
105426.0
21
-109388.0
31
0.0
0
LINE
5
1523
100
AcDbEntity
8
Outer Walls
6
Solid
370
35
62
47
100
AcDbLine
10
103292.0
20
-91467.0
30
0.0
11
104667.0
21
-92270.0
31
0.0
0
LINE
5
1525
100
AcDbEntity
8
Outer Walls
6
Solid
370
35
62
47
100
AcDbLine
10
104667.0
20
-92270.0
30
0.0
11
104415.0
21
-92702.0
31
0.0
0
LINE
5
1527
100
AcDbEntity
8
Outer Walls
6
Solid
370
35
62
47
100
AcDbLine
10
104415.0
20
-92702.0
30
0.0
11
103040.0
21
-91899.0
31
0.0
0
LINE
5
1529
100
AcDbEntity
8
Outer Walls
6
Solid
370
35
62
47
100
AcDbLine
10
103040.0
20
-91899.0
30
0.0
11
103292.0
21
-91467.0
31
0.0
0
LINE
5
152b
100
AcDbEntity
8
Outer Walls
6
Solid
370
35
62
47
100
AcDbLine
10
104131.0
20
-108631.0
30
0.0
11
104563.0
21
-108883.0
31
0.0
0
LINE
5
152d
100
AcDbEntity
8
Outer Walls
6
Solid
370
35
62
47
100
AcDbLine
10
104563.0
20
-108883.0
30
0.0
11
104311.0
21
-109315.0
31
0.0
0
LINE
5
152f
100
AcDbEntity
8
Outer Walls
6
Solid
370
35
62
47
100
AcDbLine
10
104311.0
20
-109315.0
30
0.0
11
103879.0
21
-109063.0
31
0.0
0
LINE
5
1531
100
AcDbEntity
8
Outer Walls
6
Solid
370
35
62
47
100
AcDbLine
10
103879.0
20
-109063.0
30
0.0
11
104131.0
21
-108631.0
31
0.0
0
LINE
5
1533
100
AcDbEntity
8
Outer Walls
6
Solid
370
35
62
47
100
AcDbLine
10
101848.0
20
-107299.0
30
0.0
11
103267.0
21
-108127.0
31
0.0
0
LINE
5
1535
100
AcDbEntity
8
Outer Walls
6
Solid
370
35
62
47
100
AcDbLine
10
103267.0
20
-108127.0
30
0.0
11
103015.0
21
-108559.0
31
0.0
0
LINE
5
1537
100
AcDbEntity
8
Outer Walls
6
Solid
370
35
62
47
100
AcDbLine
10
103015.0
20
-108559.0
30
0.0
11
101596.0
21
-107731.0
31
0.0
0
LINE
5
1539
100
AcDbEntity
8
Outer Walls
6
Solid
370
35
62
47
100
AcDbLine
10
101596.0
20
-107731.0
30
0.0
11
101848.0
21
-107299.0
31
0.0
0
LINE
5
153b
100
AcDbEntity
8
Outer Walls
6
Solid
370
35
62
47
100
AcDbLine
10
101996.0
20
-90711.0
30
0.0
11
102428.0
21
-90963.0
31
0.0
0
LINE
5
153d
100
AcDbEntity
8
Outer Walls
6
Solid
370
35
62
47
100
AcDbLine
10
102428.0
20
-90963.0
30
0.0
11
102176.0
21
-91395.0
31
0.0
0
LINE
5
153f
100
AcDbEntity
8
Outer Walls
6
Solid
370
35
62
47
100
AcDbLine
10
102176.0
20
-91395.0
30
0.0
11
101744.0
21
-91143.0
31
0.0
0
LINE
5
1541
100
AcDbEntity
8
Outer Walls
6
Solid
370
35
62
47
100
AcDbLine
10
101744.0
20
-91143.0
30
0.0
11
101996.0
21
-90711.0
31
0.0
0
LINE
5
1543
100
AcDbEntity
8
Outer Walls
6
Solid
370
35
62
47
100
AcDbLine
10
98792.0
20
-92488.0
30
0.0
11
100254.0
21
-89983.0
31
0.0
0
LINE
5
1545
100
AcDbEntity
8
Outer Walls
6
Solid
370
35
62
47
100
AcDbLine
10
100254.0
20
-89983.0
30
0.0
11
100283.0
21
-89943.0
31
0.0
0
LINE
5
1547
100
AcDbEntity
8
Outer Walls
6
Solid
370
35
62
47
100
AcDbLine
10
100283.0
20
-89943.0
30
0.0
11
100319.0
21
-89910.0
31
0.0
0
LINE
5
1549
100
AcDbEntity
8
Outer Walls
6
Solid
370
35
62
47
100
AcDbLine
10
100319.0
20
-89910.0
30
0.0
11
100361.0
21
-89884.0
31
0.0
0
LINE
5
154b
100
AcDbEntity
8
Outer Walls
6
Solid
370
35
62
47
100
AcDbLine
10
100361.0
20
-89884.0
30
0.0
11
100407.0
21
-89867.0
31
0.0
0
LINE
5
154d
100
AcDbEntity
8
Outer Walls
6
Solid
370
35
62
47
100
AcDbLine
10
100407.0
20
-89867.0
30
0.0
11
100455.0
21
-89860.0
31
0.0
0
LINE
5
154f
100
AcDbEntity
8
Outer Walls
6
Solid
370
35
62
47
100
AcDbLine
10
100455.0
20
-89860.0
30
0.0
11
100504.0
21
-89861.0
31
0.0
0
LINE
5
1551
100
AcDbEntity
8
Outer Walls
6
Solid
370
35
62
47
100
AcDbLine
10
100504.0
20
-89861.0
30
0.0
11
100552.0
21
-89873.0
31
0.0
0
LINE
5
1553
100
AcDbEntity
8
Outer Walls
6
Solid
370
35
62
47
100
AcDbLine
10
100552.0
20
-89873.0
30
0.0
11
100596.0
21
-89893.0
31
0.0
0
LINE
5
1555
100
AcDbEntity
8
Outer Walls
6
Solid
370
35
62
47
100
AcDbLine
10
100596.0
20
-89893.0
30
0.0
11
101133.0
21
-90207.0
31
0.0
0
LINE
5
1557
100
AcDbEntity
8
Outer Walls
6
Solid
370
35
62
47
100
AcDbLine
10
101133.0
20
-90207.0
30
0.0
11
100881.0
21
-90638.0
31
0.0
0
LINE
5
1559
100
AcDbEntity
8
Outer Walls
6
Solid
370
35
62
47
100
AcDbLine
10
100881.0
20
-90638.0
30
0.0
11
100560.0
21
-90451.0
31
0.0
0
LINE
5
155b
100
AcDbEntity
8
Outer Walls
6
Solid
370
35
62
47
100
AcDbLine
10
100560.0
20
-90451.0
30
0.0
11
99224.0
21
-92740.0
31
0.0
0
LINE
5
155d
100
AcDbEntity
8
Outer Walls
6
Solid
370
35
62
47
100
AcDbLine
10
99224.0
20
-92740.0
30
0.0
11
98792.0
21
-92488.0
31
0.0
0
LINE
5
155f
100
AcDbEntity
8
Outer Walls
6
Solid
370
35
62
47
100
AcDbLine
10
99134.0
20
-105714.0
30
0.0
11
100553.0
21
-106543.0
31
0.0
0
LINE
5
1561
100
AcDbEntity
8
Outer Walls
6
Solid
370
35
62
47
100
AcDbLine
10
100553.0
20
-106543.0
30
0.0
11
100301.0
21
-106974.0
31
0.0
0
LINE
5
1563
100
AcDbEntity
8
Outer Walls
6
Solid
370
35
62
47
100
AcDbLine
10
100301.0
20
-106974.0
30
0.0
11
98882.0
21
-106146.0
31
0.0
0
LINE
5
1565
100
AcDbEntity
8
Outer Walls
6
Solid
370
35
62
47
100
AcDbLine
10
98882.0
20
-106146.0
30
0.0
11
99134.0
21
-105714.0
31
0.0
0
LINE
5
1567
100
AcDbEntity
8
Outer Walls
6
Solid
370
35
62
47
100
AcDbLine
10
98507.0
20
-54342.0
30
0.0
11
98547.0
21
-54371.0
31
0.0
0
LINE
5
1569
100
AcDbEntity
8
Outer Walls
6
Solid
370
35
62
47
100
AcDbLine
10
98547.0
20
-54371.0
30
0.0
11
98580.0
21
-54407.0
31
0.0
0
LINE
5
156b
100
AcDbEntity
8
Outer Walls
6
Solid
370
35
62
47
100
AcDbLine
10
98580.0
20
-54407.0
30
0.0
11
98606.0
21
-54448.0
31
0.0
0
LINE
5
156d
100
AcDbEntity
8
Outer Walls
6
Solid
370
35
62
47
100
AcDbLine
10
98606.0
20
-54448.0
30
0.0
11
98623.0
21
-54494.0
31
0.0
0
LINE
5
156f
100
AcDbEntity
8
Outer Walls
6
Solid
370
35
62
47
100
AcDbLine
10
98623.0
20
-54494.0
30
0.0
11
98631.0
21
-54543.0
31
0.0
0
LINE
5
1571
100
AcDbEntity
8
Outer Walls
6
Solid
370
35
62
47
100
AcDbLine
10
98631.0
20
-54543.0
30
0.0
11
98629.0
21
-54592.0
31
0.0
0
LINE
5
1573
100
AcDbEntity
8
Outer Walls
6
Solid
370
35
62
47
100
AcDbLine
10
98629.0
20
-54592.0
30
0.0
11
98618.0
21
-54639.0
31
0.0
0
LINE
5
1575
100
AcDbEntity
8
Outer Walls
6
Solid
370
35
62
47
100
AcDbLine
10
98618.0
20
-54639.0
30
0.0
11
98597.0
21
-54684.0
31
0.0
0
LINE
5
1577
100
AcDbEntity
8
Outer Walls
6
Solid
370
35
62
47
100
AcDbLine
10
98597.0
20
-54684.0
30
0.0
11
97135.0
21
-57188.0
31
0.0
0
LINE
5
1579
100
AcDbEntity
8
Outer Walls
6
Solid
370
35
62
47
100
AcDbLine
10
97135.0
20
-57188.0
30
0.0
11
96703.0
21
-56936.0
31
0.0
0
LINE
5
157b
100
AcDbEntity
8
Outer Walls
6
Solid
370
35
62
47
100
AcDbLine
10
96703.0
20
-56936.0
30
0.0
11
98039.0
21
-54648.0
31
0.0
0
LINE
5
157d
100
AcDbEntity
8
Outer Walls
6
Solid
370
35
62
47
100
AcDbLine
10
98039.0
20
-54648.0
30
0.0
11
97287.0
21
-54208.0
31
0.0
0
LINE
5
157f
100
AcDbEntity
8
Outer Walls
6
Solid
370
35
62
47
100
AcDbLine
10
97287.0
20
-54208.0
30
0.0
11
97539.0
21
-53777.0
31
0.0
0
LINE
5
1581
100
AcDbEntity
8
Outer Walls
6
Solid
370
35
62
47
100
AcDbLine
10
97539.0
20
-53777.0
30
0.0
11
98507.0
21
-54342.0
31
0.0
0
LINE
5
1583
100
AcDbEntity
8
Outer Walls
6
Solid
370
35
62
47
100
AcDbLine
10
95212.0
20
-98619.0
30
0.0
11
98036.0
21
-93783.0
31
0.0
0
LINE
5
1585
100
AcDbEntity
8
Outer Walls
6
Solid
370
35
62
47
100
AcDbLine
10
98036.0
20
-93783.0
30
0.0
11
98468.0
21
-94035.0
31
0.0
0
LINE
5
1587
100
AcDbEntity
8
Outer Walls
6
Solid
370
35
62
47
100
AcDbLine
10
98468.0
20
-94035.0
30
0.0
11
95644.0
21
-98871.0
31
0.0
0
LINE
5
1589
100
AcDbEntity
8
Outer Walls
6
Solid
370
35
62
47
100
AcDbLine
10
95644.0
20
-98871.0
30
0.0
11
95212.0
21
-98619.0
31
0.0
0
LINE
5
158b
100
AcDbEntity
8
Outer Walls
6
Solid
370
35
62
47
100
AcDbLine
10
97839.0
20
-104958.0
30
0.0
11
98271.0
21
-105210.0
31
0.0
0
LINE
5
158d
100
AcDbEntity
8
Outer Walls
6
Solid
370
35
62
47
100
AcDbLine
10
98271.0
20
-105210.0
30
0.0
11
98019.0
21
-105642.0
31
0.0
0
LINE
5
158f
100
AcDbEntity
8
Outer Walls
6
Solid
370
35
62
47
100
AcDbLine
10
98019.0
20
-105642.0
30
0.0
11
97587.0
21
-105390.0
31
0.0
0
LINE
5
1591
100
AcDbEntity
8
Outer Walls
6
Solid
370
35
62
47
100
AcDbLine
10
97587.0
20
-105390.0
30
0.0
11
97839.0
21
-104958.0
31
0.0
0
LINE
5
1593
100
AcDbEntity
8
Outer Walls
6
Solid
370
35
62
47
100
AcDbLine
10
95600.0
20
-103651.0
30
0.0
11
96975.0
21
-104454.0
31
0.0
0
LINE
5
1595
100
AcDbEntity
8
Outer Walls
6
Solid
370
35
62
47
100
AcDbLine
10
96975.0
20
-104454.0
30
0.0
11
96723.0
21
-104886.0
31
0.0
0
LINE
5
1597
100
AcDbEntity
8
Outer Walls
6
Solid
370
35
62
47
100
AcDbLine
10
96723.0
20
-104886.0
30
0.0
11
95348.0
21
-104083.0
31
0.0
0
LINE
5
1599
100
AcDbEntity
8
Outer Walls
6
Solid
370
35
62
47
100
AcDbLine
10
95348.0
20
-104083.0
30
0.0
11
95600.0
21
-103651.0
31
0.0
0
LINE
5
159b
100
AcDbEntity
8
Outer Walls
6
Solid
370
35
62
47
100
AcDbLine
10
96379.0
20
-58484.0
30
0.0
11
93555.0
21
-63320.0
31
0.0
0
LINE
5
159d
100
AcDbEntity
8
Outer Walls
6
Solid
370
35
62
47
100
AcDbLine
10
93555.0
20
-63320.0
30
0.0
11
93124.0
21
-63068.0
31
0.0
0
LINE
5
159f
100
AcDbEntity
8
Outer Walls
6
Solid
370
35
62
47
100
AcDbLine
10
93124.0
20
-63068.0
30
0.0
11
95947.0
21
-58232.0
31
0.0
0
LINE
5
15a1
100
AcDbEntity
8
Outer Walls
6
Solid
370
35
62
47
100
AcDbLine
10
95947.0
20
-58232.0
30
0.0
11
96379.0
21
-58484.0
31
0.0
0
LINE
5
15a3
100
AcDbEntity
8
Outer Walls
6
Solid
370
35
62
47
100
AcDbLine
10
95991.0
20
-53452.0
30
0.0
11
94616.0
21
-52649.0
31
0.0
0
LINE
5
15a5
100
AcDbEntity
8
Outer Walls
6
Solid
370
35
62
47
100
AcDbLine
10
94616.0
20
-52649.0
30
0.0
11
94868.0
21
-52217.0
31
0.0
0
LINE
5
15a7
100
AcDbEntity
8
Outer Walls
6
Solid
370
35
62
47
100
AcDbLine
10
94868.0
20
-52217.0
30
0.0
11
96244.0
21
-53020.0
31
0.0
0
LINE
5
15a9
100
AcDbEntity
8
Outer Walls
6
Solid
370
35
62
47
100
AcDbLine
10
96244.0
20
-53020.0
30
0.0
11
95991.0
21
-53452.0
31
0.0
0
LINE
5
15ab
100
AcDbEntity
8
Outer Walls
6
Solid
370
35
62
47
100
AcDbLine
10
93084.0
20
-102761.0
30
0.0
11
93044.0
21
-102732.0
31
0.0
0
LINE
5
15ad
100
AcDbEntity
8
Outer Walls
6
Solid
370
35
62
47
100
AcDbLine
10
93044.0
20
-102732.0
30
0.0
11
93011.0
21
-102696.0
31
0.0
0
LINE
5
15af
100
AcDbEntity
8
Outer Walls
6
Solid
370
35
62
47
100
AcDbLine
10
93011.0
20
-102696.0
30
0.0
11
92985.0
21
-102654.0
31
0.0
0
LINE
5
15b1
100
AcDbEntity
8
Outer Walls
6
Solid
370
35
62
47
100
AcDbLine
10
92985.0
20
-102654.0
30
0.0
11
92968.0
21
-102608.0
31
0.0
0
LINE
5
15b3
100
AcDbEntity
8
Outer Walls
6
Solid
370
35
62
47
100
AcDbLine
10
92968.0
20
-102608.0
30
0.0
11
92960.0
21
-102560.0
31
0.0
0
LINE
5
15b5
100
AcDbEntity
8
Outer Walls
6
Solid
370
35
62
47
100
AcDbLine
10
92960.0
20
-102560.0
30
0.0
11
92962.0
21
-102511.0
31
0.0
0
LINE
5
15b7
100
AcDbEntity
8
Outer Walls
6
Solid
370
35
62
47
100
AcDbLine
10
92962.0
20
-102511.0
30
0.0
11
92974.0
21
-102463.0
31
0.0
0
LINE
5
15b9
100
AcDbEntity
8
Outer Walls
6
Solid
370
35
62
47
100
AcDbLine
10
92974.0
20
-102463.0
30
0.0
11
92994.0
21
-102419.0
31
0.0
0
LINE
5
15bb
100
AcDbEntity
8
Outer Walls
6
Solid
370
35
62
47
100
AcDbLine
10
92994.0
20
-102419.0
30
0.0
11
94456.0
21
-99914.0
31
0.0
0
LINE
5
15bd
100
AcDbEntity
8
Outer Walls
6
Solid
370
35
62
47
100
AcDbLine
10
94456.0
20
-99914.0
30
0.0
11
94888.0
21
-100167.0
31
0.0
0
LINE
5
15bf
100
AcDbEntity
8
Outer Walls
6
Solid
370
35
62
47
100
AcDbLine
10
94888.0
20
-100167.0
30
0.0
11
93552.0
21
-102455.0
31
0.0
0
LINE
5
15c1
100
AcDbEntity
8
Outer Walls
6
Solid
370
35
62
47
100
AcDbLine
10
93552.0
20
-102455.0
30
0.0
11
94304.0
21
-102894.0
31
0.0
0
LINE
5
15c3
100
AcDbEntity
8
Outer Walls
6
Solid
370
35
62
47
100
AcDbLine
10
94304.0
20
-102894.0
30
0.0
11
94052.0
21
-103326.0
31
0.0
0
LINE
5
15c5
100
AcDbEntity
8
Outer Walls
6
Solid
370
35
62
47
100
AcDbLine
10
94052.0
20
-103326.0
30
0.0
11
93084.0
21
-102761.0
31
0.0
0
LINE
5
15c7
100
AcDbEntity
8
Outer Walls
6
Solid
370
35
62
47
100
AcDbLine
10
93752.0
20
-52145.0
30
0.0
11
93320.0
21
-51893.0
31
0.0
0
LINE
5
15c9
100
AcDbEntity
8
Outer Walls
6
Solid
370
35
62
47
100
AcDbLine
10
93320.0
20
-51893.0
30
0.0
11
93573.0
21
-51461.0
31
0.0
0
LINE
5
15cb
100
AcDbEntity
8
Outer Walls
6
Solid
370
35
62
47
100
AcDbLine
10
93573.0
20
-51461.0
30
0.0
11
94004.0
21
-51713.0
31
0.0
0
LINE
5
15cd
100
AcDbEntity
8
Outer Walls
6
Solid
370
35
62
47
100
AcDbLine
10
94004.0
20
-51713.0
30
0.0
11
93752.0
21
-52145.0
31
0.0
0
LINE
5
15cf
100
AcDbEntity
8
Outer Walls
6
Solid
370
35
62
47
100
AcDbLine
10
92799.0
20
-64615.0
30
0.0
11
91337.0
21
-67120.0
31
0.0
0
LINE
5
15d1
100
AcDbEntity
8
Outer Walls
6
Solid
370
35
62
47
100
AcDbLine
10
91337.0
20
-67120.0
30
0.0
11
91308.0
21
-67159.0
31
0.0
0
LINE
5
15d3
100
AcDbEntity
8
Outer Walls
6
Solid
370
35
62
47
100
AcDbLine
10
91308.0
20
-67159.0
30
0.0
11
91272.0
21
-67193.0
31
0.0
0
LINE
5
15d5
100
AcDbEntity
8
Outer Walls
6
Solid
370
35
62
47
100
AcDbLine
10
91272.0
20
-67193.0
30
0.0
11
91231.0
21
-67218.0
31
0.0
0
LINE
5
15d7
100
AcDbEntity
8
Outer Walls
6
Solid
370
35
62
47
100
AcDbLine
10
91231.0
20
-67218.0
30
0.0
11
91185.0
21
-67235.0
31
0.0
0
LINE
5
15d9
100
AcDbEntity
8
Outer Walls
6
Solid
370
35
62
47
100
AcDbLine
10
91185.0
20
-67235.0
30
0.0
11
91136.0
21
-67243.0
31
0.0
0
LINE
5
15db
100
AcDbEntity
8
Outer Walls
6
Solid
370
35
62
47
100
AcDbLine
10
91136.0
20
-67243.0
30
0.0
11
91087.0
21
-67241.0
31
0.0
0
LINE
5
15dd
100
AcDbEntity
8
Outer Walls
6
Solid
370
35
62
47
100
AcDbLine
10
91087.0
20
-67241.0
30
0.0
11
91040.0
21
-67230.0
31
0.0
0
LINE
5
15df
100
AcDbEntity
8
Outer Walls
6
Solid
370
35
62
47
100
AcDbLine
10
91040.0
20
-67230.0
30
0.0
11
90995.0
21
-67210.0
31
0.0
0
LINE
5
15e1
100
AcDbEntity
8
Outer Walls
6
Solid
370
35
62
47
100
AcDbLine
10
90995.0
20
-67210.0
30
0.0
11
90458.0
21
-66896.0
31
0.0
0
LINE
5
15e3
100
AcDbEntity
8
Outer Walls
6
Solid
370
35
62
47
100
AcDbLine
10
90458.0
20
-66896.0
30
0.0
11
90710.0
21
-66464.0
31
0.0
0
LINE
5
15e5
100
AcDbEntity
8
Outer Walls
6
Solid
370
35
62
47
100
AcDbLine
10
90710.0
20
-66464.0
30
0.0
11
91031.0
21
-66652.0
31
0.0
0
LINE
5
15e7
100
AcDbEntity
8
Outer Walls
6
Solid
370
35
62
47
100
AcDbLine
10
91031.0
20
-66652.0
30
0.0
11
92367.0
21
-64363.0
31
0.0
0
LINE
5
15e9
100
AcDbEntity
8
Outer Walls
6
Solid
370
35
62
47
100
AcDbLine
10
92367.0
20
-64363.0
30
0.0
11
92799.0
21
-64615.0
31
0.0
0
LINE
5
15eb
100
AcDbEntity
8
Outer Walls
6
Solid
370
35
62
47
100
AcDbLine
10
92457.0
20
-51389.0
30
0.0
11
91470.0
21
-50812.0
31
0.0
0
LINE
5
15ed
100
AcDbEntity
8
Outer Walls
6
Solid
370
35
62
47
100
AcDbLine
10
91470.0
20
-50812.0
30
0.0
11
91722.0
21
-50381.0
31
0.0
0
LINE
5
15ef
100
AcDbEntity
8
Outer Walls
6
Solid
370
35
62
47
100
AcDbLine
10
91722.0
20
-50381.0
30
0.0
11
92709.0
21
-50957.0
31
0.0
0
LINE
5
15f1
100
AcDbEntity
8
Outer Walls
6
Solid
370
35
62
47
100
AcDbLine
10
92709.0
20
-50957.0
30
0.0
11
92457.0
21
-51389.0
31
0.0
0
LINE
5
15f3
100
AcDbEntity
8
Outer Walls
6
Solid
370
35
62
47
100
AcDbLine
10
90427.0
20
-49624.0
30
0.0
11
90858.0
21
-49876.0
31
0.0
0
LINE
5
15f5
100
AcDbEntity
8
Outer Walls
6
Solid
370
35
62
47
100
AcDbLine
10
90858.0
20
-49876.0
30
0.0
11
90606.0
21
-50308.0
31
0.0
0
LINE
5
15f7
100
AcDbEntity
8
Outer Walls
6
Solid
370
35
62
47
100
AcDbLine
10
90606.0
20
-50308.0
30
0.0
11
90175.0
21
-50056.0
31
0.0
0
LINE
5
15f9
100
AcDbEntity
8
Outer Walls
6
Solid
370
35
62
47
100
AcDbLine
10
90175.0
20
-50056.0
30
0.0
11
90427.0
21
-49624.0
31
0.0
0
LINE
5
15fb
100
AcDbEntity
8
Outer Walls
6
Solid
370
35
62
47
100
AcDbLine
10
89595.0
20
-66392.0
30
0.0
11
89163.0
21
-66140.0
31
0.0
0
LINE
5
15fd
100
AcDbEntity
8
Outer Walls
6
Solid
370
35
62
47
100
AcDbLine
10
89163.0
20
-66140.0
30
0.0
11
89415.0
21
-65708.0
31
0.0
0
LINE
5
15ff
100
AcDbEntity
8
Outer Walls
6
Solid
370
35
62
47
100
AcDbLine
10
89415.0
20
-65708.0
30
0.0
11
89847.0
21
-65960.0
31
0.0
0
LINE
5
1601
100
AcDbEntity
8
Outer Walls
6
Solid
370
35
62
47
100
AcDbLine
10
89847.0
20
-65960.0
30
0.0
11
89595.0
21
-66392.0
31
0.0
0
LINE
5
1603
100
AcDbEntity
8
Outer Walls
6
Solid
370
35
62
47
100
AcDbLine
10
87613.0
20
-47982.0
30
0.0
11
89563.0
21
-49120.0
31
0.0
0
LINE
5
1605
100
AcDbEntity
8
Outer Walls
6
Solid
370
35
62
47
100
AcDbLine
10
89563.0
20
-49120.0
30
0.0
11
89311.0
21
-49552.0
31
0.0
0
LINE
5
1607
100
AcDbEntity
8
Outer Walls
6
Solid
370
35
62
47
100
AcDbLine
10
89311.0
20
-49552.0
30
0.0
11
87361.0
21
-48413.0
31
0.0
0
LINE
5
1609
100
AcDbEntity
8
Outer Walls
6
Solid
370
35
62
47
100
AcDbLine
10
87361.0
20
-48413.0
30
0.0
11
87613.0
21
-47982.0
31
0.0
0
LINE
5
160b
100
AcDbEntity
8
Outer Walls
6
Solid
370
35
62
47
100
AcDbLine
10
88299.0
20
-65636.0
30
0.0
11
86924.0
21
-64833.0
31
0.0
0
LINE
5
160d
100
AcDbEntity
8
Outer Walls
6
Solid
370
35
62
47
100
AcDbLine
10
86924.0
20
-64833.0
30
0.0
11
87176.0
21
-64401.0
31
0.0
0
LINE
5
160f
100
AcDbEntity
8
Outer Walls
6
Solid
370
35
62
47
100
AcDbLine
10
87176.0
20
-64401.0
30
0.0
11
88551.0
21
-65204.0
31
0.0
0
LINE
5
1611
100
AcDbEntity
8
Outer Walls
6
Solid
370
35
62
47
100
AcDbLine
10
88551.0
20
-65204.0
30
0.0
11
88299.0
21
-65636.0
31
0.0
0
LINE
5
1613
100
AcDbEntity
8
Outer Walls
6
Solid
370
35
62
47
100
AcDbLine
10
85098.0
20
-46513.0
30
0.0
11
86749.0
21
-47477.0
31
0.0
0
LINE
5
1615
100
AcDbEntity
8
Outer Walls
6
Solid
370
35
62
47
100
AcDbLine
10
86749.0
20
-47477.0
30
0.0
11
86497.0
21
-47909.0
31
0.0
0
LINE
5
1617
100
AcDbEntity
8
Outer Walls
6
Solid
370
35
62
47
100
AcDbLine
10
86497.0
20
-47909.0
30
0.0
11
84846.0
21
-46945.0
31
0.0
0
LINE
5
1619
100
AcDbEntity
8
Outer Walls
6
Solid
370
35
62
47
100
AcDbLine
10
84846.0
20
-46945.0
30
0.0
11
85098.0
21
-46513.0
31
0.0
0
LINE
5
161b
100
AcDbEntity
8
Outer Walls
6
Solid
370
35
62
47
100
AcDbLine
10
85628.0
20
-64076.0
30
0.0
11
83778.0
21
-62996.0
31
0.0
0
LINE
5
161d
100
AcDbEntity
8
Outer Walls
6
Solid
370
35
62
47
100
AcDbLine
10
83778.0
20
-62996.0
30
0.0
11
84030.0
21
-62564.0
31
0.0
0
LINE
5
161f
100
AcDbEntity
8
Outer Walls
6
Solid
370
35
62
47
100
AcDbLine
10
84030.0
20
-62564.0
30
0.0
11
85880.0
21
-63645.0
31
0.0
0
LINE
5
1621
100
AcDbEntity
8
Outer Walls
6
Solid
370
35
62
47
100
AcDbLine
10
85880.0
20
-63645.0
30
0.0
11
85628.0
21
-64076.0
31
0.0
0
LINE
5
1623
100
AcDbEntity
8
Outer Walls
6
Solid
370
35
62
47
100
AcDbLine
10
82284.0
20
-44871.0
30
0.0
11
84234.0
21
-46009.0
31
0.0
0
LINE
5
1625
100
AcDbEntity
8
Outer Walls
6
Solid
370
35
62
47
100
AcDbLine
10
84234.0
20
-46009.0
30
0.0
11
83982.0
21
-46441.0
31
0.0
0
LINE
5
1627
100
AcDbEntity
8
Outer Walls
6
Solid
370
35
62
47
100
AcDbLine
10
83982.0
20
-46441.0
30
0.0
11
82032.0
21
-45302.0
31
0.0
0
LINE
5
1629
100
AcDbEntity
8
Outer Walls
6
Solid
370
35
62
47
100
AcDbLine
10
82032.0
20
-45302.0
30
0.0
11
82284.0
21
-44871.0
31
0.0
0
LINE
5
162b
100
AcDbEntity
8
Outer Walls
6
Solid
370
35
62
47
100
AcDbLine
10
82482.0
20
-62240.0
30
0.0
11
81064.0
21
-61411.0
31
0.0
0
LINE
5
162d
100
AcDbEntity
8
Outer Walls
6
Solid
370
35
62
47
100
AcDbLine
10
81064.0
20
-61411.0
30
0.0
11
81316.0
21
-60980.0
31
0.0
0
LINE
5
162f
100
AcDbEntity
8
Outer Walls
6
Solid
370
35
62
47
100
AcDbLine
10
81316.0
20
-60980.0
30
0.0
11
82735.0
21
-61808.0
31
0.0
0
LINE
5
1631
100
AcDbEntity
8
Outer Walls
6
Solid
370
35
62
47
100
AcDbLine
10
82735.0
20
-61808.0
30
0.0
11
82482.0
21
-62240.0
31
0.0
0
LINE
5
1633
100
AcDbEntity
8
Outer Walls
6
Solid
370
35
62
47
100
AcDbLine
10
80989.0
20
-44114.0
30
0.0
11
81421.0
21
-44366.0
31
0.0
0
LINE
5
1635
100
AcDbEntity
8
Outer Walls
6
Solid
370
35
62
47
100
AcDbLine
10
81421.0
20
-44366.0
30
0.0
11
81168.0
21
-44798.0
31
0.0
0
LINE
5
1637
100
AcDbEntity
8
Outer Walls
6
Solid
370
35
62
47
100
AcDbLine
10
81168.0
20
-44798.0
30
0.0
11
80737.0
21
-44546.0
31
0.0
0
LINE
5
1639
100
AcDbEntity
8
Outer Walls
6
Solid
370
35
62
47
100
AcDbLine
10
80737.0
20
-44546.0
30
0.0
11
80989.0
21
-44114.0
31
0.0
0
LINE
5
163b
100
AcDbEntity
8
Outer Walls
6
Solid
370
35
62
47
100
AcDbLine
10
80200.0
20
-60907.0
30
0.0
11
79768.0
21
-60655.0
31
0.0
0
LINE
5
163d
100
AcDbEntity
8
Outer Walls
6
Solid
370
35
62
47
100
AcDbLine
10
79768.0
20
-60655.0
30
0.0
11
80020.0
21
-60223.0
31
0.0
0
LINE
5
163f
100
AcDbEntity
8
Outer Walls
6
Solid
370
35
62
47
100
AcDbLine
10
80020.0
20
-60223.0
30
0.0
11
80452.0
21
-60475.0
31
0.0
0
LINE
5
1641
100
AcDbEntity
8
Outer Walls
6
Solid
370
35
62
47
100
AcDbLine
10
80452.0
20
-60475.0
30
0.0
11
80200.0
21
-60907.0
31
0.0
0
LINE
5
1643
100
AcDbEntity
8
Outer Walls
6
Solid
370
35
62
47
100
AcDbLine
10
78750.0
20
-42807.0
30
0.0
11
80125.0
21
-43610.0
31
0.0
0
LINE
5
1645
100
AcDbEntity
8
Outer Walls
6
Solid
370
35
62
47
100
AcDbLine
10
80125.0
20
-43610.0
30
0.0
11
79873.0
21
-44042.0
31
0.0
0
LINE
5
1647
100
AcDbEntity
8
Outer Walls
6
Solid
370
35
62
47
100
AcDbLine
10
79873.0
20
-44042.0
30
0.0
11
78497.0
21
-43239.0
31
0.0
0
LINE
5
1649
100
AcDbEntity
8
Outer Walls
6
Solid
370
35
62
47
100
AcDbLine
10
78497.0
20
-43239.0
30
0.0
11
78750.0
21
-42807.0
31
0.0
0
LINE
5
164b
100
AcDbEntity
8
Outer Walls
6
Solid
370
35
62
47
100
AcDbLine
10
78905.0
20
-60151.0
30
0.0
11
77486.0
21
-59323.0
31
0.0
0
LINE
5
164d
100
AcDbEntity
8
Outer Walls
6
Solid
370
35
62
47
100
AcDbLine
10
77486.0
20
-59323.0
30
0.0
11
77738.0
21
-58891.0
31
0.0
0
LINE
5
164f
100
AcDbEntity
8
Outer Walls
6
Solid
370
35
62
47
100
AcDbLine
10
77738.0
20
-58891.0
30
0.0
11
79157.0
21
-59719.0
31
0.0
0
LINE
5
1651
100
AcDbEntity
8
Outer Walls
6
Solid
370
35
62
47
100
AcDbLine
10
79157.0
20
-59719.0
30
0.0
11
78905.0
21
-60151.0
31
0.0
0
LINE
5
1653
100
AcDbEntity
8
Outer Walls
6
Solid
370
35
62
47
100
AcDbLine
10
74682.0
20
-44080.0
30
0.0
11
76144.0
21
-41575.0
31
0.0
0
LINE
5
1655
100
AcDbEntity
8
Outer Walls
6
Solid
370
35
62
47
100
AcDbLine
10
76144.0
20
-41575.0
30
0.0
11
76172.0
21
-41535.0
31
0.0
0
LINE
5
1657
100
AcDbEntity
8
Outer Walls
6
Solid
370
35
62
47
100
AcDbLine
10
76172.0
20
-41535.0
30
0.0
11
76208.0
21
-41502.0
31
0.0
0
LINE
5
1659
100
AcDbEntity
8
Outer Walls
6
Solid
370
35
62
47
100
AcDbLine
10
76208.0
20
-41502.0
30
0.0
11
76250.0
21
-41476.0
31
0.0
0
LINE
5
165b
100
AcDbEntity
8
Outer Walls
6
Solid
370
35
62
47
100
AcDbLine
10
76250.0
20
-41476.0
30
0.0
11
76296.0
21
-41459.0
31
0.0
0
LINE
5
165d
100
AcDbEntity
8
Outer Walls
6
Solid
370
35
62
47
100
AcDbLine
10
76296.0
20
-41459.0
30
0.0
11
76345.0
21
-41452.0
31
0.0
0
LINE
5
165f
100
AcDbEntity
8
Outer Walls
6
Solid
370
35
62
47
100
AcDbLine
10
76345.0
20
-41452.0
30
0.0
11
76393.0
21
-41453.0
31
0.0
0
LINE
5
1661
100
AcDbEntity
8
Outer Walls
6
Solid
370
35
62
47
100
AcDbLine
10
76393.0
20
-41453.0
30
0.0
11
76441.0
21
-41465.0
31
0.0
0
LINE
5
1663
100
AcDbEntity
8
Outer Walls
6
Solid
370
35
62
47
100
AcDbLine
10
76441.0
20
-41465.0
30
0.0
11
76486.0
21
-41485.0
31
0.0
0
LINE
5
1665
100
AcDbEntity
8
Outer Walls
6
Solid
370
35
62
47
100
AcDbLine
10
76486.0
20
-41485.0
30
0.0
11
77454.0
21
-42051.0
31
0.0
0
LINE
5
1667
100
AcDbEntity
8
Outer Walls
6
Solid
370
35
62
47
100
AcDbLine
10
77454.0
20
-42051.0
30
0.0
11
77202.0
21
-42483.0
31
0.0
0
LINE
5
1669
100
AcDbEntity
8
Outer Walls
6
Solid
370
35
62
47
100
AcDbLine
10
77202.0
20
-42483.0
30
0.0
11
76450.0
21
-42043.0
31
0.0
0
LINE
5
166b
100
AcDbEntity
8
Outer Walls
6
Solid
370
35
62
47
100
AcDbLine
10
76450.0
20
-42043.0
30
0.0
11
75113.0
21
-44332.0
31
0.0
0
LINE
5
166d
100
AcDbEntity
8
Outer Walls
6
Solid
370
35
62
47
100
AcDbLine
10
75113.0
20
-44332.0
30
0.0
11
74682.0
21
-44080.0
31
0.0
0
LINE
5
166f
100
AcDbEntity
8
Outer Walls
6
Solid
370
35
62
47
100
AcDbLine
10
76191.0
20
-58566.0
30
0.0
11
74340.0
21
-57486.0
31
0.0
0
LINE
5
1671
100
AcDbEntity
8
Outer Walls
6
Solid
370
35
62
47
100
AcDbLine
10
74340.0
20
-57486.0
30
0.0
11
74592.0
21
-57054.0
31
0.0
0
LINE
5
1673
100
AcDbEntity
8
Outer Walls
6
Solid
370
35
62
47
100
AcDbLine
10
74592.0
20
-57054.0
30
0.0
11
76443.0
21
-58135.0
31
0.0
0
LINE
5
1675
100
AcDbEntity
8
Outer Walls
6
Solid
370
35
62
47
100
AcDbLine
10
76443.0
20
-58135.0
30
0.0
11
76191.0
21
-58566.0
31
0.0
0
LINE
5
1677
100
AcDbEntity
8
Outer Walls
6
Solid
370
35
62
47
100
AcDbLine
10
71102.0
20
-50211.0
30
0.0
11
73925.0
21
-45375.0
31
0.0
0
LINE
5
1679
100
AcDbEntity
8
Outer Walls
6
Solid
370
35
62
47
100
AcDbLine
10
73925.0
20
-45375.0
30
0.0
11
74357.0
21
-45627.0
31
0.0
0
LINE
5
167b
100
AcDbEntity
8
Outer Walls
6
Solid
370
35
62
47
100
AcDbLine
10
74357.0
20
-45627.0
30
0.0
11
71534.0
21
-50463.0
31
0.0
0
LINE
5
167d
100
AcDbEntity
8
Outer Walls
6
Solid
370
35
62
47
100
AcDbLine
10
71534.0
20
-50463.0
30
0.0
11
71102.0
21
-50211.0
31
0.0
0
LINE
5
167f
100
AcDbEntity
8
Outer Walls
6
Solid
370
35
62
47
100
AcDbLine
10
73045.0
20
-56730.0
30
0.0
11
71669.0
21
-55927.0
31
0.0
0
LINE
5
1681
100
AcDbEntity
8
Outer Walls
6
Solid
370
35
62
47
100
AcDbLine
10
71669.0
20
-55927.0
30
0.0
11
71921.0
21
-55495.0
31
0.0
0
LINE
5
1683
100
AcDbEntity
8
Outer Walls
6
Solid
370
35
62
47
100
AcDbLine
10
71921.0
20
-55495.0
30
0.0
11
73297.0
21
-56298.0
31
0.0
0
LINE
5
1685
100
AcDbEntity
8
Outer Walls
6
Solid
370
35
62
47
100
AcDbLine
10
73297.0
20
-56298.0
30
0.0
11
73045.0
21
-56730.0
31
0.0
0
LINE
5
1687
100
AcDbEntity
8
Outer Walls
6
Solid
370
35
62
47
100
AcDbLine
10
70805.0
20
-55422.0
30
0.0
11
70374.0
21
-55170.0
31
0.0
0
LINE
5
1689
100
AcDbEntity
8
Outer Walls
6
Solid
370
35
62
47
100
AcDbLine
10
70374.0
20
-55170.0
30
0.0
11
70626.0
21
-54739.0
31
0.0
0
LINE
5
168b
100
AcDbEntity
8
Outer Walls
6
Solid
370
35
62
47
100
AcDbLine
10
70626.0
20
-54739.0
30
0.0
11
71057.0
21
-54991.0
31
0.0
0
LINE
5
168d
100
AcDbEntity
8
Outer Walls
6
Solid
370
35
62
47
100
AcDbLine
10
71057.0
20
-54991.0
30
0.0
11
70805.0
21
-55422.0
31
0.0
0
LINE
5
168f
100
AcDbEntity
8
Outer Walls
6
Solid
370
35
62
47
100
AcDbLine
10
69510.0
20
-54666.0
30
0.0
11
68973.0
21
-54353.0
31
0.0
0
LINE
5
1691
100
AcDbEntity
8
Outer Walls
6
Solid
370
35
62
47
100
AcDbLine
10
68973.0
20
-54353.0
30
0.0
11
68934.0
21
-54324.0
31
0.0
0
LINE
5
1693
100
AcDbEntity
8
Outer Walls
6
Solid
370
35
62
47
100
AcDbLine
10
68934.0
20
-54324.0
30
0.0
11
68900.0
21
-54288.0
31
0.0
0
LINE
5
1695
100
AcDbEntity
8
Outer Walls
6
Solid
370
35
62
47
100
AcDbLine
10
68900.0
20
-54288.0
30
0.0
11
68875.0
21
-54246.0
31
0.0
0
LINE
5
1697
100
AcDbEntity
8
Outer Walls
6
Solid
370
35
62
47
100
AcDbLine
10
68875.0
20
-54246.0
30
0.0
11
68858.0
21
-54201.0
31
0.0
0
LINE
5
1699
100
AcDbEntity
8
Outer Walls
6
Solid
370
35
62
47
100
AcDbLine
10
68858.0
20
-54201.0
30
0.0
11
68850.0
21
-54152.0
31
0.0
0
LINE
5
169b
100
AcDbEntity
8
Outer Walls
6
Solid
370
35
62
47
100
AcDbLine
10
68850.0
20
-54152.0
30
0.0
11
68852.0
21
-54103.0
31
0.0
0
LINE
5
169d
100
AcDbEntity
8
Outer Walls
6
Solid
370
35
62
47
100
AcDbLine
10
68852.0
20
-54103.0
30
0.0
11
68863.0
21
-54055.0
31
0.0
0
LINE
5
169f
100
AcDbEntity
8
Outer Walls
6
Solid
370
35
62
47
100
AcDbLine
10
68863.0
20
-54055.0
30
0.0
11
68883.0
21
-54011.0
31
0.0
0
LINE
5
16a1
100
AcDbEntity
8
Outer Walls
6
Solid
370
35
62
47
100
AcDbLine
10
68883.0
20
-54011.0
30
0.0
11
70346.0
21
-51506.0
31
0.0
0
LINE
5
16a3
100
AcDbEntity
8
Outer Walls
6
Solid
370
35
62
47
100
AcDbLine
10
70346.0
20
-51506.0
30
0.0
11
70777.0
21
-51759.0
31
0.0
0
LINE
5
16a5
100
AcDbEntity
8
Outer Walls
6
Solid
370
35
62
47
100
AcDbLine
10
70777.0
20
-51759.0
30
0.0
11
69441.0
21
-54047.0
31
0.0
0
LINE
5
16a7
100
AcDbEntity
8
Outer Walls
6
Solid
370
35
62
47
100
AcDbLine
10
69441.0
20
-54047.0
30
0.0
11
69762.0
21
-54234.0
31
0.0
0
LINE
5
16a9
100
AcDbEntity
8
Outer Walls
6
Solid
370
35
62
47
100
AcDbLine
10
69762.0
20
-54234.0
30
0.0
11
69510.0
21
-54666.0
31
0.0
0
LINE
5
16ab
100
AcDbEntity
8
Outer Walls
6
Solid
370
35
62
47
100
AcDbLine
10
64319.0
20
-98756.0
30
0.0
11
67277.0
21
-100482.0
31
0.0
0
LINE
5
16ad
100
AcDbEntity
8
Outer Walls
6
Solid
370
35
62
47
100
AcDbLine
10
67277.0
20
-100482.0
30
0.0
11
67316.0
21
-100511.0
31
0.0
0
LINE
5
16af
100
AcDbEntity
8
Outer Walls
6
Solid
370
35
62
47
100
AcDbLine
10
67316.0
20
-100511.0
30
0.0
11
67350.0
21
-100547.0
31
0.0
0
LINE
5
16b1
100
AcDbEntity
8
Outer Walls
6
Solid
370
35
62
47
100
AcDbLine
10
67350.0
20
-100547.0
30
0.0
11
67375.0
21
-100589.0
31
0.0
0
LINE
5
16b3
100
AcDbEntity
8
Outer Walls
6
Solid
370
35
62
47
100
AcDbLine
10
67375.0
20
-100589.0
30
0.0
11
67392.0
21
-100635.0
31
0.0
0
LINE
5
16b5
100
AcDbEntity
8
Outer Walls
6
Solid
370
35
62
47
100
AcDbLine
10
67392.0
20
-100635.0
30
0.0
11
67400.0
21
-100683.0
31
0.0
0
LINE
5
16b7
100
AcDbEntity
8
Outer Walls
6
Solid
370
35
62
47
100
AcDbLine
10
67400.0
20
-100683.0
30
0.0
11
67398.0
21
-100732.0
31
0.0
0
LINE
5
16b9
100
AcDbEntity
8
Outer Walls
6
Solid
370
35
62
47
100
AcDbLine
10
67398.0
20
-100732.0
30
0.0
11
67387.0
21
-100780.0
31
0.0
0
LINE
5
16bb
100
AcDbEntity
8
Outer Walls
6
Solid
370
35
62
47
100
AcDbLine
10
67387.0
20
-100780.0
30
0.0
11
67367.0
21
-100824.0
31
0.0
0
LINE
5
16bd
100
AcDbEntity
8
Outer Walls
6
Solid
370
35
62
47
100
AcDbLine
10
67367.0
20
-100824.0
30
0.0
11
66837.0
21
-101731.0
31
0.0
0
LINE
5
16bf
100
AcDbEntity
8
Outer Walls
6
Solid
370
35
62
47
100
AcDbLine
10
66837.0
20
-101731.0
30
0.0
11
66405.0
21
-101479.0
31
0.0
0
LINE
5
16c1
100
AcDbEntity
8
Outer Walls
6
Solid
370
35
62
47
100
AcDbLine
10
66405.0
20
-101479.0
30
0.0
11
66809.0
21
-100788.0
31
0.0
0
LINE
5
16c3
100
AcDbEntity
8
Outer Walls
6
Solid
370
35
62
47
100
AcDbLine
10
66809.0
20
-100788.0
30
0.0
11
64067.0
21
-99187.0
31
0.0
0
LINE
5
16c5
100
AcDbEntity
8
Outer Walls
6
Solid
370
35
62
47
100
AcDbLine
10
64067.0
20
-99187.0
30
0.0
11
64319.0
21
-98756.0
31
0.0
0
LINE
5
16c7
100
AcDbEntity
8
Outer Walls
6
Solid
370
35
62
47
100
AcDbLine
10
66081.0
20
-103027.0
30
0.0
11
65350.0
21
-104279.0
31
0.0
0
LINE
5
16c9
100
AcDbEntity
8
Outer Walls
6
Solid
370
35
62
47
100
AcDbLine
10
65350.0
20
-104279.0
30
0.0
11
64918.0
21
-104027.0
31
0.0
0
LINE
5
16cb
100
AcDbEntity
8
Outer Walls
6
Solid
370
35
62
47
100
AcDbLine
10
64918.0
20
-104027.0
30
0.0
11
65649.0
21
-102774.0
31
0.0
0
LINE
5
16cd
100
AcDbEntity
8
Outer Walls
6
Solid
370
35
62
47
100
AcDbLine
10
65649.0
20
-102774.0
30
0.0
11
66081.0
21
-103027.0
31
0.0
0
LINE
5
16cf
100
AcDbEntity
8
Outer Walls
6
Solid
370
35
62
47
100
AcDbLine
10
64846.0
20
-105142.0
30
0.0
11
64594.0
21
-105574.0
31
0.0
0
LINE
5
16d1
100
AcDbEntity
8
Outer Walls
6
Solid
370
35
62
47
100
AcDbLine
10
64594.0
20
-105574.0
30
0.0
11
64162.0
21
-105322.0
31
0.0
0
LINE
5
16d3
100
AcDbEntity
8
Outer Walls
6
Solid
370
35
62
47
100
AcDbLine
10
64162.0
20
-105322.0
30
0.0
11
64414.0
21
-104890.0
31
0.0
0
LINE
5
16d5
100
AcDbEntity
8
Outer Walls
6
Solid
370
35
62
47
100
AcDbLine
10
64414.0
20
-104890.0
30
0.0
11
64846.0
21
-105142.0
31
0.0
0
LINE
5
16d7
100
AcDbEntity
8
Outer Walls
6
Solid
370
35
62
47
100
AcDbLine
10
64089.0
20
-106438.0
30
0.0
11
63333.0
21
-107733.0
31
0.0
0
LINE
5
16d9
100
AcDbEntity
8
Outer Walls
6
Solid
370
35
62
47
100
AcDbLine
10
63333.0
20
-107733.0
30
0.0
11
62901.0
21
-107481.0
31
0.0
0
LINE
5
16db
100
AcDbEntity
8
Outer Walls
6
Solid
370
35
62
47
100
AcDbLine
10
62901.0
20
-107481.0
30
0.0
11
63658.0
21
-106186.0
31
0.0
0
LINE
5
16dd
100
AcDbEntity
8
Outer Walls
6
Solid
370
35
62
47
100
AcDbLine
10
63658.0
20
-106186.0
30
0.0
11
64089.0
21
-106438.0
31
0.0
0
LINE
5
16df
100
AcDbEntity
8
Outer Walls
6
Solid
370
35
62
47
100
AcDbLine
10
57281.0
20
-94646.0
30
0.0
11
63023.0
21
-97999.0
31
0.0
0
LINE
5
16e1
100
AcDbEntity
8
Outer Walls
6
Solid
370
35
62
47
100
AcDbLine
10
63023.0
20
-97999.0
30
0.0
11
62771.0
21
-98431.0
31
0.0
0
LINE
5
16e3
100
AcDbEntity
8
Outer Walls
6
Solid
370
35
62
47
100
AcDbLine
10
62771.0
20
-98431.0
30
0.0
11
57028.0
21
-95078.0
31
0.0
0
LINE
5
16e5
100
AcDbEntity
8
Outer Walls
6
Solid
370
35
62
47
100
AcDbLine
10
57028.0
20
-95078.0
30
0.0
11
57281.0
21
-94646.0
31
0.0
0
LINE
5
16e7
100
AcDbEntity
8
Outer Walls
6
Solid
370
35
62
47
100
AcDbLine
10
62577.0
20
-109029.0
30
0.0
11
61568.0
21
-110756.0
31
0.0
0
LINE
5
16e9
100
AcDbEntity
8
Outer Walls
6
Solid
370
35
62
47
100
AcDbLine
10
61568.0
20
-110756.0
30
0.0
11
61137.0
21
-110504.0
31
0.0
0
LINE
5
16eb
100
AcDbEntity
8
Outer Walls
6
Solid
370
35
62
47
100
AcDbLine
10
61137.0
20
-110504.0
30
0.0
11
62145.0
21
-108776.0
31
0.0
0
LINE
5
16ed
100
AcDbEntity
8
Outer Walls
6
Solid
370
35
62
47
100
AcDbLine
10
62145.0
20
-108776.0
30
0.0
11
62577.0
21
-109029.0
31
0.0
0
LINE
5
16ef
100
AcDbEntity
8
Outer Walls
6
Solid
370
35
62
47
100
AcDbLine
10
60812.0
20
-112051.0
30
0.0
11
60056.0
21
-113347.0
31
0.0
0
LINE
5
16f1
100
AcDbEntity
8
Outer Walls
6
Solid
370
35
62
47
100
AcDbLine
10
60056.0
20
-113347.0
30
0.0
11
59624.0
21
-113094.0
31
0.0
0
LINE
5
16f3
100
AcDbEntity
8
Outer Walls
6
Solid
370
35
62
47
100
AcDbLine
10
59624.0
20
-113094.0
30
0.0
11
60380.0
21
-111799.0
31
0.0
0
LINE
5
16f5
100
AcDbEntity
8
Outer Walls
6
Solid
370
35
62
47
100
AcDbLine
10
60380.0
20
-111799.0
30
0.0
11
60812.0
21
-112051.0
31
0.0
0
LINE
5
16f7
100
AcDbEntity
8
Outer Walls
6
Solid
370
35
62
47
100
AcDbLine
10
59552.0
20
-114210.0
30
0.0
11
59300.0
21
-114642.0
31
0.0
0
LINE
5
16f9
100
AcDbEntity
8
Outer Walls
6
Solid
370
35
62
47
100
AcDbLine
10
59300.0
20
-114642.0
30
0.0
11
58868.0
21
-114390.0
31
0.0
0
LINE
5
16fb
100
AcDbEntity
8
Outer Walls
6
Solid
370
35
62
47
100
AcDbLine
10
58868.0
20
-114390.0
30
0.0
11
59120.0
21
-113958.0
31
0.0
0
LINE
5
16fd
100
AcDbEntity
8
Outer Walls
6
Solid
370
35
62
47
100
AcDbLine
10
59120.0
20
-113958.0
30
0.0
11
59552.0
21
-114210.0
31
0.0
0
LINE
5
16ff
100
AcDbEntity
8
Outer Walls
6
Solid
370
35
62
47
100
AcDbLine
10
58795.0
20
-115506.0
30
0.0
11
58064.0
21
-116758.0
31
0.0
0
LINE
5
1701
100
AcDbEntity
8
Outer Walls
6
Solid
370
35
62
47
100
AcDbLine
10
58064.0
20
-116758.0
30
0.0
11
57633.0
21
-116506.0
31
0.0
0
LINE
5
1703
100
AcDbEntity
8
Outer Walls
6
Solid
370
35
62
47
100
AcDbLine
10
57633.0
20
-116506.0
30
0.0
11
58364.0
21
-115253.0
31
0.0
0
LINE
5
1705
100
AcDbEntity
8
Outer Walls
6
Solid
370
35
62
47
100
AcDbLine
10
58364.0
20
-115253.0
30
0.0
11
58795.0
21
-115506.0
31
0.0
0
LINE
5
1707
100
AcDbEntity
8
Outer Walls
6
Solid
370
35
62
47
100
AcDbLine
10
57308.0
20
-118053.0
30
0.0
11
56779.0
21
-118960.0
31
0.0
0
LINE
5
1709
100
AcDbEntity
8
Outer Walls
6
Solid
370
35
62
47
100
AcDbLine
10
56779.0
20
-118960.0
30
0.0
11
56750.0
21
-119000.0
31
0.0
0
LINE
5
170b
100
AcDbEntity
8
Outer Walls
6
Solid
370
35
62
47
100
AcDbLine
10
56750.0
20
-119000.0
30
0.0
11
56714.0
21
-119033.0
31
0.0
0
LINE
5
170d
100
AcDbEntity
8
Outer Walls
6
Solid
370
35
62
47
100
AcDbLine
10
56714.0
20
-119033.0
30
0.0
11
56672.0
21
-119059.0
31
0.0
0
LINE
5
170f
100
AcDbEntity
8
Outer Walls
6
Solid
370
35
62
47
100
AcDbLine
10
56672.0
20
-119059.0
30
0.0
11
56626.0
21
-119076.0
31
0.0
0
LINE
5
1711
100
AcDbEntity
8
Outer Walls
6
Solid
370
35
62
47
100
AcDbLine
10
56626.0
20
-119076.0
30
0.0
11
56578.0
21
-119083.0
31
0.0
0
LINE
5
1713
100
AcDbEntity
8
Outer Walls
6
Solid
370
35
62
47
100
AcDbLine
10
56578.0
20
-119083.0
30
0.0
11
56529.0
21
-119082.0
31
0.0
0
LINE
5
1715
100
AcDbEntity
8
Outer Walls
6
Solid
370
35
62
47
100
AcDbLine
10
56529.0
20
-119082.0
30
0.0
11
56481.0
21
-119070.0
31
0.0
0
LINE
5
1717
100
AcDbEntity
8
Outer Walls
6
Solid
370
35
62
47
100
AcDbLine
10
56481.0
20
-119070.0
30
0.0
11
56437.0
21
-119050.0
31
0.0
0
LINE
5
1719
100
AcDbEntity
8
Outer Walls
6
Solid
370
35
62
47
100
AcDbLine
10
56437.0
20
-119050.0
30
0.0
11
53479.0
21
-117323.0
31
0.0
0
LINE
5
171b
100
AcDbEntity
8
Outer Walls
6
Solid
370
35
62
47
100
AcDbLine
10
53479.0
20
-117323.0
30
0.0
11
53731.0
21
-116891.0
31
0.0
0
LINE
5
171d
100
AcDbEntity
8
Outer Walls
6
Solid
370
35
62
47
100
AcDbLine
10
53731.0
20
-116891.0
30
0.0
11
56473.0
21
-118492.0
31
0.0
0
LINE
5
171f
100
AcDbEntity
8
Outer Walls
6
Solid
370
35
62
47
100
AcDbLine
10
56473.0
20
-118492.0
30
0.0
11
56876.0
21
-117801.0
31
0.0
0
LINE
5
1721
100
AcDbEntity
8
Outer Walls
6
Solid
370
35
62
47
100
AcDbLine
10
56876.0
20
-117801.0
30
0.0
11
57308.0
21
-118053.0
31
0.0
0
LINE
5
1723
100
AcDbEntity
8
Outer Walls
6
Solid
370
35
62
47
100
AcDbLine
10
52685.0
20
-92253.0
30
0.0
11
52714.0
21
-92214.0
31
0.0
0
LINE
5
1725
100
AcDbEntity
8
Outer Walls
6
Solid
370
35
62
47
100
AcDbLine
10
52714.0
20
-92214.0
30
0.0
11
52750.0
21
-92180.0
31
0.0
0
LINE
5
1727
100
AcDbEntity
8
Outer Walls
6
Solid
370
35
62
47
100
AcDbLine
10
52750.0
20
-92180.0
30
0.0
11
52792.0
21
-92155.0
31
0.0
0
LINE
5
1729
100
AcDbEntity
8
Outer Walls
6
Solid
370
35
62
47
100
AcDbLine
10
52792.0
20
-92155.0
30
0.0
11
52838.0
21
-92137.0
31
0.0
0
LINE
5
172b
100
AcDbEntity
8
Outer Walls
6
Solid
370
35
62
47
100
AcDbLine
10
52838.0
20
-92137.0
30
0.0
11
52886.0
21
-92130.0
31
0.0
0
LINE
5
172d
100
AcDbEntity
8
Outer Walls
6
Solid
370
35
62
47
100
AcDbLine
10
52886.0
20
-92130.0
30
0.0
11
52935.0
21
-92132.0
31
0.0
0
LINE
5
172f
100
AcDbEntity
8
Outer Walls
6
Solid
370
35
62
47
100
AcDbLine
10
52935.0
20
-92132.0
30
0.0
11
52983.0
21
-92143.0
31
0.0
0
LINE
5
1731
100
AcDbEntity
8
Outer Walls
6
Solid
370
35
62
47
100
AcDbLine
10
52983.0
20
-92143.0
30
0.0
11
53027.0
21
-92163.0
31
0.0
0
LINE
5
1733
100
AcDbEntity
8
Outer Walls
6
Solid
370
35
62
47
100
AcDbLine
10
53027.0
20
-92163.0
30
0.0
11
55985.0
21
-93890.0
31
0.0
0
LINE
5
1735
100
AcDbEntity
8
Outer Walls
6
Solid
370
35
62
47
100
AcDbLine
10
55985.0
20
-93890.0
30
0.0
11
55733.0
21
-94322.0
31
0.0
0
LINE
5
1737
100
AcDbEntity
8
Outer Walls
6
Solid
370
35
62
47
100
AcDbLine
10
55733.0
20
-94322.0
30
0.0
11
52991.0
21
-92721.0
31
0.0
0
LINE
5
1739
100
AcDbEntity
8
Outer Walls
6
Solid
370
35
62
47
100
AcDbLine
10
52991.0
20
-92721.0
30
0.0
11
52840.0
21
-92980.0
31
0.0
0
LINE
5
173b
100
AcDbEntity
8
Outer Walls
6
Solid
370
35
62
47
100
AcDbLine
10
52840.0
20
-92980.0
30
0.0
11
52408.0
21
-92728.0
31
0.0
0
LINE
5
173d
100
AcDbEntity
8
Outer Walls
6
Solid
370
35
62
47
100
AcDbLine
10
52408.0
20
-92728.0
30
0.0
11
52685.0
21
-92253.0
31
0.0
0
LINE
5
173f
100
AcDbEntity
8
Outer Walls
6
Solid
370
35
62
47
100
AcDbLine
10
52184.0
20
-116567.0
30
0.0
11
46441.0
21
-113214.0
31
0.0
0
LINE
5
1741
100
AcDbEntity
8
Outer Walls
6
Solid
370
35
62
47
100
AcDbLine
10
46441.0
20
-113214.0
30
0.0
11
46693.0
21
-112782.0
31
0.0
0
LINE
5
1743
100
AcDbEntity
8
Outer Walls
6
Solid
370
35
62
47
100
AcDbLine
10
46693.0
20
-112782.0
30
0.0
11
52436.0
21
-116135.0
31
0.0
0
LINE
5
1745
100
AcDbEntity
8
Outer Walls
6
Solid
370
35
62
47
100
AcDbLine
10
52436.0
20
-116135.0
30
0.0
11
52184.0
21
-116567.0
31
0.0
0
LINE
5
1747
100
AcDbEntity
8
Outer Walls
6
Solid
370
35
62
47
100
AcDbLine
10
52336.0
20
-93844.0
30
0.0
11
52084.0
21
-94276.0
31
0.0
0
LINE
5
1749
100
AcDbEntity
8
Outer Walls
6
Solid
370
35
62
47
100
AcDbLine
10
52084.0
20
-94276.0
30
0.0
11
51652.0
21
-94024.0
31
0.0
0
LINE
5
174b
100
AcDbEntity
8
Outer Walls
6
Solid
370
35
62
47
100
AcDbLine
10
51652.0
20
-94024.0
30
0.0
11
51904.0
21
-93592.0
31
0.0
0
LINE
5
174d
100
AcDbEntity
8
Outer Walls
6
Solid
370
35
62
47
100
AcDbLine
10
51904.0
20
-93592.0
30
0.0
11
52336.0
21
-93844.0
31
0.0
0
LINE
5
174f
100
AcDbEntity
8
Outer Walls
6
Solid
370
35
62
47
100
AcDbLine
10
51579.0
20
-95139.0
30
0.0
11
50848.0
21
-96392.0
31
0.0
0
LINE
5
1751
100
AcDbEntity
8
Outer Walls
6
Solid
370
35
62
47
100
AcDbLine
10
50848.0
20
-96392.0
30
0.0
11
50417.0
21
-96139.0
31
0.0
0
LINE
5
1753
100
AcDbEntity
8
Outer Walls
6
Solid
370
35
62
47
100
AcDbLine
10
50417.0
20
-96139.0
30
0.0
11
51148.0
21
-94887.0
31
0.0
0
LINE
5
1755
100
AcDbEntity
8
Outer Walls
6
Solid
370
35
62
47
100
AcDbLine
10
51148.0
20
-94887.0
30
0.0
11
51579.0
21
-95139.0
31
0.0
0
LINE
5
1757
100
AcDbEntity
8
Outer Walls
6
Solid
370
35
62
47
100
AcDbLine
10
48342.0
20
-99693.0
30
0.0
11
49660.0
21
-97435.0
31
0.0
0
LINE
5
1759
100
AcDbEntity
8
Outer Walls
6
Solid
370
35
62
47
100
AcDbLine
10
49660.0
20
-97435.0
30
0.0
11
50092.0
21
-97687.0
31
0.0
0
LINE
5
175b
100
AcDbEntity
8
Outer Walls
6
Solid
370
35
62
47
100
AcDbLine
10
50092.0
20
-97687.0
30
0.0
11
48773.0
21
-99946.0
31
0.0
0
LINE
5
175d
100
AcDbEntity
8
Outer Walls
6
Solid
370
35
62
47
100
AcDbLine
10
48773.0
20
-99946.0
30
0.0
11
48342.0
21
-99693.0
31
0.0
0
LINE
5
175f
100
AcDbEntity
8
Outer Walls
6
Solid
370
35
62
47
100
AcDbLine
10
46945.0
20
-102085.0
30
0.0
11
47837.0
21
-100557.0
31
0.0
0
LINE
5
1761
100
AcDbEntity
8
Outer Walls
6
Solid
370
35
62
47
100
AcDbLine
10
47837.0
20
-100557.0
30
0.0
11
48269.0
21
-100809.0
31
0.0
0
LINE
5
1763
100
AcDbEntity
8
Outer Walls
6
Solid
370
35
62
47
100
AcDbLine
10
48269.0
20
-100809.0
30
0.0
11
47377.0
21
-102337.0
31
0.0
0
LINE
5
1765
100
AcDbEntity
8
Outer Walls
6
Solid
370
35
62
47
100
AcDbLine
10
47377.0
20
-102337.0
30
0.0
11
46945.0
21
-102085.0
31
0.0
0
LINE
5
1767
100
AcDbEntity
8
Outer Walls
6
Solid
370
35
62
47
100
AcDbLine
10
45123.0
20
-105207.0
30
0.0
11
46441.0
21
-102949.0
31
0.0
0
LINE
5
1769
100
AcDbEntity
8
Outer Walls
6
Solid
370
35
62
47
100
AcDbLine
10
46441.0
20
-102949.0
30
0.0
11
46873.0
21
-103201.0
31
0.0
0
LINE
5
176b
100
AcDbEntity
8
Outer Walls
6
Solid
370
35
62
47
100
AcDbLine
10
46873.0
20
-103201.0
30
0.0
11
45554.0
21
-105459.0
31
0.0
0
LINE
5
176d
100
AcDbEntity
8
Outer Walls
6
Solid
370
35
62
47
100
AcDbLine
10
45554.0
20
-105459.0
30
0.0
11
45123.0
21
-105207.0
31
0.0
0
LINE
5
176f
100
AcDbEntity
8
Outer Walls
6
Solid
370
35
62
47
100
AcDbLine
10
45145.0
20
-112458.0
30
0.0
11
42187.0
21
-110731.0
31
0.0
0
LINE
5
1771
100
AcDbEntity
8
Outer Walls
6
Solid
370
35
62
47
100
AcDbLine
10
42187.0
20
-110731.0
30
0.0
11
42148.0
21
-110702.0
31
0.0
0
LINE
5
1773
100
AcDbEntity
8
Outer Walls
6
Solid
370
35
62
47
100
AcDbLine
10
42148.0
20
-110702.0
30
0.0
11
42114.0
21
-110666.0
31
0.0
0
LINE
5
1775
100
AcDbEntity
8
Outer Walls
6
Solid
370
35
62
47
100
AcDbLine
10
42114.0
20
-110666.0
30
0.0
11
42089.0
21
-110624.0
31
0.0
0
LINE
5
1777
100
AcDbEntity
8
Outer Walls
6
Solid
370
35
62
47
100
AcDbLine
10
42089.0
20
-110624.0
30
0.0
11
42072.0
21
-110578.0
31
0.0
0
LINE
5
1779
100
AcDbEntity
8
Outer Walls
6
Solid
370
35
62
47
100
AcDbLine
10
42072.0
20
-110578.0
30
0.0
11
42064.0
21
-110530.0
31
0.0
0
LINE
5
177b
100
AcDbEntity
8
Outer Walls
6
Solid
370
35
62
47
100
AcDbLine
10
42064.0
20
-110530.0
30
0.0
11
42066.0
21
-110481.0
31
0.0
0
LINE
5
177d
100
AcDbEntity
8
Outer Walls
6
Solid
370
35
62
47
100
AcDbLine
10
42066.0
20
-110481.0
30
0.0
11
42077.0
21
-110433.0
31
0.0
0
LINE
5
177f
100
AcDbEntity
8
Outer Walls
6
Solid
370
35
62
47
100
AcDbLine
10
42077.0
20
-110433.0
30
0.0
11
42098.0
21
-110389.0
31
0.0
0
LINE
5
1781
100
AcDbEntity
8
Outer Walls
6
Solid
370
35
62
47
100
AcDbLine
10
42098.0
20
-110389.0
30
0.0
11
42375.0
21
-109914.0
31
0.0
0
LINE
5
1783
100
AcDbEntity
8
Outer Walls
6
Solid
370
35
62
47
100
AcDbLine
10
42375.0
20
-109914.0
30
0.0
11
42807.0
21
-110166.0
31
0.0
0
LINE
5
1785
100
AcDbEntity
8
Outer Walls
6
Solid
370
35
62
47
100
AcDbLine
10
42807.0
20
-110166.0
30
0.0
11
42655.0
21
-110425.0
31
0.0
0
LINE
5
1787
100
AcDbEntity
8
Outer Walls
6
Solid
370
35
62
47
100
AcDbLine
10
42655.0
20
-110425.0
30
0.0
11
45397.0
21
-112026.0
31
0.0
0
LINE
5
1789
100
AcDbEntity
8
Outer Walls
6
Solid
370
35
62
47
100
AcDbLine
10
45397.0
20
-112026.0
30
0.0
11
45145.0
21
-112458.0
31
0.0
0
LINE
5
178b
100
AcDbEntity
8
Outer Walls
6
Solid
370
35
62
47
100
AcDbLine
10
43635.0
20
-107755.0
30
0.0
11
44366.0
21
-106503.0
31
0.0
0
LINE
5
178d
100
AcDbEntity
8
Outer Walls
6
Solid
370
35
62
47
100
AcDbLine
10
44366.0
20
-106503.0
30
0.0
11
44798.0
21
-106755.0
31
0.0
0
LINE
5
178f
100
AcDbEntity
8
Outer Walls
6
Solid
370
35
62
47
100
AcDbLine
10
44798.0
20
-106755.0
30
0.0
11
44067.0
21
-108007.0
31
0.0
0
LINE
5
1791
100
AcDbEntity
8
Outer Walls
6
Solid
370
35
62
47
100
AcDbLine
10
44067.0
20
-108007.0
30
0.0
11
43635.0
21
-107755.0
31
0.0
0
LINE
5
1793
100
AcDbEntity
8
Outer Walls
6
Solid
370
35
62
47
100
AcDbLine
10
42879.0
20
-109050.0
30
0.0
11
43131.0
21
-108618.0
31
0.0
0
LINE
5
1795
100
AcDbEntity
8
Outer Walls
6
Solid
370
35
62
47
100
AcDbLine
10
43131.0
20
-108618.0
30
0.0
11
43563.0
21
-108870.0
31
0.0
0
LINE
5
1797
100
AcDbEntity
8
Outer Walls
6
Solid
370
35
62
47
100
AcDbLine
10
43563.0
20
-108870.0
30
0.0
11
43311.0
21
-109302.0
31
0.0
0
LINE
5
1799
100
AcDbEntity
8
Outer Walls
6
Solid
370
35
62
47
100
AcDbLine
10
43311.0
20
-109302.0
30
0.0
11
42879.0
21
-109050.0
31
0.0
0
LINE
5
179b
100
AcDbEntity
8
Outer Walls
6
Solid
370
35
62
47
100
AcDbLine
10
30364.0
20
-29297.0
30
0.0
11
33196.0
21
-29921.0
31
0.0
0
LINE
5
179d
100
AcDbEntity
8
Outer Walls
6
Solid
370
35
62
47
100
AcDbLine
10
33196.0
20
-29921.0
30
0.0
11
33243.0
21
-29936.0
31
0.0
0
LINE
5
179f
100
AcDbEntity
8
Outer Walls
6
Solid
370
35
62
47
100
AcDbLine
10
33243.0
20
-29936.0
30
0.0
11
33285.0
21
-29960.0
31
0.0
0
LINE
5
17a1
100
AcDbEntity
8
Outer Walls
6
Solid
370
35
62
47
100
AcDbLine
10
33285.0
20
-29960.0
30
0.0
11
33323.0
21
-29992.0
31
0.0
0
LINE
5
17a3
100
AcDbEntity
8
Outer Walls
6
Solid
370
35
62
47
100
AcDbLine
10
33323.0
20
-29992.0
30
0.0
11
33353.0
21
-30030.0
31
0.0
0
LINE
5
17a5
100
AcDbEntity
8
Outer Walls
6
Solid
370
35
62
47
100
AcDbLine
10
33353.0
20
-30030.0
30
0.0
11
33375.0
21
-30074.0
31
0.0
0
LINE
5
17a7
100
AcDbEntity
8
Outer Walls
6
Solid
370
35
62
47
100
AcDbLine
10
33375.0
20
-30074.0
30
0.0
11
33389.0
21
-30121.0
31
0.0
0
LINE
5
17a9
100
AcDbEntity
8
Outer Walls
6
Solid
370
35
62
47
100
AcDbLine
10
33389.0
20
-30121.0
30
0.0
11
33392.0
21
-30170.0
31
0.0
0
LINE
5
17ab
100
AcDbEntity
8
Outer Walls
6
Solid
370
35
62
47
100
AcDbLine
10
33392.0
20
-30170.0
30
0.0
11
33387.0
21
-30218.0
31
0.0
0
LINE
5
17ad
100
AcDbEntity
8
Outer Walls
6
Solid
370
35
62
47
100
AcDbLine
10
33387.0
20
-30218.0
30
0.0
11
33145.0
21
-31314.0
31
0.0
0
LINE
5
17af
100
AcDbEntity
8
Outer Walls
6
Solid
370
35
62
47
100
AcDbLine
10
33145.0
20
-31314.0
30
0.0
11
32657.0
21
-31206.0
31
0.0
0
LINE
5
17b1
100
AcDbEntity
8
Outer Walls
6
Solid
370
35
62
47
100
AcDbLine
10
32657.0
20
-31206.0
30
0.0
11
32844.0
21
-30355.0
31
0.0
0
LINE
5
17b3
100
AcDbEntity
8
Outer Walls
6
Solid
370
35
62
47
100
AcDbLine
10
32844.0
20
-30355.0
30
0.0
11
30256.0
21
-29785.0
31
0.0
0
LINE
5
17b5
100
AcDbEntity
8
Outer Walls
6
Solid
370
35
62
47
100
AcDbLine
10
30256.0
20
-29785.0
30
0.0
11
30364.0
21
-29297.0
31
0.0
0
LINE
5
17b7
100
AcDbEntity
8
Outer Walls
6
Solid
370
35
62
47
100
AcDbLine
10
32823.0
20
-32779.0
30
0.0
11
32373.0
21
-34822.0
31
0.0
0
LINE
5
17b9
100
AcDbEntity
8
Outer Walls
6
Solid
370
35
62
47
100
AcDbLine
10
32373.0
20
-34822.0
30
0.0
11
31885.0
21
-34715.0
31
0.0
0
LINE
5
17bb
100
AcDbEntity
8
Outer Walls
6
Solid
370
35
62
47
100
AcDbLine
10
31885.0
20
-34715.0
30
0.0
11
32335.0
21
-32671.0
31
0.0
0
LINE
5
17bd
100
AcDbEntity
8
Outer Walls
6
Solid
370
35
62
47
100
AcDbLine
10
32335.0
20
-32671.0
30
0.0
11
32823.0
21
-32779.0
31
0.0
0
LINE
5
17bf
100
AcDbEntity
8
Outer Walls
6
Solid
370
35
62
47
100
AcDbLine
10
32050.0
20
-36287.0
30
0.0
11
31697.0
21
-37892.0
31
0.0
0
LINE
5
17c1
100
AcDbEntity
8
Outer Walls
6
Solid
370
35
62
47
100
AcDbLine
10
31697.0
20
-37892.0
30
0.0
11
31209.0
21
-37784.0
31
0.0
0
LINE
5
17c3
100
AcDbEntity
8
Outer Walls
6
Solid
370
35
62
47
100
AcDbLine
10
31209.0
20
-37784.0
30
0.0
11
31562.0
21
-36180.0
31
0.0
0
LINE
5
17c5
100
AcDbEntity
8
Outer Walls
6
Solid
370
35
62
47
100
AcDbLine
10
31562.0
20
-36180.0
30
0.0
11
32050.0
21
-36287.0
31
0.0
0
LINE
5
17c7
100
AcDbEntity
8
Outer Walls
6
Solid
370
35
62
47
100
AcDbLine
10
31482.0
20
-38868.0
30
0.0
11
31375.0
21
-39357.0
31
0.0
0
LINE
5
17c9
100
AcDbEntity
8
Outer Walls
6
Solid
370
35
62
47
100
AcDbLine
10
31375.0
20
-39357.0
30
0.0
11
30886.0
21
-39249.0
31
0.0
0
LINE
5
17cb
100
AcDbEntity
8
Outer Walls
6
Solid
370
35
62
47
100
AcDbLine
10
30886.0
20
-39249.0
30
0.0
11
30994.0
21
-38761.0
31
0.0
0
LINE
5
17cd
100
AcDbEntity
8
Outer Walls
6
Solid
370
35
62
47
100
AcDbLine
10
30994.0
20
-38761.0
30
0.0
11
31482.0
21
-38868.0
31
0.0
0
LINE
5
17cf
100
AcDbEntity
8
Outer Walls
6
Solid
370
35
62
47
100
AcDbLine
10
31160.0
20
-40333.0
30
0.0
11
30806.0
21
-41938.0
31
0.0
0
LINE
5
17d1
100
AcDbEntity
8
Outer Walls
6
Solid
370
35
62
47
100
AcDbLine
10
30806.0
20
-41938.0
30
0.0
11
30318.0
21
-41830.0
31
0.0
0
LINE
5
17d3
100
AcDbEntity
8
Outer Walls
6
Solid
370
35
62
47
100
AcDbLine
10
30318.0
20
-41830.0
30
0.0
11
30671.0
21
-40226.0
31
0.0
0
LINE
5
17d5
100
AcDbEntity
8
Outer Walls
6
Solid
370
35
62
47
100
AcDbLine
10
30671.0
20
-40226.0
30
0.0
11
31160.0
21
-40333.0
31
0.0
0
LINE
5
17d7
100
AcDbEntity
8
Outer Walls
6
Solid
370
35
62
47
100
AcDbLine
10
30484.0
20
-43403.0
30
0.0
11
30131.0
21
-45007.0
31
0.0
0
LINE
5
17d9
100
AcDbEntity
8
Outer Walls
6
Solid
370
35
62
47
100
AcDbLine
10
30131.0
20
-45007.0
30
0.0
11
29642.0
21
-44900.0
31
0.0
0
LINE
5
17db
100
AcDbEntity
8
Outer Walls
6
Solid
370
35
62
47
100
AcDbLine
10
29642.0
20
-44900.0
30
0.0
11
29996.0
21
-43295.0
31
0.0
0
LINE
5
17dd
100
AcDbEntity
8
Outer Walls
6
Solid
370
35
62
47
100
AcDbLine
10
29996.0
20
-43295.0
30
0.0
11
30484.0
21
-43403.0
31
0.0
0
LINE
5
17df
100
AcDbEntity
8
Outer Walls
6
Solid
370
35
62
47
100
AcDbLine
10
29916.0
20
-45984.0
30
0.0
11
29808.0
21
-46472.0
31
0.0
0
LINE
5
17e1
100
AcDbEntity
8
Outer Walls
6
Solid
370
35
62
47
100
AcDbLine
10
29808.0
20
-46472.0
30
0.0
11
29320.0
21
-46365.0
31
0.0
0
LINE
5
17e3
100
AcDbEntity
8
Outer Walls
6
Solid
370
35
62
47
100
AcDbLine
10
29320.0
20
-46365.0
30
0.0
11
29427.0
21
-45876.0
31
0.0
0
LINE
5
17e5
100
AcDbEntity
8
Outer Walls
6
Solid
370
35
62
47
100
AcDbLine
10
29427.0
20
-45876.0
30
0.0
11
29916.0
21
-45984.0
31
0.0
0
LINE
5
17e7
100
AcDbEntity
8
Outer Walls
6
Solid
370
35
62
47
100
AcDbLine
10
29593.0
20
-47449.0
30
0.0
11
29240.0
21
-49053.0
31
0.0
0
LINE
5
17e9
100
AcDbEntity
8
Outer Walls
6
Solid
370
35
62
47
100
AcDbLine
10
29240.0
20
-49053.0
30
0.0
11
28752.0
21
-48946.0
31
0.0
0
LINE
5
17eb
100
AcDbEntity
8
Outer Walls
6
Solid
370
35
62
47
100
AcDbLine
10
28752.0
20
-48946.0
30
0.0
11
29105.0
21
-47341.0
31
0.0
0
LINE
5
17ed
100
AcDbEntity
8
Outer Walls
6
Solid
370
35
62
47
100
AcDbLine
10
29105.0
20
-47341.0
30
0.0
11
29593.0
21
-47449.0
31
0.0
0
LINE
5
17ef
100
AcDbEntity
8
Outer Walls
6
Solid
370
35
62
47
100
AcDbLine
10
28917.0
20
-50518.0
30
0.0
11
28467.0
21
-52562.0
31
0.0
0
LINE
5
17f1
100
AcDbEntity
8
Outer Walls
6
Solid
370
35
62
47
100
AcDbLine
10
28467.0
20
-52562.0
30
0.0
11
27979.0
21
-52454.0
31
0.0
0
LINE
5
17f3
100
AcDbEntity
8
Outer Walls
6
Solid
370
35
62
47
100
AcDbLine
10
27979.0
20
-52454.0
30
0.0
11
28429.0
21
-50410.0
31
0.0
0
LINE
5
17f5
100
AcDbEntity
8
Outer Walls
6
Solid
370
35
62
47
100
AcDbLine
10
28429.0
20
-50410.0
30
0.0
11
28917.0
21
-50518.0
31
0.0
0
LINE
5
17f7
100
AcDbEntity
8
Outer Walls
6
Solid
370
35
62
47
100
AcDbLine
10
18835.0
20
-27015.0
30
0.0
11
18850.0
21
-26968.0
31
0.0
0
LINE
5
17f9
100
AcDbEntity
8
Outer Walls
6
Solid
370
35
62
47
100
AcDbLine
10
18850.0
20
-26968.0
30
0.0
11
18874.0
21
-26925.0
31
0.0
0
LINE
5
17fb
100
AcDbEntity
8
Outer Walls
6
Solid
370
35
62
47
100
AcDbLine
10
18874.0
20
-26925.0
30
0.0
11
18906.0
21
-26888.0
31
0.0
0
LINE
5
17fd
100
AcDbEntity
8
Outer Walls
6
Solid
370
35
62
47
100
AcDbLine
10
18906.0
20
-26888.0
30
0.0
11
18945.0
21
-26858.0
31
0.0
0
LINE
5
17ff
100
AcDbEntity
8
Outer Walls
6
Solid
370
35
62
47
100
AcDbLine
10
18945.0
20
-26858.0
30
0.0
11
18988.0
21
-26836.0
31
0.0
0
LINE
5
1801
100
AcDbEntity
8
Outer Walls
6
Solid
370
35
62
47
100
AcDbLine
10
18988.0
20
-26836.0
30
0.0
11
19035.0
21
-26822.0
31
0.0
0
LINE
5
1803
100
AcDbEntity
8
Outer Walls
6
Solid
370
35
62
47
100
AcDbLine
10
19035.0
20
-26822.0
30
0.0
11
19084.0
21
-26819.0
31
0.0
0
LINE
5
1805
100
AcDbEntity
8
Outer Walls
6
Solid
370
35
62
47
100
AcDbLine
10
19084.0
20
-26819.0
30
0.0
11
19133.0
21
-26824.0
31
0.0
0
LINE
5
1807
100
AcDbEntity
8
Outer Walls
6
Solid
370
35
62
47
100
AcDbLine
10
19133.0
20
-26824.0
30
0.0
11
28899.0
21
-28974.0
31
0.0
0
LINE
5
1809
100
AcDbEntity
8
Outer Walls
6
Solid
370
35
62
47
100
AcDbLine
10
28899.0
20
-28974.0
30
0.0
11
28792.0
21
-29463.0
31
0.0
0
LINE
5
180b
100
AcDbEntity
8
Outer Walls
6
Solid
370
35
62
47
100
AcDbLine
10
28792.0
20
-29463.0
30
0.0
11
19270.0
21
-27366.0
31
0.0
0
LINE
5
180d
100
AcDbEntity
8
Outer Walls
6
Solid
370
35
62
47
100
AcDbLine
10
19270.0
20
-27366.0
30
0.0
11
19190.0
21
-27729.0
31
0.0
0
LINE
5
180f
100
AcDbEntity
8
Outer Walls
6
Solid
370
35
62
47
100
AcDbLine
10
19190.0
20
-27729.0
30
0.0
11
18701.0
21
-27622.0
31
0.0
0
LINE
5
1811
100
AcDbEntity
8
Outer Walls
6
Solid
370
35
62
47
100
AcDbLine
10
18701.0
20
-27622.0
30
0.0
11
18835.0
21
-27015.0
31
0.0
0
LINE
5
1813
100
AcDbEntity
8
Outer Walls
6
Solid
370
35
62
47
100
AcDbLine
10
28145.0
20
-54027.0
30
0.0
11
27904.0
21
-55122.0
31
0.0
0
LINE
5
1815
100
AcDbEntity
8
Outer Walls
6
Solid
370
35
62
47
100
AcDbLine
10
27904.0
20
-55122.0
30
0.0
11
27889.0
21
-55169.0
31
0.0
0
LINE
5
1817
100
AcDbEntity
8
Outer Walls
6
Solid
370
35
62
47
100
AcDbLine
10
27889.0
20
-55169.0
30
0.0
11
27865.0
21
-55211.0
31
0.0
0
LINE
5
1819
100
AcDbEntity
8
Outer Walls
6
Solid
370
35
62
47
100
AcDbLine
10
27865.0
20
-55211.0
30
0.0
11
27833.0
21
-55249.0
31
0.0
0
LINE
5
181b
100
AcDbEntity
8
Outer Walls
6
Solid
370
35
62
47
100
AcDbLine
10
27833.0
20
-55249.0
30
0.0
11
27794.0
21
-55279.0
31
0.0
0
LINE
5
181d
100
AcDbEntity
8
Outer Walls
6
Solid
370
35
62
47
100
AcDbLine
10
27794.0
20
-55279.0
30
0.0
11
27751.0
21
-55301.0
31
0.0
0
LINE
5
181f
100
AcDbEntity
8
Outer Walls
6
Solid
370
35
62
47
100
AcDbLine
10
27751.0
20
-55301.0
30
0.0
11
27703.0
21
-55314.0
31
0.0
0
LINE
5
1821
100
AcDbEntity
8
Outer Walls
6
Solid
370
35
62
47
100
AcDbLine
10
27703.0
20
-55314.0
30
0.0
11
27655.0
21
-55318.0
31
0.0
0
LINE
5
1823
100
AcDbEntity
8
Outer Walls
6
Solid
370
35
62
47
100
AcDbLine
10
27655.0
20
-55318.0
30
0.0
11
27606.0
21
-55312.0
31
0.0
0
LINE
5
1825
100
AcDbEntity
8
Outer Walls
6
Solid
370
35
62
47
100
AcDbLine
10
27606.0
20
-55312.0
30
0.0
11
24774.0
21
-54689.0
31
0.0
0
LINE
5
1827
100
AcDbEntity
8
Outer Walls
6
Solid
370
35
62
47
100
AcDbLine
10
24774.0
20
-54689.0
30
0.0
11
24881.0
21
-54201.0
31
0.0
0
LINE
5
1829
100
AcDbEntity
8
Outer Walls
6
Solid
370
35
62
47
100
AcDbLine
10
24881.0
20
-54201.0
30
0.0
11
27469.0
21
-54770.0
31
0.0
0
LINE
5
182b
100
AcDbEntity
8
Outer Walls
6
Solid
370
35
62
47
100
AcDbLine
10
27469.0
20
-54770.0
30
0.0
11
27657.0
21
-53919.0
31
0.0
0
LINE
5
182d
100
AcDbEntity
8
Outer Walls
6
Solid
370
35
62
47
100
AcDbLine
10
27657.0
20
-53919.0
30
0.0
11
28145.0
21
-54027.0
31
0.0
0
LINE
5
182f
100
AcDbEntity
8
Outer Walls
6
Solid
370
35
62
47
100
AcDbLine
10
23309.0
20
-54366.0
30
0.0
11
13543.0
21
-52216.0
31
0.0
0
LINE
5
1831
100
AcDbEntity
8
Outer Walls
6
Solid
370
35
62
47
100
AcDbLine
10
13543.0
20
-52216.0
30
0.0
11
13496.0
21
-52201.0
31
0.0
0
LINE
5
1833
100
AcDbEntity
8
Outer Walls
6
Solid
370
35
62
47
100
AcDbLine
10
13496.0
20
-52201.0
30
0.0
11
13453.0
21
-52177.0
31
0.0
0
LINE
5
1835
100
AcDbEntity
8
Outer Walls
6
Solid
370
35
62
47
100
AcDbLine
10
13453.0
20
-52177.0
30
0.0
11
13416.0
21
-52145.0
31
0.0
0
LINE
5
1837
100
AcDbEntity
8
Outer Walls
6
Solid
370
35
62
47
100
AcDbLine
10
13416.0
20
-52145.0
30
0.0
11
13386.0
21
-52107.0
31
0.0
0
LINE
5
1839
100
AcDbEntity
8
Outer Walls
6
Solid
370
35
62
47
100
AcDbLine
10
13386.0
20
-52107.0
30
0.0
11
13364.0
21
-52063.0
31
0.0
0
LINE
5
183b
100
AcDbEntity
8
Outer Walls
6
Solid
370
35
62
47
100
AcDbLine
10
13364.0
20
-52063.0
30
0.0
11
13350.0
21
-52016.0
31
0.0
0
LINE
5
183d
100
AcDbEntity
8
Outer Walls
6
Solid
370
35
62
47
100
AcDbLine
10
13350.0
20
-52016.0
30
0.0
11
13346.0
21
-51967.0
31
0.0
0
LINE
5
183f
100
AcDbEntity
8
Outer Walls
6
Solid
370
35
62
47
100
AcDbLine
10
13346.0
20
-51967.0
30
0.0
11
13352.0
21
-51918.0
31
0.0
0
LINE
5
1841
100
AcDbEntity
8
Outer Walls
6
Solid
370
35
62
47
100
AcDbLine
10
13352.0
20
-51918.0
30
0.0
11
13486.0
21
-51311.0
31
0.0
0
LINE
5
1843
100
AcDbEntity
8
Outer Walls
6
Solid
370
35
62
47
100
AcDbLine
10
13486.0
20
-51311.0
30
0.0
11
13974.0
21
-51419.0
31
0.0
0
LINE
5
1845
100
AcDbEntity
8
Outer Walls
6
Solid
370
35
62
47
100
AcDbLine
10
13974.0
20
-51419.0
30
0.0
11
13894.0
21
-51782.0
31
0.0
0
LINE
5
1847
100
AcDbEntity
8
Outer Walls
6
Solid
370
35
62
47
100
AcDbLine
10
13894.0
20
-51782.0
30
0.0
11
23416.0
21
-53878.0
31
0.0
0
LINE
5
1849
100
AcDbEntity
8
Outer Walls
6
Solid
370
35
62
47
100
AcDbLine
10
23416.0
20
-53878.0
30
0.0
11
23309.0
21
-54366.0
31
0.0
0
LINE
5
184b
100
AcDbEntity
8
Outer Walls
6
Solid
370
35
62
47
100
AcDbLine
10
18975.0
20
-28706.0
30
0.0
11
18867.0
21
-29194.0
31
0.0
0
LINE
5
184d
100
AcDbEntity
8
Outer Walls
6
Solid
370
35
62
47
100
AcDbLine
10
18867.0
20
-29194.0
30
0.0
11
18379.0
21
-29087.0
31
0.0
0
LINE
5
184f
100
AcDbEntity
8
Outer Walls
6
Solid
370
35
62
47
100
AcDbLine
10
18379.0
20
-29087.0
30
0.0
11
18486.0
21
-28598.0
31
0.0
0
LINE
5
1851
100
AcDbEntity
8
Outer Walls
6
Solid
370
35
62
47
100
AcDbLine
10
18486.0
20
-28598.0
30
0.0
11
18975.0
21
-28706.0
31
0.0
0
LINE
5
1853
100
AcDbEntity
8
Outer Walls
6
Solid
370
35
62
47
100
AcDbLine
10
18652.0
20
-30171.0
30
0.0
11
18417.0
21
-31238.0
31
0.0
0
LINE
5
1855
100
AcDbEntity
8
Outer Walls
6
Solid
370
35
62
47
100
AcDbLine
10
18417.0
20
-31238.0
30
0.0
11
17929.0
21
-31130.0
31
0.0
0
LINE
5
1857
100
AcDbEntity
8
Outer Walls
6
Solid
370
35
62
47
100
AcDbLine
10
17929.0
20
-31130.0
30
0.0
11
18164.0
21
-30063.0
31
0.0
0
LINE
5
1859
100
AcDbEntity
8
Outer Walls
6
Solid
370
35
62
47
100
AcDbLine
10
18164.0
20
-30063.0
30
0.0
11
18652.0
21
-30171.0
31
0.0
0
LINE
5
185b
100
AcDbEntity
8
Outer Walls
6
Solid
370
35
62
47
100
AcDbLine
10
18202.0
20
-32215.0
30
0.0
11
18095.0
21
-32703.0
31
0.0
0
LINE
5
185d
100
AcDbEntity
8
Outer Walls
6
Solid
370
35
62
47
100
AcDbLine
10
18095.0
20
-32703.0
30
0.0
11
17606.0
21
-32595.0
31
0.0
0
LINE
5
185f
100
AcDbEntity
8
Outer Walls
6
Solid
370
35
62
47
100
AcDbLine
10
17606.0
20
-32595.0
30
0.0
11
17714.0
21
-32107.0
31
0.0
0
LINE
5
1861
100
AcDbEntity
8
Outer Walls
6
Solid
370
35
62
47
100
AcDbLine
10
17714.0
20
-32107.0
30
0.0
11
18202.0
21
-32215.0
31
0.0
0
LINE
5
1863
100
AcDbEntity
8
Outer Walls
6
Solid
370
35
62
47
100
AcDbLine
10
17880.0
20
-33679.0
30
0.0
11
17526.0
21
-35284.0
31
0.0
0
LINE
5
1865
100
AcDbEntity
8
Outer Walls
6
Solid
370
35
62
47
100
AcDbLine
10
17526.0
20
-35284.0
30
0.0
11
17038.0
21
-35176.0
31
0.0
0
LINE
5
1867
100
AcDbEntity
8
Outer Walls
6
Solid
370
35
62
47
100
AcDbLine
10
17038.0
20
-35176.0
30
0.0
11
17391.0
21
-33572.0
31
0.0
0
LINE
5
1869
100
AcDbEntity
8
Outer Walls
6
Solid
370
35
62
47
100
AcDbLine
10
17391.0
20
-33572.0
30
0.0
11
17880.0
21
-33679.0
31
0.0
0
LINE
5
186b
100
AcDbEntity
8
Outer Walls
6
Solid
370
35
62
47
100
AcDbLine
10
16123.0
20
-39335.0
30
0.0
11
16716.0
21
-36641.0
31
0.0
0
LINE
5
186d
100
AcDbEntity
8
Outer Walls
6
Solid
370
35
62
47
100
AcDbLine
10
16716.0
20
-36641.0
30
0.0
11
17204.0
21
-36749.0
31
0.0
0
LINE
5
186f
100
AcDbEntity
8
Outer Walls
6
Solid
370
35
62
47
100
AcDbLine
10
17204.0
20
-36749.0
30
0.0
11
16611.0
21
-39443.0
31
0.0
0
LINE
5
1871
100
AcDbEntity
8
Outer Walls
6
Solid
370
35
62
47
100
AcDbLine
10
16611.0
20
-39443.0
30
0.0
11
16123.0
21
-39335.0
31
0.0
0
LINE
5
1873
100
AcDbEntity
8
Outer Walls
6
Solid
370
35
62
47
100
AcDbLine
10
15496.0
20
-42179.0
30
0.0
11
15908.0
21
-40312.0
31
0.0
0
LINE
5
1875
100
AcDbEntity
8
Outer Walls
6
Solid
370
35
62
47
100
AcDbLine
10
15908.0
20
-40312.0
30
0.0
11
16396.0
21
-40419.0
31
0.0
0
LINE
5
1877
100
AcDbEntity
8
Outer Walls
6
Solid
370
35
62
47
100
AcDbLine
10
16396.0
20
-40419.0
30
0.0
11
15985.0
21
-42287.0
31
0.0
0
LINE
5
1879
100
AcDbEntity
8
Outer Walls
6
Solid
370
35
62
47
100
AcDbLine
10
15985.0
20
-42287.0
30
0.0
11
15496.0
21
-42179.0
31
0.0
0
LINE
5
187b
100
AcDbEntity
8
Outer Walls
6
Solid
370
35
62
47
100
AcDbLine
10
14796.0
20
-45361.0
30
0.0
11
15281.0
21
-43156.0
31
0.0
0
LINE
5
187d
100
AcDbEntity
8
Outer Walls
6
Solid
370
35
62
47
100
AcDbLine
10
15281.0
20
-43156.0
30
0.0
11
15770.0
21
-43263.0
31
0.0
0
LINE
5
187f
100
AcDbEntity
8
Outer Walls
6
Solid
370
35
62
47
100
AcDbLine
10
15770.0
20
-43263.0
30
0.0
11
15284.0
21
-45469.0
31
0.0
0
LINE
5
1881
100
AcDbEntity
8
Outer Walls
6
Solid
370
35
62
47
100
AcDbLine
10
15284.0
20
-45469.0
30
0.0
11
14796.0
21
-45361.0
31
0.0
0
LINE
5
1883
100
AcDbEntity
8
Outer Walls
6
Solid
370
35
62
47
100
AcDbLine
10
14473.0
20
-46826.0
30
0.0
11
14581.0
21
-46338.0
31
0.0
0
LINE
5
1885
100
AcDbEntity
8
Outer Walls
6
Solid
370
35
62
47
100
AcDbLine
10
14581.0
20
-46338.0
30
0.0
11
15069.0
21
-46445.0
31
0.0
0
LINE
5
1887
100
AcDbEntity
8
Outer Walls
6
Solid
370
35
62
47
100
AcDbLine
10
15069.0
20
-46445.0
30
0.0
11
14962.0
21
-46934.0
31
0.0
0
LINE
5
1889
100
AcDbEntity
8
Outer Walls
6
Solid
370
35
62
47
100
AcDbLine
10
14962.0
20
-46934.0
30
0.0
11
14473.0
21
-46826.0
31
0.0
0
LINE
5
188b
100
AcDbEntity
8
Outer Walls
6
Solid
370
35
62
47
100
AcDbLine
10
14023.0
20
-48870.0
30
0.0
11
14258.0
21
-47803.0
31
0.0
0
LINE
5
188d
100
AcDbEntity
8
Outer Walls
6
Solid
370
35
62
47
100
AcDbLine
10
14258.0
20
-47803.0
30
0.0
11
14747.0
21
-47910.0
31
0.0
0
LINE
5
188f
100
AcDbEntity
8
Outer Walls
6
Solid
370
35
62
47
100
AcDbLine
10
14747.0
20
-47910.0
30
0.0
11
14512.0
21
-48977.0
31
0.0
0
LINE
5
1891
100
AcDbEntity
8
Outer Walls
6
Solid
370
35
62
47
100
AcDbLine
10
14512.0
20
-48977.0
30
0.0
11
14023.0
21
-48870.0
31
0.0
0
LINE
5
1893
100
AcDbEntity
8
Outer Walls
6
Solid
370
35
62
47
100
AcDbLine
10
13701.0
20
-50335.0
30
0.0
11
13808.0
21
-49847.0
31
0.0
0
LINE
5
1895
100
AcDbEntity
8
Outer Walls
6
Solid
370
35
62
47
100
AcDbLine
10
13808.0
20
-49847.0
30
0.0
11
14297.0
21
-49954.0
31
0.0
0
LINE
5
1897
100
AcDbEntity
8
Outer Walls
6
Solid
370
35
62
47
100
AcDbLine
10
14297.0
20
-49954.0
30
0.0
11
14189.0
21
-50442.0
31
0.0
0
LINE
5
1899
100
AcDbEntity
8
Outer Walls
6
Solid
370
35
62
47
100
AcDbLine
10
14189.0
20
-50442.0
30
0.0
11
13701.0
21
-50335.0
31
0.0
0
HATCH
5
256d
100
AcDbEntity
8
Room Walls
6
Solid
370
35
62
47
100
AcDbHatch
10
0
20
0
30
0
210
0
220
0
230
1
2
FILL_9581
70
1
71
0
91
168
92
0
93
14
72
1
10
120136.0
20
-99969.0
11
120144.0
21
-99961.0
72
1
10
120144.0
20
-99961.0
11
120154.0
21
-99956.0
72
1
10
120154.0
20
-99956.0
11
120166.0
21
-99955.0
72
1
10
120166.0
20
-99955.0
11
120177.0
21
-99959.0
72
1
10
120177.0
20
-99959.0
11
123040.0
21
-101630.0
72
1
10
123040.0
20
-101630.0
11
123025.0
21
-101656.0
72
1
10
123025.0
20
-101656.0
11
123051.0
21
-101671.0
72
1
10
123051.0
20
-101671.0
11
122471.0
21
-102664.0
72
1
10
122471.0
20
-102664.0
11
122419.0
21
-102634.0
72
1
10
122419.0
20
-102634.0
11
122984.0
21
-101667.0
72
1
10
122984.0
20
-101667.0
11
120173.0
21
-100026.0
72
1
10
120173.0
20
-100026.0
11
119608.0
21
-100993.0
72
1
10
119608.0
20
-100993.0
11
119556.0
21
-100963.0
72
1
10
119556.0
20
-100963.0
11
120136.0
21
-99969.0
97
0
92
0
93
12
72
1
10
117042.0
20
-108689.0
11
117016.0
21
-108674.0
72
1
10
117016.0
20
-108674.0
11
117248.0
21
-108276.0
72
1
10
117248.0
20
-108276.0
11
117061.0
21
-108167.0
72
1
10
117061.0
20
-108167.0
11
117092.0
21
-108116.0
72
1
10
117092.0
20
-108116.0
11
117304.0
21
-108240.0
72
1
10
117304.0
20
-108240.0
11
117304.0
21
-108240.0
72
1
10
117304.0
20
-108240.0
11
117330.0
21
-108255.0
72
1
10
117330.0
20
-108255.0
11
118661.0
21
-109032.0
72
1
10
118661.0
20
-109032.0
11
118631.0
21
-109084.0
72
1
10
118631.0
20
-109084.0
11
117299.0
21
-108306.0
72
1
10
117299.0
20
-108306.0
11
117067.0
21
-108704.0
72
1
10
117067.0
20
-108704.0
11
117042.0
21
-108689.0
97
0
92
0
93
11
72
1
10
116108.0
20
-110228.0
11
116265.0
21
-109960.0
72
1
10
116265.0
20
-109960.0
11
116511.0
21
-109537.0
72
1
10
116511.0
20
-109537.0
11
116537.0
21
-109552.0
72
1
10
116537.0
20
-109552.0
11
116563.0
21
-109568.0
72
1
10
116563.0
20
-109568.0
11
116331.0
21
-109965.0
72
1
10
116331.0
20
-109965.0
11
116331.0
21
-109965.0
72
1
10
116331.0
20
-109965.0
11
117352.0
21
-110560.0
72
1
10
117352.0
20
-110560.0
11
117321.0
21
-110612.0
72
1
10
117321.0
20
-110612.0
11
116301.0
21
-110016.0
72
1
10
116301.0
20
-110016.0
11
116160.0
21
-110258.0
72
1
10
116160.0
20
-110258.0
11
116108.0
21
-110228.0
97
0
92
0
93
14
72
1
10
113844.0
20
-96296.0
11
113852.0
21
-96287.0
72
1
10
113852.0
20
-96287.0
11
113863.0
21
-96282.0
72
1
10
113863.0
20
-96282.0
11
113874.0
21
-96282.0
72
1
10
113874.0
20
-96282.0
11
113885.0
21
-96285.0
72
1
10
113885.0
20
-96285.0
11
116811.0
21
-97993.0
72
1
10
116811.0
20
-97993.0
11
116795.0
21
-98019.0
72
1
10
116795.0
20
-98019.0
11
116821.0
21
-98034.0
72
1
10
116821.0
20
-98034.0
11
116242.0
21
-99027.0
72
1
10
116242.0
20
-99027.0
11
116190.0
21
-98997.0
72
1
10
116190.0
20
-98997.0
11
116754.0
21
-98030.0
72
1
10
116754.0
20
-98030.0
11
113881.0
21
-96352.0
72
1
10
113881.0
20
-96352.0
11
113316.0
21
-97319.0
72
1
10
113316.0
20
-97319.0
11
113264.0
21
-97289.0
72
1
10
113264.0
20
-97289.0
11
113844.0
21
-96296.0
97
0
92
0
93
9
72
1
10
115459.0
20
-111400.0
11
115104.0
21
-111193.0
72
1
10
115104.0
20
-111193.0
11
115134.0
21
-111141.0
72
1
10
115134.0
20
-111141.0
11
115463.0
21
-111333.0
72
1
10
115463.0
20
-111333.0
11
115604.0
21
-111092.0
72
1
10
115604.0
20
-111092.0
11
115656.0
21
-111122.0
72
1
10
115656.0
20
-111122.0
11
115515.0
21
-111364.0
72
1
10
115515.0
20
-111364.0
11
116535.0
21
-111959.0
72
1
10
116535.0
20
-111959.0
11
116505.0
21
-112011.0
72
1
10
116505.0
20
-112011.0
11
115459.0
21
-111400.0
97
0
92
0
93
4
72
1
10
116137.0
20
-107628.0
11
116167.0
21
-107576.0
72
1
10
116167.0
20
-107576.0
11
116228.0
21
-107611.0
72
1
10
116228.0
20
-107611.0
11
116198.0
21
-107663.0
72
1
10
116198.0
20
-107663.0
11
116137.0
21
-107628.0
97
0
92
0
93
11
72
1
10
114165.0
20
-102719.0
11
114596.0
21
-101980.0
72
1
10
114596.0
20
-101980.0
11
114267.0
21
-101788.0
72
1
10
114267.0
20
-101788.0
11
114297.0
21
-101737.0
72
1
10
114297.0
20
-101737.0
11
114626.0
21
-101929.0
72
1
10
114626.0
20
-101929.0
11
116048.0
21
-99493.0
72
1
10
116048.0
20
-99493.0
11
116100.0
21
-99524.0
72
1
10
116100.0
20
-99524.0
11
114663.0
21
-101985.0
72
1
10
114663.0
20
-101985.0
11
114663.0
21
-101985.0
72
1
10
114663.0
20
-101985.0
11
114648.0
21
-102011.0
72
1
10
114648.0
20
-102011.0
11
114217.0
21
-102749.0
72
1
10
114217.0
20
-102749.0
11
114165.0
21
-102719.0
97
0
92
0
93
5
72
1
10
113987.0
20
-110506.0
11
114002.0
21
-110481.0
72
1
10
114002.0
20
-110481.0
11
114271.0
21
-110637.0
72
1
10
114271.0
20
-110637.0
11
114240.0
21
-110689.0
72
1
10
114240.0
20
-110689.0
11
113972.0
21
-110532.0
72
1
10
113972.0
20
-110532.0
11
113987.0
21
-110506.0
97
0
92
0
93
10
72
1
10
112653.0
20
-108920.0
11
112752.0
21
-108749.0
72
1
10
112752.0
20
-108749.0
11
112930.0
21
-108445.0
72
1
10
112930.0
20
-108445.0
11
112956.0
21
-108460.0
72
1
10
112956.0
20
-108460.0
11
112982.0
21
-108475.0
72
1
10
112982.0
20
-108475.0
11
112819.0
21
-108754.0
72
1
10
112819.0
20
-108754.0
11
113840.0
21
-109349.0
72
1
10
113840.0
20
-109349.0
11
113809.0
21
-109401.0
72
1
10
113809.0
20
-109401.0
11
112789.0
21
-108805.0
72
1
10
112789.0
20
-108805.0
11
112705.0
21
-108950.0
72
1
10
112705.0
20
-108950.0
11
112653.0
21
-108920.0
97
0
92
0
93
9
72
1
10
113098.0
20
-104545.0
11
113661.0
21
-103582.0
72
1
10
113661.0
20
-103582.0
11
113713.0
21
-103613.0
72
1
10
113713.0
20
-103613.0
11
113150.0
21
-104576.0
72
1
10
113150.0
20
-104576.0
11
113144.0
21
-104583.0
72
1
10
113144.0
20
-104583.0
11
113135.0
21
-104589.0
72
1
10
113135.0
20
-104589.0
11
113124.0
21
-104590.0
72
1
10
113124.0
20
-104590.0
11
113124.0
21
-104560.0
72
1
10
113124.0
20
-104560.0
11
113111.0
21
-104553.0
72
1
10
113111.0
20
-104553.0
11
113098.0
21
-104545.0
97
0
92
0
93
4
72
1
10
113486.0
20
-107612.0
11
113434.0
21
-107581.0
72
1
10
113434.0
20
-107581.0
11
113561.0
21
-107363.0
72
1
10
113561.0
20
-107363.0
11
113613.0
21
-107393.0
72
1
10
113613.0
20
-107393.0
11
113486.0
21
-107612.0
97
0
92
0
93
14
72
1
10
107787.0
20
-92760.0
11
107795.0
21
-92751.0
72
1
10
107795.0
20
-92751.0
11
107806.0
21
-92746.0
72
1
10
107806.0
20
-92746.0
11
107817.0
21
-92745.0
72
1
10
107817.0
20
-92745.0
11
107828.0
21
-92749.0
72
1
10
107828.0
20
-92749.0
11
113430.0
21
-96019.0
72
1
10
113430.0
20
-96019.0
11
113414.0
21
-96045.0
72
1
10
113414.0
20
-96045.0
11
113440.0
21
-96060.0
72
1
10
113440.0
20
-96060.0
11
112860.0
21
-97053.0
72
1
10
112860.0
20
-97053.0
11
112809.0
21
-97023.0
72
1
10
112809.0
20
-97023.0
11
113373.0
21
-96056.0
72
1
10
113373.0
20
-96056.0
11
107824.0
21
-92816.0
72
1
10
107824.0
20
-92816.0
11
107259.0
21
-93783.0
72
1
10
107259.0
20
-93783.0
11
107208.0
21
-93753.0
72
1
10
107208.0
20
-93753.0
11
107787.0
21
-92760.0
97
0
92
0
93
9
72
1
10
112003.0
20
-100466.0
11
112033.0
21
-100415.0
72
1
10
112033.0
20
-100415.0
11
113079.0
21
-101025.0
72
1
10
113079.0
20
-101025.0
11
113434.0
21
-101232.0
72
1
10
113434.0
20
-101232.0
11
113403.0
21
-101284.0
72
1
10
113403.0
20
-101284.0
11
113075.0
21
-101092.0
72
1
10
113075.0
20
-101092.0
11
112990.0
21
-101237.0
72
1
10
112990.0
20
-101237.0
11
112938.0
21
-101207.0
72
1
10
112938.0
20
-101207.0
11
113023.0
21
-101062.0
72
1
10
113023.0
20
-101062.0
11
112003.0
21
-100466.0
97
0
92
0
93
10
72
1
10
111721.0
20
-109762.0
11
111736.0
21
-109737.0
72
1
10
111736.0
20
-109737.0
11
112064.0
21
-109928.0
72
1
10
112064.0
20
-109928.0
11
112149.0
21
-109784.0
72
1
10
112149.0
20
-109784.0
11
112201.0
21
-109814.0
72
1
10
112201.0
20
-109814.0
11
112116.0
21
-109958.0
72
1
10
112116.0
20
-109958.0
11
113137.0
21
-110554.0
72
1
10
113137.0
20
-110554.0
11
113106.0
21
-110606.0
72
1
10
113106.0
20
-110606.0
11
112060.0
21
-109995.0
72
1
10
112060.0
20
-109995.0
11
111706.0
21
-109788.0
72
1
10
111706.0
20
-109788.0
11
111721.0
21
-109762.0
97
0
92
0
93
9
72
1
10
112320.0
20
-102267.0
11
111299.0
21
-101671.0
72
1
10
111299.0
20
-101671.0
11
111330.0
21
-101619.0
72
1
10
111330.0
20
-101619.0
11
112350.0
21
-102215.0
72
1
10
112350.0
20
-102215.0
11
112434.0
21
-102070.0
72
1
10
112434.0
20
-102070.0
11
112486.0
21
-102101.0
72
1
10
112486.0
20
-102101.0
11
112387.0
21
-102271.0
72
1
10
112387.0
20
-102271.0
11
112209.0
21
-102575.0
72
1
10
112209.0
20
-102575.0
11
112157.0
21
-102545.0
72
1
10
112157.0
20
-102545.0
11
112320.0
21
-102267.0
97
0
92
0
93
4
72
1
10
111427.0
20
-107408.0
11
111989.0
21
-106445.0
72
1
10
111989.0
20
-106445.0
11
112041.0
21
-106475.0
72
1
10
112041.0
20
-106475.0
11
111479.0
21
-107439.0
72
1
10
111479.0
20
-107439.0
11
111427.0
21
-107408.0
97
0
92
0
93
14
72
1
10
108344.0
20
-113002.0
11
108318.0
21
-112987.0
72
1
10
108318.0
20
-112987.0
11
108898.0
21
-111993.0
72
1
10
108898.0
20
-111993.0
11
108950.0
21
-112024.0
72
1
10
108950.0
20
-112024.0
11
108385.0
21
-112991.0
72
1
10
108385.0
20
-112991.0
11
111259.0
21
-114669.0
72
1
10
111259.0
20
-114669.0
11
111823.0
21
-113701.0
72
1
10
111823.0
20
-113701.0
11
111875.0
21
-113732.0
72
1
10
111875.0
20
-113732.0
11
111295.0
21
-114725.0
72
1
10
111295.0
20
-114725.0
11
111288.0
21
-114733.0
72
1
10
111288.0
20
-114733.0
11
111277.0
21
-114739.0
72
1
10
111277.0
20
-114739.0
11
111265.0
21
-114739.0
72
1
10
111265.0
20
-114739.0
11
111254.0
21
-114735.0
72
1
10
111254.0
20
-114735.0
11
108329.0
21
-113028.0
72
1
10
108329.0
20
-113028.0
11
108344.0
21
-113002.0
97
0
92
0
93
4
72
1
10
111653.0
20
-103409.0
11
111705.0
21
-103439.0
72
1
10
111705.0
20
-103439.0
11
111577.0
21
-103657.0
72
1
10
111577.0
20
-103657.0
11
111525.0
21
-103627.0
72
1
10
111525.0
20
-103627.0
11
111653.0
21
-103409.0
97
0
92
0
93
4
72
1
10
110807.0
20
-101245.0
11
111420.0
21
-100196.0
72
1
10
111420.0
20
-100196.0
11
111472.0
21
-100226.0
72
1
10
111472.0
20
-100226.0
11
110859.0
21
-101275.0
72
1
10
110859.0
20
-101275.0
11
110807.0
21
-101245.0
97
0
92
0
93
11
72
1
10
109040.0
20
-111497.0
11
110477.0
21
-109036.0
72
1
10
110477.0
20
-109036.0
11
110477.0
21
-109036.0
72
1
10
110477.0
20
-109036.0
11
110492.0
21
-109010.0
72
1
10
110492.0
20
-109010.0
11
110923.0
21
-108272.0
72
1
10
110923.0
20
-108272.0
11
110975.0
21
-108302.0
72
1
10
110975.0
20
-108302.0
11
110543.0
21
-109041.0
72
1
10
110543.0
20
-109041.0
11
110872.0
21
-109233.0
72
1
10
110872.0
20
-109233.0
11
110842.0
21
-109284.0
72
1
10
110842.0
20
-109284.0
11
110513.0
21
-109092.0
72
1
10
110513.0
20
-109092.0
11
109092.0
21
-111528.0
72
1
10
109092.0
20
-111528.0
11
109040.0
21
-111497.0
97
0
92
0
93
25
72
1
10
103707.0
20
-99213.0
11
103738.0
21
-99161.0
72
1
10
103738.0
20
-99161.0
11
106771.0
21
-100932.0
72
1
10
106771.0
20
-100932.0
11
107563.0
21
-99577.0
72
1
10
107563.0
20
-99577.0
11
107578.0
21
-99551.0
72
1
10
107578.0
20
-99551.0
11
108370.0
21
-98195.0
72
1
10
108370.0
20
-98195.0
11
109756.0
21
-95820.0
72
1
10
109756.0
20
-95820.0
11
109808.0
21
-95850.0
72
1
10
109808.0
20
-95850.0
11
108436.0
21
-98199.0
72
1
10
108436.0
20
-98199.0
11
110224.0
21
-99243.0
72
1
10
110224.0
20
-99243.0
11
110233.0
21
-99251.0
72
1
10
110233.0
20
-99251.0
11
110238.0
21
-99261.0
72
1
10
110238.0
20
-99261.0
11
110239.0
21
-99273.0
72
1
10
110239.0
20
-99273.0
11
110235.0
21
-99284.0
72
1
10
110235.0
20
-99284.0
11
109443.0
21
-100640.0
72
1
10
109443.0
20
-100640.0
11
109428.0
21
-100666.0
72
1
10
109428.0
20
-100666.0
11
108874.0
21
-101616.0
72
1
10
108874.0
20
-101616.0
11
108637.0
21
-102021.0
72
1
10
108637.0
20
-102021.0
11
109857.0
21
-102734.0
72
1
10
109857.0
20
-102734.0
11
109827.0
21
-102786.0
72
1
10
109827.0
20
-102786.0
11
108580.0
21
-102058.0
72
1
10
108580.0
20
-102058.0
11
108580.0
21
-102058.0
72
1
10
108580.0
20
-102058.0
11
108555.0
21
-102043.0
72
1
10
108555.0
20
-102043.0
11
106767.0
21
-100999.0
72
1
10
106767.0
20
-100999.0
11
106767.0
21
-100999.0
72
1
10
106767.0
20
-100999.0
11
103707.0
21
-99213.0
97
0
92
0
93
6
72
1
10
107600.0
20
-99633.0
11
107544.0
21
-99729.0
72
1
10
107544.0
20
-99729.0
11
107075.0
21
-100531.0
72
1
10
107075.0
20
-100531.0
11
108837.0
21
-101559.0
72
1
10
108837.0
20
-101559.0
11
109211.0
21
-100919.0
72
1
10
109211.0
20
-100919.0
11
109361.0
21
-100661.0
72
1
10
109361.0
20
-100661.0
11
107600.0
21
-99633.0
97
0
92
0
93
7
72
1
10
108807.0
20
-101611.0
11
108807.0
21
-101611.0
72
1
10
108807.0
20
-101611.0
11
107045.0
21
-100583.0
72
1
10
107045.0
20
-100583.0
11
106823.0
21
-100963.0
72
1
10
106823.0
20
-100963.0
11
106823.0
21
-100963.0
72
1
10
106823.0
20
-100963.0
11
108275.0
21
-101810.0
72
1
10
108275.0
20
-101810.0
11
108585.0
21
-101991.0
72
1
10
108585.0
20
-101991.0
11
108807.0
21
-101611.0
97
0
92
0
93
4
72
1
10
108406.0
20
-98251.0
11
107630.0
21
-99581.0
72
1
10
107630.0
20
-99581.0
11
109392.0
21
-100609.0
72
1
10
109392.0
20
-100609.0
11
110168.0
21
-99280.0
72
1
10
110168.0
20
-99280.0
11
108406.0
21
-98251.0
97
0
92
0
93
9
72
1
10
106362.0
20
-105247.0
11
106461.0
21
-105076.0
72
1
10
106461.0
20
-105076.0
11
106639.0
21
-104772.0
72
1
10
106639.0
20
-104772.0
11
106691.0
21
-104802.0
72
1
10
106691.0
20
-104802.0
11
106528.0
21
-105081.0
72
1
10
106528.0
20
-105081.0
11
107548.0
21
-105676.0
72
1
10
107548.0
20
-105676.0
11
107518.0
21
-105728.0
72
1
10
107518.0
20
-105728.0
11
106498.0
21
-105132.0
72
1
10
106498.0
20
-105132.0
11
106413.0
21
-105277.0
72
1
10
106413.0
20
-105277.0
11
106362.0
21
-105247.0
97
0
92
0
93
4
72
1
10
107195.0
20
-103939.0
11
107143.0
21
-103909.0
72
1
10
107143.0
20
-103909.0
11
107270.0
21
-103690.0
72
1
10
107270.0
20
-103690.0
11
107322.0
21
-103720.0
72
1
10
107322.0
20
-103720.0
11
107195.0
21
-103939.0
97
0
92
0
93
9
72
1
10
105769.0
20
-106322.0
11
105414.0
21
-106115.0
72
1
10
105414.0
20
-106115.0
11
105444.0
21
-106063.0
72
1
10
105444.0
20
-106063.0
11
105773.0
21
-106255.0
72
1
10
105773.0
20
-106255.0
11
105857.0
21
-106110.0
72
1
10
105857.0
20
-106110.0
11
105909.0
21
-106141.0
72
1
10
105909.0
20
-106141.0
11
105825.0
21
-106285.0
72
1
10
105825.0
20
-106285.0
11
106845.0
21
-106881.0
72
1
10
106845.0
20
-106881.0
11
106815.0
21
-106933.0
72
1
10
106815.0
20
-106933.0
11
105769.0
21
-106322.0
97
0
92
0
93
4
72
1
10
105135.0
20
-103735.0
11
105697.0
21
-102772.0
72
1
10
105697.0
20
-102772.0
11
105749.0
21
-102802.0
72
1
10
105749.0
20
-102802.0
11
105187.0
21
-103765.0
72
1
10
105187.0
20
-103765.0
11
105135.0
21
-103735.0
97
0
92
0
93
14
72
1
10
102052.0
20
-109328.0
11
102026.0
21
-109313.0
72
1
10
102026.0
20
-109313.0
11
102606.0
21
-108320.0
72
1
10
102606.0
20
-108320.0
11
102658.0
21
-108350.0
72
1
10
102658.0
20
-108350.0
11
102093.0
21
-109318.0
72
1
10
102093.0
20
-109318.0
11
104967.0
21
-110995.0
72
1
10
104967.0
20
-110995.0
11
105531.0
21
-110028.0
72
1
10
105531.0
20
-110028.0
11
105583.0
21
-110058.0
72
1
10
105583.0
20
-110058.0
11
105003.0
21
-111051.0
72
1
10
105003.0
20
-111051.0
11
104996.0
21
-111060.0
72
1
10
104996.0
20
-111060.0
11
104985.0
21
-111065.0
72
1
10
104985.0
20
-111065.0
11
104973.0
21
-111066.0
72
1
10
104973.0
20
-111066.0
11
104962.0
21
-111062.0
72
1
10
104962.0
20
-111062.0
11
102037.0
21
-109354.0
72
1
10
102037.0
20
-109354.0
11
102052.0
21
-109328.0
97
0
92
0
93
4
72
1
10
104515.0
20
-97571.0
11
105128.0
21
-96522.0
72
1
10
105128.0
20
-96522.0
11
105180.0
21
-96552.0
72
1
10
105180.0
20
-96552.0
11
104567.0
21
-97602.0
72
1
10
104567.0
20
-97602.0
11
104515.0
21
-97571.0
97
0
92
0
93
10
72
1
10
103257.0
20
-95361.0
11
103272.0
21
-95335.0
72
1
10
103272.0
20
-95335.0
11
103287.0
21
-95309.0
72
1
10
103287.0
20
-95309.0
11
103642.0
21
-95516.0
72
1
10
103642.0
20
-95516.0
11
104687.0
21
-96126.0
72
1
10
104687.0
20
-96126.0
11
104657.0
21
-96178.0
72
1
10
104657.0
20
-96178.0
11
103637.0
21
-95583.0
72
1
10
103637.0
20
-95583.0
11
103553.0
21
-95727.0
72
1
10
103553.0
20
-95727.0
11
103501.0
21
-95697.0
72
1
10
103501.0
20
-95697.0
11
103585.0
21
-95552.0
72
1
10
103585.0
20
-95552.0
11
103257.0
21
-95361.0
97
0
92
0
93
12
72
1
10
102748.0
20
-107824.0
11
104185.0
21
-105363.0
72
1
10
104185.0
20
-105363.0
11
104200.0
21
-105337.0
72
1
10
104200.0
20
-105337.0
11
104631.0
21
-104599.0
72
1
10
104631.0
20
-104599.0
11
104683.0
21
-104629.0
72
1
10
104683.0
20
-104629.0
11
104252.0
21
-105367.0
72
1
10
104252.0
20
-105367.0
11
104252.0
21
-105367.0
72
1
10
104252.0
20
-105367.0
11
104581.0
21
-105559.0
72
1
10
104581.0
20
-105559.0
11
104566.0
21
-105585.0
72
1
10
104566.0
20
-105585.0
11
104550.0
21
-105611.0
72
1
10
104550.0
20
-105611.0
11
104221.0
21
-105419.0
72
1
10
104221.0
20
-105419.0
11
102800.0
21
-107854.0
72
1
10
102800.0
20
-107854.0
11
102748.0
21
-107824.0
97
0
92
0
93
14
72
1
10
101323.0
20
-88986.0
11
101331.0
21
-88977.0
72
1
10
101331.0
20
-88977.0
11
101341.0
21
-88972.0
72
1
10
101341.0
20
-88972.0
11
101353.0
21
-88971.0
72
1
10
101353.0
20
-88971.0
11
101364.0
21
-88975.0
72
1
10
101364.0
20
-88975.0
11
104227.0
21
-90646.0
72
1
10
104227.0
20
-90646.0
11
104212.0
21
-90672.0
72
1
10
104212.0
20
-90672.0
11
104238.0
21
-90687.0
72
1
10
104238.0
20
-90687.0
11
103658.0
21
-91681.0
72
1
10
103658.0
20
-91681.0
11
103606.0
21
-91650.0
72
1
10
103606.0
20
-91650.0
11
104171.0
21
-90683.0
72
1
10
104171.0
20
-90683.0
11
101359.0
21
-89042.0
72
1
10
101359.0
20
-89042.0
11
100795.0
21
-90009.0
72
1
10
100795.0
20
-90009.0
11
100743.0
21
-89979.0
72
1
10
100743.0
20
-89979.0
11
101323.0
21
-88986.0
97
0
92
0
93
9
72
1
10
102772.0
20
-97066.0
11
102720.0
21
-97035.0
72
1
10
102720.0
20
-97035.0
11
102997.0
21
-96561.0
72
1
10
102997.0
20
-96561.0
11
103049.0
21
-96591.0
72
1
10
103049.0
20
-96591.0
11
102964.0
21
-96736.0
72
1
10
102964.0
20
-96736.0
11
103984.0
21
-97331.0
72
1
10
103984.0
20
-97331.0
11
103969.0
21
-97357.0
72
1
10
103969.0
20
-97357.0
11
103954.0
21
-97383.0
72
1
10
103954.0
20
-97383.0
11
102934.0
21
-96787.0
72
1
10
102934.0
20
-96787.0
11
102772.0
21
-97066.0
97
0
92
0
93
15
72
1
10
101499.0
20
-95513.0
11
101499.0
21
-95513.0
72
1
10
101499.0
20
-95513.0
11
103464.0
21
-92147.0
72
1
10
103464.0
20
-92147.0
11
103464.0
21
-92147.0
72
1
10
103464.0
20
-92147.0
11
103516.0
21
-92177.0
72
1
10
103516.0
20
-92177.0
11
103516.0
21
-92177.0
72
1
10
103516.0
20
-92177.0
11
102094.0
21
-94613.0
72
1
10
102094.0
20
-94613.0
11
102423.0
21
-94805.0
72
1
10
102423.0
20
-94805.0
11
102408.0
21
-94831.0
72
1
10
102408.0
20
-94831.0
11
102393.0
21
-94856.0
72
1
10
102393.0
20
-94856.0
11
102064.0
21
-94665.0
72
1
10
102064.0
20
-94665.0
11
101551.0
21
-95544.0
72
1
10
101551.0
20
-95544.0
11
101551.0
21
-95543.0
72
1
10
101551.0
20
-95543.0
11
101551.0
21
-95543.0
72
1
10
101551.0
20
-95543.0
11
101507.0
21
-95518.0
72
1
10
101507.0
20
-95518.0
11
101499.0
21
-95513.0
97
0
92
0
93
4
72
1
10
102140.0
20
-98148.0
11
102088.0
21
-98117.0
72
1
10
102088.0
20
-98117.0
11
102216.0
21
-97899.0
72
1
10
102216.0
20
-97899.0
11
102268.0
21
-97929.0
72
1
10
102268.0
20
-97929.0
11
102140.0
21
-98148.0
97
0
92
0
93
9
72
1
10
100070.0
20
-101574.0
11
100170.0
21
-101403.0
72
1
10
100170.0
20
-101403.0
11
100347.0
21
-101099.0
72
1
10
100347.0
20
-101099.0
11
100399.0
21
-101129.0
72
1
10
100399.0
20
-101129.0
11
100237.0
21
-101408.0
72
1
10
100237.0
20
-101408.0
11
101256.0
21
-102003.0
72
1
10
101256.0
20
-102003.0
11
101226.0
21
-102055.0
72
1
10
101226.0
20
-102055.0
11
100206.0
21
-101459.0
72
1
10
100206.0
20
-101459.0
11
100122.0
21
-101604.0
72
1
10
100122.0
20
-101604.0
11
100070.0
21
-101574.0
97
0
92
0
93
8
72
1
10
100566.0
20
-97229.0
11
100515.0
21
-97199.0
72
1
10
100515.0
20
-97199.0
11
100995.0
21
-96377.0
72
1
10
100995.0
20
-96377.0
11
100995.0
21
-96377.0
72
1
10
100995.0
20
-96377.0
11
101044.0
21
-96405.0
72
1
10
101044.0
20
-96405.0
11
101046.0
21
-96407.0
72
1
10
101046.0
20
-96407.0
11
101047.0
21
-96407.0
72
1
10
101047.0
20
-96407.0
11
100567.0
21
-97229.0
72
1
10
100567.0
20
-97229.0
11
100566.0
21
-97229.0
97
0
92
0
93
6
72
1
10
100878.0
20
-100251.0
11
100852.0
21
-100236.0
72
1
10
100852.0
20
-100236.0
11
100979.0
21
-100017.0
72
1
10
100979.0
20
-100017.0
11
101005.0
21
-100032.0
72
1
10
101005.0
20
-100032.0
11
101031.0
21
-100048.0
72
1
10
101031.0
20
-100048.0
11
100904.0
21
-100266.0
72
1
10
100904.0
20
-100266.0
11
100878.0
21
-100251.0
97
0
92
0
93
9
72
1
10
99477.0
20
-102649.0
11
99122.0
21
-102442.0
72
1
10
99122.0
20
-102442.0
11
99153.0
21
-102390.0
72
1
10
99153.0
20
-102390.0
11
99481.0
21
-102582.0
72
1
10
99481.0
20
-102582.0
11
99566.0
21
-102437.0
72
1
10
99566.0
20
-102437.0
11
99618.0
21
-102468.0
72
1
10
99618.0
20
-102468.0
11
99533.0
21
-102612.0
72
1
10
99533.0
20
-102612.0
11
100553.0
21
-103208.0
72
1
10
100553.0
20
-103208.0
11
100523.0
21
-103260.0
72
1
10
100523.0
20
-103260.0
11
99477.0
21
-102649.0
97
0
92
0
93
11
72
1
10
98926.0
20
-99920.0
11
99405.0
21
-99099.0
72
1
10
99405.0
20
-99099.0
11
99405.0
21
-99099.0
72
1
10
99405.0
20
-99099.0
11
99406.0
21
-99098.0
72
1
10
99406.0
20
-99098.0
11
99406.0
21
-99098.0
72
1
10
99406.0
20
-99098.0
11
99407.0
21
-99096.0
72
1
10
99407.0
20
-99096.0
11
99407.0
21
-99096.0
72
1
10
99407.0
20
-99096.0
11
99431.0
21
-99113.0
72
1
10
99431.0
20
-99113.0
11
99457.0
21
-99129.0
72
1
10
99457.0
20
-99129.0
11
99457.0
21
-99129.0
72
1
10
99457.0
20
-99129.0
11
98977.0
21
-99951.0
72
1
10
98977.0
20
-99951.0
11
98926.0
21
-99920.0
97
0
92
0
93
14
72
1
10
95760.0
20
-105655.0
11
95734.0
21
-105640.0
72
1
10
95734.0
20
-105640.0
11
96314.0
21
-104647.0
72
1
10
96314.0
20
-104647.0
11
96366.0
21
-104677.0
72
1
10
96366.0
20
-104677.0
11
95801.0
21
-105644.0
72
1
10
95801.0
20
-105644.0
11
98675.0
21
-107322.0
72
1
10
98675.0
20
-107322.0
11
99239.0
21
-106355.0
72
1
10
99239.0
20
-106355.0
11
99291.0
21
-106385.0
72
1
10
99291.0
20
-106385.0
11
98711.0
21
-107378.0
72
1
10
98711.0
20
-107378.0
11
98704.0
21
-107387.0
72
1
10
98704.0
20
-107387.0
11
98693.0
21
-107392.0
72
1
10
98693.0
20
-107392.0
11
98682.0
21
-107393.0
72
1
10
98682.0
20
-107393.0
11
98670.0
21
-107389.0
72
1
10
98670.0
20
-107389.0
11
95745.0
21
-105681.0
72
1
10
95745.0
20
-105681.0
11
95760.0
21
-105655.0
97
0
92
0
93
10
72
1
10
96456.0
20
-104151.0
11
97893.0
21
-101689.0
72
1
10
97893.0
20
-101689.0
11
97908.0
21
-101663.0
72
1
10
97908.0
20
-101663.0
11
98421.0
21
-100784.0
72
1
10
98421.0
20
-100784.0
11
98473.0
21
-100814.0
72
1
10
98473.0
20
-100814.0
11
97960.0
21
-101693.0
72
1
10
97960.0
20
-101693.0
11
98289.0
21
-101886.0
72
1
10
98289.0
20
-101886.0
11
98259.0
21
-101937.0
72
1
10
98259.0
20
-101937.0
11
97930.0
21
-101745.0
72
1
10
97930.0
20
-101745.0
11
96508.0
21
-104181.0
72
1
10
96508.0
20
-104181.0
11
96456.0
21
-104151.0
97
0
92
0
93
14
72
1
10
92880.0
20
-49725.0
11
92887.0
21
-49716.0
72
1
10
92887.0
20
-49716.0
11
92898.0
21
-49711.0
72
1
10
92898.0
20
-49711.0
11
92910.0
21
-49710.0
72
1
10
92910.0
20
-49710.0
11
92921.0
21
-49714.0
72
1
10
92921.0
20
-49714.0
11
95846.0
21
-51422.0
72
1
10
95846.0
20
-51422.0
11
95831.0
21
-51448.0
72
1
10
95831.0
20
-51448.0
11
95857.0
21
-51463.0
72
1
10
95857.0
20
-51463.0
11
95277.0
21
-52456.0
72
1
10
95277.0
20
-52456.0
11
95225.0
21
-52426.0
72
1
10
95225.0
20
-52426.0
11
95790.0
21
-51459.0
72
1
10
95790.0
20
-51459.0
11
92916.0
21
-49781.0
72
1
10
92916.0
20
-49781.0
11
92352.0
21
-50748.0
72
1
10
92352.0
20
-50748.0
11
92300.0
21
-50718.0
72
1
10
92300.0
20
-50718.0
11
92880.0
21
-49725.0
97
0
92
0
93
9
72
1
10
93118.0
20
-56289.0
11
93631.0
21
-55409.0
72
1
10
93631.0
20
-55409.0
11
93302.0
21
-55217.0
72
1
10
93302.0
20
-55217.0
11
93332.0
21
-55165.0
72
1
10
93332.0
20
-55165.0
11
93661.0
21
-55358.0
72
1
10
93661.0
20
-55358.0
11
95083.0
21
-52922.0
72
1
10
95083.0
20
-52922.0
11
95135.0
21
-52952.0
72
1
10
95135.0
20
-52952.0
11
93698.0
21
-55414.0
72
1
10
93698.0
20
-55414.0
11
93170.0
21
-56319.0
72
1
10
93170.0
20
-56319.0
11
93118.0
21
-56289.0
97
0
92
0
93
14
72
1
10
89734.0
20
-47888.0
11
89742.0
21
-47879.0
72
1
10
89742.0
20
-47879.0
11
89752.0
21
-47874.0
72
1
10
89752.0
20
-47874.0
11
89764.0
21
-47874.0
72
1
10
89764.0
20
-47874.0
11
89775.0
21
-47877.0
72
1
10
89775.0
20
-47877.0
11
92700.0
21
-49585.0
72
1
10
92700.0
20
-49585.0
11
92685.0
21
-49611.0
72
1
10
92685.0
20
-49611.0
11
92711.0
21
-49626.0
72
1
10
92711.0
20
-49626.0
11
92131.0
21
-50619.0
72
1
10
92131.0
20
-50619.0
11
92079.0
21
-50589.0
72
1
10
92079.0
20
-50589.0
11
92644.0
21
-49622.0
72
1
10
92644.0
20
-49622.0
11
89770.0
21
-47944.0
72
1
10
89770.0
20
-47944.0
11
89206.0
21
-48912.0
72
1
10
89206.0
20
-48912.0
11
89154.0
21
-48881.0
72
1
10
89154.0
20
-48881.0
11
89734.0
21
-47888.0
97
0
92
0
93
10
72
1
10
92134.0
20
-57974.0
11
92614.0
21
-57152.0
72
1
10
92614.0
20
-57152.0
11
92666.0
21
-57182.0
72
1
10
92666.0
20
-57182.0
11
92186.0
21
-58004.0
72
1
10
92186.0
20
-58004.0
11
92186.0
21
-58004.0
72
1
10
92186.0
20
-58004.0
11
92186.0
21
-58004.0
72
1
10
92186.0
20
-58004.0
11
92186.0
21
-58004.0
72
1
10
92186.0
20
-58004.0
11
92184.0
21
-58007.0
72
1
10
92184.0
20
-58007.0
11
92184.0
21
-58007.0
72
1
10
92184.0
20
-58007.0
11
92160.0
21
-57989.0
72
1
10
92160.0
20
-57989.0
11
92134.0
21
-57974.0
97
0
92
0
93
9
72
1
10
91038.0
20
-53895.0
11
91068.0
21
-53843.0
72
1
10
91068.0
20
-53843.0
11
92114.0
21
-54454.0
72
1
10
92114.0
20
-54454.0
11
92469.0
21
-54661.0
72
1
10
92469.0
20
-54661.0
11
92439.0
21
-54713.0
72
1
10
92439.0
20
-54713.0
11
92110.0
21
-54521.0
72
1
10
92110.0
20
-54521.0
11
92025.0
21
-54666.0
72
1
10
92025.0
20
-54666.0
11
91974.0
21
-54635.0
72
1
10
91974.0
20
-54635.0
11
92058.0
21
-54491.0
72
1
10
92058.0
20
-54491.0
11
91038.0
21
-53895.0
97
0
92
0
93
9
72
1
10
91218.0
20
-55989.0
11
91192.0
21
-55974.0
72
1
10
91192.0
20
-55974.0
11
91354.0
21
-55695.0
72
1
10
91354.0
20
-55695.0
11
90335.0
21
-55100.0
72
1
10
90335.0
20
-55100.0
11
90365.0
21
-55048.0
72
1
10
90365.0
20
-55048.0
11
91385.0
21
-55643.0
72
1
10
91385.0
20
-55643.0
11
91469.0
21
-55499.0
72
1
10
91469.0
20
-55499.0
11
91521.0
21
-55529.0
72
1
10
91521.0
20
-55529.0
11
91244.0
21
-56004.0
72
1
10
91244.0
20
-56004.0
11
91218.0
21
-55989.0
97
0
92
0
93
8
72
1
10
90578.0
20
-60715.0
11
90544.0
21
-60696.0
72
1
10
90544.0
20
-60696.0
11
91024.0
21
-59873.0
72
1
10
91024.0
20
-59873.0
11
91025.0
21
-59874.0
72
1
10
91025.0
20
-59874.0
11
91025.0
21
-59874.0
72
1
10
91025.0
20
-59874.0
11
91077.0
21
-59904.0
72
1
10
91077.0
20
-59904.0
11
90597.0
21
-60726.0
72
1
10
90597.0
20
-60726.0
11
90596.0
21
-60726.0
72
1
10
90596.0
20
-60726.0
11
90578.0
21
-60715.0
97
0
92
0
93
14
72
1
10
87380.0
20
-66430.0
11
87354.0
21
-66415.0
72
1
10
87354.0
20
-66415.0
11
87933.0
21
-65422.0
72
1
10
87933.0
20
-65422.0
11
87985.0
21
-65452.0
72
1
10
87985.0
20
-65452.0
11
87421.0
21
-66420.0
72
1
10
87421.0
20
-66420.0
11
90232.0
21
-68061.0
72
1
10
90232.0
20
-68061.0
11
90796.0
21
-67094.0
72
1
10
90796.0
20
-67094.0
11
90848.0
21
-67124.0
72
1
10
90848.0
20
-67124.0
11
90268.0
21
-68117.0
72
1
10
90268.0
20
-68117.0
11
90261.0
21
-68126.0
72
1
10
90261.0
20
-68126.0
11
90250.0
21
-68131.0
72
1
10
90250.0
20
-68131.0
11
90238.0
21
-68132.0
72
1
10
90238.0
20
-68132.0
11
90227.0
21
-68128.0
72
1
10
90227.0
20
-68128.0
11
87364.0
21
-66456.0
72
1
10
87364.0
20
-66456.0
11
87380.0
21
-66430.0
97
0
92
0
93
4
72
1
10
90688.0
20
-56837.0
11
90739.0
21
-56867.0
72
1
10
90739.0
20
-56867.0
11
90612.0
21
-57086.0
72
1
10
90612.0
20
-57086.0
11
90560.0
21
-57055.0
72
1
10
90560.0
20
-57055.0
11
90688.0
21
-56837.0
97
0
92
0
93
13
72
1
10
88075.0
20
-64926.0
11
88075.0
21
-64926.0
72
1
10
88075.0
20
-64926.0
11
89497.0
21
-62490.0
72
1
10
89497.0
20
-62490.0
11
89168.0
21
-62298.0
72
1
10
89168.0
20
-62298.0
11
89183.0
21
-62272.0
72
1
10
89183.0
20
-62272.0
11
89198.0
21
-62246.0
72
1
10
89198.0
20
-62246.0
11
89527.0
21
-62438.0
72
1
10
89527.0
20
-62438.0
11
90040.0
21
-61559.0
72
1
10
90040.0
20
-61559.0
11
90041.0
21
-61560.0
72
1
10
90041.0
20
-61560.0
11
90092.0
21
-61590.0
72
1
10
90092.0
20
-61590.0
11
90092.0
21
-61590.0
72
1
10
90092.0
20
-61590.0
11
88127.0
21
-64956.0
72
1
10
88127.0
20
-64956.0
11
88095.0
21
-64937.0
72
1
10
88095.0
20
-64937.0
11
88075.0
21
-64926.0
97
0
92
0
93
5
72
1
10
89451.0
20
-58955.0
11
89477.0
21
-58970.0
72
1
10
89477.0
20
-58970.0
11
89503.0
21
-58985.0
72
1
10
89503.0
20
-58985.0
11
89375.0
21
-59204.0
72
1
10
89375.0
20
-59204.0
11
89324.0
21
-59173.0
72
1
10
89324.0
20
-59173.0
11
89451.0
21
-58955.0
97
0
92
0
93
14
72
1
10
83677.0
20
-44352.0
11
83685.0
21
-44343.0
72
1
10
83685.0
20
-44343.0
11
83695.0
21
-44338.0
72
1
10
83695.0
20
-44338.0
11
83707.0
21
-44337.0
72
1
10
83707.0
20
-44337.0
11
83718.0
21
-44341.0
72
1
10
83718.0
20
-44341.0
11
89319.0
21
-47611.0
72
1
10
89319.0
20
-47611.0
11
89304.0
21
-47637.0
72
1
10
89304.0
20
-47637.0
11
89330.0
21
-47652.0
72
1
10
89330.0
20
-47652.0
11
88750.0
21
-48645.0
72
1
10
88750.0
20
-48645.0
11
88698.0
21
-48615.0
72
1
10
88698.0
20
-48615.0
11
89263.0
21
-47648.0
72
1
10
89263.0
20
-47648.0
11
83714.0
21
-44408.0
72
1
10
83714.0
20
-44408.0
11
83149.0
21
-45375.0
72
1
10
83149.0
20
-45375.0
11
83097.0
21
-45345.0
72
1
10
83097.0
20
-45345.0
11
83677.0
21
-44352.0
97
0
92
0
93
9
72
1
10
87802.0
20
-53801.0
11
87832.0
21
-53749.0
72
1
10
87832.0
20
-53749.0
11
88187.0
21
-53956.0
72
1
10
88187.0
20
-53956.0
11
89233.0
21
-54567.0
72
1
10
89233.0
20
-54567.0
11
89203.0
21
-54619.0
72
1
10
89203.0
20
-54619.0
11
88183.0
21
-54023.0
72
1
10
88183.0
20
-54023.0
11
88059.0
21
-54235.0
72
1
10
88059.0
20
-54235.0
11
88007.0
21
-54204.0
72
1
10
88007.0
20
-54204.0
11
88131.0
21
-53993.0
72
1
10
88131.0
20
-53993.0
11
87802.0
21
-53801.0
97
0
92
0
93
5
72
1
10
88877.0
20
-56188.0
11
88862.0
21
-56214.0
72
1
10
88862.0
20
-56214.0
11
88594.0
21
-56058.0
72
1
10
88594.0
20
-56058.0
11
88625.0
21
-56006.0
72
1
10
88625.0
20
-56006.0
11
88892.0
21
-56163.0
72
1
10
88892.0
20
-56163.0
11
88877.0
21
-56188.0
97
0
92
0
93
9
72
1
10
87607.0
20
-59772.0
11
87637.0
21
-59720.0
72
1
10
87637.0
20
-59720.0
11
88657.0
21
-60315.0
72
1
10
88657.0
20
-60315.0
11
88820.0
21
-60037.0
72
1
10
88820.0
20
-60037.0
11
88871.0
21
-60067.0
72
1
10
88871.0
20
-60067.0
11
88694.0
21
-60372.0
72
1
10
88694.0
20
-60372.0
11
88594.0
21
-60542.0
72
1
10
88594.0
20
-60542.0
11
88542.0
21
-60512.0
72
1
10
88542.0
20
-60512.0
11
88627.0
21
-60367.0
72
1
10
88627.0
20
-60367.0
11
87607.0
21
-59772.0
97
0
92
0
93
10
72
1
10
86904.0
20
-60977.0
11
86934.0
21
-60925.0
72
1
10
86934.0
20
-60925.0
11
87954.0
21
-61520.0
72
1
10
87954.0
20
-61520.0
11
88038.0
21
-61376.0
72
1
10
88038.0
20
-61376.0
11
88090.0
21
-61406.0
72
1
10
88090.0
20
-61406.0
11
88006.0
21
-61551.0
72
1
10
88006.0
20
-61551.0
11
88006.0
21
-61551.0
72
1
10
88006.0
20
-61551.0
11
88334.0
21
-61742.0
72
1
10
88334.0
20
-61742.0
11
88304.0
21
-61794.0
72
1
10
88304.0
20
-61794.0
11
87950.0
21
-61587.0
72
1
10
87950.0
20
-61587.0
11
86904.0
21
-60977.0
97
0
92
0
93
5
72
1
10
87503.0
20
-55068.0
11
87529.0
21
-55083.0
72
1
10
87529.0
20
-55083.0
11
87555.0
21
-55098.0
72
1
10
87555.0
20
-55098.0
11
87467.0
21
-55249.0
72
1
10
87467.0
20
-55249.0
11
87415.0
21
-55219.0
72
1
10
87415.0
20
-55219.0
11
87503.0
21
-55068.0
97
0
92
0
93
5
72
1
10
86437.0
20
-60565.0
11
86412.0
21
-60550.0
72
1
10
86412.0
20
-60550.0
11
87024.0
21
-59501.0
72
1
10
87024.0
20
-59501.0
11
87076.0
21
-59532.0
72
1
10
87076.0
20
-59532.0
11
86463.0
21
-60581.0
72
1
10
86463.0
20
-60581.0
11
86437.0
21
-60565.0
97
0
92
0
93
4
72
1
10
86670.0
20
-53140.0
11
86700.0
21
-53088.0
72
1
10
86700.0
20
-53088.0
11
86969.0
21
-53245.0
72
1
10
86969.0
20
-53245.0
11
86939.0
21
-53297.0
72
1
10
86939.0
20
-53297.0
11
86670.0
21
-53140.0
97
0
92
0
93
9
72
1
10
85397.0
20
-58676.0
11
85497.0
21
-58505.0
72
1
10
85497.0
20
-58505.0
11
85674.0
21
-58201.0
72
1
10
85674.0
20
-58201.0
11
85726.0
21
-58231.0
72
1
10
85726.0
20
-58231.0
11
85564.0
21
-58509.0
72
1
10
85564.0
20
-58509.0
11
86584.0
21
-59105.0
72
1
10
86584.0
20
-59105.0
11
86554.0
21
-59157.0
72
1
10
86554.0
20
-59157.0
11
85533.0
21
-58561.0
72
1
10
85533.0
20
-58561.0
11
85449.0
21
-58706.0
72
1
10
85449.0
20
-58706.0
11
85397.0
21
-58676.0
97
0
92
0
93
4
72
1
10
86230.0
20
-57368.0
11
86178.0
21
-57337.0
72
1
10
86178.0
20
-57337.0
11
86306.0
21
-57119.0
72
1
10
86306.0
20
-57119.0
11
86358.0
21
-57149.0
72
1
10
86358.0
20
-57149.0
11
86230.0
21
-57368.0
97
0
92
0
93
31
72
1
10
79597.0
20
-50805.0
11
79627.0
21
-50753.0
72
1
10
79627.0
20
-50753.0
11
82661.0
21
-52524.0
72
1
10
82661.0
20
-52524.0
11
82838.0
21
-52221.0
72
1
10
82838.0
20
-52221.0
11
82898.0
21
-52119.0
72
1
10
82898.0
20
-52119.0
11
82913.0
21
-52093.0
72
1
10
82913.0
20
-52093.0
11
83452.0
21
-51169.0
72
1
10
83452.0
20
-51169.0
11
83467.0
21
-51143.0
72
1
10
83467.0
20
-51143.0
11
83792.0
21
-50587.0
72
1
10
83792.0
20
-50587.0
11
84259.0
21
-49787.0
72
1
10
84259.0
20
-49787.0
11
85646.0
21
-47412.0
72
1
10
85646.0
20
-47412.0
11
85697.0
21
-47442.0
72
1
10
85697.0
20
-47442.0
11
84326.0
21
-49791.0
72
1
10
84326.0
20
-49791.0
11
86114.0
21
-50835.0
72
1
10
86114.0
20
-50835.0
11
86122.0
21
-50843.0
72
1
10
86122.0
20
-50843.0
11
86128.0
21
-50853.0
72
1
10
86128.0
20
-50853.0
11
86128.0
21
-50865.0
72
1
10
86128.0
20
-50865.0
11
86124.0
21
-50876.0
72
1
10
86124.0
20
-50876.0
11
85333.0
21
-52232.0
72
1
10
85333.0
20
-52232.0
11
85318.0
21
-52258.0
72
1
10
85318.0
20
-52258.0
11
85318.0
21
-52258.0
72
1
10
85318.0
20
-52258.0
11
84763.0
21
-53208.0
72
1
10
84763.0
20
-53208.0
11
84526.0
21
-53614.0
72
1
10
84526.0
20
-53614.0
11
85746.0
21
-54326.0
72
1
10
85746.0
20
-54326.0
11
85716.0
21
-54378.0
72
1
10
85716.0
20
-54378.0
11
84470.0
21
-53650.0
72
1
10
84470.0
20
-53650.0
11
84470.0
21
-53650.0
72
1
10
84470.0
20
-53650.0
11
84444.0
21
-53635.0
72
1
10
84444.0
20
-53635.0
11
82656.0
21
-52591.0
72
1
10
82656.0
20
-52591.0
11
82656.0
21
-52591.0
72
1
10
82656.0
20
-52591.0
11
82656.0
21
-52591.0
72
1
10
82656.0
20
-52591.0
11
79597.0
21
-50805.0
97
0
92
0
93
4
72
1
10
82965.0
20
-52123.0
11
84726.0
21
-53151.0
72
1
10
84726.0
20
-53151.0
11
85251.0
21
-52253.0
72
1
10
85251.0
20
-52253.0
11
83489.0
21
-51225.0
72
1
10
83489.0
20
-51225.0
11
82965.0
21
-52123.0
97
0
92
0
93
4
72
1
10
84696.0
20
-53203.0
11
82934.0
21
-52175.0
72
1
10
82934.0
20
-52175.0
11
82713.0
21
-52555.0
72
1
10
82713.0
20
-52555.0
11
84474.0
21
-53583.0
72
1
10
84474.0
20
-53583.0
11
84696.0
21
-53203.0
97
0
92
0
93
7
72
1
10
85281.0
20
-52202.0
11
85281.0
21
-52202.0
72
1
10
85281.0
20
-52202.0
11
86057.0
21
-50872.0
72
1
10
86057.0
20
-50872.0
11
84296.0
21
-49843.0
72
1
10
84296.0
20
-49843.0
11
83647.0
21
-50954.0
72
1
10
83647.0
20
-50954.0
11
83519.0
21
-51173.0
72
1
10
83519.0
20
-51173.0
11
83519.0
21
-51173.0
72
1
10
83519.0
20
-51173.0
11
85281.0
21
-52202.0
97
0
92
0
93
11
72
1
10
84465.0
20
-59518.0
11
84480.0
21
-59492.0
72
1
10
84480.0
20
-59492.0
11
84808.0
21
-59684.0
72
1
10
84808.0
20
-59684.0
11
84893.0
21
-59539.0
72
1
10
84893.0
20
-59539.0
11
84945.0
21
-59569.0
72
1
10
84945.0
20
-59569.0
11
84860.0
21
-59714.0
72
1
10
84860.0
20
-59714.0
11
85880.0
21
-60310.0
72
1
10
85880.0
20
-60310.0
11
85850.0
21
-60362.0
72
1
10
85850.0
20
-60362.0
11
84804.0
21
-59751.0
72
1
10
84804.0
20
-59751.0
11
84804.0
21
-59751.0
72
1
10
84804.0
20
-59751.0
11
84449.0
21
-59544.0
72
1
10
84449.0
20
-59544.0
11
84465.0
21
-59518.0
97
0
92
0
93
4
72
1
10
84171.0
20
-57164.0
11
84733.0
21
-56201.0
72
1
10
84733.0
20
-56201.0
11
84785.0
21
-56231.0
72
1
10
84785.0
20
-56231.0
11
84222.0
21
-57194.0
72
1
10
84222.0
20
-57194.0
11
84171.0
21
-57164.0
97
0
92
0
93
11
72
1
10
81783.0
20
-61253.0
11
83220.0
21
-58791.0
72
1
10
83220.0
20
-58791.0
11
83235.0
21
-58765.0
72
1
10
83235.0
20
-58765.0
11
83666.0
21
-58027.0
72
1
10
83666.0
20
-58027.0
11
83718.0
21
-58058.0
72
1
10
83718.0
20
-58058.0
11
83287.0
21
-58796.0
72
1
10
83287.0
20
-58796.0
11
83616.0
21
-58988.0
72
1
10
83616.0
20
-58988.0
11
83601.0
21
-59014.0
72
1
10
83601.0
20
-59014.0
11
83586.0
21
-59040.0
72
1
10
83586.0
20
-59040.0
11
83257.0
21
-58848.0
72
1
10
83257.0
20
-58848.0
11
81835.0
21
-61283.0
72
1
10
81835.0
20
-61283.0
11
81783.0
21
-61253.0
97
0
92
0
93
14
72
1
10
80296.0
20
-42378.0
11
80304.0
21
-42369.0
72
1
10
80304.0
20
-42369.0
11
80314.0
21
-42364.0
72
1
10
80314.0
20
-42364.0
11
80326.0
21
-42364.0
72
1
10
80326.0
20
-42364.0
11
80337.0
21
-42367.0
72
1
10
80337.0
20
-42367.0
11
83262.0
21
-44075.0
72
1
10
83262.0
20
-44075.0
11
83247.0
21
-44101.0
72
1
10
83247.0
20
-44101.0
11
83273.0
21
-44116.0
72
1
10
83273.0
20
-44116.0
11
82693.0
21
-45109.0
72
1
10
82693.0
20
-45109.0
11
82641.0
21
-45079.0
72
1
10
82641.0
20
-45079.0
11
83206.0
21
-44112.0
72
1
10
83206.0
20
-44112.0
11
80333.0
21
-42434.0
72
1
10
80333.0
20
-42434.0
11
79768.0
21
-43402.0
72
1
10
79768.0
20
-43402.0
11
79716.0
21
-43371.0
72
1
10
79716.0
20
-43371.0
11
80296.0
21
-42378.0
97
0
92
0
93
14
72
1
10
77942.0
20
-60920.0
11
77916.0
21
-60905.0
72
1
10
77916.0
20
-60905.0
11
78496.0
21
-59912.0
72
1
10
78496.0
20
-59912.0
11
78547.0
21
-59942.0
72
1
10
78547.0
20
-59942.0
11
77983.0
21
-60910.0
72
1
10
77983.0
20
-60910.0
11
80856.0
21
-62587.0
72
1
10
80856.0
20
-62587.0
11
81421.0
21
-61620.0
72
1
10
81421.0
20
-61620.0
11
81473.0
21
-61650.0
72
1
10
81473.0
20
-61650.0
11
80893.0
21
-62643.0
72
1
10
80893.0
20
-62643.0
11
80885.0
21
-62652.0
72
1
10
80885.0
20
-62652.0
11
80875.0
21
-62657.0
72
1
10
80875.0
20
-62657.0
11
80863.0
21
-62658.0
72
1
10
80863.0
20
-62658.0
11
80852.0
21
-62654.0
72
1
10
80852.0
20
-62654.0
11
77927.0
21
-60946.0
72
1
10
77927.0
20
-60946.0
11
77942.0
21
-60920.0
97
0
92
0
93
4
72
1
10
80405.0
20
-49163.0
11
81017.0
21
-48114.0
72
1
10
81017.0
20
-48114.0
11
81069.0
21
-48144.0
72
1
10
81069.0
20
-48144.0
11
80457.0
21
-49194.0
72
1
10
80457.0
20
-49194.0
11
80405.0
21
-49163.0
97
0
92
0
93
9
72
1
10
79146.0
20
-46953.0
11
79177.0
21
-46901.0
72
1
10
79177.0
20
-46901.0
11
79531.0
21
-47108.0
72
1
10
79531.0
20
-47108.0
11
80577.0
21
-47718.0
72
1
10
80577.0
20
-47718.0
11
80547.0
21
-47770.0
72
1
10
80547.0
20
-47770.0
11
79527.0
21
-47175.0
72
1
10
79527.0
20
-47175.0
11
79442.0
21
-47319.0
72
1
10
79442.0
20
-47319.0
11
79391.0
21
-47289.0
72
1
10
79391.0
20
-47289.0
11
79475.0
21
-47144.0
72
1
10
79475.0
20
-47144.0
11
79146.0
21
-46953.0
97
0
92
0
93
9
72
1
10
79105.0
20
-55002.0
11
79205.0
21
-54832.0
72
1
10
79205.0
20
-54832.0
11
79382.0
21
-54527.0
72
1
10
79382.0
20
-54527.0
11
79434.0
21
-54558.0
72
1
10
79434.0
20
-54558.0
11
79272.0
21
-54836.0
72
1
10
79272.0
20
-54836.0
11
80292.0
21
-55432.0
72
1
10
80292.0
20
-55432.0
11
80262.0
21
-55483.0
72
1
10
80262.0
20
-55483.0
11
79241.0
21
-54888.0
72
1
10
79241.0
20
-54888.0
11
79157.0
21
-55032.0
72
1
10
79157.0
20
-55032.0
11
79105.0
21
-55002.0
97
0
92
0
93
4
72
1
10
79938.0
20
-53694.0
11
79886.0
21
-53664.0
72
1
10
79886.0
20
-53664.0
11
80014.0
21
-53446.0
72
1
10
80014.0
20
-53446.0
11
80066.0
21
-53476.0
72
1
10
80066.0
20
-53476.0
11
79938.0
21
-53694.0
97
0
92
0
93
11
72
1
10
78661.0
20
-48658.0
11
78609.0
21
-48628.0
72
1
10
78609.0
20
-48628.0
11
78787.0
21
-48323.0
72
1
10
78787.0
20
-48323.0
11
78787.0
21
-48323.0
72
1
10
78787.0
20
-48323.0
11
78886.0
21
-48153.0
72
1
10
78886.0
20
-48153.0
11
78938.0
21
-48183.0
72
1
10
78938.0
20
-48183.0
11
78854.0
21
-48328.0
72
1
10
78854.0
20
-48328.0
11
79874.0
21
-48923.0
72
1
10
79874.0
20
-48923.0
11
79859.0
21
-48949.0
72
1
10
79859.0
20
-48949.0
11
79844.0
21
-48975.0
72
1
10
79844.0
20
-48975.0
11
78824.0
21
-48379.0
72
1
10
78824.0
20
-48379.0
11
78661.0
21
-48658.0
97
0
92
0
93
9
72
1
10
78512.0
20
-56077.0
11
78158.0
21
-55870.0
72
1
10
78158.0
20
-55870.0
11
78188.0
21
-55819.0
72
1
10
78188.0
20
-55819.0
11
78516.0
21
-56010.0
72
1
10
78516.0
20
-56010.0
11
78601.0
21
-55866.0
72
1
10
78601.0
20
-55866.0
11
78653.0
21
-55896.0
72
1
10
78653.0
20
-55896.0
11
78568.0
21
-56041.0
72
1
10
78568.0
20
-56041.0
11
79589.0
21
-56636.0
72
1
10
79589.0
20
-56636.0
11
79558.0
21
-56688.0
72
1
10
79558.0
20
-56688.0
11
78512.0
21
-56077.0
97
0
92
0
93
17
72
1
10
77389.0
20
-47105.0
11
77389.0
21
-47105.0
72
1
10
77389.0
20
-47105.0
11
77388.0
21
-47105.0
72
1
10
77388.0
20
-47105.0
11
79354.0
21
-43739.0
72
1
10
79354.0
20
-43739.0
11
79354.0
21
-43739.0
72
1
10
79354.0
20
-43739.0
11
79376.0
21
-43752.0
72
1
10
79376.0
20
-43752.0
11
79405.0
21
-43769.0
72
1
10
79405.0
20
-43769.0
11
79406.0
21
-43769.0
72
1
10
79406.0
20
-43769.0
11
77984.0
21
-46205.0
72
1
10
77984.0
20
-46205.0
11
78313.0
21
-46397.0
72
1
10
78313.0
20
-46397.0
11
78298.0
21
-46423.0
72
1
10
78298.0
20
-46423.0
11
78283.0
21
-46449.0
72
1
10
78283.0
20
-46449.0
11
77954.0
21
-46257.0
72
1
10
77954.0
20
-46257.0
11
77441.0
21
-47136.0
72
1
10
77441.0
20
-47136.0
11
77440.0
21
-47135.0
72
1
10
77440.0
20
-47135.0
11
77440.0
21
-47135.0
72
1
10
77440.0
20
-47135.0
11
77412.0
21
-47119.0
72
1
10
77412.0
20
-47119.0
11
77389.0
21
-47105.0
97
0
92
0
93
11
72
1
10
78322.0
20
-52751.0
11
78313.0
21
-52746.0
72
1
10
78313.0
20
-52746.0
11
78441.0
21
-52527.0
72
1
10
78441.0
20
-52527.0
11
78450.0
21
-52532.0
72
1
10
78450.0
20
-52532.0
11
78463.0
21
-52540.0
72
1
10
78463.0
20
-52540.0
11
78475.0
21
-52547.0
72
1
10
78475.0
20
-52547.0
11
78503.0
21
-52559.0
72
1
10
78503.0
20
-52559.0
11
78501.0
21
-52563.0
72
1
10
78501.0
20
-52563.0
11
78373.0
21
-52782.0
72
1
10
78373.0
20
-52782.0
11
78365.0
21
-52777.0
72
1
10
78365.0
20
-52777.0
11
78354.0
21
-52770.0
72
1
10
78354.0
20
-52770.0
11
78322.0
21
-52751.0
97
0
92
0
93
4
72
1
10
78030.0
20
-49740.0
11
77978.0
21
-49709.0
72
1
10
77978.0
20
-49709.0
11
78105.0
21
-49491.0
72
1
10
78105.0
20
-49491.0
11
78157.0
21
-49521.0
72
1
10
78157.0
20
-49521.0
11
78030.0
21
-49740.0
97
0
92
0
93
28
72
1
10
75491.0
20
-57579.0
11
76928.0
21
-55118.0
72
1
10
76928.0
20
-55118.0
11
76943.0
21
-55092.0
72
1
10
76943.0
20
-55092.0
11
77609.0
21
-53952.0
72
1
10
77609.0
20
-53952.0
11
76494.0
21
-53301.0
72
1
10
76494.0
20
-53301.0
11
76499.0
21
-53292.0
72
1
10
76499.0
20
-53292.0
11
76524.0
21
-53249.0
72
1
10
76524.0
20
-53249.0
11
76529.0
21
-53241.0
72
1
10
76529.0
20
-53241.0
11
77644.0
21
-53892.0
72
1
10
77644.0
20
-53892.0
11
77809.0
21
-53610.0
72
1
10
77809.0
20
-53610.0
11
77861.0
21
-53640.0
72
1
10
77861.0
20
-53640.0
11
77869.0
21
-53645.0
72
1
10
77869.0
20
-53645.0
11
77690.0
21
-53953.0
72
1
10
77690.0
20
-53953.0
11
77688.0
21
-53956.0
72
1
10
77688.0
20
-53956.0
11
77687.0
21
-53957.0
72
1
10
77687.0
20
-53957.0
11
77683.0
21
-53962.0
72
1
10
77683.0
20
-53962.0
11
77681.0
21
-53963.0
72
1
10
77681.0
20
-53963.0
11
77677.0
21
-53966.0
72
1
10
77677.0
20
-53966.0
11
77675.0
21
-53967.0
72
1
10
77675.0
20
-53967.0
11
77670.0
21
-53970.0
72
1
10
77670.0
20
-53970.0
11
77668.0
21
-53971.0
72
1
10
77668.0
20
-53971.0
11
77668.0
21
-53971.0
72
1
10
77668.0
20
-53971.0
11
76995.0
21
-55122.0
72
1
10
76995.0
20
-55122.0
11
77324.0
21
-55314.0
72
1
10
77324.0
20
-55314.0
11
77309.0
21
-55340.0
72
1
10
77309.0
20
-55340.0
11
77294.0
21
-55366.0
72
1
10
77294.0
20
-55366.0
11
76965.0
21
-55174.0
72
1
10
76965.0
20
-55174.0
11
75543.0
21
-57610.0
72
1
10
75543.0
20
-57610.0
11
75491.0
21
-57579.0
97
0
92
0
93
7
72
1
10
76456.0
20
-48821.0
11
76404.0
21
-48791.0
72
1
10
76404.0
20
-48791.0
11
76884.0
21
-47969.0
72
1
10
76884.0
20
-47969.0
11
76885.0
21
-47969.0
72
1
10
76885.0
20
-47969.0
11
76936.0
21
-47999.0
72
1
10
76936.0
20
-47999.0
11
76937.0
21
-47999.0
72
1
10
76937.0
20
-47999.0
11
76457.0
21
-48821.0
72
1
10
76457.0
20
-48821.0
11
76456.0
21
-48821.0
97
0
92
0
93
22
72
1
10
74470.0
20
-52103.0
11
74470.0
21
-52103.0
72
1
10
74470.0
20
-52103.0
11
74470.0
21
-52101.0
72
1
10
74470.0
20
-52101.0
11
74469.0
21
-52095.0
72
1
10
74469.0
20
-52095.0
11
74469.0
21
-52093.0
72
1
10
74469.0
20
-52093.0
11
74470.0
21
-52087.0
72
1
10
74470.0
20
-52087.0
11
74471.0
21
-52086.0
72
1
10
74471.0
20
-52086.0
11
74473.0
21
-52080.0
72
1
10
74473.0
20
-52080.0
11
74473.0
21
-52078.0
72
1
10
74473.0
20
-52078.0
11
74475.0
21
-52076.0
72
1
10
74475.0
20
-52076.0
11
74490.0
21
-52050.0
72
1
10
74490.0
20
-52050.0
11
74499.0
21
-52055.0
72
1
10
74499.0
20
-52055.0
11
74662.0
21
-51774.0
72
1
10
74662.0
20
-51774.0
11
74714.0
21
-51804.0
72
1
10
74714.0
20
-51804.0
11
74550.0
21
-52085.0
72
1
10
74550.0
20
-52085.0
11
75666.0
21
-52736.0
72
1
10
75666.0
20
-52736.0
11
75660.0
21
-52745.0
72
1
10
75660.0
20
-52745.0
11
75635.0
21
-52788.0
72
1
10
75635.0
20
-52788.0
11
75630.0
21
-52797.0
72
1
10
75630.0
20
-52797.0
11
74515.0
21
-52145.0
72
1
10
74515.0
20
-52145.0
11
72397.0
21
-55773.0
72
1
10
72397.0
20
-55773.0
11
72345.0
21
-55743.0
72
1
10
72345.0
20
-55743.0
11
74470.0
21
-52103.0
97
0
92
0
93
3
72
1
10
74499.0
20
-52055.0
11
74524.0
21
-52070.0
72
1
10
74524.0
20
-52070.0
11
74524.0
21
-52070.0
72
1
10
74524.0
20
-52070.0
11
74499.0
21
-52055.0
97
0
92
0
93
9
72
1
10
75218.0
20
-50941.0
11
75167.0
21
-50910.0
72
1
10
75167.0
20
-50910.0
11
75295.0
21
-50690.0
72
1
10
75295.0
20
-50690.0
11
75312.0
21
-50700.0
72
1
10
75312.0
20
-50700.0
11
75287.0
21
-50684.0
72
1
10
75287.0
20
-50684.0
11
75288.0
21
-50682.0
72
1
10
75288.0
20
-50682.0
11
75289.0
21
-50681.0
72
1
10
75289.0
20
-50681.0
11
75330.0
21
-50711.0
72
1
10
75330.0
20
-50711.0
11
75347.0
21
-50721.0
72
1
10
75347.0
20
-50721.0
11
75218.0
21
-50941.0
97
0
92
0
93
14
72
1
10
68566.0
20
-55447.0
11
68540.0
21
-55432.0
72
1
10
68540.0
20
-55432.0
11
69120.0
21
-54439.0
72
1
10
69120.0
20
-54439.0
11
69172.0
21
-54469.0
72
1
10
69172.0
20
-54469.0
11
68607.0
21
-55436.0
72
1
10
68607.0
20
-55436.0
11
71418.0
21
-57077.0
72
1
10
71418.0
20
-57077.0
11
71983.0
21
-56110.0
72
1
10
71983.0
20
-56110.0
11
72035.0
21
-56140.0
72
1
10
72035.0
20
-56140.0
11
71455.0
21
-57133.0
72
1
10
71455.0
20
-57133.0
11
71447.0
21
-57142.0
72
1
10
71447.0
20
-57142.0
11
71437.0
21
-57147.0
72
1
10
71437.0
20
-57147.0
11
71425.0
21
-57148.0
72
1
10
71425.0
20
-57148.0
11
71414.0
21
-57144.0
72
1
10
71414.0
20
-57144.0
11
68551.0
21
-55473.0
72
1
10
68551.0
20
-55473.0
11
68566.0
21
-55447.0
97
0
92
0
93
14
72
1
10
63887.0
20
-106785.0
11
63917.0
21
-106733.0
72
1
10
63917.0
20
-106733.0
11
64884.0
21
-107298.0
72
1
10
64884.0
20
-107298.0
11
66490.0
21
-104548.0
72
1
10
66490.0
20
-104548.0
11
65522.0
21
-103983.0
72
1
10
65522.0
20
-103983.0
11
65553.0
21
-103931.0
72
1
10
65553.0
20
-103931.0
11
66546.0
21
-104511.0
72
1
10
66546.0
20
-104511.0
11
66555.0
21
-104519.0
72
1
10
66555.0
20
-104519.0
11
66560.0
21
-104529.0
72
1
10
66560.0
20
-104529.0
11
66560.0
21
-104541.0
72
1
10
66560.0
20
-104541.0
11
66557.0
21
-104552.0
72
1
10
66557.0
20
-104552.0
11
64921.0
21
-107354.0
72
1
10
64921.0
20
-107354.0
11
64895.0
21
-107339.0
72
1
10
64895.0
20
-107339.0
11
64880.0
21
-107365.0
72
1
10
64880.0
20
-107365.0
11
63887.0
21
-106785.0
97
0
92
0
93
11
72
1
10
59485.0
20
-104363.0
11
59515.0
21
-104311.0
72
1
10
59515.0
20
-104311.0
11
60480.0
21
-104875.0
72
1
10
60480.0
20
-104875.0
11
60480.0
21
-104875.0
72
1
10
60480.0
20
-104875.0
11
60654.0
21
-104577.0
72
1
10
60654.0
20
-104577.0
11
60680.0
21
-104592.0
72
1
10
60680.0
20
-104592.0
11
60706.0
21
-104607.0
72
1
10
60706.0
20
-104607.0
11
60532.0
21
-104905.0
72
1
10
60532.0
20
-104905.0
11
63421.0
21
-106592.0
72
1
10
63421.0
20
-106592.0
11
63390.0
21
-106643.0
72
1
10
63390.0
20
-106643.0
11
60476.0
21
-104942.0
72
1
10
60476.0
20
-104942.0
11
59485.0
21
-104363.0
97
0
92
0
93
9
72
1
10
61085.0
20
-103271.0
11
61116.0
21
-103220.0
72
1
10
61116.0
20
-103220.0
11
61362.0
21
-103364.0
72
1
10
61362.0
20
-103364.0
11
61922.0
21
-102405.0
72
1
10
61922.0
20
-102405.0
11
61974.0
21
-102435.0
72
1
10
61974.0
20
-102435.0
11
61399.0
21
-103420.0
72
1
10
61399.0
20
-103420.0
11
61210.0
21
-103743.0
72
1
10
61210.0
20
-103743.0
11
61158.0
21
-103713.0
72
1
10
61158.0
20
-103713.0
11
61332.0
21
-103415.0
72
1
10
61332.0
20
-103415.0
11
61085.0
21
-103271.0
97
0
92
0
93
14
72
1
10
58593.0
20
-115853.0
11
58623.0
21
-115801.0
72
1
10
58623.0
20
-115801.0
11
59590.0
21
-116366.0
72
1
10
59590.0
20
-116366.0
11
61196.0
21
-113616.0
72
1
10
61196.0
20
-113616.0
11
60228.0
21
-113051.0
72
1
10
60228.0
20
-113051.0
11
60259.0
21
-112999.0
72
1
10
60259.0
20
-112999.0
11
61252.0
21
-113579.0
72
1
10
61252.0
20
-113579.0
11
61261.0
21
-113587.0
72
1
10
61261.0
20
-113587.0
11
61266.0
21
-113597.0
72
1
10
61266.0
20
-113597.0
11
61266.0
21
-113609.0
72
1
10
61266.0
20
-113609.0
11
61263.0
21
-113620.0
72
1
10
61263.0
20
-113620.0
11
59627.0
21
-116422.0
72
1
10
59627.0
20
-116422.0
11
59601.0
21
-116407.0
72
1
10
59601.0
20
-116407.0
11
59586.0
21
-116433.0
72
1
10
59586.0
20
-116433.0
11
58593.0
21
-115853.0
97
0
92
0
93
11
72
1
10
59536.0
20
-102332.0
11
59551.0
21
-102306.0
72
1
10
59551.0
20
-102306.0
11
59954.0
21
-102541.0
72
1
10
59954.0
20
-102541.0
11
60513.0
21
-101582.0
72
1
10
60513.0
20
-101582.0
11
60539.0
21
-101598.0
72
1
10
60539.0
20
-101598.0
11
60565.0
21
-101613.0
72
1
10
60565.0
20
-101613.0
11
60005.0
21
-102571.0
72
1
10
60005.0
20
-102571.0
11
60252.0
21
-102715.0
72
1
10
60252.0
20
-102715.0
11
60222.0
21
-102767.0
72
1
10
60222.0
20
-102767.0
11
59949.0
21
-102608.0
72
1
10
59949.0
20
-102608.0
11
59520.0
21
-102358.0
72
1
10
59520.0
20
-102358.0
11
59536.0
21
-102332.0
97
0
92
0
93
5
72
1
10
59874.0
20
-96740.0
11
59909.0
21
-96760.0
72
1
10
59909.0
20
-96760.0
11
59926.0
21
-96770.0
72
1
10
59926.0
20
-96770.0
11
59421.0
21
-97634.0
72
1
10
59421.0
20
-97634.0
11
59370.0
21
-97604.0
72
1
10
59370.0
20
-97604.0
11
59874.0
21
-96740.0
97
0
92
0
93
11
72
1
10
55956.0
20
-110408.0
11
55986.0
21
-110357.0
72
1
10
55986.0
20
-110357.0
11
56951.0
21
-110920.0
72
1
10
56951.0
20
-110920.0
11
57125.0
21
-110622.0
72
1
10
57125.0
20
-110622.0
11
57177.0
21
-110652.0
72
1
10
57177.0
20
-110652.0
11
57003.0
21
-110950.0
72
1
10
57003.0
20
-110950.0
11
59891.0
21
-112637.0
72
1
10
59891.0
20
-112637.0
11
59861.0
21
-112689.0
72
1
10
59861.0
20
-112689.0
11
56946.0
21
-110987.0
72
1
10
56946.0
20
-110987.0
11
56946.0
21
-110987.0
72
1
10
56946.0
20
-110987.0
11
56920.0
21
-110972.0
72
1
10
56920.0
20
-110972.0
11
55956.0
21
-110408.0
97
0
92
0
93
5
72
1
10
58865.0
20
-98467.0
11
58900.0
21
-98487.0
72
1
10
58900.0
20
-98487.0
11
58917.0
21
-98497.0
72
1
10
58917.0
20
-98497.0
11
58338.0
21
-99490.0
72
1
10
58338.0
20
-99490.0
11
58286.0
21
-99460.0
72
1
10
58286.0
20
-99460.0
11
58865.0
21
-98467.0
97
0
92
0
93
5
72
1
10
58672.0
20
-101828.0
11
58657.0
21
-101853.0
72
1
10
58657.0
20
-101853.0
11
58314.0
21
-101653.0
72
1
10
58314.0
20
-101653.0
11
58344.0
21
-101601.0
72
1
10
58344.0
20
-101601.0
11
58687.0
21
-101802.0
72
1
10
58687.0
20
-101802.0
11
58672.0
21
-101828.0
97
0
92
0
93
8
72
1
10
57432.0
20
-103164.0
11
57429.0
21
-103163.0
72
1
10
57429.0
20
-103163.0
11
57447.0
21
-103139.0
72
1
10
57447.0
20
-103139.0
11
57454.0
21
-103126.0
72
1
10
57454.0
20
-103126.0
11
57454.0
21
-103126.0
72
1
10
57454.0
20
-103126.0
11
57462.0
21
-103113.0
72
1
10
57462.0
20
-103113.0
11
58652.0
21
-103807.0
72
1
10
58652.0
20
-103807.0
11
58621.0
21
-103859.0
72
1
10
58621.0
20
-103859.0
11
57432.0
21
-103164.0
97
0
92
0
93
10
72
1
10
57556.0
20
-109316.0
11
57586.0
21
-109265.0
72
1
10
57586.0
20
-109265.0
11
57833.0
21
-109409.0
72
1
10
57833.0
20
-109409.0
11
58393.0
21
-108450.0
72
1
10
58393.0
20
-108450.0
11
58445.0
21
-108480.0
72
1
10
58445.0
20
-108480.0
11
57870.0
21
-109465.0
72
1
10
57870.0
20
-109465.0
11
57681.0
21
-109789.0
72
1
10
57681.0
20
-109789.0
11
57655.0
21
-109773.0
72
1
10
57655.0
20
-109773.0
11
57629.0
21
-109758.0
72
1
10
57629.0
20
-109758.0
11
57803.0
21
-109460.0
72
1
10
57803.0
20
-109460.0
11
57556.0
21
-109316.0
97
0
92
0
93
9
72
1
10
57092.0
20
-96273.0
11
57083.0
21
-96268.0
72
1
10
57083.0
20
-96268.0
11
57588.0
21
-95405.0
72
1
10
57588.0
20
-95405.0
11
57596.0
21
-95410.0
72
1
10
57596.0
20
-95410.0
11
57628.0
21
-95429.0
72
1
10
57628.0
20
-95429.0
11
57639.0
21
-95435.0
72
1
10
57639.0
20
-95435.0
11
57648.0
21
-95440.0
72
1
10
57648.0
20
-95440.0
11
57144.0
21
-96304.0
72
1
10
57144.0
20
-96304.0
11
57135.0
21
-96299.0
72
1
10
57135.0
20
-96299.0
11
57092.0
21
-96273.0
97
0
92
0
93
12
72
1
10
57246.0
20
-99015.0
11
57251.0
21
-99006.0
72
1
10
57251.0
20
-99006.0
11
57269.0
21
-98974.0
72
1
10
57269.0
20
-98974.0
11
57276.0
21
-98963.0
72
1
10
57276.0
20
-98963.0
11
57281.0
21
-98954.0
72
1
10
57281.0
20
-98954.0
11
57327.0
21
-98981.0
72
1
10
57327.0
20
-98981.0
11
57329.0
21
-98982.0
72
1
10
57329.0
20
-98982.0
11
57329.0
21
-98983.0
72
1
10
57329.0
20
-98983.0
11
57310.0
21
-99009.0
72
1
10
57310.0
20
-99009.0
11
57304.0
21
-99020.0
72
1
10
57304.0
20
-99020.0
11
57296.0
21
-99033.0
72
1
10
57296.0
20
-99033.0
11
57291.0
21
-99041.0
72
1
10
57291.0
20
-99041.0
11
57246.0
21
-99015.0
97
0
92
0
93
10
72
1
10
56006.0
20
-108377.0
11
56021.0
21
-108351.0
72
1
10
56021.0
20
-108351.0
11
56424.0
21
-108586.0
72
1
10
56424.0
20
-108586.0
11
56984.0
21
-107628.0
72
1
10
56984.0
20
-107628.0
11
57036.0
21
-107658.0
72
1
10
57036.0
20
-107658.0
11
56476.0
21
-108616.0
72
1
10
56476.0
20
-108616.0
11
56723.0
21
-108760.0
72
1
10
56723.0
20
-108760.0
11
56693.0
21
-108812.0
72
1
10
56693.0
20
-108812.0
11
56420.0
21
-108653.0
72
1
10
56420.0
20
-108653.0
11
55991.0
21
-108403.0
72
1
10
55991.0
20
-108403.0
11
56006.0
21
-108377.0
97
0
92
0
93
34
72
1
10
51337.0
20
-95554.0
11
51368.0
21
-95502.0
72
1
10
51368.0
20
-95502.0
11
54282.0
21
-97204.0
72
1
10
54282.0
20
-97204.0
11
54282.0
21
-97204.0
72
1
10
54282.0
20
-97204.0
11
54308.0
21
-97219.0
72
1
10
54308.0
20
-97219.0
11
55964.0
21
-98186.0
72
1
10
55964.0
20
-98186.0
11
56579.0
21
-97132.0
72
1
10
56579.0
20
-97132.0
11
56588.0
21
-97137.0
72
1
10
56588.0
20
-97137.0
11
56620.0
21
-97156.0
72
1
10
56620.0
20
-97156.0
11
56631.0
21
-97162.0
72
1
10
56631.0
20
-97162.0
11
56640.0
21
-97167.0
72
1
10
56640.0
20
-97167.0
11
56025.0
21
-98221.0
72
1
10
56025.0
20
-98221.0
11
56417.0
21
-98450.0
72
1
10
56417.0
20
-98450.0
11
56412.0
21
-98459.0
72
1
10
56412.0
20
-98459.0
11
56387.0
21
-98502.0
72
1
10
56387.0
20
-98502.0
11
56387.0
21
-98502.0
72
1
10
56387.0
20
-98502.0
11
56382.0
21
-98510.0
72
1
10
56382.0
20
-98510.0
11
55963.0
21
-98266.0
72
1
10
55963.0
20
-98266.0
11
55968.0
21
-98258.0
72
1
10
55968.0
20
-98258.0
11
55967.0
21
-98257.0
72
1
10
55967.0
20
-98257.0
11
55961.0
21
-98265.0
72
1
10
55961.0
20
-98265.0
11
55959.0
21
-98263.0
72
1
10
55959.0
20
-98263.0
11
55955.0
21
-98259.0
72
1
10
55955.0
20
-98259.0
11
55954.0
21
-98258.0
72
1
10
55954.0
20
-98258.0
11
55950.0
21
-98253.0
72
1
10
55950.0
20
-98253.0
11
55949.0
21
-98252.0
72
1
10
55949.0
20
-98252.0
11
55946.0
21
-98246.0
72
1
10
55946.0
20
-98246.0
11
55946.0
21
-98245.0
72
1
10
55946.0
20
-98245.0
11
55946.0
21
-98244.0
72
1
10
55946.0
20
-98244.0
11
55831.0
21
-98177.0
72
1
10
55831.0
20
-98177.0
11
54278.0
21
-97271.0
72
1
10
54278.0
20
-97271.0
11
54104.0
21
-97569.0
72
1
10
54104.0
20
-97569.0
11
54052.0
21
-97538.0
72
1
10
54052.0
20
-97538.0
11
54226.0
21
-97240.0
72
1
10
54226.0
20
-97240.0
11
51337.0
21
-95554.0
97
0
92
0
93
4
72
1
10
56071.0
20
-100344.0
11
56101.0
21
-100292.0
72
1
10
56101.0
20
-100292.0
11
56444.0
21
-100492.0
72
1
10
56444.0
20
-100492.0
11
56414.0
21
-100544.0
72
1
10
56414.0
20
-100544.0
11
56071.0
21
-100344.0
97
0
92
0
93
32
72
1
10
49708.0
20
-102708.0
11
47808.0
21
-101599.0
72
1
10
47808.0
20
-101599.0
11
47838.0
21
-101547.0
72
1
10
47838.0
20
-101547.0
11
49712.0
21
-102641.0
72
1
10
49712.0
20
-102641.0
11
50756.0
21
-100854.0
72
1
10
50756.0
20
-100854.0
11
50764.0
21
-100845.0
72
1
10
50764.0
20
-100845.0
11
50774.0
21
-100840.0
72
1
10
50774.0
20
-100840.0
11
50786.0
21
-100839.0
72
1
10
50786.0
20
-100839.0
11
50797.0
21
-100843.0
72
1
10
50797.0
20
-100843.0
11
52153.0
21
-101634.0
72
1
10
52153.0
20
-101634.0
11
52179.0
21
-101650.0
72
1
10
52179.0
20
-101650.0
11
53535.0
21
-102441.0
72
1
10
53535.0
20
-102441.0
11
53535.0
21
-102441.0
72
1
10
53535.0
20
-102441.0
11
53561.0
21
-102456.0
72
1
10
53561.0
20
-102456.0
11
54511.0
21
-103011.0
72
1
10
54511.0
20
-103011.0
11
54511.0
21
-103011.0
72
1
10
54511.0
20
-103011.0
11
54916.0
21
-103248.0
72
1
10
54916.0
20
-103248.0
11
55557.0
21
-102151.0
72
1
10
55557.0
20
-102151.0
11
55609.0
21
-102181.0
72
1
10
55609.0
20
-102181.0
11
53909.0
21
-105092.0
72
1
10
53909.0
20
-105092.0
11
53894.0
21
-105117.0
72
1
10
53894.0
20
-105117.0
11
53894.0
21
-105118.0
72
1
10
53894.0
20
-105118.0
11
53894.0
21
-105118.0
72
1
10
53894.0
20
-105118.0
11
52180.0
21
-108054.0
72
1
10
52180.0
20
-108054.0
11
52128.0
21
-108023.0
72
1
10
52128.0
20
-108023.0
11
53827.0
21
-105113.0
72
1
10
53827.0
20
-105113.0
11
53422.0
21
-104876.0
72
1
10
53422.0
20
-104876.0
11
53422.0
21
-104876.0
72
1
10
53422.0
20
-104876.0
11
53396.0
21
-104861.0
72
1
10
53396.0
20
-104861.0
11
52472.0
21
-104322.0
72
1
10
52472.0
20
-104322.0
11
52446.0
21
-104306.0
72
1
10
52446.0
20
-104306.0
11
51090.0
21
-103515.0
72
1
10
51090.0
20
-103515.0
11
49708.0
21
-102708.0
97
0
92
0
93
5
72
1
10
54886.0
20
-103300.0
11
54506.0
21
-103078.0
72
1
10
54506.0
20
-103078.0
11
53478.0
21
-104840.0
72
1
10
53478.0
20
-104840.0
11
53858.0
21
-105061.0
72
1
10
53858.0
20
-105061.0
11
54139.0
21
-104580.0
72
1
10
54139.0
20
-104580.0
11
54886.0
21
-103300.0
97
0
92
0
93
4
72
1
10
53426.0
20
-104809.0
11
54454.0
21
-103048.0
72
1
10
54454.0
20
-103048.0
11
53556.0
21
-102523.0
72
1
10
53556.0
20
-102523.0
11
52528.0
21
-104285.0
72
1
10
52528.0
20
-104285.0
11
53426.0
21
-104809.0
97
0
92
0
93
5
72
1
10
52476.0
20
-104255.0
11
53504.0
21
-102493.0
72
1
10
53504.0
20
-102493.0
11
52175.0
21
-101716.0
72
1
10
52175.0
20
-101716.0
11
51146.0
21
-103478.0
72
1
10
51146.0
20
-103478.0
11
52424.0
21
-104225.0
72
1
10
52424.0
20
-104225.0
11
52476.0
21
-104255.0
97
0
92
0
93
5
72
1
10
51094.0
20
-103448.0
11
52123.0
21
-101686.0
72
1
10
52123.0
20
-101686.0
11
50793.0
21
-100910.0
72
1
10
50793.0
20
-100910.0
11
49764.0
21
-102672.0
72
1
10
49764.0
20
-102672.0
11
50439.0
21
-103066.0
72
1
10
50439.0
20
-103066.0
11
51094.0
21
-103448.0
97
0
92
0
93
9
72
1
10
54506.0
20
-99430.0
11
54536.0
21
-99378.0
72
1
10
54536.0
20
-99378.0
11
54809.0
21
-99537.0
72
1
10
54809.0
20
-99537.0
11
55238.0
21
-99788.0
72
1
10
55238.0
20
-99788.0
11
55207.0
21
-99840.0
72
1
10
55207.0
20
-99840.0
11
54804.0
21
-99604.0
72
1
10
54804.0
20
-99604.0
11
54245.0
21
-100563.0
72
1
10
54245.0
20
-100563.0
11
54193.0
21
-100533.0
72
1
10
54193.0
20
-100533.0
11
54753.0
21
-99574.0
72
1
10
54753.0
20
-99574.0
11
54506.0
21
-99430.0
97
0
92
0
93
4
72
1
10
55158.0
20
-107847.0
11
55128.0
21
-107899.0
72
1
10
55128.0
20
-107899.0
11
54785.0
21
-107698.0
72
1
10
54785.0
20
-107698.0
11
54815.0
21
-107647.0
72
1
10
54815.0
20
-107647.0
11
55158.0
21
-107847.0
97
0
92
0
93
7
72
1
10
53902.0
20
-109210.0
11
53900.0
21
-109208.0
72
1
10
53900.0
20
-109208.0
11
53917.0
21
-109184.0
72
1
10
53917.0
20
-109184.0
11
53925.0
21
-109171.0
72
1
10
53925.0
20
-109171.0
11
53932.0
21
-109158.0
72
1
10
53932.0
20
-109158.0
11
55122.0
21
-109852.0
72
1
10
55122.0
20
-109852.0
11
55092.0
21
-109904.0
72
1
10
55092.0
20
-109904.0
11
53902.0
21
-109210.0
97
0
92
0
93
4
72
1
10
52565.0
20
-100323.0
11
52595.0
21
-100272.0
72
1
10
52595.0
20
-100272.0
11
53849.0
21
-101003.0
72
1
10
53849.0
20
-101003.0
11
53818.0
21
-101055.0
72
1
10
53818.0
20
-101055.0
11
52565.0
21
-100323.0
97
0
92
0
93
10
72
1
10
52784.0
20
-99710.0
11
53359.0
21
-98726.0
72
1
10
53359.0
20
-98726.0
11
53548.0
21
-98402.0
72
1
10
53548.0
20
-98402.0
11
53574.0
21
-98417.0
72
1
10
53574.0
20
-98417.0
11
53600.0
21
-98432.0
72
1
10
53600.0
20
-98432.0
11
53426.0
21
-98730.0
72
1
10
53426.0
20
-98730.0
11
53673.0
21
-98874.0
72
1
10
53673.0
20
-98874.0
11
53642.0
21
-98926.0
72
1
10
53642.0
20
-98926.0
11
53396.0
21
-98782.0
72
1
10
53396.0
20
-98782.0
11
52836.0
21
-99740.0
72
1
10
52836.0
20
-99740.0
11
52784.0
21
-99710.0
97
0
92
0
93
14
72
1
10
49977.0
20
-94612.0
11
49968.0
21
-94604.0
72
1
10
49968.0
20
-94604.0
11
49963.0
21
-94593.0
72
1
10
49963.0
20
-94593.0
11
49962.0
21
-94582.0
72
1
10
49962.0
20
-94582.0
11
49966.0
21
-94571.0
72
1
10
49966.0
20
-94571.0
11
51566.0
21
-91831.0
72
1
10
51566.0
20
-91831.0
11
51591.0
21
-91846.0
72
1
10
51591.0
20
-91846.0
11
51607.0
21
-91820.0
72
1
10
51607.0
20
-91820.0
11
52600.0
21
-92400.0
72
1
10
52600.0
20
-92400.0
11
52569.0
21
-92452.0
72
1
10
52569.0
20
-92452.0
11
51602.0
21
-91887.0
72
1
10
51602.0
20
-91887.0
11
50033.0
21
-94575.0
72
1
10
50033.0
20
-94575.0
11
51000.0
21
-95140.0
72
1
10
51000.0
20
-95140.0
11
50970.0
21
-95191.0
72
1
10
50970.0
20
-95191.0
11
49977.0
21
-94612.0
97
0
92
0
93
6
72
1
10
50581.0
20
-112737.0
11
50546.0
21
-112717.0
72
1
10
50546.0
20
-112717.0
11
51126.0
21
-111723.0
72
1
10
51126.0
20
-111723.0
11
51161.0
21
-111743.0
72
1
10
51161.0
20
-111743.0
11
51178.0
21
-111753.0
72
1
10
51178.0
20
-111753.0
11
50598.0
21
-112747.0
72
1
10
50598.0
20
-112747.0
11
50581.0
21
-112737.0
97
0
92
0
93
6
72
1
10
50793.0
20
-109385.0
11
50808.0
21
-109359.0
72
1
10
50808.0
20
-109359.0
11
51151.0
21
-109559.0
72
1
10
51151.0
20
-109559.0
11
51136.0
21
-109585.0
72
1
10
51136.0
20
-109585.0
11
51120.0
21
-109611.0
72
1
10
51120.0
20
-109611.0
11
50777.0
21
-109411.0
72
1
10
50777.0
20
-109411.0
11
50793.0
21
-109385.0
97
0
92
0
93
4
72
1
10
49036.0
20
-106368.0
11
49066.0
21
-106317.0
72
1
10
49066.0
20
-106317.0
11
50319.0
21
-107048.0
72
1
10
50319.0
20
-107048.0
11
50289.0
21
-107100.0
72
1
10
50289.0
20
-107100.0
11
49036.0
21
-106368.0
97
0
92
0
93
9
72
1
10
50194.0
20
-111096.0
11
50198.0
21
-111088.0
72
1
10
50198.0
20
-111088.0
11
50216.0
21
-111058.0
72
1
10
50216.0
20
-111058.0
11
50224.0
21
-111044.0
72
1
10
50224.0
20
-111044.0
11
50228.0
21
-111037.0
72
1
10
50228.0
20
-111037.0
11
50273.0
21
-111063.0
72
1
10
50273.0
20
-111063.0
11
50268.0
21
-111070.0
72
1
10
50268.0
20
-111070.0
11
50243.0
21
-111114.0
72
1
10
50243.0
20
-111114.0
11
50238.0
21
-111122.0
72
1
10
50238.0
20
-111122.0
11
50194.0
21
-111096.0
97
0
92
0
93
11
72
1
10
49212.0
20
-108497.0
11
49243.0
21
-108445.0
72
1
10
49243.0
20
-108445.0
11
49489.0
21
-108589.0
72
1
10
49489.0
20
-108589.0
11
50049.0
21
-107631.0
72
1
10
50049.0
20
-107631.0
11
50100.0
21
-107661.0
72
1
10
50100.0
20
-107661.0
11
49541.0
21
-108620.0
72
1
10
49541.0
20
-108620.0
11
49541.0
21
-108620.0
72
1
10
49541.0
20
-108620.0
11
49944.0
21
-108855.0
72
1
10
49944.0
20
-108855.0
11
49929.0
21
-108881.0
72
1
10
49929.0
20
-108881.0
11
49914.0
21
-108907.0
72
1
10
49914.0
20
-108907.0
11
49485.0
21
-108656.0
72
1
10
49485.0
20
-108656.0
11
49212.0
21
-108497.0
97
0
92
0
93
4
72
1
10
49590.0
20
-114474.0
11
49538.0
21
-114443.0
72
1
10
49538.0
20
-114443.0
11
50042.0
21
-113580.0
72
1
10
50042.0
20
-113580.0
11
50094.0
21
-113610.0
72
1
10
50094.0
20
-113610.0
11
49590.0
21
-114474.0
97
0
92
0
93
26
72
1
10
44279.0
20
-107644.0
11
44309.0
21
-107592.0
72
1
10
44309.0
20
-107592.0
11
44309.0
21
-107592.0
72
1
10
44309.0
20
-107592.0
11
47198.0
21
-109279.0
72
1
10
47198.0
20
-109279.0
11
47372.0
21
-108981.0
72
1
10
47372.0
20
-108981.0
11
47424.0
21
-109011.0
72
1
10
47424.0
20
-109011.0
11
47250.0
21
-109309.0
72
1
10
47250.0
20
-109309.0
11
48919.0
21
-110283.0
72
1
10
48919.0
20
-110283.0
11
48920.0
21
-110282.0
72
1
10
48920.0
20
-110282.0
11
48926.0
21
-110282.0
72
1
10
48926.0
20
-110282.0
11
48927.0
21
-110282.0
72
1
10
48927.0
20
-110282.0
11
48933.0
21
-110283.0
72
1
10
48933.0
20
-110283.0
11
48935.0
21
-110283.0
72
1
10
48935.0
20
-110283.0
11
48941.0
21
-110285.0
72
1
10
48941.0
20
-110285.0
11
48943.0
21
-110286.0
72
1
10
48943.0
20
-110286.0
11
48945.0
21
-110287.0
72
1
10
48945.0
20
-110287.0
11
49365.0
21
-110532.0
72
1
10
49365.0
20
-110532.0
11
49360.0
21
-110540.0
72
1
10
49360.0
20
-110540.0
11
49334.0
21
-110584.0
72
1
10
49334.0
20
-110584.0
11
49330.0
21
-110592.0
72
1
10
49330.0
20
-110592.0
11
48936.0
21
-110362.0
72
1
10
48936.0
20
-110362.0
11
48321.0
21
-111417.0
72
1
10
48321.0
20
-111417.0
11
48312.0
21
-111412.0
72
1
10
48312.0
20
-111412.0
11
48269.0
21
-111386.0
72
1
10
48269.0
20
-111386.0
11
48260.0
21
-111381.0
72
1
10
48260.0
20
-111381.0
11
48875.0
21
-110328.0
72
1
10
48875.0
20
-110328.0
11
44279.0
21
-107644.0
97
0
92
0
93
14
72
1
10
44820.0
20
-103444.0
11
44811.0
21
-103436.0
72
1
10
44811.0
20
-103436.0
11
44806.0
21
-103426.0
72
1
10
44806.0
20
-103426.0
11
44806.0
21
-103414.0
72
1
10
44806.0
20
-103414.0
11
44809.0
21
-103403.0
72
1
10
44809.0
20
-103403.0
11
47935.0
21
-98049.0
72
1
10
47935.0
20
-98049.0
11
47961.0
21
-98064.0
72
1
10
47961.0
20
-98064.0
11
47976.0
21
-98038.0
72
1
10
47976.0
20
-98038.0
11
48970.0
21
-98618.0
72
1
10
48970.0
20
-98618.0
11
48939.0
21
-98670.0
72
1
10
48939.0
20
-98670.0
11
47972.0
21
-98105.0
72
1
10
47972.0
20
-98105.0
11
44876.0
21
-103408.0
72
1
10
44876.0
20
-103408.0
11
45844.0
21
-103972.0
72
1
10
45844.0
20
-103972.0
11
45813.0
21
-104024.0
72
1
10
45813.0
20
-104024.0
11
44820.0
21
-103444.0
97
0
92
0
93
10
72
1
10
47928.0
20
-108147.0
11
47876.0
21
-108117.0
72
1
10
47876.0
20
-108117.0
11
48065.0
21
-107793.0
72
1
10
48065.0
20
-107793.0
11
48065.0
21
-107793.0
72
1
10
48065.0
20
-107793.0
11
48640.0
21
-106809.0
72
1
10
48640.0
20
-106809.0
11
48691.0
21
-106839.0
72
1
10
48691.0
20
-106839.0
11
48132.0
21
-107797.0
72
1
10
48132.0
20
-107797.0
11
48379.0
21
-107941.0
72
1
10
48379.0
20
-107941.0
11
48349.0
21
-107993.0
72
1
10
48349.0
20
-107993.0
11
48102.0
21
-107849.0
72
1
10
48102.0
20
-107849.0
11
47928.0
21
-108147.0
97
0
92
0
93
8
72
1
10
47261.0
20
-113113.0
11
47252.0
21
-113108.0
72
1
10
47252.0
20
-113108.0
11
47756.0
21
-112245.0
72
1
10
47756.0
20
-112245.0
11
47765.0
21
-112250.0
72
1
10
47765.0
20
-112250.0
11
47808.0
21
-112275.0
72
1
10
47808.0
20
-112275.0
11
47816.0
21
-112280.0
72
1
10
47816.0
20
-112280.0
11
47312.0
21
-113144.0
72
1
10
47312.0
20
-113144.0
11
47272.0
21
-113120.0
72
1
10
47272.0
20
-113120.0
11
47261.0
21
-113113.0
97
0
92
0
93
14
72
1
10
41190.0
20
-109662.0
11
41181.0
21
-109654.0
72
1
10
41181.0
20
-109654.0
11
41176.0
21
-109644.0
72
1
10
41176.0
20
-109644.0
11
41176.0
21
-109632.0
72
1
10
41176.0
20
-109632.0
11
41179.0
21
-109621.0
72
1
10
41179.0
20
-109621.0
11
42779.0
21
-106882.0
72
1
10
42779.0
20
-106882.0
11
42805.0
21
-106897.0
72
1
10
42805.0
20
-106897.0
11
42820.0
21
-106871.0
72
1
10
42820.0
20
-106871.0
11
43813.0
21
-107451.0
72
1
10
43813.0
20
-107451.0
11
43783.0
21
-107502.0
72
1
10
43783.0
20
-107502.0
11
42815.0
21
-106938.0
72
1
10
42815.0
20
-106938.0
11
41246.0
21
-109625.0
72
1
10
41246.0
20
-109625.0
11
42213.0
21
-110190.0
72
1
10
42213.0
20
-110190.0
11
42183.0
21
-110242.0
72
1
10
42183.0
20
-110242.0
11
41190.0
21
-109662.0
97
0
92
0
93
14
72
1
10
31058.0
20
-40796.0
11
31071.0
21
-40737.0
72
1
10
31071.0
20
-40737.0
11
32164.0
21
-40978.0
72
1
10
32164.0
20
-40978.0
11
32880.0
21
-37729.0
72
1
10
32880.0
20
-37729.0
11
31786.0
21
-37488.0
72
1
10
31786.0
20
-37488.0
11
31799.0
21
-37429.0
72
1
10
31799.0
20
-37429.0
11
32922.0
21
-37676.0
72
1
10
32922.0
20
-37676.0
11
32933.0
21
-37681.0
72
1
10
32933.0
20
-37681.0
11
32941.0
21
-37690.0
72
1
10
32941.0
20
-37690.0
11
32945.0
21
-37701.0
72
1
10
32945.0
20
-37701.0
11
32945.0
21
-37712.0
72
1
10
32945.0
20
-37712.0
11
32217.0
21
-41020.0
72
1
10
32217.0
20
-41020.0
11
32187.0
21
-41014.0
72
1
10
32187.0
20
-41014.0
11
32181.0
21
-41043.0
72
1
10
32181.0
20
-41043.0
11
31058.0
21
-40796.0
97
0
92
0
93
14
72
1
10
29491.0
20
-47911.0
11
29504.0
21
-47853.0
72
1
10
29504.0
20
-47853.0
11
30598.0
21
-48093.0
72
1
10
30598.0
20
-48093.0
11
31313.0
21
-44844.0
72
1
10
31313.0
20
-44844.0
11
30220.0
21
-44603.0
72
1
10
30220.0
20
-44603.0
11
30232.0
21
-44545.0
72
1
10
30232.0
20
-44545.0
11
31356.0
21
-44792.0
72
1
10
31356.0
20
-44792.0
11
31366.0
21
-44796.0
72
1
10
31366.0
20
-44796.0
11
31374.0
21
-44805.0
72
1
10
31374.0
20
-44805.0
11
31379.0
21
-44816.0
72
1
10
31379.0
20
-44816.0
11
31378.0
21
-44828.0
72
1
10
31378.0
20
-44828.0
11
30650.0
21
-48136.0
72
1
10
30650.0
20
-48136.0
11
30621.0
21
-48129.0
72
1
10
30621.0
20
-48129.0
11
30614.0
21
-48158.0
72
1
10
30614.0
20
-48158.0
11
29491.0
21
-47911.0
97
0
92
0
93
29
72
1
10
26838.0
20
-36268.0
11
26840.0
21
-36258.0
72
1
10
26840.0
20
-36258.0
11
26844.0
21
-36238.0
72
1
10
26844.0
20
-36238.0
11
26851.0
21
-36209.0
72
1
10
26851.0
20
-36209.0
11
26853.0
21
-36199.0
72
1
10
26853.0
20
-36199.0
11
27199.0
21
-36276.0
72
1
10
27199.0
20
-36276.0
11
27202.0
21
-36276.0
72
1
10
27202.0
20
-36276.0
11
27204.0
21
-36277.0
72
1
10
27204.0
20
-36277.0
11
27210.0
21
-36279.0
72
1
10
27210.0
20
-36279.0
11
27211.0
21
-36280.0
72
1
10
27211.0
20
-36280.0
11
27216.0
21
-36284.0
72
1
10
27216.0
20
-36284.0
11
27218.0
21
-36285.0
72
1
10
27218.0
20
-36285.0
11
27222.0
21
-36289.0
72
1
10
27222.0
20
-36289.0
11
27223.0
21
-36291.0
72
1
10
27223.0
20
-36291.0
11
27223.0
21
-36291.0
72
1
10
27223.0
20
-36291.0
11
28526.0
21
-36578.0
72
1
10
28526.0
20
-36578.0
11
28608.0
21
-36206.0
72
1
10
28608.0
20
-36206.0
11
28666.0
21
-36219.0
72
1
10
28666.0
20
-36219.0
11
28584.0
21
-36591.0
72
1
10
28584.0
20
-36591.0
11
31338.0
21
-37197.0
72
1
10
31338.0
20
-37197.0
11
31325.0
21
-37256.0
72
1
10
31325.0
20
-37256.0
11
28542.0
21
-36643.0
72
1
10
28542.0
20
-36643.0
11
28513.0
21
-36636.0
72
1
10
28513.0
20
-36636.0
11
27223.0
21
-36352.0
72
1
10
27223.0
20
-36352.0
11
26946.0
21
-37613.0
72
1
10
26946.0
20
-37613.0
11
26936.0
21
-37611.0
72
1
10
26936.0
20
-37611.0
11
26887.0
21
-37600.0
72
1
10
26887.0
20
-37600.0
11
26878.0
21
-37598.0
72
1
10
26878.0
20
-37598.0
11
27155.0
21
-36337.0
72
1
10
27155.0
20
-36337.0
11
26838.0
21
-36268.0
97
0
92
0
93
23
72
1
10
26060.0
20
-39826.0
11
26055.0
21
-39825.0
72
1
10
26055.0
20
-39825.0
11
26060.0
21
-39806.0
72
1
10
26060.0
20
-39806.0
11
26068.0
21
-39767.0
72
1
10
26068.0
20
-39767.0
11
26385.0
21
-39836.0
72
1
10
26385.0
20
-39836.0
11
26663.0
21
-38574.0
72
1
10
26663.0
20
-38574.0
11
26672.0
21
-38576.0
72
1
10
26672.0
20
-38576.0
11
26721.0
21
-38587.0
72
1
10
26721.0
20
-38587.0
11
26731.0
21
-38589.0
72
1
10
26731.0
20
-38589.0
11
26453.0
21
-39852.0
72
1
10
26453.0
20
-39852.0
11
30555.0
21
-40755.0
72
1
10
30555.0
20
-40755.0
11
30542.0
21
-40813.0
72
1
10
30542.0
20
-40813.0
11
26427.0
21
-39907.0
72
1
10
26427.0
20
-39907.0
11
26427.0
21
-39907.0
72
1
10
26427.0
20
-39907.0
11
26425.0
21
-39908.0
72
1
10
26425.0
20
-39908.0
11
26419.0
21
-39910.0
72
1
10
26419.0
20
-39910.0
11
26417.0
21
-39911.0
72
1
10
26417.0
20
-39911.0
11
26412.0
21
-39912.0
72
1
10
26412.0
20
-39912.0
11
26410.0
21
-39912.0
72
1
10
26410.0
20
-39912.0
11
26404.0
21
-39912.0
72
1
10
26404.0
20
-39912.0
11
26402.0
21
-39912.0
72
1
10
26402.0
20
-39912.0
11
26403.0
21
-39902.0
72
1
10
26403.0
20
-39902.0
11
26401.0
21
-39902.0
72
1
10
26401.0
20
-39902.0
11
26060.0
21
-39826.0
97
0
92
0
93
10
72
1
10
28741.0
20
-34822.0
11
28753.0
21
-34763.0
72
1
10
28753.0
20
-34763.0
11
28917.0
21
-34799.0
72
1
10
28917.0
20
-34799.0
11
29171.0
21
-33646.0
72
1
10
29171.0
20
-33646.0
11
29229.0
21
-33658.0
72
1
10
29229.0
20
-33658.0
11
28969.0
21
-34841.0
72
1
10
28969.0
20
-34841.0
11
28969.0
21
-34841.0
72
1
10
28969.0
20
-34841.0
11
28881.0
21
-35242.0
72
1
10
28881.0
20
-35242.0
11
28822.0
21
-35229.0
72
1
10
28822.0
20
-35229.0
11
28904.0
21
-34858.0
72
1
10
28904.0
20
-34858.0
11
28741.0
21
-34822.0
97
0
92
0
93
10
72
1
10
25328.0
20
-47125.0
11
25341.0
21
-47067.0
72
1
10
25341.0
20
-47067.0
11
26176.0
21
-47251.0
72
1
10
26176.0
20
-47251.0
11
26258.0
21
-46879.0
72
1
10
26258.0
20
-46879.0
11
26316.0
21
-46892.0
72
1
10
26316.0
20
-46892.0
11
26234.0
21
-47264.0
72
1
10
26234.0
20
-47264.0
11
28988.0
21
-47870.0
72
1
10
28988.0
20
-47870.0
11
28975.0
21
-47928.0
72
1
10
28975.0
20
-47928.0
11
26192.0
21
-47316.0
72
1
10
26192.0
20
-47316.0
11
26163.0
21
-47309.0
72
1
10
26163.0
20
-47309.0
11
25328.0
21
-47125.0
97
0
92
0
93
11
72
1
10
27234.0
20
-34460.0
11
27240.0
21
-34430.0
72
1
10
27240.0
20
-34430.0
11
27555.0
21
-34500.0
72
1
10
27555.0
20
-34500.0
11
27808.0
21
-33346.0
72
1
10
27808.0
20
-33346.0
11
27838.0
21
-33352.0
72
1
10
27838.0
20
-33352.0
11
27867.0
21
-33359.0
72
1
10
27867.0
20
-33359.0
11
27613.0
21
-34512.0
72
1
10
27613.0
20
-34512.0
11
27777.0
21
-34548.0
72
1
10
27777.0
20
-34548.0
11
27764.0
21
-34607.0
72
1
10
27764.0
20
-34607.0
11
27571.0
21
-34565.0
72
1
10
27571.0
20
-34565.0
11
27227.0
21
-34489.0
72
1
10
27227.0
20
-34489.0
11
27234.0
21
-34460.0
97
0
92
0
93
9
72
1
10
26391.0
20
-45494.0
11
26404.0
21
-45436.0
72
1
10
26404.0
20
-45436.0
11
26567.0
21
-45472.0
72
1
10
26567.0
20
-45472.0
11
26821.0
21
-44318.0
72
1
10
26821.0
20
-44318.0
11
26880.0
21
-44331.0
72
1
10
26880.0
20
-44331.0
11
26620.0
21
-45514.0
72
1
10
26620.0
20
-45514.0
11
26531.0
21
-45915.0
72
1
10
26531.0
20
-45915.0
11
26473.0
21
-45902.0
72
1
10
26473.0
20
-45902.0
11
26554.0
21
-45530.0
72
1
10
26554.0
20
-45530.0
11
26391.0
21
-45494.0
97
0
92
0
93
5
72
1
10
26257.0
20
-34245.0
11
26250.0
21
-34274.0
72
1
10
26250.0
20
-34274.0
11
26004.0
21
-34220.0
72
1
10
26004.0
20
-34220.0
11
26016.0
21
-34161.0
72
1
10
26016.0
20
-34161.0
11
26263.0
21
-34215.0
72
1
10
26263.0
20
-34215.0
11
26257.0
21
-34245.0
97
0
92
0
93
12
72
1
10
25240.0
20
-30290.0
11
25247.0
21
-30261.0
72
1
10
25247.0
20
-30261.0
11
25696.0
21
-30360.0
72
1
10
25696.0
20
-30360.0
11
25696.0
21
-30360.0
72
1
10
25696.0
20
-30360.0
11
26028.0
21
-28854.0
72
1
10
26028.0
20
-28854.0
11
26086.0
21
-28867.0
72
1
10
26086.0
20
-28867.0
11
25755.0
21
-30373.0
72
1
10
25755.0
20
-30373.0
11
25748.0
21
-30402.0
72
1
10
25748.0
20
-30402.0
11
25696.0
21
-30642.0
72
1
10
25696.0
20
-30642.0
11
25637.0
21
-30629.0
72
1
10
25637.0
20
-30629.0
11
25683.0
21
-30418.0
72
1
10
25683.0
20
-30418.0
11
25234.0
21
-30319.0
72
1
10
25234.0
20
-30319.0
11
25240.0
21
-30290.0
97
0
92
0
93
10
72
1
10
25612.0
20
-35998.0
11
25614.0
21
-35988.0
72
1
10
25614.0
20
-35988.0
11
25625.0
21
-35939.0
72
1
10
25625.0
20
-35939.0
11
25625.0
21
-35939.0
72
1
10
25625.0
20
-35939.0
11
25627.0
21
-35929.0
72
1
10
25627.0
20
-35929.0
11
25876.0
21
-35984.0
72
1
10
25876.0
20
-35984.0
11
25874.0
21
-35994.0
72
1
10
25874.0
20
-35994.0
11
25868.0
21
-36023.0
72
1
10
25868.0
20
-36023.0
11
25863.0
21
-36043.0
72
1
10
25863.0
20
-36043.0
11
25861.0
21
-36053.0
72
1
10
25861.0
20
-36053.0
11
25612.0
21
-35998.0
97
0
92
0
93
10
72
1
10
25205.0
20
-45172.0
11
25459.0
21
-44018.0
72
1
10
25459.0
20
-44018.0
11
25518.0
21
-44031.0
72
1
10
25518.0
20
-44031.0
11
25264.0
21
-45185.0
72
1
10
25264.0
20
-45185.0
11
25427.0
21
-45221.0
72
1
10
25427.0
20
-45221.0
11
25414.0
21
-45279.0
72
1
10
25414.0
20
-45279.0
11
25221.0
21
-45237.0
72
1
10
25221.0
20
-45237.0
11
25221.0
21
-45237.0
72
1
10
25221.0
20
-45237.0
11
24877.0
21
-45161.0
72
1
10
24877.0
20
-45161.0
11
24890.0
21
-45103.0
72
1
10
24890.0
20
-45103.0
11
25205.0
21
-45172.0
97
0
92
0
93
4
72
1
10
25407.0
20
-31675.0
11
25422.0
21
-31606.0
72
1
10
25422.0
20
-31606.0
11
25481.0
21
-31618.0
72
1
10
25481.0
20
-31618.0
11
25465.0
21
-31687.0
72
1
10
25465.0
20
-31687.0
11
25407.0
21
-31675.0
97
0
92
0
93
4
72
1
10
25092.0
20
-39552.0
11
25079.0
21
-39610.0
72
1
10
25079.0
20
-39610.0
11
24829.0
21
-39555.0
72
1
10
24829.0
20
-39555.0
11
24842.0
21
-39497.0
72
1
10
24842.0
20
-39497.0
11
25092.0
21
-39552.0
97
0
92
0
93
4
72
1
10
23262.0
20
-46671.0
11
23275.0
21
-46612.0
72
1
10
23275.0
20
-46612.0
11
24364.0
21
-46852.0
72
1
10
24364.0
20
-46852.0
11
24351.0
21
-46910.0
72
1
10
24351.0
20
-46910.0
11
23262.0
21
-46671.0
97
0
92
0
93
11
72
1
10
23476.0
20
-29932.0
11
23489.0
21
-29874.0
72
1
10
23489.0
20
-29874.0
11
23763.0
21
-29934.0
72
1
10
23763.0
20
-29934.0
11
24017.0
21
-28780.0
72
1
10
24017.0
20
-28780.0
11
24075.0
21
-28793.0
72
1
10
24075.0
20
-28793.0
11
23821.0
21
-29947.0
72
1
10
23821.0
20
-29947.0
11
23821.0
21
-29947.0
72
1
10
23821.0
20
-29947.0
11
24270.0
21
-30046.0
72
1
10
24270.0
20
-30046.0
11
24257.0
21
-30104.0
72
1
10
24257.0
20
-30104.0
11
23779.0
21
-29999.0
72
1
10
23779.0
20
-29999.0
11
23779.0
21
-29999.0
72
1
10
23779.0
20
-29999.0
11
23476.0
21
-29932.0
97
0
92
0
93
5
72
1
10
23907.0
20
-44917.0
11
23901.0
21
-44946.0
72
1
10
23901.0
20
-44946.0
11
23654.0
21
-44892.0
72
1
10
23654.0
20
-44892.0
11
23667.0
21
-44833.0
72
1
10
23667.0
20
-44833.0
11
23914.0
21
-44888.0
72
1
10
23914.0
20
-44888.0
11
23907.0
21
-44917.0
97
0
92
0
93
4
72
1
10
22374.0
20
-35285.0
11
22387.0
21
-35226.0
72
1
10
22387.0
20
-35226.0
11
23476.0
21
-35466.0
72
1
10
23476.0
20
-35466.0
11
23464.0
21
-35525.0
72
1
10
23464.0
20
-35525.0
11
22374.0
21
-35285.0
97
0
92
0
93
5
72
1
10
22825.0
20
-37249.0
11
22831.0
21
-37220.0
72
1
10
22831.0
20
-37220.0
11
22838.0
21
-37191.0
72
1
10
22838.0
20
-37191.0
11
23085.0
21
-37245.0
72
1
10
23085.0
20
-37245.0
11
23072.0
21
-37304.0
72
1
10
23072.0
20
-37304.0
11
22825.0
21
-37249.0
97
0
92
0
93
39
72
1
10
18853.0
20
-41908.0
11
19298.0
21
-39887.0
72
1
10
19298.0
20
-39887.0
11
19303.0
21
-39876.0
72
1
10
19303.0
20
-39876.0
11
19311.0
21
-39868.0
72
1
10
19311.0
20
-39868.0
11
19322.0
21
-39864.0
72
1
10
19322.0
20
-39864.0
11
19334.0
21
-39864.0
72
1
10
19334.0
20
-39864.0
11
20867.0
21
-40202.0
72
1
10
20867.0
20
-40202.0
11
20867.0
21
-40202.0
72
1
10
20867.0
20
-40202.0
11
20897.0
21
-40208.0
72
1
10
20897.0
20
-40208.0
11
21971.0
21
-40445.0
72
1
10
21971.0
20
-40445.0
11
22430.0
21
-40546.0
72
1
10
22430.0
20
-40546.0
11
22734.0
21
-39166.0
72
1
10
22734.0
20
-39166.0
11
22792.0
21
-39179.0
72
1
10
22792.0
20
-39179.0
11
22482.0
21
-40588.0
72
1
10
22482.0
20
-40588.0
11
22476.0
21
-40617.0
72
1
10
22476.0
20
-40617.0
11
22030.0
21
-42639.0
72
1
10
22030.0
20
-42639.0
11
22030.0
21
-42639.0
72
1
10
22030.0
20
-42639.0
11
22030.0
21
-42639.0
72
1
10
22030.0
20
-42639.0
11
21674.0
21
-44258.0
72
1
10
21674.0
20
-44258.0
11
21247.0
21
-46196.0
72
1
10
21247.0
20
-46196.0
11
21159.0
21
-46597.0
72
1
10
21159.0
20
-46597.0
11
21100.0
21
-46584.0
72
1
10
21100.0
20
-46584.0
11
21182.0
21
-46213.0
72
1
10
21182.0
20
-46213.0
11
19180.0
21
-45772.0
72
1
10
19180.0
20
-45772.0
11
19193.0
21
-45713.0
72
1
10
19193.0
20
-45713.0
11
21195.0
21
-46154.0
72
1
10
21195.0
20
-46154.0
11
21641.0
21
-44128.0
72
1
10
21641.0
20
-44128.0
11
21965.0
21
-42655.0
72
1
10
21965.0
20
-42655.0
11
21940.0
21
-42650.0
72
1
10
21940.0
20
-42650.0
11
21506.0
21
-42554.0
72
1
10
21506.0
20
-42554.0
11
21506.0
21
-42554.0
72
1
10
21506.0
20
-42554.0
11
21477.0
21
-42548.0
72
1
10
21477.0
20
-42548.0
11
20432.0
21
-42317.0
72
1
10
20432.0
20
-42317.0
11
20432.0
21
-42317.0
72
1
10
20432.0
20
-42317.0
11
20403.0
21
-42311.0
72
1
10
20403.0
20
-42311.0
11
20403.0
21
-42311.0
72
1
10
20403.0
20
-42311.0
11
18870.0
21
-41973.0
72
1
10
18870.0
20
-41973.0
11
16184.0
21
-41382.0
72
1
10
16184.0
20
-41382.0
11
16197.0
21
-41324.0
72
1
10
16197.0
20
-41324.0
11
18853.0
21
-41908.0
97
0
92
0
93
4
72
1
10
18912.0
20
-41921.0
11
20416.0
21
-42252.0
72
1
10
20416.0
20
-42252.0
11
20854.0
21
-40260.0
72
1
10
20854.0
20
-40260.0
11
19350.0
21
-39929.0
72
1
10
19350.0
20
-39929.0
11
18912.0
21
-41921.0
97
0
92
0
93
4
72
1
10
20474.0
20
-42265.0
11
21490.0
21
-42489.0
72
1
10
21490.0
20
-42489.0
11
21929.0
21
-40497.0
72
1
10
21929.0
20
-40497.0
11
20913.0
21
-40273.0
72
1
10
20913.0
20
-40273.0
11
20474.0
21
-42265.0
97
0
92
0
93
6
72
1
10
21549.0
20
-42502.0
11
21912.0
21
-42582.0
72
1
10
21912.0
20
-42582.0
11
21978.0
21
-42596.0
72
1
10
21978.0
20
-42596.0
11
22209.0
21
-41551.0
72
1
10
22209.0
20
-41551.0
11
22417.0
21
-40604.0
72
1
10
22417.0
20
-40604.0
11
21987.0
21
-40510.0
72
1
10
21987.0
20
-40510.0
11
21549.0
21
-42502.0
97
0
92
0
93
9
72
1
10
22144.0
20
-30029.0
11
22086.0
21
-30016.0
72
1
10
22086.0
20
-30016.0
11
22174.0
21
-29615.0
72
1
10
22174.0
20
-29615.0
11
22435.0
21
-28432.0
72
1
10
22435.0
20
-28432.0
11
22493.0
21
-28445.0
72
1
10
22493.0
20
-28445.0
11
22239.0
21
-29599.0
72
1
10
22239.0
20
-29599.0
11
22513.0
21
-29659.0
72
1
10
22513.0
20
-29659.0
11
22500.0
21
-29717.0
72
1
10
22500.0
20
-29717.0
11
22226.0
21
-29657.0
72
1
10
22226.0
20
-29657.0
11
22144.0
21
-30029.0
97
0
92
0
93
4
72
1
10
21863.0
20
-31309.0
11
21804.0
21
-31296.0
72
1
10
21804.0
20
-31296.0
11
21871.0
21
-30993.0
72
1
10
21871.0
20
-30993.0
11
21929.0
21
-31005.0
72
1
10
21929.0
20
-31005.0
11
21863.0
21
-31309.0
97
0
92
0
93
10
72
1
10
21312.0
20
-36916.0
11
21324.0
21
-36857.0
72
1
10
21324.0
20
-36857.0
11
21517.0
21
-36900.0
72
1
10
21517.0
20
-36900.0
11
21861.0
21
-36976.0
72
1
10
21861.0
20
-36976.0
11
21855.0
21
-37005.0
72
1
10
21855.0
20
-37005.0
11
21848.0
21
-37034.0
72
1
10
21848.0
20
-37034.0
11
21534.0
21
-36965.0
72
1
10
21534.0
20
-36965.0
11
21280.0
21
-38119.0
72
1
10
21280.0
20
-38119.0
11
21221.0
21
-38106.0
72
1
10
21221.0
20
-38106.0
11
21475.0
21
-36952.0
72
1
10
21475.0
20
-36952.0
11
21312.0
21
-36916.0
97
0
92
0
93
10
72
1
10
17750.0
20
-34267.0
11
17763.0
21
-34208.0
72
1
10
17763.0
20
-34208.0
11
20547.0
21
-34821.0
72
1
10
20547.0
20
-34821.0
11
20576.0
21
-34827.0
72
1
10
20576.0
20
-34827.0
11
21411.0
21
-35011.0
72
1
10
21411.0
20
-35011.0
11
21398.0
21
-35070.0
72
1
10
21398.0
20
-35070.0
11
20563.0
21
-34886.0
72
1
10
20563.0
20
-34886.0
11
20481.0
21
-35258.0
72
1
10
20481.0
20
-35258.0
11
20423.0
21
-35245.0
72
1
10
20423.0
20
-35245.0
11
20504.0
21
-34873.0
72
1
10
20504.0
20
-34873.0
11
17750.0
21
-34267.0
97
0
92
0
93
4
72
1
10
21258.0
20
-50518.0
11
21273.0
21
-50449.0
72
1
10
21273.0
20
-50449.0
11
21332.0
21
-50462.0
72
1
10
21332.0
20
-50462.0
11
21317.0
21
-50531.0
72
1
10
21317.0
20
-50531.0
11
21258.0
21
-50518.0
97
0
92
0
93
10
72
1
10
20652.0
20
-53270.0
11
20984.0
21
-51764.0
72
1
10
20984.0
20
-51764.0
11
20534.0
21
-51665.0
72
1
10
20534.0
20
-51665.0
11
20547.0
21
-51607.0
72
1
10
20547.0
20
-51607.0
11
20997.0
21
-51706.0
72
1
10
20997.0
20
-51706.0
11
21043.0
21
-51495.0
72
1
10
21043.0
20
-51495.0
11
21102.0
21
-51508.0
72
1
10
21102.0
20
-51508.0
11
21049.0
21
-51748.0
72
1
10
21049.0
20
-51748.0
11
21042.0
21
-51777.0
72
1
10
21042.0
20
-51777.0
11
20711.0
21
-53282.0
72
1
10
20711.0
20
-53282.0
11
20652.0
21
-53270.0
97
0
92
0
93
4
72
1
10
19838.0
20
-38457.0
11
19851.0
21
-38398.0
72
1
10
19851.0
20
-38398.0
11
21038.0
21
-38659.0
72
1
10
21038.0
20
-38659.0
11
21025.0
21
-38718.0
72
1
10
21025.0
20
-38718.0
11
19838.0
21
-38457.0
97
0
92
0
93
4
72
1
10
20248.0
20
-47872.0
11
20261.0
21
-47814.0
72
1
10
20261.0
20
-47814.0
11
20735.0
21
-47918.0
72
1
10
20735.0
20
-47918.0
11
20722.0
21
-47976.0
72
1
10
20722.0
20
-47976.0
11
20248.0
21
-47872.0
97
0
92
0
93
9
72
1
10
19859.0
20
-37806.0
11
20119.0
21
-36623.0
72
1
10
20119.0
20
-36623.0
11
20207.0
21
-36222.0
72
1
10
20207.0
20
-36222.0
11
20266.0
21
-36235.0
72
1
10
20266.0
20
-36235.0
11
20184.0
21
-36606.0
72
1
10
20184.0
20
-36606.0
11
20348.0
21
-36642.0
72
1
10
20348.0
20
-36642.0
11
20335.0
21
-36701.0
72
1
10
20335.0
20
-36701.0
11
20171.0
21
-36665.0
72
1
10
20171.0
20
-36665.0
11
19917.0
21
-37819.0
72
1
10
19917.0
20
-37819.0
11
19859.0
21
-37806.0
97
0
92
0
93
8
72
1
10
18777.0
20
-51278.0
11
18790.0
21
-51220.0
72
1
10
18790.0
20
-51220.0
11
19571.0
21
-51392.0
72
1
10
19571.0
20
-51392.0
11
19558.0
21
-51450.0
72
1
10
19558.0
20
-51450.0
11
19109.0
21
-51351.0
72
1
10
19109.0
20
-51351.0
11
18855.0
21
-52505.0
72
1
10
18855.0
20
-52505.0
11
18796.0
21
-52492.0
72
1
10
18796.0
20
-52492.0
11
19050.0
21
-51338.0
72
1
10
19050.0
20
-51338.0
11
18777.0
21
-51278.0
97
0
92
0
93
9
72
1
10
18589.0
20
-47897.0
11
18678.0
21
-47496.0
72
1
10
18678.0
20
-47496.0
11
18938.0
21
-46313.0
72
1
10
18938.0
20
-46313.0
11
18997.0
21
-46325.0
72
1
10
18997.0
20
-46325.0
11
18743.0
21
-47479.0
72
1
10
18743.0
20
-47479.0
11
19285.0
21
-47599.0
72
1
10
19285.0
20
-47599.0
11
19272.0
21
-47657.0
72
1
10
19272.0
20
-47657.0
11
18730.0
21
-47538.0
72
1
10
18730.0
20
-47538.0
11
18648.0
21
-47910.0
72
1
10
18648.0
20
-47910.0
11
18589.0
21
-47897.0
97
0
92
0
93
14
72
1
10
16950.0
20
-30230.0
11
16939.0
21
-30225.0
72
1
10
16939.0
20
-30225.0
11
16931.0
21
-30217.0
72
1
10
16931.0
20
-30217.0
11
16927.0
21
-30206.0
72
1
10
16927.0
20
-30206.0
11
16927.0
21
-30194.0
72
1
10
16927.0
20
-30194.0
11
17640.0
21
-26956.0
72
1
10
17640.0
20
-26956.0
11
17669.0
21
-26963.0
72
1
10
17669.0
20
-26963.0
11
17675.0
21
-26934.0
72
1
10
17675.0
20
-26934.0
11
18798.0
21
-27181.0
72
1
10
18798.0
20
-27181.0
11
18786.0
21
-27239.0
72
1
10
18786.0
20
-27239.0
11
17692.0
21
-26999.0
72
1
10
17692.0
20
-26999.0
11
16992.0
21
-30178.0
72
1
10
16992.0
20
-30178.0
11
18086.0
21
-30418.0
72
1
10
18086.0
20
-30418.0
11
18073.0
21
-30477.0
72
1
10
18073.0
20
-30477.0
11
16950.0
21
-30230.0
97
0
92
0
93
4
72
1
10
18308.0
20
-49177.0
11
18374.0
21
-48873.0
72
1
10
18374.0
20
-48873.0
11
18433.0
21
-48886.0
72
1
10
18433.0
20
-48886.0
11
18366.0
21
-49190.0
72
1
10
18366.0
20
-49190.0
11
18308.0
21
-49177.0
97
0
92
0
93
14
72
1
10
16166.0
20
-33787.0
11
16156.0
21
-33783.0
72
1
10
16156.0
20
-33783.0
11
16148.0
21
-33774.0
72
1
10
16148.0
20
-33774.0
11
16143.0
21
-33763.0
72
1
10
16143.0
20
-33763.0
11
16144.0
21
-33752.0
72
1
10
16144.0
20
-33752.0
11
16872.0
21
-30443.0
72
1
10
16872.0
20
-30443.0
11
16901.0
21
-30450.0
72
1
10
16901.0
20
-30450.0
11
16908.0
21
-30421.0
72
1
10
16908.0
20
-30421.0
11
18031.0
21
-30668.0
72
1
10
18031.0
20
-30668.0
11
18018.0
21
-30726.0
72
1
10
18018.0
20
-30726.0
11
16924.0
21
-30486.0
72
1
10
16924.0
20
-30486.0
11
16209.0
21
-33735.0
72
1
10
16209.0
20
-33735.0
11
17302.0
21
-33976.0
72
1
10
17302.0
20
-33976.0
11
17290.0
21
-34035.0
72
1
10
17290.0
20
-34035.0
11
16166.0
21
-33787.0
97
0
92
0
93
4
72
1
10
17836.0
20
-49596.0
11
17778.0
21
-49583.0
72
1
10
17778.0
20
-49583.0
11
17845.0
21
-49280.0
72
1
10
17845.0
20
-49280.0
11
17903.0
21
-49293.0
72
1
10
17903.0
20
-49293.0
11
17836.0
21
-49596.0
97
0
92
0
93
8
72
1
10
17214.0
20
-52144.0
11
17563.0
21
-50560.0
72
1
10
17563.0
20
-50560.0
11
17621.0
21
-50573.0
72
1
10
17621.0
20
-50573.0
11
17540.0
21
-50944.0
72
1
10
17540.0
20
-50944.0
11
17813.0
21
-51005.0
72
1
10
17813.0
20
-51005.0
11
17800.0
21
-51063.0
72
1
10
17800.0
20
-51063.0
11
17527.0
21
-51003.0
72
1
10
17527.0
20
-51003.0
11
17273.0
21
-52157.0
72
1
10
17273.0
20
-52157.0
11
17214.0
21
-52144.0
97
0
92
0
93
14
72
1
10
13875.0
20
-44194.0
11
13864.0
21
-44190.0
72
1
10
13864.0
20
-44190.0
11
13856.0
21
-44181.0
72
1
10
13856.0
20
-44181.0
11
13852.0
21
-44170.0
72
1
10
13852.0
20
-44170.0
11
13852.0
21
-44159.0
72
1
10
13852.0
20
-44159.0
11
15247.0
21
-37825.0
72
1
10
15247.0
20
-37825.0
11
15276.0
21
-37831.0
72
1
10
15276.0
20
-37831.0
11
15283.0
21
-37802.0
72
1
10
15283.0
20
-37802.0
11
16406.0
21
-38049.0
72
1
10
16406.0
20
-38049.0
11
16393.0
21
-38108.0
72
1
10
16393.0
20
-38108.0
11
15299.0
21
-37867.0
72
1
10
15299.0
20
-37867.0
11
13917.0
21
-44142.0
72
1
10
13917.0
20
-44142.0
11
15011.0
21
-44383.0
72
1
10
15011.0
20
-44383.0
11
14998.0
21
-44442.0
72
1
10
14998.0
20
-44442.0
11
13875.0
21
-44194.0
97
0
92
0
93
14
72
1
10
13033.0
20
-48018.0
11
13023.0
21
-48013.0
72
1
10
13023.0
20
-48013.0
11
13015.0
21
-48005.0
72
1
10
13015.0
20
-48005.0
11
13010.0
21
-47994.0
72
1
10
13010.0
20
-47994.0
11
13011.0
21
-47982.0
72
1
10
13011.0
20
-47982.0
11
13739.0
21
-44674.0
72
1
10
13739.0
20
-44674.0
11
13768.0
21
-44681.0
72
1
10
13768.0
20
-44681.0
11
13775.0
21
-44651.0
72
1
10
13775.0
20
-44651.0
11
14898.0
21
-44899.0
72
1
10
14898.0
20
-44899.0
11
14885.0
21
-44957.0
72
1
10
14885.0
20
-44957.0
11
13791.0
21
-44716.0
72
1
10
13791.0
20
-44716.0
11
13076.0
21
-47966.0
72
1
10
13076.0
20
-47966.0
11
14169.0
21
-48207.0
72
1
10
14169.0
20
-48207.0
11
14157.0
21
-48265.0
72
1
10
14157.0
20
-48265.0
11
13033.0
21
-48018.0
97
0
92
0
93
14
72
1
10
12266.0
20
-51505.0
11
12255.0
21
-51500.0
72
1
10
12255.0
20
-51500.0
11
12247.0
21
-51492.0
72
1
10
12247.0
20
-51492.0
11
12243.0
21
-51481.0
72
1
10
12243.0
20
-51481.0
11
12243.0
21
-51469.0
72
1
10
12243.0
20
-51469.0
11
12956.0
21
-48232.0
72
1
10
12956.0
20
-48232.0
11
12985.0
21
-48238.0
72
1
10
12985.0
20
-48238.0
11
12991.0
21
-48209.0
72
1
10
12991.0
20
-48209.0
11
14114.0
21
-48456.0
72
1
10
14114.0
20
-48456.0
11
14102.0
21
-48515.0
72
1
10
14102.0
20
-48515.0
11
13008.0
21
-48274.0
72
1
10
13008.0
20
-48274.0
11
12308.0
21
-51453.0
72
1
10
12308.0
20
-51453.0
11
13402.0
21
-51694.0
72
1
10
13402.0
20
-51694.0
11
13389.0
21
-51752.0
72
1
10
13389.0
20
-51752.0
11
12266.0
21
-51505.0
97
0
75
0
76
1
98
0
0
LINE
5
256f
100
AcDbEntity
8
Room Walls
6
Solid
370
9
62
47
100
AcDbLine
10
120136.0
20
-99969.0
30
0.0
11
120144.0
21
-99961.0
31
0.0
0
LINE
5
2571
100
AcDbEntity
8
Room Walls
6
Solid
370
9
62
47
100
AcDbLine
10
120144.0
20
-99961.0
30
0.0
11
120154.0
21
-99956.0
31
0.0
0
LINE
5
2573
100
AcDbEntity
8
Room Walls
6
Solid
370
9
62
47
100
AcDbLine
10
120154.0
20
-99956.0
30
0.0
11
120166.0
21
-99955.0
31
0.0
0
LINE
5
2575
100
AcDbEntity
8
Room Walls
6
Solid
370
9
62
47
100
AcDbLine
10
120166.0
20
-99955.0
30
0.0
11
120177.0
21
-99959.0
31
0.0
0
LINE
5
2577
100
AcDbEntity
8
Room Walls
6
Solid
370
9
62
47
100
AcDbLine
10
120177.0
20
-99959.0
30
0.0
11
123040.0
21
-101630.0
31
0.0
0
LINE
5
2579
100
AcDbEntity
8
Room Walls
6
Solid
370
9
62
47
100
AcDbLine
10
123040.0
20
-101630.0
30
0.0
11
123025.0
21
-101656.0
31
0.0
0
LINE
5
257b
100
AcDbEntity
8
Room Walls
6
Solid
370
9
62
47
100
AcDbLine
10
123025.0
20
-101656.0
30
0.0
11
123051.0
21
-101671.0
31
0.0
0
LINE
5
257d
100
AcDbEntity
8
Room Walls
6
Solid
370
9
62
47
100
AcDbLine
10
123051.0
20
-101671.0
30
0.0
11
122471.0
21
-102664.0
31
0.0
0
LINE
5
257f
100
AcDbEntity
8
Room Walls
6
Solid
370
9
62
47
100
AcDbLine
10
122471.0
20
-102664.0
30
0.0
11
122419.0
21
-102634.0
31
0.0
0
LINE
5
2581
100
AcDbEntity
8
Room Walls
6
Solid
370
9
62
47
100
AcDbLine
10
122419.0
20
-102634.0
30
0.0
11
122984.0
21
-101667.0
31
0.0
0
LINE
5
2583
100
AcDbEntity
8
Room Walls
6
Solid
370
9
62
47
100
AcDbLine
10
122984.0
20
-101667.0
30
0.0
11
120173.0
21
-100026.0
31
0.0
0
LINE
5
2585
100
AcDbEntity
8
Room Walls
6
Solid
370
9
62
47
100
AcDbLine
10
120173.0
20
-100026.0
30
0.0
11
119608.0
21
-100993.0
31
0.0
0
LINE
5
2587
100
AcDbEntity
8
Room Walls
6
Solid
370
9
62
47
100
AcDbLine
10
119608.0
20
-100993.0
30
0.0
11
119556.0
21
-100963.0
31
0.0
0
LINE
5
2589
100
AcDbEntity
8
Room Walls
6
Solid
370
9
62
47
100
AcDbLine
10
119556.0
20
-100963.0
30
0.0
11
120136.0
21
-99969.0
31
0.0
0
LINE
5
258b
100
AcDbEntity
8
Room Walls
6
Solid
370
9
62
47
100
AcDbLine
10
117042.0
20
-108689.0
30
0.0
11
117016.0
21
-108674.0
31
0.0
0
LINE
5
258d
100
AcDbEntity
8
Room Walls
6
Solid
370
9
62
47
100
AcDbLine
10
117016.0
20
-108674.0
30
0.0
11
117248.0
21
-108276.0
31
0.0
0
LINE
5
258f
100
AcDbEntity
8
Room Walls
6
Solid
370
9
62
47
100
AcDbLine
10
117248.0
20
-108276.0
30
0.0
11
117061.0
21
-108167.0
31
0.0
0
LINE
5
2591
100
AcDbEntity
8
Room Walls
6
Solid
370
9
62
47
100
AcDbLine
10
117061.0
20
-108167.0
30
0.0
11
117092.0
21
-108116.0
31
0.0
0
LINE
5
2593
100
AcDbEntity
8
Room Walls
6
Solid
370
9
62
47
100
AcDbLine
10
117092.0
20
-108116.0
30
0.0
11
117304.0
21
-108240.0
31
0.0
0
POINT
5
2595
100
AcDbEntity
8
Room Walls
6
Solid
370
9
62
47
100
AcDbPoint
10
117304.0
20
-108240.0
30
0.0
0
LINE
5
2597
100
AcDbEntity
8
Room Walls
6
Solid
370
9
62
47
100
AcDbLine
10
117304.0
20
-108240.0
30
0.0
11
117330.0
21
-108255.0
31
0.0
0
LINE
5
2599
100
AcDbEntity
8
Room Walls
6
Solid
370
9
62
47
100
AcDbLine
10
117330.0
20
-108255.0
30
0.0
11
118661.0
21
-109032.0
31
0.0
0
LINE
5
259b
100
AcDbEntity
8
Room Walls
6
Solid
370
9
62
47
100
AcDbLine
10
118661.0
20
-109032.0
30
0.0
11
118631.0
21
-109084.0
31
0.0
0
LINE
5
259d
100
AcDbEntity
8
Room Walls
6
Solid
370
9
62
47
100
AcDbLine
10
118631.0
20
-109084.0
30
0.0
11
117299.0
21
-108306.0
31
0.0
0
LINE
5
259f
100
AcDbEntity
8
Room Walls
6
Solid
370
9
62
47
100
AcDbLine
10
117299.0
20
-108306.0
30
0.0
11
117067.0
21
-108704.0
31
0.0
0
LINE
5
25a1
100
AcDbEntity
8
Room Walls
6
Solid
370
9
62
47
100
AcDbLine
10
117067.0
20
-108704.0
30
0.0
11
117042.0
21
-108689.0
31
0.0
0
LINE
5
25a3
100
AcDbEntity
8
Room Walls
6
Solid
370
9
62
47
100
AcDbLine
10
116108.0
20
-110228.0
30
0.0
11
116265.0
21
-109960.0
31
0.0
0
LINE
5
25a5
100
AcDbEntity
8
Room Walls
6
Solid
370
9
62
47
100
AcDbLine
10
116265.0
20
-109960.0
30
0.0
11
116511.0
21
-109537.0
31
0.0
0
LINE
5
25a7
100
AcDbEntity
8
Room Walls
6
Solid
370
9
62
47
100
AcDbLine
10
116511.0
20
-109537.0
30
0.0
11
116537.0
21
-109552.0
31
0.0
0
LINE
5
25a9
100
AcDbEntity
8
Room Walls
6
Solid
370
9
62
47
100
AcDbLine
10
116537.0
20
-109552.0
30
0.0
11
116563.0
21
-109568.0
31
0.0
0
LINE
5
25ab
100
AcDbEntity
8
Room Walls
6
Solid
370
9
62
47
100
AcDbLine
10
116563.0
20
-109568.0
30
0.0
11
116331.0
21
-109965.0
31
0.0
0
POINT
5
25ad
100
AcDbEntity
8
Room Walls
6
Solid
370
9
62
47
100
AcDbPoint
10
116331.0
20
-109965.0
30
0.0
0
LINE
5
25af
100
AcDbEntity
8
Room Walls
6
Solid
370
9
62
47
100
AcDbLine
10
116331.0
20
-109965.0
30
0.0
11
117352.0
21
-110560.0
31
0.0
0
LINE
5
25b1
100
AcDbEntity
8
Room Walls
6
Solid
370
9
62
47
100
AcDbLine
10
117352.0
20
-110560.0
30
0.0
11
117321.0
21
-110612.0
31
0.0
0
LINE
5
25b3
100
AcDbEntity
8
Room Walls
6
Solid
370
9
62
47
100
AcDbLine
10
117321.0
20
-110612.0
30
0.0
11
116301.0
21
-110016.0
31
0.0
0
LINE
5
25b5
100
AcDbEntity
8
Room Walls
6
Solid
370
9
62
47
100
AcDbLine
10
116301.0
20
-110016.0
30
0.0
11
116160.0
21
-110258.0
31
0.0
0
LINE
5
25b7
100
AcDbEntity
8
Room Walls
6
Solid
370
9
62
47
100
AcDbLine
10
116160.0
20
-110258.0
30
0.0
11
116108.0
21
-110228.0
31
0.0
0
LINE
5
25b9
100
AcDbEntity
8
Room Walls
6
Solid
370
9
62
47
100
AcDbLine
10
113844.0
20
-96296.0
30
0.0
11
113852.0
21
-96287.0
31
0.0
0
LINE
5
25bb
100
AcDbEntity
8
Room Walls
6
Solid
370
9
62
47
100
AcDbLine
10
113852.0
20
-96287.0
30
0.0
11
113863.0
21
-96282.0
31
0.0
0
LINE
5
25bd
100
AcDbEntity
8
Room Walls
6
Solid
370
9
62
47
100
AcDbLine
10
113863.0
20
-96282.0
30
0.0
11
113874.0
21
-96282.0
31
0.0
0
LINE
5
25bf
100
AcDbEntity
8
Room Walls
6
Solid
370
9
62
47
100
AcDbLine
10
113874.0
20
-96282.0
30
0.0
11
113885.0
21
-96285.0
31
0.0
0
LINE
5
25c1
100
AcDbEntity
8
Room Walls
6
Solid
370
9
62
47
100
AcDbLine
10
113885.0
20
-96285.0
30
0.0
11
116811.0
21
-97993.0
31
0.0
0
LINE
5
25c3
100
AcDbEntity
8
Room Walls
6
Solid
370
9
62
47
100
AcDbLine
10
116811.0
20
-97993.0
30
0.0
11
116795.0
21
-98019.0
31
0.0
0
LINE
5
25c5
100
AcDbEntity
8
Room Walls
6
Solid
370
9
62
47
100
AcDbLine
10
116795.0
20
-98019.0
30
0.0
11
116821.0
21
-98034.0
31
0.0
0
LINE
5
25c7
100
AcDbEntity
8
Room Walls
6
Solid
370
9
62
47
100
AcDbLine
10
116821.0
20
-98034.0
30
0.0
11
116242.0
21
-99027.0
31
0.0
0
LINE
5
25c9
100
AcDbEntity
8
Room Walls
6
Solid
370
9
62
47
100
AcDbLine
10
116242.0
20
-99027.0
30
0.0
11
116190.0
21
-98997.0
31
0.0
0
LINE
5
25cb
100
AcDbEntity
8
Room Walls
6
Solid
370
9
62
47
100
AcDbLine
10
116190.0
20
-98997.0
30
0.0
11
116754.0
21
-98030.0
31
0.0
0
LINE
5
25cd
100
AcDbEntity
8
Room Walls
6
Solid
370
9
62
47
100
AcDbLine
10
116754.0
20
-98030.0
30
0.0
11
113881.0
21
-96352.0
31
0.0
0
LINE
5
25cf
100
AcDbEntity
8
Room Walls
6
Solid
370
9
62
47
100
AcDbLine
10
113881.0
20
-96352.0
30
0.0
11
113316.0
21
-97319.0
31
0.0
0
LINE
5
25d1
100
AcDbEntity
8
Room Walls
6
Solid
370
9
62
47
100
AcDbLine
10
113316.0
20
-97319.0
30
0.0
11
113264.0
21
-97289.0
31
0.0
0
LINE
5
25d3
100
AcDbEntity
8
Room Walls
6
Solid
370
9
62
47
100
AcDbLine
10
113264.0
20
-97289.0
30
0.0
11
113844.0
21
-96296.0
31
0.0
0
LINE
5
25d5
100
AcDbEntity
8
Room Walls
6
Solid
370
9
62
47
100
AcDbLine
10
115459.0
20
-111400.0
30
0.0
11
115104.0
21
-111193.0
31
0.0
0
LINE
5
25d7
100
AcDbEntity
8
Room Walls
6
Solid
370
9
62
47
100
AcDbLine
10
115104.0
20
-111193.0
30
0.0
11
115134.0
21
-111141.0
31
0.0
0
LINE
5
25d9
100
AcDbEntity
8
Room Walls
6
Solid
370
9
62
47
100
AcDbLine
10
115134.0
20
-111141.0
30
0.0
11
115463.0
21
-111333.0
31
0.0
0
LINE
5
25db
100
AcDbEntity
8
Room Walls
6
Solid
370
9
62
47
100
AcDbLine
10
115463.0
20
-111333.0
30
0.0
11
115604.0
21
-111092.0
31
0.0
0
LINE
5
25dd
100
AcDbEntity
8
Room Walls
6
Solid
370
9
62
47
100
AcDbLine
10
115604.0
20
-111092.0
30
0.0
11
115656.0
21
-111122.0
31
0.0
0
LINE
5
25df
100
AcDbEntity
8
Room Walls
6
Solid
370
9
62
47
100
AcDbLine
10
115656.0
20
-111122.0
30
0.0
11
115515.0
21
-111364.0
31
0.0
0
LINE
5
25e1
100
AcDbEntity
8
Room Walls
6
Solid
370
9
62
47
100
AcDbLine
10
115515.0
20
-111364.0
30
0.0
11
116535.0
21
-111959.0
31
0.0
0
LINE
5
25e3
100
AcDbEntity
8
Room Walls
6
Solid
370
9
62
47
100
AcDbLine
10
116535.0
20
-111959.0
30
0.0
11
116505.0
21
-112011.0
31
0.0
0
LINE
5
25e5
100
AcDbEntity
8
Room Walls
6
Solid
370
9
62
47
100
AcDbLine
10
116505.0
20
-112011.0
30
0.0
11
115459.0
21
-111400.0
31
0.0
0
LINE
5
25e7
100
AcDbEntity
8
Room Walls
6
Solid
370
9
62
47
100
AcDbLine
10
116137.0
20
-107628.0
30
0.0
11
116167.0
21
-107576.0
31
0.0
0
LINE
5
25e9
100
AcDbEntity
8
Room Walls
6
Solid
370
9
62
47
100
AcDbLine
10
116167.0
20
-107576.0
30
0.0
11
116228.0
21
-107611.0
31
0.0
0
LINE
5
25eb
100
AcDbEntity
8
Room Walls
6
Solid
370
9
62
47
100
AcDbLine
10
116228.0
20
-107611.0
30
0.0
11
116198.0
21
-107663.0
31
0.0
0
LINE
5
25ed
100
AcDbEntity
8
Room Walls
6
Solid
370
9
62
47
100
AcDbLine
10
116198.0
20
-107663.0
30
0.0
11
116137.0
21
-107628.0
31
0.0
0
LINE
5
25ef
100
AcDbEntity
8
Room Walls
6
Solid
370
9
62
47
100
AcDbLine
10
114165.0
20
-102719.0
30
0.0
11
114596.0
21
-101980.0
31
0.0
0
LINE
5
25f1
100
AcDbEntity
8
Room Walls
6
Solid
370
9
62
47
100
AcDbLine
10
114596.0
20
-101980.0
30
0.0
11
114267.0
21
-101788.0
31
0.0
0
LINE
5
25f3
100
AcDbEntity
8
Room Walls
6
Solid
370
9
62
47
100
AcDbLine
10
114267.0
20
-101788.0
30
0.0
11
114297.0
21
-101737.0
31
0.0
0
LINE
5
25f5
100
AcDbEntity
8
Room Walls
6
Solid
370
9
62
47
100
AcDbLine
10
114297.0
20
-101737.0
30
0.0
11
114626.0
21
-101929.0
31
0.0
0
LINE
5
25f7
100
AcDbEntity
8
Room Walls
6
Solid
370
9
62
47
100
AcDbLine
10
114626.0
20
-101929.0
30
0.0
11
116048.0
21
-99493.0
31
0.0
0
LINE
5
25f9
100
AcDbEntity
8
Room Walls
6
Solid
370
9
62
47
100
AcDbLine
10
116048.0
20
-99493.0
30
0.0
11
116100.0
21
-99524.0
31
0.0
0
LINE
5
25fb
100
AcDbEntity
8
Room Walls
6
Solid
370
9
62
47
100
AcDbLine
10
116100.0
20
-99524.0
30
0.0
11
114663.0
21
-101985.0
31
0.0
0
POINT
5
25fd
100
AcDbEntity
8
Room Walls
6
Solid
370
9
62
47
100
AcDbPoint
10
114663.0
20
-101985.0
30
0.0
0
LINE
5
25ff
100
AcDbEntity
8
Room Walls
6
Solid
370
9
62
47
100
AcDbLine
10
114663.0
20
-101985.0
30
0.0
11
114648.0
21
-102011.0
31
0.0
0
LINE
5
2601
100
AcDbEntity
8
Room Walls
6
Solid
370
9
62
47
100
AcDbLine
10
114648.0
20
-102011.0
30
0.0
11
114217.0
21
-102749.0
31
0.0
0
LINE
5
2603
100
AcDbEntity
8
Room Walls
6
Solid
370
9
62
47
100
AcDbLine
10
114217.0
20
-102749.0
30
0.0
11
114165.0
21
-102719.0
31
0.0
0
LINE
5
2605
100
AcDbEntity
8
Room Walls
6
Solid
370
9
62
47
100
AcDbLine
10
113987.0
20
-110506.0
30
0.0
11
114002.0
21
-110481.0
31
0.0
0
LINE
5
2607
100
AcDbEntity
8
Room Walls
6
Solid
370
9
62
47
100
AcDbLine
10
114002.0
20
-110481.0
30
0.0
11
114271.0
21
-110637.0
31
0.0
0
LINE
5
2609
100
AcDbEntity
8
Room Walls
6
Solid
370
9
62
47
100
AcDbLine
10
114271.0
20
-110637.0
30
0.0
11
114240.0
21
-110689.0
31
0.0
0
LINE
5
260b
100
AcDbEntity
8
Room Walls
6
Solid
370
9
62
47
100
AcDbLine
10
114240.0
20
-110689.0
30
0.0
11
113972.0
21
-110532.0
31
0.0
0
LINE
5
260d
100
AcDbEntity
8
Room Walls
6
Solid
370
9
62
47
100
AcDbLine
10
113972.0
20
-110532.0
30
0.0
11
113987.0
21
-110506.0
31
0.0
0
LINE
5
260f
100
AcDbEntity
8
Room Walls
6
Solid
370
9
62
47
100
AcDbLine
10
112653.0
20
-108920.0
30
0.0
11
112752.0
21
-108749.0
31
0.0
0
LINE
5
2611
100
AcDbEntity
8
Room Walls
6
Solid
370
9
62
47
100
AcDbLine
10
112752.0
20
-108749.0
30
0.0
11
112930.0
21
-108445.0
31
0.0
0
LINE
5
2613
100
AcDbEntity
8
Room Walls
6
Solid
370
9
62
47
100
AcDbLine
10
112930.0
20
-108445.0
30
0.0
11
112956.0
21
-108460.0
31
0.0
0
LINE
5
2615
100
AcDbEntity
8
Room Walls
6
Solid
370
9
62
47
100
AcDbLine
10
112956.0
20
-108460.0
30
0.0
11
112982.0
21
-108475.0
31
0.0
0
LINE
5
2617
100
AcDbEntity
8
Room Walls
6
Solid
370
9
62
47
100
AcDbLine
10
112982.0
20
-108475.0
30
0.0
11
112819.0
21
-108754.0
31
0.0
0
LINE
5
2619
100
AcDbEntity
8
Room Walls
6
Solid
370
9
62
47
100
AcDbLine
10
112819.0
20
-108754.0
30
0.0
11
113840.0
21
-109349.0
31
0.0
0
LINE
5
261b
100
AcDbEntity
8
Room Walls
6
Solid
370
9
62
47
100
AcDbLine
10
113840.0
20
-109349.0
30
0.0
11
113809.0
21
-109401.0
31
0.0
0
LINE
5
261d
100
AcDbEntity
8
Room Walls
6
Solid
370
9
62
47
100
AcDbLine
10
113809.0
20
-109401.0
30
0.0
11
112789.0
21
-108805.0
31
0.0
0
LINE
5
261f
100
AcDbEntity
8
Room Walls
6
Solid
370
9
62
47
100
AcDbLine
10
112789.0
20
-108805.0
30
0.0
11
112705.0
21
-108950.0
31
0.0
0
LINE
5
2621
100
AcDbEntity
8
Room Walls
6
Solid
370
9
62
47
100
AcDbLine
10
112705.0
20
-108950.0
30
0.0
11
112653.0
21
-108920.0
31
0.0
0
LINE
5
2623
100
AcDbEntity
8
Room Walls
6
Solid
370
9
62
47
100
AcDbLine
10
113098.0
20
-104545.0
30
0.0
11
113661.0
21
-103582.0
31
0.0
0
LINE
5
2625
100
AcDbEntity
8
Room Walls
6
Solid
370
9
62
47
100
AcDbLine
10
113661.0
20
-103582.0
30
0.0
11
113713.0
21
-103613.0
31
0.0
0
LINE
5
2627
100
AcDbEntity
8
Room Walls
6
Solid
370
9
62
47
100
AcDbLine
10
113713.0
20
-103613.0
30
0.0
11
113150.0
21
-104576.0
31
0.0
0
LINE
5
2629
100
AcDbEntity
8
Room Walls
6
Solid
370
9
62
47
100
AcDbLine
10
113150.0
20
-104576.0
30
0.0
11
113144.0
21
-104583.0
31
0.0
0
LINE
5
262b
100
AcDbEntity
8
Room Walls
6
Solid
370
9
62
47
100
AcDbLine
10
113144.0
20
-104583.0
30
0.0
11
113135.0
21
-104589.0
31
0.0
0
LINE
5
262d
100
AcDbEntity
8
Room Walls
6
Solid
370
9
62
47
100
AcDbLine
10
113135.0
20
-104589.0
30
0.0
11
113124.0
21
-104590.0
31
0.0
0
LINE
5
262f
100
AcDbEntity
8
Room Walls
6
Solid
370
9
62
47
100
AcDbLine
10
113124.0
20
-104590.0
30
0.0
11
113124.0
21
-104560.0
31
0.0
0
LINE
5
2631
100
AcDbEntity
8
Room Walls
6
Solid
370
9
62
47
100
AcDbLine
10
113124.0
20
-104560.0
30
0.0
11
113111.0
21
-104553.0
31
0.0
0
LINE
5
2633
100
AcDbEntity
8
Room Walls
6
Solid
370
9
62
47
100
AcDbLine
10
113111.0
20
-104553.0
30
0.0
11
113098.0
21
-104545.0
31
0.0
0
LINE
5
2635
100
AcDbEntity
8
Room Walls
6
Solid
370
9
62
47
100
AcDbLine
10
113486.0
20
-107612.0
30
0.0
11
113434.0
21
-107581.0
31
0.0
0
LINE
5
2637
100
AcDbEntity
8
Room Walls
6
Solid
370
9
62
47
100
AcDbLine
10
113434.0
20
-107581.0
30
0.0
11
113561.0
21
-107363.0
31
0.0
0
LINE
5
2639
100
AcDbEntity
8
Room Walls
6
Solid
370
9
62
47
100
AcDbLine
10
113561.0
20
-107363.0
30
0.0
11
113613.0
21
-107393.0
31
0.0
0
LINE
5
263b
100
AcDbEntity
8
Room Walls
6
Solid
370
9
62
47
100
AcDbLine
10
113613.0
20
-107393.0
30
0.0
11
113486.0
21
-107612.0
31
0.0
0
LINE
5
263d
100
AcDbEntity
8
Room Walls
6
Solid
370
9
62
47
100
AcDbLine
10
107787.0
20
-92760.0
30
0.0
11
107795.0
21
-92751.0
31
0.0
0
LINE
5
263f
100
AcDbEntity
8
Room Walls
6
Solid
370
9
62
47
100
AcDbLine
10
107795.0
20
-92751.0
30
0.0
11
107806.0
21
-92746.0
31
0.0
0
LINE
5
2641
100
AcDbEntity
8
Room Walls
6
Solid
370
9
62
47
100
AcDbLine
10
107806.0
20
-92746.0
30
0.0
11
107817.0
21
-92745.0
31
0.0
0
LINE
5
2643
100
AcDbEntity
8
Room Walls
6
Solid
370
9
62
47
100
AcDbLine
10
107817.0
20
-92745.0
30
0.0
11
107828.0
21
-92749.0
31
0.0
0
LINE
5
2645
100
AcDbEntity
8
Room Walls
6
Solid
370
9
62
47
100
AcDbLine
10
107828.0
20
-92749.0
30
0.0
11
113430.0
21
-96019.0
31
0.0
0
LINE
5
2647
100
AcDbEntity
8
Room Walls
6
Solid
370
9
62
47
100
AcDbLine
10
113430.0
20
-96019.0
30
0.0
11
113414.0
21
-96045.0
31
0.0
0
LINE
5
2649
100
AcDbEntity
8
Room Walls
6
Solid
370
9
62
47
100
AcDbLine
10
113414.0
20
-96045.0
30
0.0
11
113440.0
21
-96060.0
31
0.0
0
LINE
5
264b
100
AcDbEntity
8
Room Walls
6
Solid
370
9
62
47
100
AcDbLine
10
113440.0
20
-96060.0
30
0.0
11
112860.0
21
-97053.0
31
0.0
0
LINE
5
264d
100
AcDbEntity
8
Room Walls
6
Solid
370
9
62
47
100
AcDbLine
10
112860.0
20
-97053.0
30
0.0
11
112809.0
21
-97023.0
31
0.0
0
LINE
5
264f
100
AcDbEntity
8
Room Walls
6
Solid
370
9
62
47
100
AcDbLine
10
112809.0
20
-97023.0
30
0.0
11
113373.0
21
-96056.0
31
0.0
0
LINE
5
2651
100
AcDbEntity
8
Room Walls
6
Solid
370
9
62
47
100
AcDbLine
10
113373.0
20
-96056.0
30
0.0
11
107824.0
21
-92816.0
31
0.0
0
LINE
5
2653
100
AcDbEntity
8
Room Walls
6
Solid
370
9
62
47
100
AcDbLine
10
107824.0
20
-92816.0
30
0.0
11
107259.0
21
-93783.0
31
0.0
0
LINE
5
2655
100
AcDbEntity
8
Room Walls
6
Solid
370
9
62
47
100
AcDbLine
10
107259.0
20
-93783.0
30
0.0
11
107208.0
21
-93753.0
31
0.0
0
LINE
5
2657
100
AcDbEntity
8
Room Walls
6
Solid
370
9
62
47
100
AcDbLine
10
107208.0
20
-93753.0
30
0.0
11
107787.0
21
-92760.0
31
0.0
0
LINE
5
2659
100
AcDbEntity
8
Room Walls
6
Solid
370
9
62
47
100
AcDbLine
10
112003.0
20
-100466.0
30
0.0
11
112033.0
21
-100415.0
31
0.0
0
LINE
5
265b
100
AcDbEntity
8
Room Walls
6
Solid
370
9
62
47
100
AcDbLine
10
112033.0
20
-100415.0
30
0.0
11
113079.0
21
-101025.0
31
0.0
0
LINE
5
265d
100
AcDbEntity
8
Room Walls
6
Solid
370
9
62
47
100
AcDbLine
10
113079.0
20
-101025.0
30
0.0
11
113434.0
21
-101232.0
31
0.0
0
LINE
5
265f
100
AcDbEntity
8
Room Walls
6
Solid
370
9
62
47
100
AcDbLine
10
113434.0
20
-101232.0
30
0.0
11
113403.0
21
-101284.0
31
0.0
0
LINE
5
2661
100
AcDbEntity
8
Room Walls
6
Solid
370
9
62
47
100
AcDbLine
10
113403.0
20
-101284.0
30
0.0
11
113075.0
21
-101092.0
31
0.0
0
LINE
5
2663
100
AcDbEntity
8
Room Walls
6
Solid
370
9
62
47
100
AcDbLine
10
113075.0
20
-101092.0
30
0.0
11
112990.0
21
-101237.0
31
0.0
0
LINE
5
2665
100
AcDbEntity
8
Room Walls
6
Solid
370
9
62
47
100
AcDbLine
10
112990.0
20
-101237.0
30
0.0
11
112938.0
21
-101207.0
31
0.0
0
LINE
5
2667
100
AcDbEntity
8
Room Walls
6
Solid
370
9
62
47
100
AcDbLine
10
112938.0
20
-101207.0
30
0.0
11
113023.0
21
-101062.0
31
0.0
0
LINE
5
2669
100
AcDbEntity
8
Room Walls
6
Solid
370
9
62
47
100
AcDbLine
10
113023.0
20
-101062.0
30
0.0
11
112003.0
21
-100466.0
31
0.0
0
LINE
5
266b
100
AcDbEntity
8
Room Walls
6
Solid
370
9
62
47
100
AcDbLine
10
111721.0
20
-109762.0
30
0.0
11
111736.0
21
-109737.0
31
0.0
0
LINE
5
266d
100
AcDbEntity
8
Room Walls
6
Solid
370
9
62
47
100
AcDbLine
10
111736.0
20
-109737.0
30
0.0
11
112064.0
21
-109928.0
31
0.0
0
LINE
5
266f
100
AcDbEntity
8
Room Walls
6
Solid
370
9
62
47
100
AcDbLine
10
112064.0
20
-109928.0
30
0.0
11
112149.0
21
-109784.0
31
0.0
0
LINE
5
2671
100
AcDbEntity
8
Room Walls
6
Solid
370
9
62
47
100
AcDbLine
10
112149.0
20
-109784.0
30
0.0
11
112201.0
21
-109814.0
31
0.0
0
LINE
5
2673
100
AcDbEntity
8
Room Walls
6
Solid
370
9
62
47
100
AcDbLine
10
112201.0
20
-109814.0
30
0.0
11
112116.0
21
-109958.0
31
0.0
0
LINE
5
2675
100
AcDbEntity
8
Room Walls
6
Solid
370
9
62
47
100
AcDbLine
10
112116.0
20
-109958.0
30
0.0
11
113137.0
21
-110554.0
31
0.0
0
LINE
5
2677
100
AcDbEntity
8
Room Walls
6
Solid
370
9
62
47
100
AcDbLine
10
113137.0
20
-110554.0
30
0.0
11
113106.0
21
-110606.0
31
0.0
0
LINE
5
2679
100
AcDbEntity
8
Room Walls
6
Solid
370
9
62
47
100
AcDbLine
10
113106.0
20
-110606.0
30
0.0
11
112060.0
21
-109995.0
31
0.0
0
LINE
5
267b
100
AcDbEntity
8
Room Walls
6
Solid
370
9
62
47
100
AcDbLine
10
112060.0
20
-109995.0
30
0.0
11
111706.0
21
-109788.0
31
0.0
0
LINE
5
267d
100
AcDbEntity
8
Room Walls
6
Solid
370
9
62
47
100
AcDbLine
10
111706.0
20
-109788.0
30
0.0
11
111721.0
21
-109762.0
31
0.0
0
LINE
5
267f
100
AcDbEntity
8
Room Walls
6
Solid
370
9
62
47
100
AcDbLine
10
112320.0
20
-102267.0
30
0.0
11
111299.0
21
-101671.0
31
0.0
0
LINE
5
2681
100
AcDbEntity
8
Room Walls
6
Solid
370
9
62
47
100
AcDbLine
10
111299.0
20
-101671.0
30
0.0
11
111330.0
21
-101619.0
31
0.0
0
LINE
5
2683
100
AcDbEntity
8
Room Walls
6
Solid
370
9
62
47
100
AcDbLine
10
111330.0
20
-101619.0
30
0.0
11
112350.0
21
-102215.0
31
0.0
0
LINE
5
2685
100
AcDbEntity
8
Room Walls
6
Solid
370
9
62
47
100
AcDbLine
10
112350.0
20
-102215.0
30
0.0
11
112434.0
21
-102070.0
31
0.0
0
LINE
5
2687
100
AcDbEntity
8
Room Walls
6
Solid
370
9
62
47
100
AcDbLine
10
112434.0
20
-102070.0
30
0.0
11
112486.0
21
-102101.0
31
0.0
0
LINE
5
2689
100
AcDbEntity
8
Room Walls
6
Solid
370
9
62
47
100
AcDbLine
10
112486.0
20
-102101.0
30
0.0
11
112387.0
21
-102271.0
31
0.0
0
LINE
5
268b
100
AcDbEntity
8
Room Walls
6
Solid
370
9
62
47
100
AcDbLine
10
112387.0
20
-102271.0
30
0.0
11
112209.0
21
-102575.0
31
0.0
0
LINE
5
268d
100
AcDbEntity
8
Room Walls
6
Solid
370
9
62
47
100
AcDbLine
10
112209.0
20
-102575.0
30
0.0
11
112157.0
21
-102545.0
31
0.0
0
LINE
5
268f
100
AcDbEntity
8
Room Walls
6
Solid
370
9
62
47
100
AcDbLine
10
112157.0
20
-102545.0
30
0.0
11
112320.0
21
-102267.0
31
0.0
0
LINE
5
2691
100
AcDbEntity
8
Room Walls
6
Solid
370
9
62
47
100
AcDbLine
10
111427.0
20
-107408.0
30
0.0
11
111989.0
21
-106445.0
31
0.0
0
LINE
5
2693
100
AcDbEntity
8
Room Walls
6
Solid
370
9
62
47
100
AcDbLine
10
111989.0
20
-106445.0
30
0.0
11
112041.0
21
-106475.0
31
0.0
0
LINE
5
2695
100
AcDbEntity
8
Room Walls
6
Solid
370
9
62
47
100
AcDbLine
10
112041.0
20
-106475.0
30
0.0
11
111479.0
21
-107439.0
31
0.0
0
LINE
5
2697
100
AcDbEntity
8
Room Walls
6
Solid
370
9
62
47
100
AcDbLine
10
111479.0
20
-107439.0
30
0.0
11
111427.0
21
-107408.0
31
0.0
0
LINE
5
2699
100
AcDbEntity
8
Room Walls
6
Solid
370
9
62
47
100
AcDbLine
10
108344.0
20
-113002.0
30
0.0
11
108318.0
21
-112987.0
31
0.0
0
LINE
5
269b
100
AcDbEntity
8
Room Walls
6
Solid
370
9
62
47
100
AcDbLine
10
108318.0
20
-112987.0
30
0.0
11
108898.0
21
-111993.0
31
0.0
0
LINE
5
269d
100
AcDbEntity
8
Room Walls
6
Solid
370
9
62
47
100
AcDbLine
10
108898.0
20
-111993.0
30
0.0
11
108950.0
21
-112024.0
31
0.0
0
LINE
5
269f
100
AcDbEntity
8
Room Walls
6
Solid
370
9
62
47
100
AcDbLine
10
108950.0
20
-112024.0
30
0.0
11
108385.0
21
-112991.0
31
0.0
0
LINE
5
26a1
100
AcDbEntity
8
Room Walls
6
Solid
370
9
62
47
100
AcDbLine
10
108385.0
20
-112991.0
30
0.0
11
111259.0
21
-114669.0
31
0.0
0
LINE
5
26a3
100
AcDbEntity
8
Room Walls
6
Solid
370
9
62
47
100
AcDbLine
10
111259.0
20
-114669.0
30
0.0
11
111823.0
21
-113701.0
31
0.0
0
LINE
5
26a5
100
AcDbEntity
8
Room Walls
6
Solid
370
9
62
47
100
AcDbLine
10
111823.0
20
-113701.0
30
0.0
11
111875.0
21
-113732.0
31
0.0
0
LINE
5
26a7
100
AcDbEntity
8
Room Walls
6
Solid
370
9
62
47
100
AcDbLine
10
111875.0
20
-113732.0
30
0.0
11
111295.0
21
-114725.0
31
0.0
0
LINE
5
26a9
100
AcDbEntity
8
Room Walls
6
Solid
370
9
62
47
100
AcDbLine
10
111295.0
20
-114725.0
30
0.0
11
111288.0
21
-114733.0
31
0.0
0
LINE
5
26ab
100
AcDbEntity
8
Room Walls
6
Solid
370
9
62
47
100
AcDbLine
10
111288.0
20
-114733.0
30
0.0
11
111277.0
21
-114739.0
31
0.0
0
LINE
5
26ad
100
AcDbEntity
8
Room Walls
6
Solid
370
9
62
47
100
AcDbLine
10
111277.0
20
-114739.0
30
0.0
11
111265.0
21
-114739.0
31
0.0
0
LINE
5
26af
100
AcDbEntity
8
Room Walls
6
Solid
370
9
62
47
100
AcDbLine
10
111265.0
20
-114739.0
30
0.0
11
111254.0
21
-114735.0
31
0.0
0
LINE
5
26b1
100
AcDbEntity
8
Room Walls
6
Solid
370
9
62
47
100
AcDbLine
10
111254.0
20
-114735.0
30
0.0
11
108329.0
21
-113028.0
31
0.0
0
LINE
5
26b3
100
AcDbEntity
8
Room Walls
6
Solid
370
9
62
47
100
AcDbLine
10
108329.0
20
-113028.0
30
0.0
11
108344.0
21
-113002.0
31
0.0
0
LINE
5
26b5
100
AcDbEntity
8
Room Walls
6
Solid
370
9
62
47
100
AcDbLine
10
111653.0
20
-103409.0
30
0.0
11
111705.0
21
-103439.0
31
0.0
0
LINE
5
26b7
100
AcDbEntity
8
Room Walls
6
Solid
370
9
62
47
100
AcDbLine
10
111705.0
20
-103439.0
30
0.0
11
111577.0
21
-103657.0
31
0.0
0
LINE
5
26b9
100
AcDbEntity
8
Room Walls
6
Solid
370
9
62
47
100
AcDbLine
10
111577.0
20
-103657.0
30
0.0
11
111525.0
21
-103627.0
31
0.0
0
LINE
5
26bb
100
AcDbEntity
8
Room Walls
6
Solid
370
9
62
47
100
AcDbLine
10
111525.0
20
-103627.0
30
0.0
11
111653.0
21
-103409.0
31
0.0
0
LINE
5
26bd
100
AcDbEntity
8
Room Walls
6
Solid
370
9
62
47
100
AcDbLine
10
110807.0
20
-101245.0
30
0.0
11
111420.0
21
-100196.0
31
0.0
0
LINE
5
26bf
100
AcDbEntity
8
Room Walls
6
Solid
370
9
62
47
100
AcDbLine
10
111420.0
20
-100196.0
30
0.0
11
111472.0
21
-100226.0
31
0.0
0
LINE
5
26c1
100
AcDbEntity
8
Room Walls
6
Solid
370
9
62
47
100
AcDbLine
10
111472.0
20
-100226.0
30
0.0
11
110859.0
21
-101275.0
31
0.0
0
LINE
5
26c3
100
AcDbEntity
8
Room Walls
6
Solid
370
9
62
47
100
AcDbLine
10
110859.0
20
-101275.0
30
0.0
11
110807.0
21
-101245.0
31
0.0
0
LINE
5
26c5
100
AcDbEntity
8
Room Walls
6
Solid
370
9
62
47
100
AcDbLine
10
109040.0
20
-111497.0
30
0.0
11
110477.0
21
-109036.0
31
0.0
0
POINT
5
26c7
100
AcDbEntity
8
Room Walls
6
Solid
370
9
62
47
100
AcDbPoint
10
110477.0
20
-109036.0
30
0.0
0
LINE
5
26c9
100
AcDbEntity
8
Room Walls
6
Solid
370
9
62
47
100
AcDbLine
10
110477.0
20
-109036.0
30
0.0
11
110492.0
21
-109010.0
31
0.0
0
LINE
5
26cb
100
AcDbEntity
8
Room Walls
6
Solid
370
9
62
47
100
AcDbLine
10
110492.0
20
-109010.0
30
0.0
11
110923.0
21
-108272.0
31
0.0
0
LINE
5
26cd
100
AcDbEntity
8
Room Walls
6
Solid
370
9
62
47
100
AcDbLine
10
110923.0
20
-108272.0
30
0.0
11
110975.0
21
-108302.0
31
0.0
0
LINE
5
26cf
100
AcDbEntity
8
Room Walls
6
Solid
370
9
62
47
100
AcDbLine
10
110975.0
20
-108302.0
30
0.0
11
110543.0
21
-109041.0
31
0.0
0
LINE
5
26d1
100
AcDbEntity
8
Room Walls
6
Solid
370
9
62
47
100
AcDbLine
10
110543.0
20
-109041.0
30
0.0
11
110872.0
21
-109233.0
31
0.0
0
LINE
5
26d3
100
AcDbEntity
8
Room Walls
6
Solid
370
9
62
47
100
AcDbLine
10
110872.0
20
-109233.0
30
0.0
11
110842.0
21
-109284.0
31
0.0
0
LINE
5
26d5
100
AcDbEntity
8
Room Walls
6
Solid
370
9
62
47
100
AcDbLine
10
110842.0
20
-109284.0
30
0.0
11
110513.0
21
-109092.0
31
0.0
0
LINE
5
26d7
100
AcDbEntity
8
Room Walls
6
Solid
370
9
62
47
100
AcDbLine
10
110513.0
20
-109092.0
30
0.0
11
109092.0
21
-111528.0
31
0.0
0
LINE
5
26d9
100
AcDbEntity
8
Room Walls
6
Solid
370
9
62
47
100
AcDbLine
10
109092.0
20
-111528.0
30
0.0
11
109040.0
21
-111497.0
31
0.0
0
LINE
5
26db
100
AcDbEntity
8
Room Walls
6
Solid
370
9
62
47
100
AcDbLine
10
103707.0
20
-99213.0
30
0.0
11
103738.0
21
-99161.0
31
0.0
0
LINE
5
26dd
100
AcDbEntity
8
Room Walls
6
Solid
370
9
62
47
100
AcDbLine
10
103738.0
20
-99161.0
30
0.0
11
106771.0
21
-100932.0
31
0.0
0
LINE
5
26df
100
AcDbEntity
8
Room Walls
6
Solid
370
9
62
47
100
AcDbLine
10
106771.0
20
-100932.0
30
0.0
11
107563.0
21
-99577.0
31
0.0
0
LINE
5
26e1
100
AcDbEntity
8
Room Walls
6
Solid
370
9
62
47
100
AcDbLine
10
107563.0
20
-99577.0
30
0.0
11
107578.0
21
-99551.0
31
0.0
0
LINE
5
26e3
100
AcDbEntity
8
Room Walls
6
Solid
370
9
62
47
100
AcDbLine
10
107578.0
20
-99551.0
30
0.0
11
108370.0
21
-98195.0
31
0.0
0
LINE
5
26e5
100
AcDbEntity
8
Room Walls
6
Solid
370
9
62
47
100
AcDbLine
10
108370.0
20
-98195.0
30
0.0
11
109756.0
21
-95820.0
31
0.0
0
LINE
5
26e7
100
AcDbEntity
8
Room Walls
6
Solid
370
9
62
47
100
AcDbLine
10
109756.0
20
-95820.0
30
0.0
11
109808.0
21
-95850.0
31
0.0
0
LINE
5
26e9
100
AcDbEntity
8
Room Walls
6
Solid
370
9
62
47
100
AcDbLine
10
109808.0
20
-95850.0
30
0.0
11
108436.0
21
-98199.0
31
0.0
0
LINE
5
26eb
100
AcDbEntity
8
Room Walls
6
Solid
370
9
62
47
100
AcDbLine
10
108436.0
20
-98199.0
30
0.0
11
110224.0
21
-99243.0
31
0.0
0
LINE
5
26ed
100
AcDbEntity
8
Room Walls
6
Solid
370
9
62
47
100
AcDbLine
10
110224.0
20
-99243.0
30
0.0
11
110233.0
21
-99251.0
31
0.0
0
LINE
5
26ef
100
AcDbEntity
8
Room Walls
6
Solid
370
9
62
47
100
AcDbLine
10
110233.0
20
-99251.0
30
0.0
11
110238.0
21
-99261.0
31
0.0
0
LINE
5
26f1
100
AcDbEntity
8
Room Walls
6
Solid
370
9
62
47
100
AcDbLine
10
110238.0
20
-99261.0
30
0.0
11
110239.0
21
-99273.0
31
0.0
0
LINE
5
26f3
100
AcDbEntity
8
Room Walls
6
Solid
370
9
62
47
100
AcDbLine
10
110239.0
20
-99273.0
30
0.0
11
110235.0
21
-99284.0
31
0.0
0
LINE
5
26f5
100
AcDbEntity
8
Room Walls
6
Solid
370
9
62
47
100
AcDbLine
10
110235.0
20
-99284.0
30
0.0
11
109443.0
21
-100640.0
31
0.0
0
LINE
5
26f7
100
AcDbEntity
8
Room Walls
6
Solid
370
9
62
47
100
AcDbLine
10
109443.0
20
-100640.0
30
0.0
11
109428.0
21
-100666.0
31
0.0
0
LINE
5
26f9
100
AcDbEntity
8
Room Walls
6
Solid
370
9
62
47
100
AcDbLine
10
109428.0
20
-100666.0
30
0.0
11
108874.0
21
-101616.0
31
0.0
0
LINE
5
26fb
100
AcDbEntity
8
Room Walls
6
Solid
370
9
62
47
100
AcDbLine
10
108874.0
20
-101616.0
30
0.0
11
108637.0
21
-102021.0
31
0.0
0
LINE
5
26fd
100
AcDbEntity
8
Room Walls
6
Solid
370
9
62
47
100
AcDbLine
10
108637.0
20
-102021.0
30
0.0
11
109857.0
21
-102734.0
31
0.0
0
LINE
5
26ff
100
AcDbEntity
8
Room Walls
6
Solid
370
9
62
47
100
AcDbLine
10
109857.0
20
-102734.0
30
0.0
11
109827.0
21
-102786.0
31
0.0
0
LINE
5
2701
100
AcDbEntity
8
Room Walls
6
Solid
370
9
62
47
100
AcDbLine
10
109827.0
20
-102786.0
30
0.0
11
108580.0
21
-102058.0
31
0.0
0
POINT
5
2703
100
AcDbEntity
8
Room Walls
6
Solid
370
9
62
47
100
AcDbPoint
10
108580.0
20
-102058.0
30
0.0
0
LINE
5
2705
100
AcDbEntity
8
Room Walls
6
Solid
370
9
62
47
100
AcDbLine
10
108580.0
20
-102058.0
30
0.0
11
108555.0
21
-102043.0
31
0.0
0
LINE
5
2707
100
AcDbEntity
8
Room Walls
6
Solid
370
9
62
47
100
AcDbLine
10
108555.0
20
-102043.0
30
0.0
11
106767.0
21
-100999.0
31
0.0
0
POINT
5
2709
100
AcDbEntity
8
Room Walls
6
Solid
370
9
62
47
100
AcDbPoint
10
106767.0
20
-100999.0
30
0.0
0
LINE
5
270b
100
AcDbEntity
8
Room Walls
6
Solid
370
9
62
47
100
AcDbLine
10
106767.0
20
-100999.0
30
0.0
11
103707.0
21
-99213.0
31
0.0
0
LINE
5
270d
100
AcDbEntity
8
Room Walls
6
Solid
370
9
62
47
100
AcDbLine
10
107600.0
20
-99633.0
30
0.0
11
107544.0
21
-99729.0
31
0.0
0
LINE
5
270f
100
AcDbEntity
8
Room Walls
6
Solid
370
9
62
47
100
AcDbLine
10
107544.0
20
-99729.0
30
0.0
11
107075.0
21
-100531.0
31
0.0
0
LINE
5
2711
100
AcDbEntity
8
Room Walls
6
Solid
370
9
62
47
100
AcDbLine
10
107075.0
20
-100531.0
30
0.0
11
108837.0
21
-101559.0
31
0.0
0
LINE
5
2713
100
AcDbEntity
8
Room Walls
6
Solid
370
9
62
47
100
AcDbLine
10
108837.0
20
-101559.0
30
0.0
11
109211.0
21
-100919.0
31
0.0
0
LINE
5
2715
100
AcDbEntity
8
Room Walls
6
Solid
370
9
62
47
100
AcDbLine
10
109211.0
20
-100919.0
30
0.0
11
109361.0
21
-100661.0
31
0.0
0
LINE
5
2717
100
AcDbEntity
8
Room Walls
6
Solid
370
9
62
47
100
AcDbLine
10
109361.0
20
-100661.0
30
0.0
11
107600.0
21
-99633.0
31
0.0
0
POINT
5
2719
100
AcDbEntity
8
Room Walls
6
Solid
370
9
62
47
100
AcDbPoint
10
108807.0
20
-101611.0
30
0.0
0
LINE
5
271b
100
AcDbEntity
8
Room Walls
6
Solid
370
9
62
47
100
AcDbLine
10
108807.0
20
-101611.0
30
0.0
11
107045.0
21
-100583.0
31
0.0
0
LINE
5
271d
100
AcDbEntity
8
Room Walls
6
Solid
370
9
62
47
100
AcDbLine
10
107045.0
20
-100583.0
30
0.0
11
106823.0
21
-100963.0
31
0.0
0
POINT
5
271f
100
AcDbEntity
8
Room Walls
6
Solid
370
9
62
47
100
AcDbPoint
10
106823.0
20
-100963.0
30
0.0
0
LINE
5
2721
100
AcDbEntity
8
Room Walls
6
Solid
370
9
62
47
100
AcDbLine
10
106823.0
20
-100963.0
30
0.0
11
108275.0
21
-101810.0
31
0.0
0
LINE
5
2723
100
AcDbEntity
8
Room Walls
6
Solid
370
9
62
47
100
AcDbLine
10
108275.0
20
-101810.0
30
0.0
11
108585.0
21
-101991.0
31
0.0
0
LINE
5
2725
100
AcDbEntity
8
Room Walls
6
Solid
370
9
62
47
100
AcDbLine
10
108585.0
20
-101991.0
30
0.0
11
108807.0
21
-101611.0
31
0.0
0
LINE
5
2727
100
AcDbEntity
8
Room Walls
6
Solid
370
9
62
47
100
AcDbLine
10
108406.0
20
-98251.0
30
0.0
11
107630.0
21
-99581.0
31
0.0
0
LINE
5
2729
100
AcDbEntity
8
Room Walls
6
Solid
370
9
62
47
100
AcDbLine
10
107630.0
20
-99581.0
30
0.0
11
109392.0
21
-100609.0
31
0.0
0
LINE
5
272b
100
AcDbEntity
8
Room Walls
6
Solid
370
9
62
47
100
AcDbLine
10
109392.0
20
-100609.0
30
0.0
11
110168.0
21
-99280.0
31
0.0
0
LINE
5
272d
100
AcDbEntity
8
Room Walls
6
Solid
370
9
62
47
100
AcDbLine
10
110168.0
20
-99280.0
30
0.0
11
108406.0
21
-98251.0
31
0.0
0
LINE
5
272f
100
AcDbEntity
8
Room Walls
6
Solid
370
9
62
47
100
AcDbLine
10
106362.0
20
-105247.0
30
0.0
11
106461.0
21
-105076.0
31
0.0
0
LINE
5
2731
100
AcDbEntity
8
Room Walls
6
Solid
370
9
62
47
100
AcDbLine
10
106461.0
20
-105076.0
30
0.0
11
106639.0
21
-104772.0
31
0.0
0
LINE
5
2733
100
AcDbEntity
8
Room Walls
6
Solid
370
9
62
47
100
AcDbLine
10
106639.0
20
-104772.0
30
0.0
11
106691.0
21
-104802.0
31
0.0
0
LINE
5
2735
100
AcDbEntity
8
Room Walls
6
Solid
370
9
62
47
100
AcDbLine
10
106691.0
20
-104802.0
30
0.0
11
106528.0
21
-105081.0
31
0.0
0
LINE
5
2737
100
AcDbEntity
8
Room Walls
6
Solid
370
9
62
47
100
AcDbLine
10
106528.0
20
-105081.0
30
0.0
11
107548.0
21
-105676.0
31
0.0
0
LINE
5
2739
100
AcDbEntity
8
Room Walls
6
Solid
370
9
62
47
100
AcDbLine
10
107548.0
20
-105676.0
30
0.0
11
107518.0
21
-105728.0
31
0.0
0
LINE
5
273b
100
AcDbEntity
8
Room Walls
6
Solid
370
9
62
47
100
AcDbLine
10
107518.0
20
-105728.0
30
0.0
11
106498.0
21
-105132.0
31
0.0
0
LINE
5
273d
100
AcDbEntity
8
Room Walls
6
Solid
370
9
62
47
100
AcDbLine
10
106498.0
20
-105132.0
30
0.0
11
106413.0
21
-105277.0
31
0.0
0
LINE
5
273f
100
AcDbEntity
8
Room Walls
6
Solid
370
9
62
47
100
AcDbLine
10
106413.0
20
-105277.0
30
0.0
11
106362.0
21
-105247.0
31
0.0
0
LINE
5
2741
100
AcDbEntity
8
Room Walls
6
Solid
370
9
62
47
100
AcDbLine
10
107195.0
20
-103939.0
30
0.0
11
107143.0
21
-103909.0
31
0.0
0
LINE
5
2743
100
AcDbEntity
8
Room Walls
6
Solid
370
9
62
47
100
AcDbLine
10
107143.0
20
-103909.0
30
0.0
11
107270.0
21
-103690.0
31
0.0
0
LINE
5
2745
100
AcDbEntity
8
Room Walls
6
Solid
370
9
62
47
100
AcDbLine
10
107270.0
20
-103690.0
30
0.0
11
107322.0
21
-103720.0
31
0.0
0
LINE
5
2747
100
AcDbEntity
8
Room Walls
6
Solid
370
9
62
47
100
AcDbLine
10
107322.0
20
-103720.0
30
0.0
11
107195.0
21
-103939.0
31
0.0
0
LINE
5
2749
100
AcDbEntity
8
Room Walls
6
Solid
370
9
62
47
100
AcDbLine
10
105769.0
20
-106322.0
30
0.0
11
105414.0
21
-106115.0
31
0.0
0
LINE
5
274b
100
AcDbEntity
8
Room Walls
6
Solid
370
9
62
47
100
AcDbLine
10
105414.0
20
-106115.0
30
0.0
11
105444.0
21
-106063.0
31
0.0
0
LINE
5
274d
100
AcDbEntity
8
Room Walls
6
Solid
370
9
62
47
100
AcDbLine
10
105444.0
20
-106063.0
30
0.0
11
105773.0
21
-106255.0
31
0.0
0
LINE
5
274f
100
AcDbEntity
8
Room Walls
6
Solid
370
9
62
47
100
AcDbLine
10
105773.0
20
-106255.0
30
0.0
11
105857.0
21
-106110.0
31
0.0
0
LINE
5
2751
100
AcDbEntity
8
Room Walls
6
Solid
370
9
62
47
100
AcDbLine
10
105857.0
20
-106110.0
30
0.0
11
105909.0
21
-106141.0
31
0.0
0
LINE
5
2753
100
AcDbEntity
8
Room Walls
6
Solid
370
9
62
47
100
AcDbLine
10
105909.0
20
-106141.0
30
0.0
11
105825.0
21
-106285.0
31
0.0
0
LINE
5
2755
100
AcDbEntity
8
Room Walls
6
Solid
370
9
62
47
100
AcDbLine
10
105825.0
20
-106285.0
30
0.0
11
106845.0
21
-106881.0
31
0.0
0
LINE
5
2757
100
AcDbEntity
8
Room Walls
6
Solid
370
9
62
47
100
AcDbLine
10
106845.0
20
-106881.0
30
0.0
11
106815.0
21
-106933.0
31
0.0
0
LINE
5
2759
100
AcDbEntity
8
Room Walls
6
Solid
370
9
62
47
100
AcDbLine
10
106815.0
20
-106933.0
30
0.0
11
105769.0
21
-106322.0
31
0.0
0
LINE
5
275b
100
AcDbEntity
8
Room Walls
6
Solid
370
9
62
47
100
AcDbLine
10
105135.0
20
-103735.0
30
0.0
11
105697.0
21
-102772.0
31
0.0
0
LINE
5
275d
100
AcDbEntity
8
Room Walls
6
Solid
370
9
62
47
100
AcDbLine
10
105697.0
20
-102772.0
30
0.0
11
105749.0
21
-102802.0
31
0.0
0
LINE
5
275f
100
AcDbEntity
8
Room Walls
6
Solid
370
9
62
47
100
AcDbLine
10
105749.0
20
-102802.0
30
0.0
11
105187.0
21
-103765.0
31
0.0
0
LINE
5
2761
100
AcDbEntity
8
Room Walls
6
Solid
370
9
62
47
100
AcDbLine
10
105187.0
20
-103765.0
30
0.0
11
105135.0
21
-103735.0
31
0.0
0
LINE
5
2763
100
AcDbEntity
8
Room Walls
6
Solid
370
9
62
47
100
AcDbLine
10
102052.0
20
-109328.0
30
0.0
11
102026.0
21
-109313.0
31
0.0
0
LINE
5
2765
100
AcDbEntity
8
Room Walls
6
Solid
370
9
62
47
100
AcDbLine
10
102026.0
20
-109313.0
30
0.0
11
102606.0
21
-108320.0
31
0.0
0
LINE
5
2767
100
AcDbEntity
8
Room Walls
6
Solid
370
9
62
47
100
AcDbLine
10
102606.0
20
-108320.0
30
0.0
11
102658.0
21
-108350.0
31
0.0
0
LINE
5
2769
100
AcDbEntity
8
Room Walls
6
Solid
370
9
62
47
100
AcDbLine
10
102658.0
20
-108350.0
30
0.0
11
102093.0
21
-109318.0
31
0.0
0
LINE
5
276b
100
AcDbEntity
8
Room Walls
6
Solid
370
9
62
47
100
AcDbLine
10
102093.0
20
-109318.0
30
0.0
11
104967.0
21
-110995.0
31
0.0
0
LINE
5
276d
100
AcDbEntity
8
Room Walls
6
Solid
370
9
62
47
100
AcDbLine
10
104967.0
20
-110995.0
30
0.0
11
105531.0
21
-110028.0
31
0.0
0
LINE
5
276f
100
AcDbEntity
8
Room Walls
6
Solid
370
9
62
47
100
AcDbLine
10
105531.0
20
-110028.0
30
0.0
11
105583.0
21
-110058.0
31
0.0
0
LINE
5
2771
100
AcDbEntity
8
Room Walls
6
Solid
370
9
62
47
100
AcDbLine
10
105583.0
20
-110058.0
30
0.0
11
105003.0
21
-111051.0
31
0.0
0
LINE
5
2773
100
AcDbEntity
8
Room Walls
6
Solid
370
9
62
47
100
AcDbLine
10
105003.0
20
-111051.0
30
0.0
11
104996.0
21
-111060.0
31
0.0
0
LINE
5
2775
100
AcDbEntity
8
Room Walls
6
Solid
370
9
62
47
100
AcDbLine
10
104996.0
20
-111060.0
30
0.0
11
104985.0
21
-111065.0
31
0.0
0
LINE
5
2777
100
AcDbEntity
8
Room Walls
6
Solid
370
9
62
47
100
AcDbLine
10
104985.0
20
-111065.0
30
0.0
11
104973.0
21
-111066.0
31
0.0
0
LINE
5
2779
100
AcDbEntity
8
Room Walls
6
Solid
370
9
62
47
100
AcDbLine
10
104973.0
20
-111066.0
30
0.0
11
104962.0
21
-111062.0
31
0.0
0
LINE
5
277b
100
AcDbEntity
8
Room Walls
6
Solid
370
9
62
47
100
AcDbLine
10
104962.0
20
-111062.0
30
0.0
11
102037.0
21
-109354.0
31
0.0
0
LINE
5
277d
100
AcDbEntity
8
Room Walls
6
Solid
370
9
62
47
100
AcDbLine
10
102037.0
20
-109354.0
30
0.0
11
102052.0
21
-109328.0
31
0.0
0
LINE
5
277f
100
AcDbEntity
8
Room Walls
6
Solid
370
9
62
47
100
AcDbLine
10
104515.0
20
-97571.0
30
0.0
11
105128.0
21
-96522.0
31
0.0
0
LINE
5
2781
100
AcDbEntity
8
Room Walls
6
Solid
370
9
62
47
100
AcDbLine
10
105128.0
20
-96522.0
30
0.0
11
105180.0
21
-96552.0
31
0.0
0
LINE
5
2783
100
AcDbEntity
8
Room Walls
6
Solid
370
9
62
47
100
AcDbLine
10
105180.0
20
-96552.0
30
0.0
11
104567.0
21
-97602.0
31
0.0
0
LINE
5
2785
100
AcDbEntity
8
Room Walls
6
Solid
370
9
62
47
100
AcDbLine
10
104567.0
20
-97602.0
30
0.0
11
104515.0
21
-97571.0
31
0.0
0
LINE
5
2787
100
AcDbEntity
8
Room Walls
6
Solid
370
9
62
47
100
AcDbLine
10
103257.0
20
-95361.0
30
0.0
11
103272.0
21
-95335.0
31
0.0
0
LINE
5
2789
100
AcDbEntity
8
Room Walls
6
Solid
370
9
62
47
100
AcDbLine
10
103272.0
20
-95335.0
30
0.0
11
103287.0
21
-95309.0
31
0.0
0
LINE
5
278b
100
AcDbEntity
8
Room Walls
6
Solid
370
9
62
47
100
AcDbLine
10
103287.0
20
-95309.0
30
0.0
11
103642.0
21
-95516.0
31
0.0
0
LINE
5
278d
100
AcDbEntity
8
Room Walls
6
Solid
370
9
62
47
100
AcDbLine
10
103642.0
20
-95516.0
30
0.0
11
104687.0
21
-96126.0
31
0.0
0
LINE
5
278f
100
AcDbEntity
8
Room Walls
6
Solid
370
9
62
47
100
AcDbLine
10
104687.0
20
-96126.0
30
0.0
11
104657.0
21
-96178.0
31
0.0
0
LINE
5
2791
100
AcDbEntity
8
Room Walls
6
Solid
370
9
62
47
100
AcDbLine
10
104657.0
20
-96178.0
30
0.0
11
103637.0
21
-95583.0
31
0.0
0
LINE
5
2793
100
AcDbEntity
8
Room Walls
6
Solid
370
9
62
47
100
AcDbLine
10
103637.0
20
-95583.0
30
0.0
11
103553.0
21
-95727.0
31
0.0
0
LINE
5
2795
100
AcDbEntity
8
Room Walls
6
Solid
370
9
62
47
100
AcDbLine
10
103553.0
20
-95727.0
30
0.0
11
103501.0
21
-95697.0
31
0.0
0
LINE
5
2797
100
AcDbEntity
8
Room Walls
6
Solid
370
9
62
47
100
AcDbLine
10
103501.0
20
-95697.0
30
0.0
11
103585.0
21
-95552.0
31
0.0
0
LINE
5
2799
100
AcDbEntity
8
Room Walls
6
Solid
370
9
62
47
100
AcDbLine
10
103585.0
20
-95552.0
30
0.0
11
103257.0
21
-95361.0
31
0.0
0
LINE
5
279b
100
AcDbEntity
8
Room Walls
6
Solid
370
9
62
47
100
AcDbLine
10
102748.0
20
-107824.0
30
0.0
11
104185.0
21
-105363.0
31
0.0
0
LINE
5
279d
100
AcDbEntity
8
Room Walls
6
Solid
370
9
62
47
100
AcDbLine
10
104185.0
20
-105363.0
30
0.0
11
104200.0
21
-105337.0
31
0.0
0
LINE
5
279f
100
AcDbEntity
8
Room Walls
6
Solid
370
9
62
47
100
AcDbLine
10
104200.0
20
-105337.0
30
0.0
11
104631.0
21
-104599.0
31
0.0
0
LINE
5
27a1
100
AcDbEntity
8
Room Walls
6
Solid
370
9
62
47
100
AcDbLine
10
104631.0
20
-104599.0
30
0.0
11
104683.0
21
-104629.0
31
0.0
0
LINE
5
27a3
100
AcDbEntity
8
Room Walls
6
Solid
370
9
62
47
100
AcDbLine
10
104683.0
20
-104629.0
30
0.0
11
104252.0
21
-105367.0
31
0.0
0
POINT
5
27a5
100
AcDbEntity
8
Room Walls
6
Solid
370
9
62
47
100
AcDbPoint
10
104252.0
20
-105367.0
30
0.0
0
LINE
5
27a7
100
AcDbEntity
8
Room Walls
6
Solid
370
9
62
47
100
AcDbLine
10
104252.0
20
-105367.0
30
0.0
11
104581.0
21
-105559.0
31
0.0
0
LINE
5
27a9
100
AcDbEntity
8
Room Walls
6
Solid
370
9
62
47
100
AcDbLine
10
104581.0
20
-105559.0
30
0.0
11
104566.0
21
-105585.0
31
0.0
0
LINE
5
27ab
100
AcDbEntity
8
Room Walls
6
Solid
370
9
62
47
100
AcDbLine
10
104566.0
20
-105585.0
30
0.0
11
104550.0
21
-105611.0
31
0.0
0
LINE
5
27ad
100
AcDbEntity
8
Room Walls
6
Solid
370
9
62
47
100
AcDbLine
10
104550.0
20
-105611.0
30
0.0
11
104221.0
21
-105419.0
31
0.0
0
LINE
5
27af
100
AcDbEntity
8
Room Walls
6
Solid
370
9
62
47
100
AcDbLine
10
104221.0
20
-105419.0
30
0.0
11
102800.0
21
-107854.0
31
0.0
0
LINE
5
27b1
100
AcDbEntity
8
Room Walls
6
Solid
370
9
62
47
100
AcDbLine
10
102800.0
20
-107854.0
30
0.0
11
102748.0
21
-107824.0
31
0.0
0
LINE
5
27b3
100
AcDbEntity
8
Room Walls
6
Solid
370
9
62
47
100
AcDbLine
10
101323.0
20
-88986.0
30
0.0
11
101331.0
21
-88977.0
31
0.0
0
LINE
5
27b5
100
AcDbEntity
8
Room Walls
6
Solid
370
9
62
47
100
AcDbLine
10
101331.0
20
-88977.0
30
0.0
11
101341.0
21
-88972.0
31
0.0
0
LINE
5
27b7
100
AcDbEntity
8
Room Walls
6
Solid
370
9
62
47
100
AcDbLine
10
101341.0
20
-88972.0
30
0.0
11
101353.0
21
-88971.0
31
0.0
0
LINE
5
27b9
100
AcDbEntity
8
Room Walls
6
Solid
370
9
62
47
100
AcDbLine
10
101353.0
20
-88971.0
30
0.0
11
101364.0
21
-88975.0
31
0.0
0
LINE
5
27bb
100
AcDbEntity
8
Room Walls
6
Solid
370
9
62
47
100
AcDbLine
10
101364.0
20
-88975.0
30
0.0
11
104227.0
21
-90646.0
31
0.0
0
LINE
5
27bd
100
AcDbEntity
8
Room Walls
6
Solid
370
9
62
47
100
AcDbLine
10
104227.0
20
-90646.0
30
0.0
11
104212.0
21
-90672.0
31
0.0
0
LINE
5
27bf
100
AcDbEntity
8
Room Walls
6
Solid
370
9
62
47
100
AcDbLine
10
104212.0
20
-90672.0
30
0.0
11
104238.0
21
-90687.0
31
0.0
0
LINE
5
27c1
100
AcDbEntity
8
Room Walls
6
Solid
370
9
62
47
100
AcDbLine
10
104238.0
20
-90687.0
30
0.0
11
103658.0
21
-91681.0
31
0.0
0
LINE
5
27c3
100
AcDbEntity
8
Room Walls
6
Solid
370
9
62
47
100
AcDbLine
10
103658.0
20
-91681.0
30
0.0
11
103606.0
21
-91650.0
31
0.0
0
LINE
5
27c5
100
AcDbEntity
8
Room Walls
6
Solid
370
9
62
47
100
AcDbLine
10
103606.0
20
-91650.0
30
0.0
11
104171.0
21
-90683.0
31
0.0
0
LINE
5
27c7
100
AcDbEntity
8
Room Walls
6
Solid
370
9
62
47
100
AcDbLine
10
104171.0
20
-90683.0
30
0.0
11
101359.0
21
-89042.0
31
0.0
0
LINE
5
27c9
100
AcDbEntity
8
Room Walls
6
Solid
370
9
62
47
100
AcDbLine
10
101359.0
20
-89042.0
30
0.0
11
100795.0
21
-90009.0
31
0.0
0
LINE
5
27cb
100
AcDbEntity
8
Room Walls
6
Solid
370
9
62
47
100
AcDbLine
10
100795.0
20
-90009.0
30
0.0
11
100743.0
21
-89979.0
31
0.0
0
LINE
5
27cd
100
AcDbEntity
8
Room Walls
6
Solid
370
9
62
47
100
AcDbLine
10
100743.0
20
-89979.0
30
0.0
11
101323.0
21
-88986.0
31
0.0
0
LINE
5
27cf
100
AcDbEntity
8
Room Walls
6
Solid
370
9
62
47
100
AcDbLine
10
102772.0
20
-97066.0
30
0.0
11
102720.0
21
-97035.0
31
0.0
0
LINE
5
27d1
100
AcDbEntity
8
Room Walls
6
Solid
370
9
62
47
100
AcDbLine
10
102720.0
20
-97035.0
30
0.0
11
102997.0
21
-96561.0
31
0.0
0
LINE
5
27d3
100
AcDbEntity
8
Room Walls
6
Solid
370
9
62
47
100
AcDbLine
10
102997.0
20
-96561.0
30
0.0
11
103049.0
21
-96591.0
31
0.0
0
LINE
5
27d5
100
AcDbEntity
8
Room Walls
6
Solid
370
9
62
47
100
AcDbLine
10
103049.0
20
-96591.0
30
0.0
11
102964.0
21
-96736.0
31
0.0
0
LINE
5
27d7
100
AcDbEntity
8
Room Walls
6
Solid
370
9
62
47
100
AcDbLine
10
102964.0
20
-96736.0
30
0.0
11
103984.0
21
-97331.0
31
0.0
0
LINE
5
27d9
100
AcDbEntity
8
Room Walls
6
Solid
370
9
62
47
100
AcDbLine
10
103984.0
20
-97331.0
30
0.0
11
103969.0
21
-97357.0
31
0.0
0
LINE
5
27db
100
AcDbEntity
8
Room Walls
6
Solid
370
9
62
47
100
AcDbLine
10
103969.0
20
-97357.0
30
0.0
11
103954.0
21
-97383.0
31
0.0
0
LINE
5
27dd
100
AcDbEntity
8
Room Walls
6
Solid
370
9
62
47
100
AcDbLine
10
103954.0
20
-97383.0
30
0.0
11
102934.0
21
-96787.0
31
0.0
0
LINE
5
27df
100
AcDbEntity
8
Room Walls
6
Solid
370
9
62
47
100
AcDbLine
10
102934.0
20
-96787.0
30
0.0
11
102772.0
21
-97066.0
31
0.0
0
POINT
5
27e1
100
AcDbEntity
8
Room Walls
6
Solid
370
9
62
47
100
AcDbPoint
10
101499.0
20
-95513.0
30
0.0
0
LINE
5
27e3
100
AcDbEntity
8
Room Walls
6
Solid
370
9
62
47
100
AcDbLine
10
101499.0
20
-95513.0
30
0.0
11
103464.0
21
-92147.0
31
0.0
0
POINT
5
27e5
100
AcDbEntity
8
Room Walls
6
Solid
370
9
62
47
100
AcDbPoint
10
103464.0
20
-92147.0
30
0.0
0
LINE
5
27e7
100
AcDbEntity
8
Room Walls
6
Solid
370
9
62
47
100
AcDbLine
10
103464.0
20
-92147.0
30
0.0
11
103516.0
21
-92177.0
31
0.0
0
POINT
5
27e9
100
AcDbEntity
8
Room Walls
6
Solid
370
9
62
47
100
AcDbPoint
10
103516.0
20
-92177.0
30
0.0
0
LINE
5
27eb
100
AcDbEntity
8
Room Walls
6
Solid
370
9
62
47
100
AcDbLine
10
103516.0
20
-92177.0
30
0.0
11
102094.0
21
-94613.0
31
0.0
0
LINE
5
27ed
100
AcDbEntity
8
Room Walls
6
Solid
370
9
62
47
100
AcDbLine
10
102094.0
20
-94613.0
30
0.0
11
102423.0
21
-94805.0
31
0.0
0
LINE
5
27ef
100
AcDbEntity
8
Room Walls
6
Solid
370
9
62
47
100
AcDbLine
10
102423.0
20
-94805.0
30
0.0
11
102408.0
21
-94831.0
31
0.0
0
LINE
5
27f1
100
AcDbEntity
8
Room Walls
6
Solid
370
9
62
47
100
AcDbLine
10
102408.0
20
-94831.0
30
0.0
11
102393.0
21
-94856.0
31
0.0
0
LINE
5
27f3
100
AcDbEntity
8
Room Walls
6
Solid
370
9
62
47
100
AcDbLine
10
102393.0
20
-94856.0
30
0.0
11
102064.0
21
-94665.0
31
0.0
0
LINE
5
27f5
100
AcDbEntity
8
Room Walls
6
Solid
370
9
62
47
100
AcDbLine
10
102064.0
20
-94665.0
30
0.0
11
101551.0
21
-95544.0
31
0.0
0
LINE
5
27f7
100
AcDbEntity
8
Room Walls
6
Solid
370
9
62
47
100
AcDbLine
10
101551.0
20
-95544.0
30
0.0
11
101551.0
21
-95543.0
31
0.0
0
POINT
5
27f9
100
AcDbEntity
8
Room Walls
6
Solid
370
9
62
47
100
AcDbPoint
10
101551.0
20
-95543.0
30
0.0
0
LINE
5
27fb
100
AcDbEntity
8
Room Walls
6
Solid
370
9
62
47
100
AcDbLine
10
101551.0
20
-95543.0
30
0.0
11
101507.0
21
-95518.0
31
0.0
0
LINE
5
27fd
100
AcDbEntity
8
Room Walls
6
Solid
370
9
62
47
100
AcDbLine
10
101507.0
20
-95518.0
30
0.0
11
101499.0
21
-95513.0
31
0.0
0
LINE
5
27ff
100
AcDbEntity
8
Room Walls
6
Solid
370
9
62
47
100
AcDbLine
10
102140.0
20
-98148.0
30
0.0
11
102088.0
21
-98117.0
31
0.0
0
LINE
5
2801
100
AcDbEntity
8
Room Walls
6
Solid
370
9
62
47
100
AcDbLine
10
102088.0
20
-98117.0
30
0.0
11
102216.0
21
-97899.0
31
0.0
0
LINE
5
2803
100
AcDbEntity
8
Room Walls
6
Solid
370
9
62
47
100
AcDbLine
10
102216.0
20
-97899.0
30
0.0
11
102268.0
21
-97929.0
31
0.0
0
LINE
5
2805
100
AcDbEntity
8
Room Walls
6
Solid
370
9
62
47
100
AcDbLine
10
102268.0
20
-97929.0
30
0.0
11
102140.0
21
-98148.0
31
0.0
0
LINE
5
2807
100
AcDbEntity
8
Room Walls
6
Solid
370
9
62
47
100
AcDbLine
10
100070.0
20
-101574.0
30
0.0
11
100170.0
21
-101403.0
31
0.0
0
LINE
5
2809
100
AcDbEntity
8
Room Walls
6
Solid
370
9
62
47
100
AcDbLine
10
100170.0
20
-101403.0
30
0.0
11
100347.0
21
-101099.0
31
0.0
0
LINE
5
280b
100
AcDbEntity
8
Room Walls
6
Solid
370
9
62
47
100
AcDbLine
10
100347.0
20
-101099.0
30
0.0
11
100399.0
21
-101129.0
31
0.0
0
LINE
5
280d
100
AcDbEntity
8
Room Walls
6
Solid
370
9
62
47
100
AcDbLine
10
100399.0
20
-101129.0
30
0.0
11
100237.0
21
-101408.0
31
0.0
0
LINE
5
280f
100
AcDbEntity
8
Room Walls
6
Solid
370
9
62
47
100
AcDbLine
10
100237.0
20
-101408.0
30
0.0
11
101256.0
21
-102003.0
31
0.0
0
LINE
5
2811
100
AcDbEntity
8
Room Walls
6
Solid
370
9
62
47
100
AcDbLine
10
101256.0
20
-102003.0
30
0.0
11
101226.0
21
-102055.0
31
0.0
0
LINE
5
2813
100
AcDbEntity
8
Room Walls
6
Solid
370
9
62
47
100
AcDbLine
10
101226.0
20
-102055.0
30
0.0
11
100206.0
21
-101459.0
31
0.0
0
LINE
5
2815
100
AcDbEntity
8
Room Walls
6
Solid
370
9
62
47
100
AcDbLine
10
100206.0
20
-101459.0
30
0.0
11
100122.0
21
-101604.0
31
0.0
0
LINE
5
2817
100
AcDbEntity
8
Room Walls
6
Solid
370
9
62
47
100
AcDbLine
10
100122.0
20
-101604.0
30
0.0
11
100070.0
21
-101574.0
31
0.0
0
LINE
5
2819
100
AcDbEntity
8
Room Walls
6
Solid
370
9
62
47
100
AcDbLine
10
100566.0
20
-97229.0
30
0.0
11
100515.0
21
-97199.0
31
0.0
0
LINE
5
281b
100
AcDbEntity
8
Room Walls
6
Solid
370
9
62
47
100
AcDbLine
10
100515.0
20
-97199.0
30
0.0
11
100995.0
21
-96377.0
31
0.0
0
POINT
5
281d
100
AcDbEntity
8
Room Walls
6
Solid
370
9
62
47
100
AcDbPoint
10
100995.0
20
-96377.0
30
0.0
0
LINE
5
281f
100
AcDbEntity
8
Room Walls
6
Solid
370
9
62
47
100
AcDbLine
10
100995.0
20
-96377.0
30
0.0
11
101044.0
21
-96405.0
31
0.0
0
LINE
5
2821
100
AcDbEntity
8
Room Walls
6
Solid
370
9
62
47
100
AcDbLine
10
101044.0
20
-96405.0
30
0.0
11
101046.0
21
-96407.0
31
0.0
0
LINE
5
2823
100
AcDbEntity
8
Room Walls
6
Solid
370
9
62
47
100
AcDbLine
10
101046.0
20
-96407.0
30
0.0
11
101047.0
21
-96407.0
31
0.0
0
LINE
5
2825
100
AcDbEntity
8
Room Walls
6
Solid
370
9
62
47
100
AcDbLine
10
101047.0
20
-96407.0
30
0.0
11
100567.0
21
-97229.0
31
0.0
0
LINE
5
2827
100
AcDbEntity
8
Room Walls
6
Solid
370
9
62
47
100
AcDbLine
10
100567.0
20
-97229.0
30
0.0
11
100566.0
21
-97229.0
31
0.0
0
LINE
5
2829
100
AcDbEntity
8
Room Walls
6
Solid
370
9
62
47
100
AcDbLine
10
100878.0
20
-100251.0
30
0.0
11
100852.0
21
-100236.0
31
0.0
0
LINE
5
282b
100
AcDbEntity
8
Room Walls
6
Solid
370
9
62
47
100
AcDbLine
10
100852.0
20
-100236.0
30
0.0
11
100979.0
21
-100017.0
31
0.0
0
LINE
5
282d
100
AcDbEntity
8
Room Walls
6
Solid
370
9
62
47
100
AcDbLine
10
100979.0
20
-100017.0
30
0.0
11
101005.0
21
-100032.0
31
0.0
0
LINE
5
282f
100
AcDbEntity
8
Room Walls
6
Solid
370
9
62
47
100
AcDbLine
10
101005.0
20
-100032.0
30
0.0
11
101031.0
21
-100048.0
31
0.0
0
LINE
5
2831
100
AcDbEntity
8
Room Walls
6
Solid
370
9
62
47
100
AcDbLine
10
101031.0
20
-100048.0
30
0.0
11
100904.0
21
-100266.0
31
0.0
0
LINE
5
2833
100
AcDbEntity
8
Room Walls
6
Solid
370
9
62
47
100
AcDbLine
10
100904.0
20
-100266.0
30
0.0
11
100878.0
21
-100251.0
31
0.0
0
LINE
5
2835
100
AcDbEntity
8
Room Walls
6
Solid
370
9
62
47
100
AcDbLine
10
99477.0
20
-102649.0
30
0.0
11
99122.0
21
-102442.0
31
0.0
0
LINE
5
2837
100
AcDbEntity
8
Room Walls
6
Solid
370
9
62
47
100
AcDbLine
10
99122.0
20
-102442.0
30
0.0
11
99153.0
21
-102390.0
31
0.0
0
LINE
5
2839
100
AcDbEntity
8
Room Walls
6
Solid
370
9
62
47
100
AcDbLine
10
99153.0
20
-102390.0
30
0.0
11
99481.0
21
-102582.0
31
0.0
0
LINE
5
283b
100
AcDbEntity
8
Room Walls
6
Solid
370
9
62
47
100
AcDbLine
10
99481.0
20
-102582.0
30
0.0
11
99566.0
21
-102437.0
31
0.0
0
LINE
5
283d
100
AcDbEntity
8
Room Walls
6
Solid
370
9
62
47
100
AcDbLine
10
99566.0
20
-102437.0
30
0.0
11
99618.0
21
-102468.0
31
0.0
0
LINE
5
283f
100
AcDbEntity
8
Room Walls
6
Solid
370
9
62
47
100
AcDbLine
10
99618.0
20
-102468.0
30
0.0
11
99533.0
21
-102612.0
31
0.0
0
LINE
5
2841
100
AcDbEntity
8
Room Walls
6
Solid
370
9
62
47
100
AcDbLine
10
99533.0
20
-102612.0
30
0.0
11
100553.0
21
-103208.0
31
0.0
0
LINE
5
2843
100
AcDbEntity
8
Room Walls
6
Solid
370
9
62
47
100
AcDbLine
10
100553.0
20
-103208.0
30
0.0
11
100523.0
21
-103260.0
31
0.0
0
LINE
5
2845
100
AcDbEntity
8
Room Walls
6
Solid
370
9
62
47
100
AcDbLine
10
100523.0
20
-103260.0
30
0.0
11
99477.0
21
-102649.0
31
0.0
0
LINE
5
2847
100
AcDbEntity
8
Room Walls
6
Solid
370
9
62
47
100
AcDbLine
10
98926.0
20
-99920.0
30
0.0
11
99405.0
21
-99099.0
31
0.0
0
POINT
5
2849
100
AcDbEntity
8
Room Walls
6
Solid
370
9
62
47
100
AcDbPoint
10
99405.0
20
-99099.0
30
0.0
0
LINE
5
284b
100
AcDbEntity
8
Room Walls
6
Solid
370
9
62
47
100
AcDbLine
10
99405.0
20
-99099.0
30
0.0
11
99406.0
21
-99098.0
31
0.0
0
POINT
5
284d
100
AcDbEntity
8
Room Walls
6
Solid
370
9
62
47
100
AcDbPoint
10
99406.0
20
-99098.0
30
0.0
0
LINE
5
284f
100
AcDbEntity
8
Room Walls
6
Solid
370
9
62
47
100
AcDbLine
10
99406.0
20
-99098.0
30
0.0
11
99407.0
21
-99096.0
31
0.0
0
POINT
5
2851
100
AcDbEntity
8
Room Walls
6
Solid
370
9
62
47
100
AcDbPoint
10
99407.0
20
-99096.0
30
0.0
0
LINE
5
2853
100
AcDbEntity
8
Room Walls
6
Solid
370
9
62
47
100
AcDbLine
10
99407.0
20
-99096.0
30
0.0
11
99431.0
21
-99113.0
31
0.0
0
LINE
5
2855
100
AcDbEntity
8
Room Walls
6
Solid
370
9
62
47
100
AcDbLine
10
99431.0
20
-99113.0
30
0.0
11
99457.0
21
-99129.0
31
0.0
0
POINT
5
2857
100
AcDbEntity
8
Room Walls
6
Solid
370
9
62
47
100
AcDbPoint
10
99457.0
20
-99129.0
30
0.0
0
LINE
5
2859
100
AcDbEntity
8
Room Walls
6
Solid
370
9
62
47
100
AcDbLine
10
99457.0
20
-99129.0
30
0.0
11
98977.0
21
-99951.0
31
0.0
0
LINE
5
285b
100
AcDbEntity
8
Room Walls
6
Solid
370
9
62
47
100
AcDbLine
10
98977.0
20
-99951.0
30
0.0
11
98926.0
21
-99920.0
31
0.0
0
LINE
5
285d
100
AcDbEntity
8
Room Walls
6
Solid
370
9
62
47
100
AcDbLine
10
95760.0
20
-105655.0
30
0.0
11
95734.0
21
-105640.0
31
0.0
0
LINE
5
285f
100
AcDbEntity
8
Room Walls
6
Solid
370
9
62
47
100
AcDbLine
10
95734.0
20
-105640.0
30
0.0
11
96314.0
21
-104647.0
31
0.0
0
LINE
5
2861
100
AcDbEntity
8
Room Walls
6
Solid
370
9
62
47
100
AcDbLine
10
96314.0
20
-104647.0
30
0.0
11
96366.0
21
-104677.0
31
0.0
0
LINE
5
2863
100
AcDbEntity
8
Room Walls
6
Solid
370
9
62
47
100
AcDbLine
10
96366.0
20
-104677.0
30
0.0
11
95801.0
21
-105644.0
31
0.0
0
LINE
5
2865
100
AcDbEntity
8
Room Walls
6
Solid
370
9
62
47
100
AcDbLine
10
95801.0
20
-105644.0
30
0.0
11
98675.0
21
-107322.0
31
0.0
0
LINE
5
2867
100
AcDbEntity
8
Room Walls
6
Solid
370
9
62
47
100
AcDbLine
10
98675.0
20
-107322.0
30
0.0
11
99239.0
21
-106355.0
31
0.0
0
LINE
5
2869
100
AcDbEntity
8
Room Walls
6
Solid
370
9
62
47
100
AcDbLine
10
99239.0
20
-106355.0
30
0.0
11
99291.0
21
-106385.0
31
0.0
0
LINE
5
286b
100
AcDbEntity
8
Room Walls
6
Solid
370
9
62
47
100
AcDbLine
10
99291.0
20
-106385.0
30
0.0
11
98711.0
21
-107378.0
31
0.0
0
LINE
5
286d
100
AcDbEntity
8
Room Walls
6
Solid
370
9
62
47
100
AcDbLine
10
98711.0
20
-107378.0
30
0.0
11
98704.0
21
-107387.0
31
0.0
0
LINE
5
286f
100
AcDbEntity
8
Room Walls
6
Solid
370
9
62
47
100
AcDbLine
10
98704.0
20
-107387.0
30
0.0
11
98693.0
21
-107392.0
31
0.0
0
LINE
5
2871
100
AcDbEntity
8
Room Walls
6
Solid
370
9
62
47
100
AcDbLine
10
98693.0
20
-107392.0
30
0.0
11
98682.0
21
-107393.0
31
0.0
0
LINE
5
2873
100
AcDbEntity
8
Room Walls
6
Solid
370
9
62
47
100
AcDbLine
10
98682.0
20
-107393.0
30
0.0
11
98670.0
21
-107389.0
31
0.0
0
LINE
5
2875
100
AcDbEntity
8
Room Walls
6
Solid
370
9
62
47
100
AcDbLine
10
98670.0
20
-107389.0
30
0.0
11
95745.0
21
-105681.0
31
0.0
0
LINE
5
2877
100
AcDbEntity
8
Room Walls
6
Solid
370
9
62
47
100
AcDbLine
10
95745.0
20
-105681.0
30
0.0
11
95760.0
21
-105655.0
31
0.0
0
LINE
5
2879
100
AcDbEntity
8
Room Walls
6
Solid
370
9
62
47
100
AcDbLine
10
96456.0
20
-104151.0
30
0.0
11
97893.0
21
-101689.0
31
0.0
0
LINE
5
287b
100
AcDbEntity
8
Room Walls
6
Solid
370
9
62
47
100
AcDbLine
10
97893.0
20
-101689.0
30
0.0
11
97908.0
21
-101663.0
31
0.0
0
LINE
5
287d
100
AcDbEntity
8
Room Walls
6
Solid
370
9
62
47
100
AcDbLine
10
97908.0
20
-101663.0
30
0.0
11
98421.0
21
-100784.0
31
0.0
0
LINE
5
287f
100
AcDbEntity
8
Room Walls
6
Solid
370
9
62
47
100
AcDbLine
10
98421.0
20
-100784.0
30
0.0
11
98473.0
21
-100814.0
31
0.0
0
LINE
5
2881
100
AcDbEntity
8
Room Walls
6
Solid
370
9
62
47
100
AcDbLine
10
98473.0
20
-100814.0
30
0.0
11
97960.0
21
-101693.0
31
0.0
0
LINE
5
2883
100
AcDbEntity
8
Room Walls
6
Solid
370
9
62
47
100
AcDbLine
10
97960.0
20
-101693.0
30
0.0
11
98289.0
21
-101886.0
31
0.0
0
LINE
5
2885
100
AcDbEntity
8
Room Walls
6
Solid
370
9
62
47
100
AcDbLine
10
98289.0
20
-101886.0
30
0.0
11
98259.0
21
-101937.0
31
0.0
0
LINE
5
2887
100
AcDbEntity
8
Room Walls
6
Solid
370
9
62
47
100
AcDbLine
10
98259.0
20
-101937.0
30
0.0
11
97930.0
21
-101745.0
31
0.0
0
LINE
5
2889
100
AcDbEntity
8
Room Walls
6
Solid
370
9
62
47
100
AcDbLine
10
97930.0
20
-101745.0
30
0.0
11
96508.0
21
-104181.0
31
0.0
0
LINE
5
288b
100
AcDbEntity
8
Room Walls
6
Solid
370
9
62
47
100
AcDbLine
10
96508.0
20
-104181.0
30
0.0
11
96456.0
21
-104151.0
31
0.0
0
LINE
5
288d
100
AcDbEntity
8
Room Walls
6
Solid
370
9
62
47
100
AcDbLine
10
92880.0
20
-49725.0
30
0.0
11
92887.0
21
-49716.0
31
0.0
0
LINE
5
288f
100
AcDbEntity
8
Room Walls
6
Solid
370
9
62
47
100
AcDbLine
10
92887.0
20
-49716.0
30
0.0
11
92898.0
21
-49711.0
31
0.0
0
LINE
5
2891
100
AcDbEntity
8
Room Walls
6
Solid
370
9
62
47
100
AcDbLine
10
92898.0
20
-49711.0
30
0.0
11
92910.0
21
-49710.0
31
0.0
0
LINE
5
2893
100
AcDbEntity
8
Room Walls
6
Solid
370
9
62
47
100
AcDbLine
10
92910.0
20
-49710.0
30
0.0
11
92921.0
21
-49714.0
31
0.0
0
LINE
5
2895
100
AcDbEntity
8
Room Walls
6
Solid
370
9
62
47
100
AcDbLine
10
92921.0
20
-49714.0
30
0.0
11
95846.0
21
-51422.0
31
0.0
0
LINE
5
2897
100
AcDbEntity
8
Room Walls
6
Solid
370
9
62
47
100
AcDbLine
10
95846.0
20
-51422.0
30
0.0
11
95831.0
21
-51448.0
31
0.0
0
LINE
5
2899
100
AcDbEntity
8
Room Walls
6
Solid
370
9
62
47
100
AcDbLine
10
95831.0
20
-51448.0
30
0.0
11
95857.0
21
-51463.0
31
0.0
0
LINE
5
289b
100
AcDbEntity
8
Room Walls
6
Solid
370
9
62
47
100
AcDbLine
10
95857.0
20
-51463.0
30
0.0
11
95277.0
21
-52456.0
31
0.0
0
LINE
5
289d
100
AcDbEntity
8
Room Walls
6
Solid
370
9
62
47
100
AcDbLine
10
95277.0
20
-52456.0
30
0.0
11
95225.0
21
-52426.0
31
0.0
0
LINE
5
289f
100
AcDbEntity
8
Room Walls
6
Solid
370
9
62
47
100
AcDbLine
10
95225.0
20
-52426.0
30
0.0
11
95790.0
21
-51459.0
31
0.0
0
LINE
5
28a1
100
AcDbEntity
8
Room Walls
6
Solid
370
9
62
47
100
AcDbLine
10
95790.0
20
-51459.0
30
0.0
11
92916.0
21
-49781.0
31
0.0
0
LINE
5
28a3
100
AcDbEntity
8
Room Walls
6
Solid
370
9
62
47
100
AcDbLine
10
92916.0
20
-49781.0
30
0.0
11
92352.0
21
-50748.0
31
0.0
0
LINE
5
28a5
100
AcDbEntity
8
Room Walls
6
Solid
370
9
62
47
100
AcDbLine
10
92352.0
20
-50748.0
30
0.0
11
92300.0
21
-50718.0
31
0.0
0
LINE
5
28a7
100
AcDbEntity
8
Room Walls
6
Solid
370
9
62
47
100
AcDbLine
10
92300.0
20
-50718.0
30
0.0
11
92880.0
21
-49725.0
31
0.0
0
LINE
5
28a9
100
AcDbEntity
8
Room Walls
6
Solid
370
9
62
47
100
AcDbLine
10
93118.0
20
-56289.0
30
0.0
11
93631.0
21
-55409.0
31
0.0
0
LINE
5
28ab
100
AcDbEntity
8
Room Walls
6
Solid
370
9
62
47
100
AcDbLine
10
93631.0
20
-55409.0
30
0.0
11
93302.0
21
-55217.0
31
0.0
0
LINE
5
28ad
100
AcDbEntity
8
Room Walls
6
Solid
370
9
62
47
100
AcDbLine
10
93302.0
20
-55217.0
30
0.0
11
93332.0
21
-55165.0
31
0.0
0
LINE
5
28af
100
AcDbEntity
8
Room Walls
6
Solid
370
9
62
47
100
AcDbLine
10
93332.0
20
-55165.0
30
0.0
11
93661.0
21
-55358.0
31
0.0
0
LINE
5
28b1
100
AcDbEntity
8
Room Walls
6
Solid
370
9
62
47
100
AcDbLine
10
93661.0
20
-55358.0
30
0.0
11
95083.0
21
-52922.0
31
0.0
0
LINE
5
28b3
100
AcDbEntity
8
Room Walls
6
Solid
370
9
62
47
100
AcDbLine
10
95083.0
20
-52922.0
30
0.0
11
95135.0
21
-52952.0
31
0.0
0
LINE
5
28b5
100
AcDbEntity
8
Room Walls
6
Solid
370
9
62
47
100
AcDbLine
10
95135.0
20
-52952.0
30
0.0
11
93698.0
21
-55414.0
31
0.0
0
LINE
5
28b7
100
AcDbEntity
8
Room Walls
6
Solid
370
9
62
47
100
AcDbLine
10
93698.0
20
-55414.0
30
0.0
11
93170.0
21
-56319.0
31
0.0
0
LINE
5
28b9
100
AcDbEntity
8
Room Walls
6
Solid
370
9
62
47
100
AcDbLine
10
93170.0
20
-56319.0
30
0.0
11
93118.0
21
-56289.0
31
0.0
0
LINE
5
28bb
100
AcDbEntity
8
Room Walls
6
Solid
370
9
62
47
100
AcDbLine
10
89734.0
20
-47888.0
30
0.0
11
89742.0
21
-47879.0
31
0.0
0
LINE
5
28bd
100
AcDbEntity
8
Room Walls
6
Solid
370
9
62
47
100
AcDbLine
10
89742.0
20
-47879.0
30
0.0
11
89752.0
21
-47874.0
31
0.0
0
LINE
5
28bf
100
AcDbEntity
8
Room Walls
6
Solid
370
9
62
47
100
AcDbLine
10
89752.0
20
-47874.0
30
0.0
11
89764.0
21
-47874.0
31
0.0
0
LINE
5
28c1
100
AcDbEntity
8
Room Walls
6
Solid
370
9
62
47
100
AcDbLine
10
89764.0
20
-47874.0
30
0.0
11
89775.0
21
-47877.0
31
0.0
0
LINE
5
28c3
100
AcDbEntity
8
Room Walls
6
Solid
370
9
62
47
100
AcDbLine
10
89775.0
20
-47877.0
30
0.0
11
92700.0
21
-49585.0
31
0.0
0
LINE
5
28c5
100
AcDbEntity
8
Room Walls
6
Solid
370
9
62
47
100
AcDbLine
10
92700.0
20
-49585.0
30
0.0
11
92685.0
21
-49611.0
31
0.0
0
LINE
5
28c7
100
AcDbEntity
8
Room Walls
6
Solid
370
9
62
47
100
AcDbLine
10
92685.0
20
-49611.0
30
0.0
11
92711.0
21
-49626.0
31
0.0
0
LINE
5
28c9
100
AcDbEntity
8
Room Walls
6
Solid
370
9
62
47
100
AcDbLine
10
92711.0
20
-49626.0
30
0.0
11
92131.0
21
-50619.0
31
0.0
0
LINE
5
28cb
100
AcDbEntity
8
Room Walls
6
Solid
370
9
62
47
100
AcDbLine
10
92131.0
20
-50619.0
30
0.0
11
92079.0
21
-50589.0
31
0.0
0
LINE
5
28cd
100
AcDbEntity
8
Room Walls
6
Solid
370
9
62
47
100
AcDbLine
10
92079.0
20
-50589.0
30
0.0
11
92644.0
21
-49622.0
31
0.0
0
LINE
5
28cf
100
AcDbEntity
8
Room Walls
6
Solid
370
9
62
47
100
AcDbLine
10
92644.0
20
-49622.0
30
0.0
11
89770.0
21
-47944.0
31
0.0
0
LINE
5
28d1
100
AcDbEntity
8
Room Walls
6
Solid
370
9
62
47
100
AcDbLine
10
89770.0
20
-47944.0
30
0.0
11
89206.0
21
-48912.0
31
0.0
0
LINE
5
28d3
100
AcDbEntity
8
Room Walls
6
Solid
370
9
62
47
100
AcDbLine
10
89206.0
20
-48912.0
30
0.0
11
89154.0
21
-48881.0
31
0.0
0
LINE
5
28d5
100
AcDbEntity
8
Room Walls
6
Solid
370
9
62
47
100
AcDbLine
10
89154.0
20
-48881.0
30
0.0
11
89734.0
21
-47888.0
31
0.0
0
LINE
5
28d7
100
AcDbEntity
8
Room Walls
6
Solid
370
9
62
47
100
AcDbLine
10
92134.0
20
-57974.0
30
0.0
11
92614.0
21
-57152.0
31
0.0
0
LINE
5
28d9
100
AcDbEntity
8
Room Walls
6
Solid
370
9
62
47
100
AcDbLine
10
92614.0
20
-57152.0
30
0.0
11
92666.0
21
-57182.0
31
0.0
0
LINE
5
28db
100
AcDbEntity
8
Room Walls
6
Solid
370
9
62
47
100
AcDbLine
10
92666.0
20
-57182.0
30
0.0
11
92186.0
21
-58004.0
31
0.0
0
POINT
5
28dd
100
AcDbEntity
8
Room Walls
6
Solid
370
9
62
47
100
AcDbPoint
10
92186.0
20
-58004.0
30
0.0
0
POINT
5
28df
100
AcDbEntity
8
Room Walls
6
Solid
370
9
62
47
100
AcDbPoint
10
92186.0
20
-58004.0
30
0.0
0
POINT
5
28e1
100
AcDbEntity
8
Room Walls
6
Solid
370
9
62
47
100
AcDbPoint
10
92186.0
20
-58004.0
30
0.0
0
LINE
5
28e3
100
AcDbEntity
8
Room Walls
6
Solid
370
9
62
47
100
AcDbLine
10
92186.0
20
-58004.0
30
0.0
11
92184.0
21
-58007.0
31
0.0
0
POINT
5
28e5
100
AcDbEntity
8
Room Walls
6
Solid
370
9
62
47
100
AcDbPoint
10
92184.0
20
-58007.0
30
0.0
0
LINE
5
28e7
100
AcDbEntity
8
Room Walls
6
Solid
370
9
62
47
100
AcDbLine
10
92184.0
20
-58007.0
30
0.0
11
92160.0
21
-57989.0
31
0.0
0
LINE
5
28e9
100
AcDbEntity
8
Room Walls
6
Solid
370
9
62
47
100
AcDbLine
10
92160.0
20
-57989.0
30
0.0
11
92134.0
21
-57974.0
31
0.0
0
LINE
5
28eb
100
AcDbEntity
8
Room Walls
6
Solid
370
9
62
47
100
AcDbLine
10
91038.0
20
-53895.0
30
0.0
11
91068.0
21
-53843.0
31
0.0
0
LINE
5
28ed
100
AcDbEntity
8
Room Walls
6
Solid
370
9
62
47
100
AcDbLine
10
91068.0
20
-53843.0
30
0.0
11
92114.0
21
-54454.0
31
0.0
0
LINE
5
28ef
100
AcDbEntity
8
Room Walls
6
Solid
370
9
62
47
100
AcDbLine
10
92114.0
20
-54454.0
30
0.0
11
92469.0
21
-54661.0
31
0.0
0
LINE
5
28f1
100
AcDbEntity
8
Room Walls
6
Solid
370
9
62
47
100
AcDbLine
10
92469.0
20
-54661.0
30
0.0
11
92439.0
21
-54713.0
31
0.0
0
LINE
5
28f3
100
AcDbEntity
8
Room Walls
6
Solid
370
9
62
47
100
AcDbLine
10
92439.0
20
-54713.0
30
0.0
11
92110.0
21
-54521.0
31
0.0
0
LINE
5
28f5
100
AcDbEntity
8
Room Walls
6
Solid
370
9
62
47
100
AcDbLine
10
92110.0
20
-54521.0
30
0.0
11
92025.0
21
-54666.0
31
0.0
0
LINE
5
28f7
100
AcDbEntity
8
Room Walls
6
Solid
370
9
62
47
100
AcDbLine
10
92025.0
20
-54666.0
30
0.0
11
91974.0
21
-54635.0
31
0.0
0
LINE
5
28f9
100
AcDbEntity
8
Room Walls
6
Solid
370
9
62
47
100
AcDbLine
10
91974.0
20
-54635.0
30
0.0
11
92058.0
21
-54491.0
31
0.0
0
LINE
5
28fb
100
AcDbEntity
8
Room Walls
6
Solid
370
9
62
47
100
AcDbLine
10
92058.0
20
-54491.0
30
0.0
11
91038.0
21
-53895.0
31
0.0
0
LINE
5
28fd
100
AcDbEntity
8
Room Walls
6
Solid
370
9
62
47
100
AcDbLine
10
91218.0
20
-55989.0
30
0.0
11
91192.0
21
-55974.0
31
0.0
0
LINE
5
28ff
100
AcDbEntity
8
Room Walls
6
Solid
370
9
62
47
100
AcDbLine
10
91192.0
20
-55974.0
30
0.0
11
91354.0
21
-55695.0
31
0.0
0
LINE
5
2901
100
AcDbEntity
8
Room Walls
6
Solid
370
9
62
47
100
AcDbLine
10
91354.0
20
-55695.0
30
0.0
11
90335.0
21
-55100.0
31
0.0
0
LINE
5
2903
100
AcDbEntity
8
Room Walls
6
Solid
370
9
62
47
100
AcDbLine
10
90335.0
20
-55100.0
30
0.0
11
90365.0
21
-55048.0
31
0.0
0
LINE
5
2905
100
AcDbEntity
8
Room Walls
6
Solid
370
9
62
47
100
AcDbLine
10
90365.0
20
-55048.0
30
0.0
11
91385.0
21
-55643.0
31
0.0
0
LINE
5
2907
100
AcDbEntity
8
Room Walls
6
Solid
370
9
62
47
100
AcDbLine
10
91385.0
20
-55643.0
30
0.0
11
91469.0
21
-55499.0
31
0.0
0
LINE
5
2909
100
AcDbEntity
8
Room Walls
6
Solid
370
9
62
47
100
AcDbLine
10
91469.0
20
-55499.0
30
0.0
11
91521.0
21
-55529.0
31
0.0
0
LINE
5
290b
100
AcDbEntity
8
Room Walls
6
Solid
370
9
62
47
100
AcDbLine
10
91521.0
20
-55529.0
30
0.0
11
91244.0
21
-56004.0
31
0.0
0
LINE
5
290d
100
AcDbEntity
8
Room Walls
6
Solid
370
9
62
47
100
AcDbLine
10
91244.0
20
-56004.0
30
0.0
11
91218.0
21
-55989.0
31
0.0
0
LINE
5
290f
100
AcDbEntity
8
Room Walls
6
Solid
370
9
62
47
100
AcDbLine
10
90578.0
20
-60715.0
30
0.0
11
90544.0
21
-60696.0
31
0.0
0
LINE
5
2911
100
AcDbEntity
8
Room Walls
6
Solid
370
9
62
47
100
AcDbLine
10
90544.0
20
-60696.0
30
0.0
11
91024.0
21
-59873.0
31
0.0
0
LINE
5
2913
100
AcDbEntity
8
Room Walls
6
Solid
370
9
62
47
100
AcDbLine
10
91024.0
20
-59873.0
30
0.0
11
91025.0
21
-59874.0
31
0.0
0
POINT
5
2915
100
AcDbEntity
8
Room Walls
6
Solid
370
9
62
47
100
AcDbPoint
10
91025.0
20
-59874.0
30
0.0
0
LINE
5
2917
100
AcDbEntity
8
Room Walls
6
Solid
370
9
62
47
100
AcDbLine
10
91025.0
20
-59874.0
30
0.0
11
91077.0
21
-59904.0
31
0.0
0
LINE
5
2919
100
AcDbEntity
8
Room Walls
6
Solid
370
9
62
47
100
AcDbLine
10
91077.0
20
-59904.0
30
0.0
11
90597.0
21
-60726.0
31
0.0
0
LINE
5
291b
100
AcDbEntity
8
Room Walls
6
Solid
370
9
62
47
100
AcDbLine
10
90597.0
20
-60726.0
30
0.0
11
90596.0
21
-60726.0
31
0.0
0
LINE
5
291d
100
AcDbEntity
8
Room Walls
6
Solid
370
9
62
47
100
AcDbLine
10
90596.0
20
-60726.0
30
0.0
11
90578.0
21
-60715.0
31
0.0
0
LINE
5
291f
100
AcDbEntity
8
Room Walls
6
Solid
370
9
62
47
100
AcDbLine
10
87380.0
20
-66430.0
30
0.0
11
87354.0
21
-66415.0
31
0.0
0
LINE
5
2921
100
AcDbEntity
8
Room Walls
6
Solid
370
9
62
47
100
AcDbLine
10
87354.0
20
-66415.0
30
0.0
11
87933.0
21
-65422.0
31
0.0
0
LINE
5
2923
100
AcDbEntity
8
Room Walls
6
Solid
370
9
62
47
100
AcDbLine
10
87933.0
20
-65422.0
30
0.0
11
87985.0
21
-65452.0
31
0.0
0
LINE
5
2925
100
AcDbEntity
8
Room Walls
6
Solid
370
9
62
47
100
AcDbLine
10
87985.0
20
-65452.0
30
0.0
11
87421.0
21
-66420.0
31
0.0
0
LINE
5
2927
100
AcDbEntity
8
Room Walls
6
Solid
370
9
62
47
100
AcDbLine
10
87421.0
20
-66420.0
30
0.0
11
90232.0
21
-68061.0
31
0.0
0
LINE
5
2929
100
AcDbEntity
8
Room Walls
6
Solid
370
9
62
47
100
AcDbLine
10
90232.0
20
-68061.0
30
0.0
11
90796.0
21
-67094.0
31
0.0
0
LINE
5
292b
100
AcDbEntity
8
Room Walls
6
Solid
370
9
62
47
100
AcDbLine
10
90796.0
20
-67094.0
30
0.0
11
90848.0
21
-67124.0
31
0.0
0
LINE
5
292d
100
AcDbEntity
8
Room Walls
6
Solid
370
9
62
47
100
AcDbLine
10
90848.0
20
-67124.0
30
0.0
11
90268.0
21
-68117.0
31
0.0
0
LINE
5
292f
100
AcDbEntity
8
Room Walls
6
Solid
370
9
62
47
100
AcDbLine
10
90268.0
20
-68117.0
30
0.0
11
90261.0
21
-68126.0
31
0.0
0
LINE
5
2931
100
AcDbEntity
8
Room Walls
6
Solid
370
9
62
47
100
AcDbLine
10
90261.0
20
-68126.0
30
0.0
11
90250.0
21
-68131.0
31
0.0
0
LINE
5
2933
100
AcDbEntity
8
Room Walls
6
Solid
370
9
62
47
100
AcDbLine
10
90250.0
20
-68131.0
30
0.0
11
90238.0
21
-68132.0
31
0.0
0
LINE
5
2935
100
AcDbEntity
8
Room Walls
6
Solid
370
9
62
47
100
AcDbLine
10
90238.0
20
-68132.0
30
0.0
11
90227.0
21
-68128.0
31
0.0
0
LINE
5
2937
100
AcDbEntity
8
Room Walls
6
Solid
370
9
62
47
100
AcDbLine
10
90227.0
20
-68128.0
30
0.0
11
87364.0
21
-66456.0
31
0.0
0
LINE
5
2939
100
AcDbEntity
8
Room Walls
6
Solid
370
9
62
47
100
AcDbLine
10
87364.0
20
-66456.0
30
0.0
11
87380.0
21
-66430.0
31
0.0
0
LINE
5
293b
100
AcDbEntity
8
Room Walls
6
Solid
370
9
62
47
100
AcDbLine
10
90688.0
20
-56837.0
30
0.0
11
90739.0
21
-56867.0
31
0.0
0
LINE
5
293d
100
AcDbEntity
8
Room Walls
6
Solid
370
9
62
47
100
AcDbLine
10
90739.0
20
-56867.0
30
0.0
11
90612.0
21
-57086.0
31
0.0
0
LINE
5
293f
100
AcDbEntity
8
Room Walls
6
Solid
370
9
62
47
100
AcDbLine
10
90612.0
20
-57086.0
30
0.0
11
90560.0
21
-57055.0
31
0.0
0
LINE
5
2941
100
AcDbEntity
8
Room Walls
6
Solid
370
9
62
47
100
AcDbLine
10
90560.0
20
-57055.0
30
0.0
11
90688.0
21
-56837.0
31
0.0
0
POINT
5
2943
100
AcDbEntity
8
Room Walls
6
Solid
370
9
62
47
100
AcDbPoint
10
88075.0
20
-64926.0
30
0.0
0
LINE
5
2945
100
AcDbEntity
8
Room Walls
6
Solid
370
9
62
47
100
AcDbLine
10
88075.0
20
-64926.0
30
0.0
11
89497.0
21
-62490.0
31
0.0
0
LINE
5
2947
100
AcDbEntity
8
Room Walls
6
Solid
370
9
62
47
100
AcDbLine
10
89497.0
20
-62490.0
30
0.0
11
89168.0
21
-62298.0
31
0.0
0
LINE
5
2949
100
AcDbEntity
8
Room Walls
6
Solid
370
9
62
47
100
AcDbLine
10
89168.0
20
-62298.0
30
0.0
11
89183.0
21
-62272.0
31
0.0
0
LINE
5
294b
100
AcDbEntity
8
Room Walls
6
Solid
370
9
62
47
100
AcDbLine
10
89183.0
20
-62272.0
30
0.0
11
89198.0
21
-62246.0
31
0.0
0
LINE
5
294d
100
AcDbEntity
8
Room Walls
6
Solid
370
9
62
47
100
AcDbLine
10
89198.0
20
-62246.0
30
0.0
11
89527.0
21
-62438.0
31
0.0
0
LINE
5
294f
100
AcDbEntity
8
Room Walls
6
Solid
370
9
62
47
100
AcDbLine
10
89527.0
20
-62438.0
30
0.0
11
90040.0
21
-61559.0
31
0.0
0
LINE
5
2951
100
AcDbEntity
8
Room Walls
6
Solid
370
9
62
47
100
AcDbLine
10
90040.0
20
-61559.0
30
0.0
11
90041.0
21
-61560.0
31
0.0
0
LINE
5
2953
100
AcDbEntity
8
Room Walls
6
Solid
370
9
62
47
100
AcDbLine
10
90041.0
20
-61560.0
30
0.0
11
90092.0
21
-61590.0
31
0.0
0
POINT
5
2955
100
AcDbEntity
8
Room Walls
6
Solid
370
9
62
47
100
AcDbPoint
10
90092.0
20
-61590.0
30
0.0
0
LINE
5
2957
100
AcDbEntity
8
Room Walls
6
Solid
370
9
62
47
100
AcDbLine
10
90092.0
20
-61590.0
30
0.0
11
88127.0
21
-64956.0
31
0.0
0
LINE
5
2959
100
AcDbEntity
8
Room Walls
6
Solid
370
9
62
47
100
AcDbLine
10
88127.0
20
-64956.0
30
0.0
11
88095.0
21
-64937.0
31
0.0
0
LINE
5
295b
100
AcDbEntity
8
Room Walls
6
Solid
370
9
62
47
100
AcDbLine
10
88095.0
20
-64937.0
30
0.0
11
88075.0
21
-64926.0
31
0.0
0
LINE
5
295d
100
AcDbEntity
8
Room Walls
6
Solid
370
9
62
47
100
AcDbLine
10
89451.0
20
-58955.0
30
0.0
11
89477.0
21
-58970.0
31
0.0
0
LINE
5
295f
100
AcDbEntity
8
Room Walls
6
Solid
370
9
62
47
100
AcDbLine
10
89477.0
20
-58970.0
30
0.0
11
89503.0
21
-58985.0
31
0.0
0
LINE
5
2961
100
AcDbEntity
8
Room Walls
6
Solid
370
9
62
47
100
AcDbLine
10
89503.0
20
-58985.0
30
0.0
11
89375.0
21
-59204.0
31
0.0
0
LINE
5
2963
100
AcDbEntity
8
Room Walls
6
Solid
370
9
62
47
100
AcDbLine
10
89375.0
20
-59204.0
30
0.0
11
89324.0
21
-59173.0
31
0.0
0
LINE
5
2965
100
AcDbEntity
8
Room Walls
6
Solid
370
9
62
47
100
AcDbLine
10
89324.0
20
-59173.0
30
0.0
11
89451.0
21
-58955.0
31
0.0
0
LINE
5
2967
100
AcDbEntity
8
Room Walls
6
Solid
370
9
62
47
100
AcDbLine
10
83677.0
20
-44352.0
30
0.0
11
83685.0
21
-44343.0
31
0.0
0
LINE
5
2969
100
AcDbEntity
8
Room Walls
6
Solid
370
9
62
47
100
AcDbLine
10
83685.0
20
-44343.0
30
0.0
11
83695.0
21
-44338.0
31
0.0
0
LINE
5
296b
100
AcDbEntity
8
Room Walls
6
Solid
370
9
62
47
100
AcDbLine
10
83695.0
20
-44338.0
30
0.0
11
83707.0
21
-44337.0
31
0.0
0
LINE
5
296d
100
AcDbEntity
8
Room Walls
6
Solid
370
9
62
47
100
AcDbLine
10
83707.0
20
-44337.0
30
0.0
11
83718.0
21
-44341.0
31
0.0
0
LINE
5
296f
100
AcDbEntity
8
Room Walls
6
Solid
370
9
62
47
100
AcDbLine
10
83718.0
20
-44341.0
30
0.0
11
89319.0
21
-47611.0
31
0.0
0
LINE
5
2971
100
AcDbEntity
8
Room Walls
6
Solid
370
9
62
47
100
AcDbLine
10
89319.0
20
-47611.0
30
0.0
11
89304.0
21
-47637.0
31
0.0
0
LINE
5
2973
100
AcDbEntity
8
Room Walls
6
Solid
370
9
62
47
100
AcDbLine
10
89304.0
20
-47637.0
30
0.0
11
89330.0
21
-47652.0
31
0.0
0
LINE
5
2975
100
AcDbEntity
8
Room Walls
6
Solid
370
9
62
47
100
AcDbLine
10
89330.0
20
-47652.0
30
0.0
11
88750.0
21
-48645.0
31
0.0
0
LINE
5
2977
100
AcDbEntity
8
Room Walls
6
Solid
370
9
62
47
100
AcDbLine
10
88750.0
20
-48645.0
30
0.0
11
88698.0
21
-48615.0
31
0.0
0
LINE
5
2979
100
AcDbEntity
8
Room Walls
6
Solid
370
9
62
47
100
AcDbLine
10
88698.0
20
-48615.0
30
0.0
11
89263.0
21
-47648.0
31
0.0
0
LINE
5
297b
100
AcDbEntity
8
Room Walls
6
Solid
370
9
62
47
100
AcDbLine
10
89263.0
20
-47648.0
30
0.0
11
83714.0
21
-44408.0
31
0.0
0
LINE
5
297d
100
AcDbEntity
8
Room Walls
6
Solid
370
9
62
47
100
AcDbLine
10
83714.0
20
-44408.0
30
0.0
11
83149.0
21
-45375.0
31
0.0
0
LINE
5
297f
100
AcDbEntity
8
Room Walls
6
Solid
370
9
62
47
100
AcDbLine
10
83149.0
20
-45375.0
30
0.0
11
83097.0
21
-45345.0
31
0.0
0
LINE
5
2981
100
AcDbEntity
8
Room Walls
6
Solid
370
9
62
47
100
AcDbLine
10
83097.0
20
-45345.0
30
0.0
11
83677.0
21
-44352.0
31
0.0
0
LINE
5
2983
100
AcDbEntity
8
Room Walls
6
Solid
370
9
62
47
100
AcDbLine
10
87802.0
20
-53801.0
30
0.0
11
87832.0
21
-53749.0
31
0.0
0
LINE
5
2985
100
AcDbEntity
8
Room Walls
6
Solid
370
9
62
47
100
AcDbLine
10
87832.0
20
-53749.0
30
0.0
11
88187.0
21
-53956.0
31
0.0
0
LINE
5
2987
100
AcDbEntity
8
Room Walls
6
Solid
370
9
62
47
100
AcDbLine
10
88187.0
20
-53956.0
30
0.0
11
89233.0
21
-54567.0
31
0.0
0
LINE
5
2989
100
AcDbEntity
8
Room Walls
6
Solid
370
9
62
47
100
AcDbLine
10
89233.0
20
-54567.0
30
0.0
11
89203.0
21
-54619.0
31
0.0
0
LINE
5
298b
100
AcDbEntity
8
Room Walls
6
Solid
370
9
62
47
100
AcDbLine
10
89203.0
20
-54619.0
30
0.0
11
88183.0
21
-54023.0
31
0.0
0
LINE
5
298d
100
AcDbEntity
8
Room Walls
6
Solid
370
9
62
47
100
AcDbLine
10
88183.0
20
-54023.0
30
0.0
11
88059.0
21
-54235.0
31
0.0
0
LINE
5
298f
100
AcDbEntity
8
Room Walls
6
Solid
370
9
62
47
100
AcDbLine
10
88059.0
20
-54235.0
30
0.0
11
88007.0
21
-54204.0
31
0.0
0
LINE
5
2991
100
AcDbEntity
8
Room Walls
6
Solid
370
9
62
47
100
AcDbLine
10
88007.0
20
-54204.0
30
0.0
11
88131.0
21
-53993.0
31
0.0
0
LINE
5
2993
100
AcDbEntity
8
Room Walls
6
Solid
370
9
62
47
100
AcDbLine
10
88131.0
20
-53993.0
30
0.0
11
87802.0
21
-53801.0
31
0.0
0
LINE
5
2995
100
AcDbEntity
8
Room Walls
6
Solid
370
9
62
47
100
AcDbLine
10
88877.0
20
-56188.0
30
0.0
11
88862.0
21
-56214.0
31
0.0
0
LINE
5
2997
100
AcDbEntity
8
Room Walls
6
Solid
370
9
62
47
100
AcDbLine
10
88862.0
20
-56214.0
30
0.0
11
88594.0
21
-56058.0
31
0.0
0
LINE
5
2999
100
AcDbEntity
8
Room Walls
6
Solid
370
9
62
47
100
AcDbLine
10
88594.0
20
-56058.0
30
0.0
11
88625.0
21
-56006.0
31
0.0
0
LINE
5
299b
100
AcDbEntity
8
Room Walls
6
Solid
370
9
62
47
100
AcDbLine
10
88625.0
20
-56006.0
30
0.0
11
88892.0
21
-56163.0
31
0.0
0
LINE
5
299d
100
AcDbEntity
8
Room Walls
6
Solid
370
9
62
47
100
AcDbLine
10
88892.0
20
-56163.0
30
0.0
11
88877.0
21
-56188.0
31
0.0
0
LINE
5
299f
100
AcDbEntity
8
Room Walls
6
Solid
370
9
62
47
100
AcDbLine
10
87607.0
20
-59772.0
30
0.0
11
87637.0
21
-59720.0
31
0.0
0
LINE
5
29a1
100
AcDbEntity
8
Room Walls
6
Solid
370
9
62
47
100
AcDbLine
10
87637.0
20
-59720.0
30
0.0
11
88657.0
21
-60315.0
31
0.0
0
LINE
5
29a3
100
AcDbEntity
8
Room Walls
6
Solid
370
9
62
47
100
AcDbLine
10
88657.0
20
-60315.0
30
0.0
11
88820.0
21
-60037.0
31
0.0
0
LINE
5
29a5
100
AcDbEntity
8
Room Walls
6
Solid
370
9
62
47
100
AcDbLine
10
88820.0
20
-60037.0
30
0.0
11
88871.0
21
-60067.0
31
0.0
0
LINE
5
29a7
100
AcDbEntity
8
Room Walls
6
Solid
370
9
62
47
100
AcDbLine
10
88871.0
20
-60067.0
30
0.0
11
88694.0
21
-60372.0
31
0.0
0
LINE
5
29a9
100
AcDbEntity
8
Room Walls
6
Solid
370
9
62
47
100
AcDbLine
10
88694.0
20
-60372.0
30
0.0
11
88594.0
21
-60542.0
31
0.0
0
LINE
5
29ab
100
AcDbEntity
8
Room Walls
6
Solid
370
9
62
47
100
AcDbLine
10
88594.0
20
-60542.0
30
0.0
11
88542.0
21
-60512.0
31
0.0
0
LINE
5
29ad
100
AcDbEntity
8
Room Walls
6
Solid
370
9
62
47
100
AcDbLine
10
88542.0
20
-60512.0
30
0.0
11
88627.0
21
-60367.0
31
0.0
0
LINE
5
29af
100
AcDbEntity
8
Room Walls
6
Solid
370
9
62
47
100
AcDbLine
10
88627.0
20
-60367.0
30
0.0
11
87607.0
21
-59772.0
31
0.0
0
LINE
5
29b1
100
AcDbEntity
8
Room Walls
6
Solid
370
9
62
47
100
AcDbLine
10
86904.0
20
-60977.0
30
0.0
11
86934.0
21
-60925.0
31
0.0
0
LINE
5
29b3
100
AcDbEntity
8
Room Walls
6
Solid
370
9
62
47
100
AcDbLine
10
86934.0
20
-60925.0
30
0.0
11
87954.0
21
-61520.0
31
0.0
0
LINE
5
29b5
100
AcDbEntity
8
Room Walls
6
Solid
370
9
62
47
100
AcDbLine
10
87954.0
20
-61520.0
30
0.0
11
88038.0
21
-61376.0
31
0.0
0
LINE
5
29b7
100
AcDbEntity
8
Room Walls
6
Solid
370
9
62
47
100
AcDbLine
10
88038.0
20
-61376.0
30
0.0
11
88090.0
21
-61406.0
31
0.0
0
LINE
5
29b9
100
AcDbEntity
8
Room Walls
6
Solid
370
9
62
47
100
AcDbLine
10
88090.0
20
-61406.0
30
0.0
11
88006.0
21
-61551.0
31
0.0
0
POINT
5
29bb
100
AcDbEntity
8
Room Walls
6
Solid
370
9
62
47
100
AcDbPoint
10
88006.0
20
-61551.0
30
0.0
0
LINE
5
29bd
100
AcDbEntity
8
Room Walls
6
Solid
370
9
62
47
100
AcDbLine
10
88006.0
20
-61551.0
30
0.0
11
88334.0
21
-61742.0
31
0.0
0
LINE
5
29bf
100
AcDbEntity
8
Room Walls
6
Solid
370
9
62
47
100
AcDbLine
10
88334.0
20
-61742.0
30
0.0
11
88304.0
21
-61794.0
31
0.0
0
LINE
5
29c1
100
AcDbEntity
8
Room Walls
6
Solid
370
9
62
47
100
AcDbLine
10
88304.0
20
-61794.0
30
0.0
11
87950.0
21
-61587.0
31
0.0
0
LINE
5
29c3
100
AcDbEntity
8
Room Walls
6
Solid
370
9
62
47
100
AcDbLine
10
87950.0
20
-61587.0
30
0.0
11
86904.0
21
-60977.0
31
0.0
0
LINE
5
29c5
100
AcDbEntity
8
Room Walls
6
Solid
370
9
62
47
100
AcDbLine
10
87503.0
20
-55068.0
30
0.0
11
87529.0
21
-55083.0
31
0.0
0
LINE
5
29c7
100
AcDbEntity
8
Room Walls
6
Solid
370
9
62
47
100
AcDbLine
10
87529.0
20
-55083.0
30
0.0
11
87555.0
21
-55098.0
31
0.0
0
LINE
5
29c9
100
AcDbEntity
8
Room Walls
6
Solid
370
9
62
47
100
AcDbLine
10
87555.0
20
-55098.0
30
0.0
11
87467.0
21
-55249.0
31
0.0
0
LINE
5
29cb
100
AcDbEntity
8
Room Walls
6
Solid
370
9
62
47
100
AcDbLine
10
87467.0
20
-55249.0
30
0.0
11
87415.0
21
-55219.0
31
0.0
0
LINE
5
29cd
100
AcDbEntity
8
Room Walls
6
Solid
370
9
62
47
100
AcDbLine
10
87415.0
20
-55219.0
30
0.0
11
87503.0
21
-55068.0
31
0.0
0
LINE
5
29cf
100
AcDbEntity
8
Room Walls
6
Solid
370
9
62
47
100
AcDbLine
10
86437.0
20
-60565.0
30
0.0
11
86412.0
21
-60550.0
31
0.0
0
LINE
5
29d1
100
AcDbEntity
8
Room Walls
6
Solid
370
9
62
47
100
AcDbLine
10
86412.0
20
-60550.0
30
0.0
11
87024.0
21
-59501.0
31
0.0
0
LINE
5
29d3
100
AcDbEntity
8
Room Walls
6
Solid
370
9
62
47
100
AcDbLine
10
87024.0
20
-59501.0
30
0.0
11
87076.0
21
-59532.0
31
0.0
0
LINE
5
29d5
100
AcDbEntity
8
Room Walls
6
Solid
370
9
62
47
100
AcDbLine
10
87076.0
20
-59532.0
30
0.0
11
86463.0
21
-60581.0
31
0.0
0
LINE
5
29d7
100
AcDbEntity
8
Room Walls
6
Solid
370
9
62
47
100
AcDbLine
10
86463.0
20
-60581.0
30
0.0
11
86437.0
21
-60565.0
31
0.0
0
LINE
5
29d9
100
AcDbEntity
8
Room Walls
6
Solid
370
9
62
47
100
AcDbLine
10
86670.0
20
-53140.0
30
0.0
11
86700.0
21
-53088.0
31
0.0
0
LINE
5
29db
100
AcDbEntity
8
Room Walls
6
Solid
370
9
62
47
100
AcDbLine
10
86700.0
20
-53088.0
30
0.0
11
86969.0
21
-53245.0
31
0.0
0
LINE
5
29dd
100
AcDbEntity
8
Room Walls
6
Solid
370
9
62
47
100
AcDbLine
10
86969.0
20
-53245.0
30
0.0
11
86939.0
21
-53297.0
31
0.0
0
LINE
5
29df
100
AcDbEntity
8
Room Walls
6
Solid
370
9
62
47
100
AcDbLine
10
86939.0
20
-53297.0
30
0.0
11
86670.0
21
-53140.0
31
0.0
0
LINE
5
29e1
100
AcDbEntity
8
Room Walls
6
Solid
370
9
62
47
100
AcDbLine
10
85397.0
20
-58676.0
30
0.0
11
85497.0
21
-58505.0
31
0.0
0
LINE
5
29e3
100
AcDbEntity
8
Room Walls
6
Solid
370
9
62
47
100
AcDbLine
10
85497.0
20
-58505.0
30
0.0
11
85674.0
21
-58201.0
31
0.0
0
LINE
5
29e5
100
AcDbEntity
8
Room Walls
6
Solid
370
9
62
47
100
AcDbLine
10
85674.0
20
-58201.0
30
0.0
11
85726.0
21
-58231.0
31
0.0
0
LINE
5
29e7
100
AcDbEntity
8
Room Walls
6
Solid
370
9
62
47
100
AcDbLine
10
85726.0
20
-58231.0
30
0.0
11
85564.0
21
-58509.0
31
0.0
0
LINE
5
29e9
100
AcDbEntity
8
Room Walls
6
Solid
370
9
62
47
100
AcDbLine
10
85564.0
20
-58509.0
30
0.0
11
86584.0
21
-59105.0
31
0.0
0
LINE
5
29eb
100
AcDbEntity
8
Room Walls
6
Solid
370
9
62
47
100
AcDbLine
10
86584.0
20
-59105.0
30
0.0
11
86554.0
21
-59157.0
31
0.0
0
LINE
5
29ed
100
AcDbEntity
8
Room Walls
6
Solid
370
9
62
47
100
AcDbLine
10
86554.0
20
-59157.0
30
0.0
11
85533.0
21
-58561.0
31
0.0
0
LINE
5
29ef
100
AcDbEntity
8
Room Walls
6
Solid
370
9
62
47
100
AcDbLine
10
85533.0
20
-58561.0
30
0.0
11
85449.0
21
-58706.0
31
0.0
0
LINE
5
29f1
100
AcDbEntity
8
Room Walls
6
Solid
370
9
62
47
100
AcDbLine
10
85449.0
20
-58706.0
30
0.0
11
85397.0
21
-58676.0
31
0.0
0
LINE
5
29f3
100
AcDbEntity
8
Room Walls
6
Solid
370
9
62
47
100
AcDbLine
10
86230.0
20
-57368.0
30
0.0
11
86178.0
21
-57337.0
31
0.0
0
LINE
5
29f5
100
AcDbEntity
8
Room Walls
6
Solid
370
9
62
47
100
AcDbLine
10
86178.0
20
-57337.0
30
0.0
11
86306.0
21
-57119.0
31
0.0
0
LINE
5
29f7
100
AcDbEntity
8
Room Walls
6
Solid
370
9
62
47
100
AcDbLine
10
86306.0
20
-57119.0
30
0.0
11
86358.0
21
-57149.0
31
0.0
0
LINE
5
29f9
100
AcDbEntity
8
Room Walls
6
Solid
370
9
62
47
100
AcDbLine
10
86358.0
20
-57149.0
30
0.0
11
86230.0
21
-57368.0
31
0.0
0
LINE
5
29fb
100
AcDbEntity
8
Room Walls
6
Solid
370
9
62
47
100
AcDbLine
10
79597.0
20
-50805.0
30
0.0
11
79627.0
21
-50753.0
31
0.0
0
LINE
5
29fd
100
AcDbEntity
8
Room Walls
6
Solid
370
9
62
47
100
AcDbLine
10
79627.0
20
-50753.0
30
0.0
11
82661.0
21
-52524.0
31
0.0
0
LINE
5
29ff
100
AcDbEntity
8
Room Walls
6
Solid
370
9
62
47
100
AcDbLine
10
82661.0
20
-52524.0
30
0.0
11
82838.0
21
-52221.0
31
0.0
0
LINE
5
2a01
100
AcDbEntity
8
Room Walls
6
Solid
370
9
62
47
100
AcDbLine
10
82838.0
20
-52221.0
30
0.0
11
82898.0
21
-52119.0
31
0.0
0
LINE
5
2a03
100
AcDbEntity
8
Room Walls
6
Solid
370
9
62
47
100
AcDbLine
10
82898.0
20
-52119.0
30
0.0
11
82913.0
21
-52093.0
31
0.0
0
LINE
5
2a05
100
AcDbEntity
8
Room Walls
6
Solid
370
9
62
47
100
AcDbLine
10
82913.0
20
-52093.0
30
0.0
11
83452.0
21
-51169.0
31
0.0
0
LINE
5
2a07
100
AcDbEntity
8
Room Walls
6
Solid
370
9
62
47
100
AcDbLine
10
83452.0
20
-51169.0
30
0.0
11
83467.0
21
-51143.0
31
0.0
0
LINE
5
2a09
100
AcDbEntity
8
Room Walls
6
Solid
370
9
62
47
100
AcDbLine
10
83467.0
20
-51143.0
30
0.0
11
83792.0
21
-50587.0
31
0.0
0
LINE
5
2a0b
100
AcDbEntity
8
Room Walls
6
Solid
370
9
62
47
100
AcDbLine
10
83792.0
20
-50587.0
30
0.0
11
84259.0
21
-49787.0
31
0.0
0
LINE
5
2a0d
100
AcDbEntity
8
Room Walls
6
Solid
370
9
62
47
100
AcDbLine
10
84259.0
20
-49787.0
30
0.0
11
85646.0
21
-47412.0
31
0.0
0
LINE
5
2a0f
100
AcDbEntity
8
Room Walls
6
Solid
370
9
62
47
100
AcDbLine
10
85646.0
20
-47412.0
30
0.0
11
85697.0
21
-47442.0
31
0.0
0
LINE
5
2a11
100
AcDbEntity
8
Room Walls
6
Solid
370
9
62
47
100
AcDbLine
10
85697.0
20
-47442.0
30
0.0
11
84326.0
21
-49791.0
31
0.0
0
LINE
5
2a13
100
AcDbEntity
8
Room Walls
6
Solid
370
9
62
47
100
AcDbLine
10
84326.0
20
-49791.0
30
0.0
11
86114.0
21
-50835.0
31
0.0
0
LINE
5
2a15
100
AcDbEntity
8
Room Walls
6
Solid
370
9
62
47
100
AcDbLine
10
86114.0
20
-50835.0
30
0.0
11
86122.0
21
-50843.0
31
0.0
0
LINE
5
2a17
100
AcDbEntity
8
Room Walls
6
Solid
370
9
62
47
100
AcDbLine
10
86122.0
20
-50843.0
30
0.0
11
86128.0
21
-50853.0
31
0.0
0
LINE
5
2a19
100
AcDbEntity
8
Room Walls
6
Solid
370
9
62
47
100
AcDbLine
10
86128.0
20
-50853.0
30
0.0
11
86128.0
21
-50865.0
31
0.0
0
LINE
5
2a1b
100
AcDbEntity
8
Room Walls
6
Solid
370
9
62
47
100
AcDbLine
10
86128.0
20
-50865.0
30
0.0
11
86124.0
21
-50876.0
31
0.0
0
LINE
5
2a1d
100
AcDbEntity
8
Room Walls
6
Solid
370
9
62
47
100
AcDbLine
10
86124.0
20
-50876.0
30
0.0
11
85333.0
21
-52232.0
31
0.0
0
LINE
5
2a1f
100
AcDbEntity
8
Room Walls
6
Solid
370
9
62
47
100
AcDbLine
10
85333.0
20
-52232.0
30
0.0
11
85318.0
21
-52258.0
31
0.0
0
POINT
5
2a21
100
AcDbEntity
8
Room Walls
6
Solid
370
9
62
47
100
AcDbPoint
10
85318.0
20
-52258.0
30
0.0
0
LINE
5
2a23
100
AcDbEntity
8
Room Walls
6
Solid
370
9
62
47
100
AcDbLine
10
85318.0
20
-52258.0
30
0.0
11
84763.0
21
-53208.0
31
0.0
0
LINE
5
2a25
100
AcDbEntity
8
Room Walls
6
Solid
370
9
62
47
100
AcDbLine
10
84763.0
20
-53208.0
30
0.0
11
84526.0
21
-53614.0
31
0.0
0
LINE
5
2a27
100
AcDbEntity
8
Room Walls
6
Solid
370
9
62
47
100
AcDbLine
10
84526.0
20
-53614.0
30
0.0
11
85746.0
21
-54326.0
31
0.0
0
LINE
5
2a29
100
AcDbEntity
8
Room Walls
6
Solid
370
9
62
47
100
AcDbLine
10
85746.0
20
-54326.0
30
0.0
11
85716.0
21
-54378.0
31
0.0
0
LINE
5
2a2b
100
AcDbEntity
8
Room Walls
6
Solid
370
9
62
47
100
AcDbLine
10
85716.0
20
-54378.0
30
0.0
11
84470.0
21
-53650.0
31
0.0
0
POINT
5
2a2d
100
AcDbEntity
8
Room Walls
6
Solid
370
9
62
47
100
AcDbPoint
10
84470.0
20
-53650.0
30
0.0
0
LINE
5
2a2f
100
AcDbEntity
8
Room Walls
6
Solid
370
9
62
47
100
AcDbLine
10
84470.0
20
-53650.0
30
0.0
11
84444.0
21
-53635.0
31
0.0
0
LINE
5
2a31
100
AcDbEntity
8
Room Walls
6
Solid
370
9
62
47
100
AcDbLine
10
84444.0
20
-53635.0
30
0.0
11
82656.0
21
-52591.0
31
0.0
0
POINT
5
2a33
100
AcDbEntity
8
Room Walls
6
Solid
370
9
62
47
100
AcDbPoint
10
82656.0
20
-52591.0
30
0.0
0
POINT
5
2a35
100
AcDbEntity
8
Room Walls
6
Solid
370
9
62
47
100
AcDbPoint
10
82656.0
20
-52591.0
30
0.0
0
LINE
5
2a37
100
AcDbEntity
8
Room Walls
6
Solid
370
9
62
47
100
AcDbLine
10
82656.0
20
-52591.0
30
0.0
11
79597.0
21
-50805.0
31
0.0
0
LINE
5
2a39
100
AcDbEntity
8
Room Walls
6
Solid
370
9
62
47
100
AcDbLine
10
82965.0
20
-52123.0
30
0.0
11
84726.0
21
-53151.0
31
0.0
0
LINE
5
2a3b
100
AcDbEntity
8
Room Walls
6
Solid
370
9
62
47
100
AcDbLine
10
84726.0
20
-53151.0
30
0.0
11
85251.0
21
-52253.0
31
0.0
0
LINE
5
2a3d
100
AcDbEntity
8
Room Walls
6
Solid
370
9
62
47
100
AcDbLine
10
85251.0
20
-52253.0
30
0.0
11
83489.0
21
-51225.0
31
0.0
0
LINE
5
2a3f
100
AcDbEntity
8
Room Walls
6
Solid
370
9
62
47
100
AcDbLine
10
83489.0
20
-51225.0
30
0.0
11
82965.0
21
-52123.0
31
0.0
0
LINE
5
2a41
100
AcDbEntity
8
Room Walls
6
Solid
370
9
62
47
100
AcDbLine
10
84696.0
20
-53203.0
30
0.0
11
82934.0
21
-52175.0
31
0.0
0
LINE
5
2a43
100
AcDbEntity
8
Room Walls
6
Solid
370
9
62
47
100
AcDbLine
10
82934.0
20
-52175.0
30
0.0
11
82713.0
21
-52555.0
31
0.0
0
LINE
5
2a45
100
AcDbEntity
8
Room Walls
6
Solid
370
9
62
47
100
AcDbLine
10
82713.0
20
-52555.0
30
0.0
11
84474.0
21
-53583.0
31
0.0
0
LINE
5
2a47
100
AcDbEntity
8
Room Walls
6
Solid
370
9
62
47
100
AcDbLine
10
84474.0
20
-53583.0
30
0.0
11
84696.0
21
-53203.0
31
0.0
0
POINT
5
2a49
100
AcDbEntity
8
Room Walls
6
Solid
370
9
62
47
100
AcDbPoint
10
85281.0
20
-52202.0
30
0.0
0
LINE
5
2a4b
100
AcDbEntity
8
Room Walls
6
Solid
370
9
62
47
100
AcDbLine
10
85281.0
20
-52202.0
30
0.0
11
86057.0
21
-50872.0
31
0.0
0
LINE
5
2a4d
100
AcDbEntity
8
Room Walls
6
Solid
370
9
62
47
100
AcDbLine
10
86057.0
20
-50872.0
30
0.0
11
84296.0
21
-49843.0
31
0.0
0
LINE
5
2a4f
100
AcDbEntity
8
Room Walls
6
Solid
370
9
62
47
100
AcDbLine
10
84296.0
20
-49843.0
30
0.0
11
83647.0
21
-50954.0
31
0.0
0
LINE
5
2a51
100
AcDbEntity
8
Room Walls
6
Solid
370
9
62
47
100
AcDbLine
10
83647.0
20
-50954.0
30
0.0
11
83519.0
21
-51173.0
31
0.0
0
POINT
5
2a53
100
AcDbEntity
8
Room Walls
6
Solid
370
9
62
47
100
AcDbPoint
10
83519.0
20
-51173.0
30
0.0
0
LINE
5
2a55
100
AcDbEntity
8
Room Walls
6
Solid
370
9
62
47
100
AcDbLine
10
83519.0
20
-51173.0
30
0.0
11
85281.0
21
-52202.0
31
0.0
0
LINE
5
2a57
100
AcDbEntity
8
Room Walls
6
Solid
370
9
62
47
100
AcDbLine
10
84465.0
20
-59518.0
30
0.0
11
84480.0
21
-59492.0
31
0.0
0
LINE
5
2a59
100
AcDbEntity
8
Room Walls
6
Solid
370
9
62
47
100
AcDbLine
10
84480.0
20
-59492.0
30
0.0
11
84808.0
21
-59684.0
31
0.0
0
LINE
5
2a5b
100
AcDbEntity
8
Room Walls
6
Solid
370
9
62
47
100
AcDbLine
10
84808.0
20
-59684.0
30
0.0
11
84893.0
21
-59539.0
31
0.0
0
LINE
5
2a5d
100
AcDbEntity
8
Room Walls
6
Solid
370
9
62
47
100
AcDbLine
10
84893.0
20
-59539.0
30
0.0
11
84945.0
21
-59569.0
31
0.0
0
LINE
5
2a5f
100
AcDbEntity
8
Room Walls
6
Solid
370
9
62
47
100
AcDbLine
10
84945.0
20
-59569.0
30
0.0
11
84860.0
21
-59714.0
31
0.0
0
LINE
5
2a61
100
AcDbEntity
8
Room Walls
6
Solid
370
9
62
47
100
AcDbLine
10
84860.0
20
-59714.0
30
0.0
11
85880.0
21
-60310.0
31
0.0
0
LINE
5
2a63
100
AcDbEntity
8
Room Walls
6
Solid
370
9
62
47
100
AcDbLine
10
85880.0
20
-60310.0
30
0.0
11
85850.0
21
-60362.0
31
0.0
0
LINE
5
2a65
100
AcDbEntity
8
Room Walls
6
Solid
370
9
62
47
100
AcDbLine
10
85850.0
20
-60362.0
30
0.0
11
84804.0
21
-59751.0
31
0.0
0
POINT
5
2a67
100
AcDbEntity
8
Room Walls
6
Solid
370
9
62
47
100
AcDbPoint
10
84804.0
20
-59751.0
30
0.0
0
LINE
5
2a69
100
AcDbEntity
8
Room Walls
6
Solid
370
9
62
47
100
AcDbLine
10
84804.0
20
-59751.0
30
0.0
11
84449.0
21
-59544.0
31
0.0
0
LINE
5
2a6b
100
AcDbEntity
8
Room Walls
6
Solid
370
9
62
47
100
AcDbLine
10
84449.0
20
-59544.0
30
0.0
11
84465.0
21
-59518.0
31
0.0
0
LINE
5
2a6d
100
AcDbEntity
8
Room Walls
6
Solid
370
9
62
47
100
AcDbLine
10
84171.0
20
-57164.0
30
0.0
11
84733.0
21
-56201.0
31
0.0
0
LINE
5
2a6f
100
AcDbEntity
8
Room Walls
6
Solid
370
9
62
47
100
AcDbLine
10
84733.0
20
-56201.0
30
0.0
11
84785.0
21
-56231.0
31
0.0
0
LINE
5
2a71
100
AcDbEntity
8
Room Walls
6
Solid
370
9
62
47
100
AcDbLine
10
84785.0
20
-56231.0
30
0.0
11
84222.0
21
-57194.0
31
0.0
0
LINE
5
2a73
100
AcDbEntity
8
Room Walls
6
Solid
370
9
62
47
100
AcDbLine
10
84222.0
20
-57194.0
30
0.0
11
84171.0
21
-57164.0
31
0.0
0
LINE
5
2a75
100
AcDbEntity
8
Room Walls
6
Solid
370
9
62
47
100
AcDbLine
10
81783.0
20
-61253.0
30
0.0
11
83220.0
21
-58791.0
31
0.0
0
LINE
5
2a77
100
AcDbEntity
8
Room Walls
6
Solid
370
9
62
47
100
AcDbLine
10
83220.0
20
-58791.0
30
0.0
11
83235.0
21
-58765.0
31
0.0
0
LINE
5
2a79
100
AcDbEntity
8
Room Walls
6
Solid
370
9
62
47
100
AcDbLine
10
83235.0
20
-58765.0
30
0.0
11
83666.0
21
-58027.0
31
0.0
0
LINE
5
2a7b
100
AcDbEntity
8
Room Walls
6
Solid
370
9
62
47
100
AcDbLine
10
83666.0
20
-58027.0
30
0.0
11
83718.0
21
-58058.0
31
0.0
0
LINE
5
2a7d
100
AcDbEntity
8
Room Walls
6
Solid
370
9
62
47
100
AcDbLine
10
83718.0
20
-58058.0
30
0.0
11
83287.0
21
-58796.0
31
0.0
0
LINE
5
2a7f
100
AcDbEntity
8
Room Walls
6
Solid
370
9
62
47
100
AcDbLine
10
83287.0
20
-58796.0
30
0.0
11
83616.0
21
-58988.0
31
0.0
0
LINE
5
2a81
100
AcDbEntity
8
Room Walls
6
Solid
370
9
62
47
100
AcDbLine
10
83616.0
20
-58988.0
30
0.0
11
83601.0
21
-59014.0
31
0.0
0
LINE
5
2a83
100
AcDbEntity
8
Room Walls
6
Solid
370
9
62
47
100
AcDbLine
10
83601.0
20
-59014.0
30
0.0
11
83586.0
21
-59040.0
31
0.0
0
LINE
5
2a85
100
AcDbEntity
8
Room Walls
6
Solid
370
9
62
47
100
AcDbLine
10
83586.0
20
-59040.0
30
0.0
11
83257.0
21
-58848.0
31
0.0
0
LINE
5
2a87
100
AcDbEntity
8
Room Walls
6
Solid
370
9
62
47
100
AcDbLine
10
83257.0
20
-58848.0
30
0.0
11
81835.0
21
-61283.0
31
0.0
0
LINE
5
2a89
100
AcDbEntity
8
Room Walls
6
Solid
370
9
62
47
100
AcDbLine
10
81835.0
20
-61283.0
30
0.0
11
81783.0
21
-61253.0
31
0.0
0
LINE
5
2a8b
100
AcDbEntity
8
Room Walls
6
Solid
370
9
62
47
100
AcDbLine
10
80296.0
20
-42378.0
30
0.0
11
80304.0
21
-42369.0
31
0.0
0
LINE
5
2a8d
100
AcDbEntity
8
Room Walls
6
Solid
370
9
62
47
100
AcDbLine
10
80304.0
20
-42369.0
30
0.0
11
80314.0
21
-42364.0
31
0.0
0
LINE
5
2a8f
100
AcDbEntity
8
Room Walls
6
Solid
370
9
62
47
100
AcDbLine
10
80314.0
20
-42364.0
30
0.0
11
80326.0
21
-42364.0
31
0.0
0
LINE
5
2a91
100
AcDbEntity
8
Room Walls
6
Solid
370
9
62
47
100
AcDbLine
10
80326.0
20
-42364.0
30
0.0
11
80337.0
21
-42367.0
31
0.0
0
LINE
5
2a93
100
AcDbEntity
8
Room Walls
6
Solid
370
9
62
47
100
AcDbLine
10
80337.0
20
-42367.0
30
0.0
11
83262.0
21
-44075.0
31
0.0
0
LINE
5
2a95
100
AcDbEntity
8
Room Walls
6
Solid
370
9
62
47
100
AcDbLine
10
83262.0
20
-44075.0
30
0.0
11
83247.0
21
-44101.0
31
0.0
0
LINE
5
2a97
100
AcDbEntity
8
Room Walls
6
Solid
370
9
62
47
100
AcDbLine
10
83247.0
20
-44101.0
30
0.0
11
83273.0
21
-44116.0
31
0.0
0
LINE
5
2a99
100
AcDbEntity
8
Room Walls
6
Solid
370
9
62
47
100
AcDbLine
10
83273.0
20
-44116.0
30
0.0
11
82693.0
21
-45109.0
31
0.0
0
LINE
5
2a9b
100
AcDbEntity
8
Room Walls
6
Solid
370
9
62
47
100
AcDbLine
10
82693.0
20
-45109.0
30
0.0
11
82641.0
21
-45079.0
31
0.0
0
LINE
5
2a9d
100
AcDbEntity
8
Room Walls
6
Solid
370
9
62
47
100
AcDbLine
10
82641.0
20
-45079.0
30
0.0
11
83206.0
21
-44112.0
31
0.0
0
LINE
5
2a9f
100
AcDbEntity
8
Room Walls
6
Solid
370
9
62
47
100
AcDbLine
10
83206.0
20
-44112.0
30
0.0
11
80333.0
21
-42434.0
31
0.0
0
LINE
5
2aa1
100
AcDbEntity
8
Room Walls
6
Solid
370
9
62
47
100
AcDbLine
10
80333.0
20
-42434.0
30
0.0
11
79768.0
21
-43402.0
31
0.0
0
LINE
5
2aa3
100
AcDbEntity
8
Room Walls
6
Solid
370
9
62
47
100
AcDbLine
10
79768.0
20
-43402.0
30
0.0
11
79716.0
21
-43371.0
31
0.0
0
LINE
5
2aa5
100
AcDbEntity
8
Room Walls
6
Solid
370
9
62
47
100
AcDbLine
10
79716.0
20
-43371.0
30
0.0
11
80296.0
21
-42378.0
31
0.0
0
LINE
5
2aa7
100
AcDbEntity
8
Room Walls
6
Solid
370
9
62
47
100
AcDbLine
10
77942.0
20
-60920.0
30
0.0
11
77916.0
21
-60905.0
31
0.0
0
LINE
5
2aa9
100
AcDbEntity
8
Room Walls
6
Solid
370
9
62
47
100
AcDbLine
10
77916.0
20
-60905.0
30
0.0
11
78496.0
21
-59912.0
31
0.0
0
LINE
5
2aab
100
AcDbEntity
8
Room Walls
6
Solid
370
9
62
47
100
AcDbLine
10
78496.0
20
-59912.0
30
0.0
11
78547.0
21
-59942.0
31
0.0
0
LINE
5
2aad
100
AcDbEntity
8
Room Walls
6
Solid
370
9
62
47
100
AcDbLine
10
78547.0
20
-59942.0
30
0.0
11
77983.0
21
-60910.0
31
0.0
0
LINE
5
2aaf
100
AcDbEntity
8
Room Walls
6
Solid
370
9
62
47
100
AcDbLine
10
77983.0
20
-60910.0
30
0.0
11
80856.0
21
-62587.0
31
0.0
0
LINE
5
2ab1
100
AcDbEntity
8
Room Walls
6
Solid
370
9
62
47
100
AcDbLine
10
80856.0
20
-62587.0
30
0.0
11
81421.0
21
-61620.0
31
0.0
0
LINE
5
2ab3
100
AcDbEntity
8
Room Walls
6
Solid
370
9
62
47
100
AcDbLine
10
81421.0
20
-61620.0
30
0.0
11
81473.0
21
-61650.0
31
0.0
0
LINE
5
2ab5
100
AcDbEntity
8
Room Walls
6
Solid
370
9
62
47
100
AcDbLine
10
81473.0
20
-61650.0
30
0.0
11
80893.0
21
-62643.0
31
0.0
0
LINE
5
2ab7
100
AcDbEntity
8
Room Walls
6
Solid
370
9
62
47
100
AcDbLine
10
80893.0
20
-62643.0
30
0.0
11
80885.0
21
-62652.0
31
0.0
0
LINE
5
2ab9
100
AcDbEntity
8
Room Walls
6
Solid
370
9
62
47
100
AcDbLine
10
80885.0
20
-62652.0
30
0.0
11
80875.0
21
-62657.0
31
0.0
0
LINE
5
2abb
100
AcDbEntity
8
Room Walls
6
Solid
370
9
62
47
100
AcDbLine
10
80875.0
20
-62657.0
30
0.0
11
80863.0
21
-62658.0
31
0.0
0
LINE
5
2abd
100
AcDbEntity
8
Room Walls
6
Solid
370
9
62
47
100
AcDbLine
10
80863.0
20
-62658.0
30
0.0
11
80852.0
21
-62654.0
31
0.0
0
LINE
5
2abf
100
AcDbEntity
8
Room Walls
6
Solid
370
9
62
47
100
AcDbLine
10
80852.0
20
-62654.0
30
0.0
11
77927.0
21
-60946.0
31
0.0
0
LINE
5
2ac1
100
AcDbEntity
8
Room Walls
6
Solid
370
9
62
47
100
AcDbLine
10
77927.0
20
-60946.0
30
0.0
11
77942.0
21
-60920.0
31
0.0
0
LINE
5
2ac3
100
AcDbEntity
8
Room Walls
6
Solid
370
9
62
47
100
AcDbLine
10
80405.0
20
-49163.0
30
0.0
11
81017.0
21
-48114.0
31
0.0
0
LINE
5
2ac5
100
AcDbEntity
8
Room Walls
6
Solid
370
9
62
47
100
AcDbLine
10
81017.0
20
-48114.0
30
0.0
11
81069.0
21
-48144.0
31
0.0
0
LINE
5
2ac7
100
AcDbEntity
8
Room Walls
6
Solid
370
9
62
47
100
AcDbLine
10
81069.0
20
-48144.0
30
0.0
11
80457.0
21
-49194.0
31
0.0
0
LINE
5
2ac9
100
AcDbEntity
8
Room Walls
6
Solid
370
9
62
47
100
AcDbLine
10
80457.0
20
-49194.0
30
0.0
11
80405.0
21
-49163.0
31
0.0
0
LINE
5
2acb
100
AcDbEntity
8
Room Walls
6
Solid
370
9
62
47
100
AcDbLine
10
79146.0
20
-46953.0
30
0.0
11
79177.0
21
-46901.0
31
0.0
0
LINE
5
2acd
100
AcDbEntity
8
Room Walls
6
Solid
370
9
62
47
100
AcDbLine
10
79177.0
20
-46901.0
30
0.0
11
79531.0
21
-47108.0
31
0.0
0
LINE
5
2acf
100
AcDbEntity
8
Room Walls
6
Solid
370
9
62
47
100
AcDbLine
10
79531.0
20
-47108.0
30
0.0
11
80577.0
21
-47718.0
31
0.0
0
LINE
5
2ad1
100
AcDbEntity
8
Room Walls
6
Solid
370
9
62
47
100
AcDbLine
10
80577.0
20
-47718.0
30
0.0
11
80547.0
21
-47770.0
31
0.0
0
LINE
5
2ad3
100
AcDbEntity
8
Room Walls
6
Solid
370
9
62
47
100
AcDbLine
10
80547.0
20
-47770.0
30
0.0
11
79527.0
21
-47175.0
31
0.0
0
LINE
5
2ad5
100
AcDbEntity
8
Room Walls
6
Solid
370
9
62
47
100
AcDbLine
10
79527.0
20
-47175.0
30
0.0
11
79442.0
21
-47319.0
31
0.0
0
LINE
5
2ad7
100
AcDbEntity
8
Room Walls
6
Solid
370
9
62
47
100
AcDbLine
10
79442.0
20
-47319.0
30
0.0
11
79391.0
21
-47289.0
31
0.0
0
LINE
5
2ad9
100
AcDbEntity
8
Room Walls
6
Solid
370
9
62
47
100
AcDbLine
10
79391.0
20
-47289.0
30
0.0
11
79475.0
21
-47144.0
31
0.0
0
LINE
5
2adb
100
AcDbEntity
8
Room Walls
6
Solid
370
9
62
47
100
AcDbLine
10
79475.0
20
-47144.0
30
0.0
11
79146.0
21
-46953.0
31
0.0
0
LINE
5
2add
100
AcDbEntity
8
Room Walls
6
Solid
370
9
62
47
100
AcDbLine
10
79105.0
20
-55002.0
30
0.0
11
79205.0
21
-54832.0
31
0.0
0
LINE
5
2adf
100
AcDbEntity
8
Room Walls
6
Solid
370
9
62
47
100
AcDbLine
10
79205.0
20
-54832.0
30
0.0
11
79382.0
21
-54527.0
31
0.0
0
LINE
5
2ae1
100
AcDbEntity
8
Room Walls
6
Solid
370
9
62
47
100
AcDbLine
10
79382.0
20
-54527.0
30
0.0
11
79434.0
21
-54558.0
31
0.0
0
LINE
5
2ae3
100
AcDbEntity
8
Room Walls
6
Solid
370
9
62
47
100
AcDbLine
10
79434.0
20
-54558.0
30
0.0
11
79272.0
21
-54836.0
31
0.0
0
LINE
5
2ae5
100
AcDbEntity
8
Room Walls
6
Solid
370
9
62
47
100
AcDbLine
10
79272.0
20
-54836.0
30
0.0
11
80292.0
21
-55432.0
31
0.0
0
LINE
5
2ae7
100
AcDbEntity
8
Room Walls
6
Solid
370
9
62
47
100
AcDbLine
10
80292.0
20
-55432.0
30
0.0
11
80262.0
21
-55483.0
31
0.0
0
LINE
5
2ae9
100
AcDbEntity
8
Room Walls
6
Solid
370
9
62
47
100
AcDbLine
10
80262.0
20
-55483.0
30
0.0
11
79241.0
21
-54888.0
31
0.0
0
LINE
5
2aeb
100
AcDbEntity
8
Room Walls
6
Solid
370
9
62
47
100
AcDbLine
10
79241.0
20
-54888.0
30
0.0
11
79157.0
21
-55032.0
31
0.0
0
LINE
5
2aed
100
AcDbEntity
8
Room Walls
6
Solid
370
9
62
47
100
AcDbLine
10
79157.0
20
-55032.0
30
0.0
11
79105.0
21
-55002.0
31
0.0
0
LINE
5
2aef
100
AcDbEntity
8
Room Walls
6
Solid
370
9
62
47
100
AcDbLine
10
79938.0
20
-53694.0
30
0.0
11
79886.0
21
-53664.0
31
0.0
0
LINE
5
2af1
100
AcDbEntity
8
Room Walls
6
Solid
370
9
62
47
100
AcDbLine
10
79886.0
20
-53664.0
30
0.0
11
80014.0
21
-53446.0
31
0.0
0
LINE
5
2af3
100
AcDbEntity
8
Room Walls
6
Solid
370
9
62
47
100
AcDbLine
10
80014.0
20
-53446.0
30
0.0
11
80066.0
21
-53476.0
31
0.0
0
LINE
5
2af5
100
AcDbEntity
8
Room Walls
6
Solid
370
9
62
47
100
AcDbLine
10
80066.0
20
-53476.0
30
0.0
11
79938.0
21
-53694.0
31
0.0
0
LINE
5
2af7
100
AcDbEntity
8
Room Walls
6
Solid
370
9
62
47
100
AcDbLine
10
78661.0
20
-48658.0
30
0.0
11
78609.0
21
-48628.0
31
0.0
0
LINE
5
2af9
100
AcDbEntity
8
Room Walls
6
Solid
370
9
62
47
100
AcDbLine
10
78609.0
20
-48628.0
30
0.0
11
78787.0
21
-48323.0
31
0.0
0
POINT
5
2afb
100
AcDbEntity
8
Room Walls
6
Solid
370
9
62
47
100
AcDbPoint
10
78787.0
20
-48323.0
30
0.0
0
LINE
5
2afd
100
AcDbEntity
8
Room Walls
6
Solid
370
9
62
47
100
AcDbLine
10
78787.0
20
-48323.0
30
0.0
11
78886.0
21
-48153.0
31
0.0
0
LINE
5
2aff
100
AcDbEntity
8
Room Walls
6
Solid
370
9
62
47
100
AcDbLine
10
78886.0
20
-48153.0
30
0.0
11
78938.0
21
-48183.0
31
0.0
0
LINE
5
2b01
100
AcDbEntity
8
Room Walls
6
Solid
370
9
62
47
100
AcDbLine
10
78938.0
20
-48183.0
30
0.0
11
78854.0
21
-48328.0
31
0.0
0
LINE
5
2b03
100
AcDbEntity
8
Room Walls
6
Solid
370
9
62
47
100
AcDbLine
10
78854.0
20
-48328.0
30
0.0
11
79874.0
21
-48923.0
31
0.0
0
LINE
5
2b05
100
AcDbEntity
8
Room Walls
6
Solid
370
9
62
47
100
AcDbLine
10
79874.0
20
-48923.0
30
0.0
11
79859.0
21
-48949.0
31
0.0
0
LINE
5
2b07
100
AcDbEntity
8
Room Walls
6
Solid
370
9
62
47
100
AcDbLine
10
79859.0
20
-48949.0
30
0.0
11
79844.0
21
-48975.0
31
0.0
0
LINE
5
2b09
100
AcDbEntity
8
Room Walls
6
Solid
370
9
62
47
100
AcDbLine
10
79844.0
20
-48975.0
30
0.0
11
78824.0
21
-48379.0
31
0.0
0
LINE
5
2b0b
100
AcDbEntity
8
Room Walls
6
Solid
370
9
62
47
100
AcDbLine
10
78824.0
20
-48379.0
30
0.0
11
78661.0
21
-48658.0
31
0.0
0
LINE
5
2b0d
100
AcDbEntity
8
Room Walls
6
Solid
370
9
62
47
100
AcDbLine
10
78512.0
20
-56077.0
30
0.0
11
78158.0
21
-55870.0
31
0.0
0
LINE
5
2b0f
100
AcDbEntity
8
Room Walls
6
Solid
370
9
62
47
100
AcDbLine
10
78158.0
20
-55870.0
30
0.0
11
78188.0
21
-55819.0
31
0.0
0
LINE
5
2b11
100
AcDbEntity
8
Room Walls
6
Solid
370
9
62
47
100
AcDbLine
10
78188.0
20
-55819.0
30
0.0
11
78516.0
21
-56010.0
31
0.0
0
LINE
5
2b13
100
AcDbEntity
8
Room Walls
6
Solid
370
9
62
47
100
AcDbLine
10
78516.0
20
-56010.0
30
0.0
11
78601.0
21
-55866.0
31
0.0
0
LINE
5
2b15
100
AcDbEntity
8
Room Walls
6
Solid
370
9
62
47
100
AcDbLine
10
78601.0
20
-55866.0
30
0.0
11
78653.0
21
-55896.0
31
0.0
0
LINE
5
2b17
100
AcDbEntity
8
Room Walls
6
Solid
370
9
62
47
100
AcDbLine
10
78653.0
20
-55896.0
30
0.0
11
78568.0
21
-56041.0
31
0.0
0
LINE
5
2b19
100
AcDbEntity
8
Room Walls
6
Solid
370
9
62
47
100
AcDbLine
10
78568.0
20
-56041.0
30
0.0
11
79589.0
21
-56636.0
31
0.0
0
LINE
5
2b1b
100
AcDbEntity
8
Room Walls
6
Solid
370
9
62
47
100
AcDbLine
10
79589.0
20
-56636.0
30
0.0
11
79558.0
21
-56688.0
31
0.0
0
LINE
5
2b1d
100
AcDbEntity
8
Room Walls
6
Solid
370
9
62
47
100
AcDbLine
10
79558.0
20
-56688.0
30
0.0
11
78512.0
21
-56077.0
31
0.0
0
POINT
5
2b1f
100
AcDbEntity
8
Room Walls
6
Solid
370
9
62
47
100
AcDbPoint
10
77389.0
20
-47105.0
30
0.0
0
LINE
5
2b21
100
AcDbEntity
8
Room Walls
6
Solid
370
9
62
47
100
AcDbLine
10
77389.0
20
-47105.0
30
0.0
11
77388.0
21
-47105.0
31
0.0
0
LINE
5
2b23
100
AcDbEntity
8
Room Walls
6
Solid
370
9
62
47
100
AcDbLine
10
77388.0
20
-47105.0
30
0.0
11
79354.0
21
-43739.0
31
0.0
0
POINT
5
2b25
100
AcDbEntity
8
Room Walls
6
Solid
370
9
62
47
100
AcDbPoint
10
79354.0
20
-43739.0
30
0.0
0
LINE
5
2b27
100
AcDbEntity
8
Room Walls
6
Solid
370
9
62
47
100
AcDbLine
10
79354.0
20
-43739.0
30
0.0
11
79376.0
21
-43752.0
31
0.0
0
LINE
5
2b29
100
AcDbEntity
8
Room Walls
6
Solid
370
9
62
47
100
AcDbLine
10
79376.0
20
-43752.0
30
0.0
11
79405.0
21
-43769.0
31
0.0
0
LINE
5
2b2b
100
AcDbEntity
8
Room Walls
6
Solid
370
9
62
47
100
AcDbLine
10
79405.0
20
-43769.0
30
0.0
11
79406.0
21
-43769.0
31
0.0
0
LINE
5
2b2d
100
AcDbEntity
8
Room Walls
6
Solid
370
9
62
47
100
AcDbLine
10
79406.0
20
-43769.0
30
0.0
11
77984.0
21
-46205.0
31
0.0
0
LINE
5
2b2f
100
AcDbEntity
8
Room Walls
6
Solid
370
9
62
47
100
AcDbLine
10
77984.0
20
-46205.0
30
0.0
11
78313.0
21
-46397.0
31
0.0
0
LINE
5
2b31
100
AcDbEntity
8
Room Walls
6
Solid
370
9
62
47
100
AcDbLine
10
78313.0
20
-46397.0
30
0.0
11
78298.0
21
-46423.0
31
0.0
0
LINE
5
2b33
100
AcDbEntity
8
Room Walls
6
Solid
370
9
62
47
100
AcDbLine
10
78298.0
20
-46423.0
30
0.0
11
78283.0
21
-46449.0
31
0.0
0
LINE
5
2b35
100
AcDbEntity
8
Room Walls
6
Solid
370
9
62
47
100
AcDbLine
10
78283.0
20
-46449.0
30
0.0
11
77954.0
21
-46257.0
31
0.0
0
LINE
5
2b37
100
AcDbEntity
8
Room Walls
6
Solid
370
9
62
47
100
AcDbLine
10
77954.0
20
-46257.0
30
0.0
11
77441.0
21
-47136.0
31
0.0
0
LINE
5
2b39
100
AcDbEntity
8
Room Walls
6
Solid
370
9
62
47
100
AcDbLine
10
77441.0
20
-47136.0
30
0.0
11
77440.0
21
-47135.0
31
0.0
0
POINT
5
2b3b
100
AcDbEntity
8
Room Walls
6
Solid
370
9
62
47
100
AcDbPoint
10
77440.0
20
-47135.0
30
0.0
0
LINE
5
2b3d
100
AcDbEntity
8
Room Walls
6
Solid
370
9
62
47
100
AcDbLine
10
77440.0
20
-47135.0
30
0.0
11
77412.0
21
-47119.0
31
0.0
0
LINE
5
2b3f
100
AcDbEntity
8
Room Walls
6
Solid
370
9
62
47
100
AcDbLine
10
77412.0
20
-47119.0
30
0.0
11
77389.0
21
-47105.0
31
0.0
0
LINE
5
2b41
100
AcDbEntity
8
Room Walls
6
Solid
370
9
62
47
100
AcDbLine
10
78322.0
20
-52751.0
30
0.0
11
78313.0
21
-52746.0
31
0.0
0
LINE
5
2b43
100
AcDbEntity
8
Room Walls
6
Solid
370
9
62
47
100
AcDbLine
10
78313.0
20
-52746.0
30
0.0
11
78441.0
21
-52527.0
31
0.0
0
LINE
5
2b45
100
AcDbEntity
8
Room Walls
6
Solid
370
9
62
47
100
AcDbLine
10
78441.0
20
-52527.0
30
0.0
11
78450.0
21
-52532.0
31
0.0
0
LINE
5
2b47
100
AcDbEntity
8
Room Walls
6
Solid
370
9
62
47
100
AcDbLine
10
78450.0
20
-52532.0
30
0.0
11
78463.0
21
-52540.0
31
0.0
0
LINE
5
2b49
100
AcDbEntity
8
Room Walls
6
Solid
370
9
62
47
100
AcDbLine
10
78463.0
20
-52540.0
30
0.0
11
78475.0
21
-52547.0
31
0.0
0
LINE
5
2b4b
100
AcDbEntity
8
Room Walls
6
Solid
370
9
62
47
100
AcDbLine
10
78475.0
20
-52547.0
30
0.0
11
78503.0
21
-52559.0
31
0.0
0
LINE
5
2b4d
100
AcDbEntity
8
Room Walls
6
Solid
370
9
62
47
100
AcDbLine
10
78503.0
20
-52559.0
30
0.0
11
78501.0
21
-52563.0
31
0.0
0
LINE
5
2b4f
100
AcDbEntity
8
Room Walls
6
Solid
370
9
62
47
100
AcDbLine
10
78501.0
20
-52563.0
30
0.0
11
78373.0
21
-52782.0
31
0.0
0
LINE
5
2b51
100
AcDbEntity
8
Room Walls
6
Solid
370
9
62
47
100
AcDbLine
10
78373.0
20
-52782.0
30
0.0
11
78365.0
21
-52777.0
31
0.0
0
LINE
5
2b53
100
AcDbEntity
8
Room Walls
6
Solid
370
9
62
47
100
AcDbLine
10
78365.0
20
-52777.0
30
0.0
11
78354.0
21
-52770.0
31
0.0
0
LINE
5
2b55
100
AcDbEntity
8
Room Walls
6
Solid
370
9
62
47
100
AcDbLine
10
78354.0
20
-52770.0
30
0.0
11
78322.0
21
-52751.0
31
0.0
0
LINE
5
2b57
100
AcDbEntity
8
Room Walls
6
Solid
370
9
62
47
100
AcDbLine
10
78030.0
20
-49740.0
30
0.0
11
77978.0
21
-49709.0
31
0.0
0
LINE
5
2b59
100
AcDbEntity
8
Room Walls
6
Solid
370
9
62
47
100
AcDbLine
10
77978.0
20
-49709.0
30
0.0
11
78105.0
21
-49491.0
31
0.0
0
LINE
5
2b5b
100
AcDbEntity
8
Room Walls
6
Solid
370
9
62
47
100
AcDbLine
10
78105.0
20
-49491.0
30
0.0
11
78157.0
21
-49521.0
31
0.0
0
LINE
5
2b5d
100
AcDbEntity
8
Room Walls
6
Solid
370
9
62
47
100
AcDbLine
10
78157.0
20
-49521.0
30
0.0
11
78030.0
21
-49740.0
31
0.0
0
LINE
5
2b5f
100
AcDbEntity
8
Room Walls
6
Solid
370
9
62
47
100
AcDbLine
10
75491.0
20
-57579.0
30
0.0
11
76928.0
21
-55118.0
31
0.0
0
LINE
5
2b61
100
AcDbEntity
8
Room Walls
6
Solid
370
9
62
47
100
AcDbLine
10
76928.0
20
-55118.0
30
0.0
11
76943.0
21
-55092.0
31
0.0
0
LINE
5
2b63
100
AcDbEntity
8
Room Walls
6
Solid
370
9
62
47
100
AcDbLine
10
76943.0
20
-55092.0
30
0.0
11
77609.0
21
-53952.0
31
0.0
0
LINE
5
2b65
100
AcDbEntity
8
Room Walls
6
Solid
370
9
62
47
100
AcDbLine
10
77609.0
20
-53952.0
30
0.0
11
76494.0
21
-53301.0
31
0.0
0
LINE
5
2b67
100
AcDbEntity
8
Room Walls
6
Solid
370
9
62
47
100
AcDbLine
10
76494.0
20
-53301.0
30
0.0
11
76499.0
21
-53292.0
31
0.0
0
LINE
5
2b69
100
AcDbEntity
8
Room Walls
6
Solid
370
9
62
47
100
AcDbLine
10
76499.0
20
-53292.0
30
0.0
11
76524.0
21
-53249.0
31
0.0
0
LINE
5
2b6b
100
AcDbEntity
8
Room Walls
6
Solid
370
9
62
47
100
AcDbLine
10
76524.0
20
-53249.0
30
0.0
11
76529.0
21
-53241.0
31
0.0
0
LINE
5
2b6d
100
AcDbEntity
8
Room Walls
6
Solid
370
9
62
47
100
AcDbLine
10
76529.0
20
-53241.0
30
0.0
11
77644.0
21
-53892.0
31
0.0
0
LINE
5
2b6f
100
AcDbEntity
8
Room Walls
6
Solid
370
9
62
47
100
AcDbLine
10
77644.0
20
-53892.0
30
0.0
11
77809.0
21
-53610.0
31
0.0
0
LINE
5
2b71
100
AcDbEntity
8
Room Walls
6
Solid
370
9
62
47
100
AcDbLine
10
77809.0
20
-53610.0
30
0.0
11
77861.0
21
-53640.0
31
0.0
0
LINE
5
2b73
100
AcDbEntity
8
Room Walls
6
Solid
370
9
62
47
100
AcDbLine
10
77861.0
20
-53640.0
30
0.0
11
77869.0
21
-53645.0
31
0.0
0
LINE
5
2b75
100
AcDbEntity
8
Room Walls
6
Solid
370
9
62
47
100
AcDbLine
10
77869.0
20
-53645.0
30
0.0
11
77690.0
21
-53953.0
31
0.0
0
LINE
5
2b77
100
AcDbEntity
8
Room Walls
6
Solid
370
9
62
47
100
AcDbLine
10
77690.0
20
-53953.0
30
0.0
11
77688.0
21
-53956.0
31
0.0
0
LINE
5
2b79
100
AcDbEntity
8
Room Walls
6
Solid
370
9
62
47
100
AcDbLine
10
77688.0
20
-53956.0
30
0.0
11
77687.0
21
-53957.0
31
0.0
0
LINE
5
2b7b
100
AcDbEntity
8
Room Walls
6
Solid
370
9
62
47
100
AcDbLine
10
77687.0
20
-53957.0
30
0.0
11
77683.0
21
-53962.0
31
0.0
0
LINE
5
2b7d
100
AcDbEntity
8
Room Walls
6
Solid
370
9
62
47
100
AcDbLine
10
77683.0
20
-53962.0
30
0.0
11
77681.0
21
-53963.0
31
0.0
0
LINE
5
2b7f
100
AcDbEntity
8
Room Walls
6
Solid
370
9
62
47
100
AcDbLine
10
77681.0
20
-53963.0
30
0.0
11
77677.0
21
-53966.0
31
0.0
0
LINE
5
2b81
100
AcDbEntity
8
Room Walls
6
Solid
370
9
62
47
100
AcDbLine
10
77677.0
20
-53966.0
30
0.0
11
77675.0
21
-53967.0
31
0.0
0
LINE
5
2b83
100
AcDbEntity
8
Room Walls
6
Solid
370
9
62
47
100
AcDbLine
10
77675.0
20
-53967.0
30
0.0
11
77670.0
21
-53970.0
31
0.0
0
LINE
5
2b85
100
AcDbEntity
8
Room Walls
6
Solid
370
9
62
47
100
AcDbLine
10
77670.0
20
-53970.0
30
0.0
11
77668.0
21
-53971.0
31
0.0
0
POINT
5
2b87
100
AcDbEntity
8
Room Walls
6
Solid
370
9
62
47
100
AcDbPoint
10
77668.0
20
-53971.0
30
0.0
0
LINE
5
2b89
100
AcDbEntity
8
Room Walls
6
Solid
370
9
62
47
100
AcDbLine
10
77668.0
20
-53971.0
30
0.0
11
76995.0
21
-55122.0
31
0.0
0
LINE
5
2b8b
100
AcDbEntity
8
Room Walls
6
Solid
370
9
62
47
100
AcDbLine
10
76995.0
20
-55122.0
30
0.0
11
77324.0
21
-55314.0
31
0.0
0
LINE
5
2b8d
100
AcDbEntity
8
Room Walls
6
Solid
370
9
62
47
100
AcDbLine
10
77324.0
20
-55314.0
30
0.0
11
77309.0
21
-55340.0
31
0.0
0
LINE
5
2b8f
100
AcDbEntity
8
Room Walls
6
Solid
370
9
62
47
100
AcDbLine
10
77309.0
20
-55340.0
30
0.0
11
77294.0
21
-55366.0
31
0.0
0
LINE
5
2b91
100
AcDbEntity
8
Room Walls
6
Solid
370
9
62
47
100
AcDbLine
10
77294.0
20
-55366.0
30
0.0
11
76965.0
21
-55174.0
31
0.0
0
LINE
5
2b93
100
AcDbEntity
8
Room Walls
6
Solid
370
9
62
47
100
AcDbLine
10
76965.0
20
-55174.0
30
0.0
11
75543.0
21
-57610.0
31
0.0
0
LINE
5
2b95
100
AcDbEntity
8
Room Walls
6
Solid
370
9
62
47
100
AcDbLine
10
75543.0
20
-57610.0
30
0.0
11
75491.0
21
-57579.0
31
0.0
0
LINE
5
2b97
100
AcDbEntity
8
Room Walls
6
Solid
370
9
62
47
100
AcDbLine
10
76456.0
20
-48821.0
30
0.0
11
76404.0
21
-48791.0
31
0.0
0
LINE
5
2b99
100
AcDbEntity
8
Room Walls
6
Solid
370
9
62
47
100
AcDbLine
10
76404.0
20
-48791.0
30
0.0
11
76884.0
21
-47969.0
31
0.0
0
LINE
5
2b9b
100
AcDbEntity
8
Room Walls
6
Solid
370
9
62
47
100
AcDbLine
10
76884.0
20
-47969.0
30
0.0
11
76885.0
21
-47969.0
31
0.0
0
LINE
5
2b9d
100
AcDbEntity
8
Room Walls
6
Solid
370
9
62
47
100
AcDbLine
10
76885.0
20
-47969.0
30
0.0
11
76936.0
21
-47999.0
31
0.0
0
LINE
5
2b9f
100
AcDbEntity
8
Room Walls
6
Solid
370
9
62
47
100
AcDbLine
10
76936.0
20
-47999.0
30
0.0
11
76937.0
21
-47999.0
31
0.0
0
LINE
5
2ba1
100
AcDbEntity
8
Room Walls
6
Solid
370
9
62
47
100
AcDbLine
10
76937.0
20
-47999.0
30
0.0
11
76457.0
21
-48821.0
31
0.0
0
LINE
5
2ba3
100
AcDbEntity
8
Room Walls
6
Solid
370
9
62
47
100
AcDbLine
10
76457.0
20
-48821.0
30
0.0
11
76456.0
21
-48821.0
31
0.0
0
POINT
5
2ba5
100
AcDbEntity
8
Room Walls
6
Solid
370
9
62
47
100
AcDbPoint
10
74470.0
20
-52103.0
30
0.0
0
LINE
5
2ba7
100
AcDbEntity
8
Room Walls
6
Solid
370
9
62
47
100
AcDbLine
10
74470.0
20
-52103.0
30
0.0
11
74470.0
21
-52101.0
31
0.0
0
LINE
5
2ba9
100
AcDbEntity
8
Room Walls
6
Solid
370
9
62
47
100
AcDbLine
10
74470.0
20
-52101.0
30
0.0
11
74469.0
21
-52095.0
31
0.0
0
LINE
5
2bab
100
AcDbEntity
8
Room Walls
6
Solid
370
9
62
47
100
AcDbLine
10
74469.0
20
-52095.0
30
0.0
11
74469.0
21
-52093.0
31
0.0
0
LINE
5
2bad
100
AcDbEntity
8
Room Walls
6
Solid
370
9
62
47
100
AcDbLine
10
74469.0
20
-52093.0
30
0.0
11
74470.0
21
-52087.0
31
0.0
0
LINE
5
2baf
100
AcDbEntity
8
Room Walls
6
Solid
370
9
62
47
100
AcDbLine
10
74470.0
20
-52087.0
30
0.0
11
74471.0
21
-52086.0
31
0.0
0
LINE
5
2bb1
100
AcDbEntity
8
Room Walls
6
Solid
370
9
62
47
100
AcDbLine
10
74471.0
20
-52086.0
30
0.0
11
74473.0
21
-52080.0
31
0.0
0
LINE
5
2bb3
100
AcDbEntity
8
Room Walls
6
Solid
370
9
62
47
100
AcDbLine
10
74473.0
20
-52080.0
30
0.0
11
74473.0
21
-52078.0
31
0.0
0
LINE
5
2bb5
100
AcDbEntity
8
Room Walls
6
Solid
370
9
62
47
100
AcDbLine
10
74473.0
20
-52078.0
30
0.0
11
74475.0
21
-52076.0
31
0.0
0
LINE
5
2bb7
100
AcDbEntity
8
Room Walls
6
Solid
370
9
62
47
100
AcDbLine
10
74475.0
20
-52076.0
30
0.0
11
74490.0
21
-52050.0
31
0.0
0
LINE
5
2bb9
100
AcDbEntity
8
Room Walls
6
Solid
370
9
62
47
100
AcDbLine
10
74490.0
20
-52050.0
30
0.0
11
74499.0
21
-52055.0
31
0.0
0
LINE
5
2bbb
100
AcDbEntity
8
Room Walls
6
Solid
370
9
62
47
100
AcDbLine
10
74499.0
20
-52055.0
30
0.0
11
74662.0
21
-51774.0
31
0.0
0
LINE
5
2bbd
100
AcDbEntity
8
Room Walls
6
Solid
370
9
62
47
100
AcDbLine
10
74662.0
20
-51774.0
30
0.0
11
74714.0
21
-51804.0
31
0.0
0
LINE
5
2bbf
100
AcDbEntity
8
Room Walls
6
Solid
370
9
62
47
100
AcDbLine
10
74714.0
20
-51804.0
30
0.0
11
74550.0
21
-52085.0
31
0.0
0
LINE
5
2bc1
100
AcDbEntity
8
Room Walls
6
Solid
370
9
62
47
100
AcDbLine
10
74550.0
20
-52085.0
30
0.0
11
75666.0
21
-52736.0
31
0.0
0
LINE
5
2bc3
100
AcDbEntity
8
Room Walls
6
Solid
370
9
62
47
100
AcDbLine
10
75666.0
20
-52736.0
30
0.0
11
75660.0
21
-52745.0
31
0.0
0
LINE
5
2bc5
100
AcDbEntity
8
Room Walls
6
Solid
370
9
62
47
100
AcDbLine
10
75660.0
20
-52745.0
30
0.0
11
75635.0
21
-52788.0
31
0.0
0
LINE
5
2bc7
100
AcDbEntity
8
Room Walls
6
Solid
370
9
62
47
100
AcDbLine
10
75635.0
20
-52788.0
30
0.0
11
75630.0
21
-52797.0
31
0.0
0
LINE
5
2bc9
100
AcDbEntity
8
Room Walls
6
Solid
370
9
62
47
100
AcDbLine
10
75630.0
20
-52797.0
30
0.0
11
74515.0
21
-52145.0
31
0.0
0
LINE
5
2bcb
100
AcDbEntity
8
Room Walls
6
Solid
370
9
62
47
100
AcDbLine
10
74515.0
20
-52145.0
30
0.0
11
72397.0
21
-55773.0
31
0.0
0
LINE
5
2bcd
100
AcDbEntity
8
Room Walls
6
Solid
370
9
62
47
100
AcDbLine
10
72397.0
20
-55773.0
30
0.0
11
72345.0
21
-55743.0
31
0.0
0
LINE
5
2bcf
100
AcDbEntity
8
Room Walls
6
Solid
370
9
62
47
100
AcDbLine
10
72345.0
20
-55743.0
30
0.0
11
74470.0
21
-52103.0
31
0.0
0
LINE
5
2bd1
100
AcDbEntity
8
Room Walls
6
Solid
370
9
62
47
100
AcDbLine
10
74499.0
20
-52055.0
30
0.0
11
74524.0
21
-52070.0
31
0.0
0
POINT
5
2bd3
100
AcDbEntity
8
Room Walls
6
Solid
370
9
62
47
100
AcDbPoint
10
74524.0
20
-52070.0
30
0.0
0
LINE
5
2bd5
100
AcDbEntity
8
Room Walls
6
Solid
370
9
62
47
100
AcDbLine
10
74524.0
20
-52070.0
30
0.0
11
74499.0
21
-52055.0
31
0.0
0
LINE
5
2bd7
100
AcDbEntity
8
Room Walls
6
Solid
370
9
62
47
100
AcDbLine
10
75218.0
20
-50941.0
30
0.0
11
75167.0
21
-50910.0
31
0.0
0
LINE
5
2bd9
100
AcDbEntity
8
Room Walls
6
Solid
370
9
62
47
100
AcDbLine
10
75167.0
20
-50910.0
30
0.0
11
75295.0
21
-50690.0
31
0.0
0
LINE
5
2bdb
100
AcDbEntity
8
Room Walls
6
Solid
370
9
62
47
100
AcDbLine
10
75295.0
20
-50690.0
30
0.0
11
75312.0
21
-50700.0
31
0.0
0
LINE
5
2bdd
100
AcDbEntity
8
Room Walls
6
Solid
370
9
62
47
100
AcDbLine
10
75312.0
20
-50700.0
30
0.0
11
75287.0
21
-50684.0
31
0.0
0
LINE
5
2bdf
100
AcDbEntity
8
Room Walls
6
Solid
370
9
62
47
100
AcDbLine
10
75287.0
20
-50684.0
30
0.0
11
75288.0
21
-50682.0
31
0.0
0
LINE
5
2be1
100
AcDbEntity
8
Room Walls
6
Solid
370
9
62
47
100
AcDbLine
10
75288.0
20
-50682.0
30
0.0
11
75289.0
21
-50681.0
31
0.0
0
LINE
5
2be3
100
AcDbEntity
8
Room Walls
6
Solid
370
9
62
47
100
AcDbLine
10
75289.0
20
-50681.0
30
0.0
11
75330.0
21
-50711.0
31
0.0
0
LINE
5
2be5
100
AcDbEntity
8
Room Walls
6
Solid
370
9
62
47
100
AcDbLine
10
75330.0
20
-50711.0
30
0.0
11
75347.0
21
-50721.0
31
0.0
0
LINE
5
2be7
100
AcDbEntity
8
Room Walls
6
Solid
370
9
62
47
100
AcDbLine
10
75347.0
20
-50721.0
30
0.0
11
75218.0
21
-50941.0
31
0.0
0
LINE
5
2be9
100
AcDbEntity
8
Room Walls
6
Solid
370
9
62
47
100
AcDbLine
10
68566.0
20
-55447.0
30
0.0
11
68540.0
21
-55432.0
31
0.0
0
LINE
5
2beb
100
AcDbEntity
8
Room Walls
6
Solid
370
9
62
47
100
AcDbLine
10
68540.0
20
-55432.0
30
0.0
11
69120.0
21
-54439.0
31
0.0
0
LINE
5
2bed
100
AcDbEntity
8
Room Walls
6
Solid
370
9
62
47
100
AcDbLine
10
69120.0
20
-54439.0
30
0.0
11
69172.0
21
-54469.0
31
0.0
0
LINE
5
2bef
100
AcDbEntity
8
Room Walls
6
Solid
370
9
62
47
100
AcDbLine
10
69172.0
20
-54469.0
30
0.0
11
68607.0
21
-55436.0
31
0.0
0
LINE
5
2bf1
100
AcDbEntity
8
Room Walls
6
Solid
370
9
62
47
100
AcDbLine
10
68607.0
20
-55436.0
30
0.0
11
71418.0
21
-57077.0
31
0.0
0
LINE
5
2bf3
100
AcDbEntity
8
Room Walls
6
Solid
370
9
62
47
100
AcDbLine
10
71418.0
20
-57077.0
30
0.0
11
71983.0
21
-56110.0
31
0.0
0
LINE
5
2bf5
100
AcDbEntity
8
Room Walls
6
Solid
370
9
62
47
100
AcDbLine
10
71983.0
20
-56110.0
30
0.0
11
72035.0
21
-56140.0
31
0.0
0
LINE
5
2bf7
100
AcDbEntity
8
Room Walls
6
Solid
370
9
62
47
100
AcDbLine
10
72035.0
20
-56140.0
30
0.0
11
71455.0
21
-57133.0
31
0.0
0
LINE
5
2bf9
100
AcDbEntity
8
Room Walls
6
Solid
370
9
62
47
100
AcDbLine
10
71455.0
20
-57133.0
30
0.0
11
71447.0
21
-57142.0
31
0.0
0
LINE
5
2bfb
100
AcDbEntity
8
Room Walls
6
Solid
370
9
62
47
100
AcDbLine
10
71447.0
20
-57142.0
30
0.0
11
71437.0
21
-57147.0
31
0.0
0
LINE
5
2bfd
100
AcDbEntity
8
Room Walls
6
Solid
370
9
62
47
100
AcDbLine
10
71437.0
20
-57147.0
30
0.0
11
71425.0
21
-57148.0
31
0.0
0
LINE
5
2bff
100
AcDbEntity
8
Room Walls
6
Solid
370
9
62
47
100
AcDbLine
10
71425.0
20
-57148.0
30
0.0
11
71414.0
21
-57144.0
31
0.0
0
LINE
5
2c01
100
AcDbEntity
8
Room Walls
6
Solid
370
9
62
47
100
AcDbLine
10
71414.0
20
-57144.0
30
0.0
11
68551.0
21
-55473.0
31
0.0
0
LINE
5
2c03
100
AcDbEntity
8
Room Walls
6
Solid
370
9
62
47
100
AcDbLine
10
68551.0
20
-55473.0
30
0.0
11
68566.0
21
-55447.0
31
0.0
0
LINE
5
2c05
100
AcDbEntity
8
Room Walls
6
Solid
370
9
62
47
100
AcDbLine
10
63887.0
20
-106785.0
30
0.0
11
63917.0
21
-106733.0
31
0.0
0
LINE
5
2c07
100
AcDbEntity
8
Room Walls
6
Solid
370
9
62
47
100
AcDbLine
10
63917.0
20
-106733.0
30
0.0
11
64884.0
21
-107298.0
31
0.0
0
LINE
5
2c09
100
AcDbEntity
8
Room Walls
6
Solid
370
9
62
47
100
AcDbLine
10
64884.0
20
-107298.0
30
0.0
11
66490.0
21
-104548.0
31
0.0
0
LINE
5
2c0b
100
AcDbEntity
8
Room Walls
6
Solid
370
9
62
47
100
AcDbLine
10
66490.0
20
-104548.0
30
0.0
11
65522.0
21
-103983.0
31
0.0
0
LINE
5
2c0d
100
AcDbEntity
8
Room Walls
6
Solid
370
9
62
47
100
AcDbLine
10
65522.0
20
-103983.0
30
0.0
11
65553.0
21
-103931.0
31
0.0
0
LINE
5
2c0f
100
AcDbEntity
8
Room Walls
6
Solid
370
9
62
47
100
AcDbLine
10
65553.0
20
-103931.0
30
0.0
11
66546.0
21
-104511.0
31
0.0
0
LINE
5
2c11
100
AcDbEntity
8
Room Walls
6
Solid
370
9
62
47
100
AcDbLine
10
66546.0
20
-104511.0
30
0.0
11
66555.0
21
-104519.0
31
0.0
0
LINE
5
2c13
100
AcDbEntity
8
Room Walls
6
Solid
370
9
62
47
100
AcDbLine
10
66555.0
20
-104519.0
30
0.0
11
66560.0
21
-104529.0
31
0.0
0
LINE
5
2c15
100
AcDbEntity
8
Room Walls
6
Solid
370
9
62
47
100
AcDbLine
10
66560.0
20
-104529.0
30
0.0
11
66560.0
21
-104541.0
31
0.0
0
LINE
5
2c17
100
AcDbEntity
8
Room Walls
6
Solid
370
9
62
47
100
AcDbLine
10
66560.0
20
-104541.0
30
0.0
11
66557.0
21
-104552.0
31
0.0
0
LINE
5
2c19
100
AcDbEntity
8
Room Walls
6
Solid
370
9
62
47
100
AcDbLine
10
66557.0
20
-104552.0
30
0.0
11
64921.0
21
-107354.0
31
0.0
0
LINE
5
2c1b
100
AcDbEntity
8
Room Walls
6
Solid
370
9
62
47
100
AcDbLine
10
64921.0
20
-107354.0
30
0.0
11
64895.0
21
-107339.0
31
0.0
0
LINE
5
2c1d
100
AcDbEntity
8
Room Walls
6
Solid
370
9
62
47
100
AcDbLine
10
64895.0
20
-107339.0
30
0.0
11
64880.0
21
-107365.0
31
0.0
0
LINE
5
2c1f
100
AcDbEntity
8
Room Walls
6
Solid
370
9
62
47
100
AcDbLine
10
64880.0
20
-107365.0
30
0.0
11
63887.0
21
-106785.0
31
0.0
0
LINE
5
2c21
100
AcDbEntity
8
Room Walls
6
Solid
370
9
62
47
100
AcDbLine
10
59485.0
20
-104363.0
30
0.0
11
59515.0
21
-104311.0
31
0.0
0
LINE
5
2c23
100
AcDbEntity
8
Room Walls
6
Solid
370
9
62
47
100
AcDbLine
10
59515.0
20
-104311.0
30
0.0
11
60480.0
21
-104875.0
31
0.0
0
POINT
5
2c25
100
AcDbEntity
8
Room Walls
6
Solid
370
9
62
47
100
AcDbPoint
10
60480.0
20
-104875.0
30
0.0
0
LINE
5
2c27
100
AcDbEntity
8
Room Walls
6
Solid
370
9
62
47
100
AcDbLine
10
60480.0
20
-104875.0
30
0.0
11
60654.0
21
-104577.0
31
0.0
0
LINE
5
2c29
100
AcDbEntity
8
Room Walls
6
Solid
370
9
62
47
100
AcDbLine
10
60654.0
20
-104577.0
30
0.0
11
60680.0
21
-104592.0
31
0.0
0
LINE
5
2c2b
100
AcDbEntity
8
Room Walls
6
Solid
370
9
62
47
100
AcDbLine
10
60680.0
20
-104592.0
30
0.0
11
60706.0
21
-104607.0
31
0.0
0
LINE
5
2c2d
100
AcDbEntity
8
Room Walls
6
Solid
370
9
62
47
100
AcDbLine
10
60706.0
20
-104607.0
30
0.0
11
60532.0
21
-104905.0
31
0.0
0
LINE
5
2c2f
100
AcDbEntity
8
Room Walls
6
Solid
370
9
62
47
100
AcDbLine
10
60532.0
20
-104905.0
30
0.0
11
63421.0
21
-106592.0
31
0.0
0
LINE
5
2c31
100
AcDbEntity
8
Room Walls
6
Solid
370
9
62
47
100
AcDbLine
10
63421.0
20
-106592.0
30
0.0
11
63390.0
21
-106643.0
31
0.0
0
LINE
5
2c33
100
AcDbEntity
8
Room Walls
6
Solid
370
9
62
47
100
AcDbLine
10
63390.0
20
-106643.0
30
0.0
11
60476.0
21
-104942.0
31
0.0
0
LINE
5
2c35
100
AcDbEntity
8
Room Walls
6
Solid
370
9
62
47
100
AcDbLine
10
60476.0
20
-104942.0
30
0.0
11
59485.0
21
-104363.0
31
0.0
0
LINE
5
2c37
100
AcDbEntity
8
Room Walls
6
Solid
370
9
62
47
100
AcDbLine
10
61085.0
20
-103271.0
30
0.0
11
61116.0
21
-103220.0
31
0.0
0
LINE
5
2c39
100
AcDbEntity
8
Room Walls
6
Solid
370
9
62
47
100
AcDbLine
10
61116.0
20
-103220.0
30
0.0
11
61362.0
21
-103364.0
31
0.0
0
LINE
5
2c3b
100
AcDbEntity
8
Room Walls
6
Solid
370
9
62
47
100
AcDbLine
10
61362.0
20
-103364.0
30
0.0
11
61922.0
21
-102405.0
31
0.0
0
LINE
5
2c3d
100
AcDbEntity
8
Room Walls
6
Solid
370
9
62
47
100
AcDbLine
10
61922.0
20
-102405.0
30
0.0
11
61974.0
21
-102435.0
31
0.0
0
LINE
5
2c3f
100
AcDbEntity
8
Room Walls
6
Solid
370
9
62
47
100
AcDbLine
10
61974.0
20
-102435.0
30
0.0
11
61399.0
21
-103420.0
31
0.0
0
LINE
5
2c41
100
AcDbEntity
8
Room Walls
6
Solid
370
9
62
47
100
AcDbLine
10
61399.0
20
-103420.0
30
0.0
11
61210.0
21
-103743.0
31
0.0
0
LINE
5
2c43
100
AcDbEntity
8
Room Walls
6
Solid
370
9
62
47
100
AcDbLine
10
61210.0
20
-103743.0
30
0.0
11
61158.0
21
-103713.0
31
0.0
0
LINE
5
2c45
100
AcDbEntity
8
Room Walls
6
Solid
370
9
62
47
100
AcDbLine
10
61158.0
20
-103713.0
30
0.0
11
61332.0
21
-103415.0
31
0.0
0
LINE
5
2c47
100
AcDbEntity
8
Room Walls
6
Solid
370
9
62
47
100
AcDbLine
10
61332.0
20
-103415.0
30
0.0
11
61085.0
21
-103271.0
31
0.0
0
LINE
5
2c49
100
AcDbEntity
8
Room Walls
6
Solid
370
9
62
47
100
AcDbLine
10
58593.0
20
-115853.0
30
0.0
11
58623.0
21
-115801.0
31
0.0
0
LINE
5
2c4b
100
AcDbEntity
8
Room Walls
6
Solid
370
9
62
47
100
AcDbLine
10
58623.0
20
-115801.0
30
0.0
11
59590.0
21
-116366.0
31
0.0
0
LINE
5
2c4d
100
AcDbEntity
8
Room Walls
6
Solid
370
9
62
47
100
AcDbLine
10
59590.0
20
-116366.0
30
0.0
11
61196.0
21
-113616.0
31
0.0
0
LINE
5
2c4f
100
AcDbEntity
8
Room Walls
6
Solid
370
9
62
47
100
AcDbLine
10
61196.0
20
-113616.0
30
0.0
11
60228.0
21
-113051.0
31
0.0
0
LINE
5
2c51
100
AcDbEntity
8
Room Walls
6
Solid
370
9
62
47
100
AcDbLine
10
60228.0
20
-113051.0
30
0.0
11
60259.0
21
-112999.0
31
0.0
0
LINE
5
2c53
100
AcDbEntity
8
Room Walls
6
Solid
370
9
62
47
100
AcDbLine
10
60259.0
20
-112999.0
30
0.0
11
61252.0
21
-113579.0
31
0.0
0
LINE
5
2c55
100
AcDbEntity
8
Room Walls
6
Solid
370
9
62
47
100
AcDbLine
10
61252.0
20
-113579.0
30
0.0
11
61261.0
21
-113587.0
31
0.0
0
LINE
5
2c57
100
AcDbEntity
8
Room Walls
6
Solid
370
9
62
47
100
AcDbLine
10
61261.0
20
-113587.0
30
0.0
11
61266.0
21
-113597.0
31
0.0
0
LINE
5
2c59
100
AcDbEntity
8
Room Walls
6
Solid
370
9
62
47
100
AcDbLine
10
61266.0
20
-113597.0
30
0.0
11
61266.0
21
-113609.0
31
0.0
0
LINE
5
2c5b
100
AcDbEntity
8
Room Walls
6
Solid
370
9
62
47
100
AcDbLine
10
61266.0
20
-113609.0
30
0.0
11
61263.0
21
-113620.0
31
0.0
0
LINE
5
2c5d
100
AcDbEntity
8
Room Walls
6
Solid
370
9
62
47
100
AcDbLine
10
61263.0
20
-113620.0
30
0.0
11
59627.0
21
-116422.0
31
0.0
0
LINE
5
2c5f
100
AcDbEntity
8
Room Walls
6
Solid
370
9
62
47
100
AcDbLine
10
59627.0
20
-116422.0
30
0.0
11
59601.0
21
-116407.0
31
0.0
0
LINE
5
2c61
100
AcDbEntity
8
Room Walls
6
Solid
370
9
62
47
100
AcDbLine
10
59601.0
20
-116407.0
30
0.0
11
59586.0
21
-116433.0
31
0.0
0
LINE
5
2c63
100
AcDbEntity
8
Room Walls
6
Solid
370
9
62
47
100
AcDbLine
10
59586.0
20
-116433.0
30
0.0
11
58593.0
21
-115853.0
31
0.0
0
LINE
5
2c65
100
AcDbEntity
8
Room Walls
6
Solid
370
9
62
47
100
AcDbLine
10
59536.0
20
-102332.0
30
0.0
11
59551.0
21
-102306.0
31
0.0
0
LINE
5
2c67
100
AcDbEntity
8
Room Walls
6
Solid
370
9
62
47
100
AcDbLine
10
59551.0
20
-102306.0
30
0.0
11
59954.0
21
-102541.0
31
0.0
0
LINE
5
2c69
100
AcDbEntity
8
Room Walls
6
Solid
370
9
62
47
100
AcDbLine
10
59954.0
20
-102541.0
30
0.0
11
60513.0
21
-101582.0
31
0.0
0
LINE
5
2c6b
100
AcDbEntity
8
Room Walls
6
Solid
370
9
62
47
100
AcDbLine
10
60513.0
20
-101582.0
30
0.0
11
60539.0
21
-101598.0
31
0.0
0
LINE
5
2c6d
100
AcDbEntity
8
Room Walls
6
Solid
370
9
62
47
100
AcDbLine
10
60539.0
20
-101598.0
30
0.0
11
60565.0
21
-101613.0
31
0.0
0
LINE
5
2c6f
100
AcDbEntity
8
Room Walls
6
Solid
370
9
62
47
100
AcDbLine
10
60565.0
20
-101613.0
30
0.0
11
60005.0
21
-102571.0
31
0.0
0
LINE
5
2c71
100
AcDbEntity
8
Room Walls
6
Solid
370
9
62
47
100
AcDbLine
10
60005.0
20
-102571.0
30
0.0
11
60252.0
21
-102715.0
31
0.0
0
LINE
5
2c73
100
AcDbEntity
8
Room Walls
6
Solid
370
9
62
47
100
AcDbLine
10
60252.0
20
-102715.0
30
0.0
11
60222.0
21
-102767.0
31
0.0
0
LINE
5
2c75
100
AcDbEntity
8
Room Walls
6
Solid
370
9
62
47
100
AcDbLine
10
60222.0
20
-102767.0
30
0.0
11
59949.0
21
-102608.0
31
0.0
0
LINE
5
2c77
100
AcDbEntity
8
Room Walls
6
Solid
370
9
62
47
100
AcDbLine
10
59949.0
20
-102608.0
30
0.0
11
59520.0
21
-102358.0
31
0.0
0
LINE
5
2c79
100
AcDbEntity
8
Room Walls
6
Solid
370
9
62
47
100
AcDbLine
10
59520.0
20
-102358.0
30
0.0
11
59536.0
21
-102332.0
31
0.0
0
LINE
5
2c7b
100
AcDbEntity
8
Room Walls
6
Solid
370
9
62
47
100
AcDbLine
10
59874.0
20
-96740.0
30
0.0
11
59909.0
21
-96760.0
31
0.0
0
LINE
5
2c7d
100
AcDbEntity
8
Room Walls
6
Solid
370
9
62
47
100
AcDbLine
10
59909.0
20
-96760.0
30
0.0
11
59926.0
21
-96770.0
31
0.0
0
LINE
5
2c7f
100
AcDbEntity
8
Room Walls
6
Solid
370
9
62
47
100
AcDbLine
10
59926.0
20
-96770.0
30
0.0
11
59421.0
21
-97634.0
31
0.0
0
LINE
5
2c81
100
AcDbEntity
8
Room Walls
6
Solid
370
9
62
47
100
AcDbLine
10
59421.0
20
-97634.0
30
0.0
11
59370.0
21
-97604.0
31
0.0
0
LINE
5
2c83
100
AcDbEntity
8
Room Walls
6
Solid
370
9
62
47
100
AcDbLine
10
59370.0
20
-97604.0
30
0.0
11
59874.0
21
-96740.0
31
0.0
0
LINE
5
2c85
100
AcDbEntity
8
Room Walls
6
Solid
370
9
62
47
100
AcDbLine
10
55956.0
20
-110408.0
30
0.0
11
55986.0
21
-110357.0
31
0.0
0
LINE
5
2c87
100
AcDbEntity
8
Room Walls
6
Solid
370
9
62
47
100
AcDbLine
10
55986.0
20
-110357.0
30
0.0
11
56951.0
21
-110920.0
31
0.0
0
LINE
5
2c89
100
AcDbEntity
8
Room Walls
6
Solid
370
9
62
47
100
AcDbLine
10
56951.0
20
-110920.0
30
0.0
11
57125.0
21
-110622.0
31
0.0
0
LINE
5
2c8b
100
AcDbEntity
8
Room Walls
6
Solid
370
9
62
47
100
AcDbLine
10
57125.0
20
-110622.0
30
0.0
11
57177.0
21
-110652.0
31
0.0
0
LINE
5
2c8d
100
AcDbEntity
8
Room Walls
6
Solid
370
9
62
47
100
AcDbLine
10
57177.0
20
-110652.0
30
0.0
11
57003.0
21
-110950.0
31
0.0
0
LINE
5
2c8f
100
AcDbEntity
8
Room Walls
6
Solid
370
9
62
47
100
AcDbLine
10
57003.0
20
-110950.0
30
0.0
11
59891.0
21
-112637.0
31
0.0
0
LINE
5
2c91
100
AcDbEntity
8
Room Walls
6
Solid
370
9
62
47
100
AcDbLine
10
59891.0
20
-112637.0
30
0.0
11
59861.0
21
-112689.0
31
0.0
0
LINE
5
2c93
100
AcDbEntity
8
Room Walls
6
Solid
370
9
62
47
100
AcDbLine
10
59861.0
20
-112689.0
30
0.0
11
56946.0
21
-110987.0
31
0.0
0
POINT
5
2c95
100
AcDbEntity
8
Room Walls
6
Solid
370
9
62
47
100
AcDbPoint
10
56946.0
20
-110987.0
30
0.0
0
LINE
5
2c97
100
AcDbEntity
8
Room Walls
6
Solid
370
9
62
47
100
AcDbLine
10
56946.0
20
-110987.0
30
0.0
11
56920.0
21
-110972.0
31
0.0
0
LINE
5
2c99
100
AcDbEntity
8
Room Walls
6
Solid
370
9
62
47
100
AcDbLine
10
56920.0
20
-110972.0
30
0.0
11
55956.0
21
-110408.0
31
0.0
0
LINE
5
2c9b
100
AcDbEntity
8
Room Walls
6
Solid
370
9
62
47
100
AcDbLine
10
58865.0
20
-98467.0
30
0.0
11
58900.0
21
-98487.0
31
0.0
0
LINE
5
2c9d
100
AcDbEntity
8
Room Walls
6
Solid
370
9
62
47
100
AcDbLine
10
58900.0
20
-98487.0
30
0.0
11
58917.0
21
-98497.0
31
0.0
0
LINE
5
2c9f
100
AcDbEntity
8
Room Walls
6
Solid
370
9
62
47
100
AcDbLine
10
58917.0
20
-98497.0
30
0.0
11
58338.0
21
-99490.0
31
0.0
0
LINE
5
2ca1
100
AcDbEntity
8
Room Walls
6
Solid
370
9
62
47
100
AcDbLine
10
58338.0
20
-99490.0
30
0.0
11
58286.0
21
-99460.0
31
0.0
0
LINE
5
2ca3
100
AcDbEntity
8
Room Walls
6
Solid
370
9
62
47
100
AcDbLine
10
58286.0
20
-99460.0
30
0.0
11
58865.0
21
-98467.0
31
0.0
0
LINE
5
2ca5
100
AcDbEntity
8
Room Walls
6
Solid
370
9
62
47
100
AcDbLine
10
58672.0
20
-101828.0
30
0.0
11
58657.0
21
-101853.0
31
0.0
0
LINE
5
2ca7
100
AcDbEntity
8
Room Walls
6
Solid
370
9
62
47
100
AcDbLine
10
58657.0
20
-101853.0
30
0.0
11
58314.0
21
-101653.0
31
0.0
0
LINE
5
2ca9
100
AcDbEntity
8
Room Walls
6
Solid
370
9
62
47
100
AcDbLine
10
58314.0
20
-101653.0
30
0.0
11
58344.0
21
-101601.0
31
0.0
0
LINE
5
2cab
100
AcDbEntity
8
Room Walls
6
Solid
370
9
62
47
100
AcDbLine
10
58344.0
20
-101601.0
30
0.0
11
58687.0
21
-101802.0
31
0.0
0
LINE
5
2cad
100
AcDbEntity
8
Room Walls
6
Solid
370
9
62
47
100
AcDbLine
10
58687.0
20
-101802.0
30
0.0
11
58672.0
21
-101828.0
31
0.0
0
LINE
5
2caf
100
AcDbEntity
8
Room Walls
6
Solid
370
9
62
47
100
AcDbLine
10
57432.0
20
-103164.0
30
0.0
11
57429.0
21
-103163.0
31
0.0
0
LINE
5
2cb1
100
AcDbEntity
8
Room Walls
6
Solid
370
9
62
47
100
AcDbLine
10
57429.0
20
-103163.0
30
0.0
11
57447.0
21
-103139.0
31
0.0
0
LINE
5
2cb3
100
AcDbEntity
8
Room Walls
6
Solid
370
9
62
47
100
AcDbLine
10
57447.0
20
-103139.0
30
0.0
11
57454.0
21
-103126.0
31
0.0
0
POINT
5
2cb5
100
AcDbEntity
8
Room Walls
6
Solid
370
9
62
47
100
AcDbPoint
10
57454.0
20
-103126.0
30
0.0
0
LINE
5
2cb7
100
AcDbEntity
8
Room Walls
6
Solid
370
9
62
47
100
AcDbLine
10
57454.0
20
-103126.0
30
0.0
11
57462.0
21
-103113.0
31
0.0
0
LINE
5
2cb9
100
AcDbEntity
8
Room Walls
6
Solid
370
9
62
47
100
AcDbLine
10
57462.0
20
-103113.0
30
0.0
11
58652.0
21
-103807.0
31
0.0
0
LINE
5
2cbb
100
AcDbEntity
8
Room Walls
6
Solid
370
9
62
47
100
AcDbLine
10
58652.0
20
-103807.0
30
0.0
11
58621.0
21
-103859.0
31
0.0
0
LINE
5
2cbd
100
AcDbEntity
8
Room Walls
6
Solid
370
9
62
47
100
AcDbLine
10
58621.0
20
-103859.0
30
0.0
11
57432.0
21
-103164.0
31
0.0
0
LINE
5
2cbf
100
AcDbEntity
8
Room Walls
6
Solid
370
9
62
47
100
AcDbLine
10
57556.0
20
-109316.0
30
0.0
11
57586.0
21
-109265.0
31
0.0
0
LINE
5
2cc1
100
AcDbEntity
8
Room Walls
6
Solid
370
9
62
47
100
AcDbLine
10
57586.0
20
-109265.0
30
0.0
11
57833.0
21
-109409.0
31
0.0
0
LINE
5
2cc3
100
AcDbEntity
8
Room Walls
6
Solid
370
9
62
47
100
AcDbLine
10
57833.0
20
-109409.0
30
0.0
11
58393.0
21
-108450.0
31
0.0
0
LINE
5
2cc5
100
AcDbEntity
8
Room Walls
6
Solid
370
9
62
47
100
AcDbLine
10
58393.0
20
-108450.0
30
0.0
11
58445.0
21
-108480.0
31
0.0
0
LINE
5
2cc7
100
AcDbEntity
8
Room Walls
6
Solid
370
9
62
47
100
AcDbLine
10
58445.0
20
-108480.0
30
0.0
11
57870.0
21
-109465.0
31
0.0
0
LINE
5
2cc9
100
AcDbEntity
8
Room Walls
6
Solid
370
9
62
47
100
AcDbLine
10
57870.0
20
-109465.0
30
0.0
11
57681.0
21
-109789.0
31
0.0
0
LINE
5
2ccb
100
AcDbEntity
8
Room Walls
6
Solid
370
9
62
47
100
AcDbLine
10
57681.0
20
-109789.0
30
0.0
11
57655.0
21
-109773.0
31
0.0
0
LINE
5
2ccd
100
AcDbEntity
8
Room Walls
6
Solid
370
9
62
47
100
AcDbLine
10
57655.0
20
-109773.0
30
0.0
11
57629.0
21
-109758.0
31
0.0
0
LINE
5
2ccf
100
AcDbEntity
8
Room Walls
6
Solid
370
9
62
47
100
AcDbLine
10
57629.0
20
-109758.0
30
0.0
11
57803.0
21
-109460.0
31
0.0
0
LINE
5
2cd1
100
AcDbEntity
8
Room Walls
6
Solid
370
9
62
47
100
AcDbLine
10
57803.0
20
-109460.0
30
0.0
11
57556.0
21
-109316.0
31
0.0
0
LINE
5
2cd3
100
AcDbEntity
8
Room Walls
6
Solid
370
9
62
47
100
AcDbLine
10
57092.0
20
-96273.0
30
0.0
11
57083.0
21
-96268.0
31
0.0
0
LINE
5
2cd5
100
AcDbEntity
8
Room Walls
6
Solid
370
9
62
47
100
AcDbLine
10
57083.0
20
-96268.0
30
0.0
11
57588.0
21
-95405.0
31
0.0
0
LINE
5
2cd7
100
AcDbEntity
8
Room Walls
6
Solid
370
9
62
47
100
AcDbLine
10
57588.0
20
-95405.0
30
0.0
11
57596.0
21
-95410.0
31
0.0
0
LINE
5
2cd9
100
AcDbEntity
8
Room Walls
6
Solid
370
9
62
47
100
AcDbLine
10
57596.0
20
-95410.0
30
0.0
11
57628.0
21
-95429.0
31
0.0
0
LINE
5
2cdb
100
AcDbEntity
8
Room Walls
6
Solid
370
9
62
47
100
AcDbLine
10
57628.0
20
-95429.0
30
0.0
11
57639.0
21
-95435.0
31
0.0
0
LINE
5
2cdd
100
AcDbEntity
8
Room Walls
6
Solid
370
9
62
47
100
AcDbLine
10
57639.0
20
-95435.0
30
0.0
11
57648.0
21
-95440.0
31
0.0
0
LINE
5
2cdf
100
AcDbEntity
8
Room Walls
6
Solid
370
9
62
47
100
AcDbLine
10
57648.0
20
-95440.0
30
0.0
11
57144.0
21
-96304.0
31
0.0
0
LINE
5
2ce1
100
AcDbEntity
8
Room Walls
6
Solid
370
9
62
47
100
AcDbLine
10
57144.0
20
-96304.0
30
0.0
11
57135.0
21
-96299.0
31
0.0
0
LINE
5
2ce3
100
AcDbEntity
8
Room Walls
6
Solid
370
9
62
47
100
AcDbLine
10
57135.0
20
-96299.0
30
0.0
11
57092.0
21
-96273.0
31
0.0
0
LINE
5
2ce5
100
AcDbEntity
8
Room Walls
6
Solid
370
9
62
47
100
AcDbLine
10
57246.0
20
-99015.0
30
0.0
11
57251.0
21
-99006.0
31
0.0
0
LINE
5
2ce7
100
AcDbEntity
8
Room Walls
6
Solid
370
9
62
47
100
AcDbLine
10
57251.0
20
-99006.0
30
0.0
11
57269.0
21
-98974.0
31
0.0
0
LINE
5
2ce9
100
AcDbEntity
8
Room Walls
6
Solid
370
9
62
47
100
AcDbLine
10
57269.0
20
-98974.0
30
0.0
11
57276.0
21
-98963.0
31
0.0
0
LINE
5
2ceb
100
AcDbEntity
8
Room Walls
6
Solid
370
9
62
47
100
AcDbLine
10
57276.0
20
-98963.0
30
0.0
11
57281.0
21
-98954.0
31
0.0
0
LINE
5
2ced
100
AcDbEntity
8
Room Walls
6
Solid
370
9
62
47
100
AcDbLine
10
57281.0
20
-98954.0
30
0.0
11
57327.0
21
-98981.0
31
0.0
0
LINE
5
2cef
100
AcDbEntity
8
Room Walls
6
Solid
370
9
62
47
100
AcDbLine
10
57327.0
20
-98981.0
30
0.0
11
57329.0
21
-98982.0
31
0.0
0
LINE
5
2cf1
100
AcDbEntity
8
Room Walls
6
Solid
370
9
62
47
100
AcDbLine
10
57329.0
20
-98982.0
30
0.0
11
57329.0
21
-98983.0
31
0.0
0
LINE
5
2cf3
100
AcDbEntity
8
Room Walls
6
Solid
370
9
62
47
100
AcDbLine
10
57329.0
20
-98983.0
30
0.0
11
57310.0
21
-99009.0
31
0.0
0
LINE
5
2cf5
100
AcDbEntity
8
Room Walls
6
Solid
370
9
62
47
100
AcDbLine
10
57310.0
20
-99009.0
30
0.0
11
57304.0
21
-99020.0
31
0.0
0
LINE
5
2cf7
100
AcDbEntity
8
Room Walls
6
Solid
370
9
62
47
100
AcDbLine
10
57304.0
20
-99020.0
30
0.0
11
57296.0
21
-99033.0
31
0.0
0
LINE
5
2cf9
100
AcDbEntity
8
Room Walls
6
Solid
370
9
62
47
100
AcDbLine
10
57296.0
20
-99033.0
30
0.0
11
57291.0
21
-99041.0
31
0.0
0
LINE
5
2cfb
100
AcDbEntity
8
Room Walls
6
Solid
370
9
62
47
100
AcDbLine
10
57291.0
20
-99041.0
30
0.0
11
57246.0
21
-99015.0
31
0.0
0
LINE
5
2cfd
100
AcDbEntity
8
Room Walls
6
Solid
370
9
62
47
100
AcDbLine
10
56006.0
20
-108377.0
30
0.0
11
56021.0
21
-108351.0
31
0.0
0
LINE
5
2cff
100
AcDbEntity
8
Room Walls
6
Solid
370
9
62
47
100
AcDbLine
10
56021.0
20
-108351.0
30
0.0
11
56424.0
21
-108586.0
31
0.0
0
LINE
5
2d01
100
AcDbEntity
8
Room Walls
6
Solid
370
9
62
47
100
AcDbLine
10
56424.0
20
-108586.0
30
0.0
11
56984.0
21
-107628.0
31
0.0
0
LINE
5
2d03
100
AcDbEntity
8
Room Walls
6
Solid
370
9
62
47
100
AcDbLine
10
56984.0
20
-107628.0
30
0.0
11
57036.0
21
-107658.0
31
0.0
0
LINE
5
2d05
100
AcDbEntity
8
Room Walls
6
Solid
370
9
62
47
100
AcDbLine
10
57036.0
20
-107658.0
30
0.0
11
56476.0
21
-108616.0
31
0.0
0
LINE
5
2d07
100
AcDbEntity
8
Room Walls
6
Solid
370
9
62
47
100
AcDbLine
10
56476.0
20
-108616.0
30
0.0
11
56723.0
21
-108760.0
31
0.0
0
LINE
5
2d09
100
AcDbEntity
8
Room Walls
6
Solid
370
9
62
47
100
AcDbLine
10
56723.0
20
-108760.0
30
0.0
11
56693.0
21
-108812.0
31
0.0
0
LINE
5
2d0b
100
AcDbEntity
8
Room Walls
6
Solid
370
9
62
47
100
AcDbLine
10
56693.0
20
-108812.0
30
0.0
11
56420.0
21
-108653.0
31
0.0
0
LINE
5
2d0d
100
AcDbEntity
8
Room Walls
6
Solid
370
9
62
47
100
AcDbLine
10
56420.0
20
-108653.0
30
0.0
11
55991.0
21
-108403.0
31
0.0
0
LINE
5
2d0f
100
AcDbEntity
8
Room Walls
6
Solid
370
9
62
47
100
AcDbLine
10
55991.0
20
-108403.0
30
0.0
11
56006.0
21
-108377.0
31
0.0
0
LINE
5
2d11
100
AcDbEntity
8
Room Walls
6
Solid
370
9
62
47
100
AcDbLine
10
51337.0
20
-95554.0
30
0.0
11
51368.0
21
-95502.0
31
0.0
0
LINE
5
2d13
100
AcDbEntity
8
Room Walls
6
Solid
370
9
62
47
100
AcDbLine
10
51368.0
20
-95502.0
30
0.0
11
54282.0
21
-97204.0
31
0.0
0
POINT
5
2d15
100
AcDbEntity
8
Room Walls
6
Solid
370
9
62
47
100
AcDbPoint
10
54282.0
20
-97204.0
30
0.0
0
LINE
5
2d17
100
AcDbEntity
8
Room Walls
6
Solid
370
9
62
47
100
AcDbLine
10
54282.0
20
-97204.0
30
0.0
11
54308.0
21
-97219.0
31
0.0
0
LINE
5
2d19
100
AcDbEntity
8
Room Walls
6
Solid
370
9
62
47
100
AcDbLine
10
54308.0
20
-97219.0
30
0.0
11
55964.0
21
-98186.0
31
0.0
0
LINE
5
2d1b
100
AcDbEntity
8
Room Walls
6
Solid
370
9
62
47
100
AcDbLine
10
55964.0
20
-98186.0
30
0.0
11
56579.0
21
-97132.0
31
0.0
0
LINE
5
2d1d
100
AcDbEntity
8
Room Walls
6
Solid
370
9
62
47
100
AcDbLine
10
56579.0
20
-97132.0
30
0.0
11
56588.0
21
-97137.0
31
0.0
0
LINE
5
2d1f
100
AcDbEntity
8
Room Walls
6
Solid
370
9
62
47
100
AcDbLine
10
56588.0
20
-97137.0
30
0.0
11
56620.0
21
-97156.0
31
0.0
0
LINE
5
2d21
100
AcDbEntity
8
Room Walls
6
Solid
370
9
62
47
100
AcDbLine
10
56620.0
20
-97156.0
30
0.0
11
56631.0
21
-97162.0
31
0.0
0
LINE
5
2d23
100
AcDbEntity
8
Room Walls
6
Solid
370
9
62
47
100
AcDbLine
10
56631.0
20
-97162.0
30
0.0
11
56640.0
21
-97167.0
31
0.0
0
LINE
5
2d25
100
AcDbEntity
8
Room Walls
6
Solid
370
9
62
47
100
AcDbLine
10
56640.0
20
-97167.0
30
0.0
11
56025.0
21
-98221.0
31
0.0
0
LINE
5
2d27
100
AcDbEntity
8
Room Walls
6
Solid
370
9
62
47
100
AcDbLine
10
56025.0
20
-98221.0
30
0.0
11
56417.0
21
-98450.0
31
0.0
0
LINE
5
2d29
100
AcDbEntity
8
Room Walls
6
Solid
370
9
62
47
100
AcDbLine
10
56417.0
20
-98450.0
30
0.0
11
56412.0
21
-98459.0
31
0.0
0
LINE
5
2d2b
100
AcDbEntity
8
Room Walls
6
Solid
370
9
62
47
100
AcDbLine
10
56412.0
20
-98459.0
30
0.0
11
56387.0
21
-98502.0
31
0.0
0
POINT
5
2d2d
100
AcDbEntity
8
Room Walls
6
Solid
370
9
62
47
100
AcDbPoint
10
56387.0
20
-98502.0
30
0.0
0
LINE
5
2d2f
100
AcDbEntity
8
Room Walls
6
Solid
370
9
62
47
100
AcDbLine
10
56387.0
20
-98502.0
30
0.0
11
56382.0
21
-98510.0
31
0.0
0
LINE
5
2d31
100
AcDbEntity
8
Room Walls
6
Solid
370
9
62
47
100
AcDbLine
10
56382.0
20
-98510.0
30
0.0
11
55963.0
21
-98266.0
31
0.0
0
LINE
5
2d33
100
AcDbEntity
8
Room Walls
6
Solid
370
9
62
47
100
AcDbLine
10
55963.0
20
-98266.0
30
0.0
11
55968.0
21
-98258.0
31
0.0
0
LINE
5
2d35
100
AcDbEntity
8
Room Walls
6
Solid
370
9
62
47
100
AcDbLine
10
55968.0
20
-98258.0
30
0.0
11
55967.0
21
-98257.0
31
0.0
0
LINE
5
2d37
100
AcDbEntity
8
Room Walls
6
Solid
370
9
62
47
100
AcDbLine
10
55967.0
20
-98257.0
30
0.0
11
55961.0
21
-98265.0
31
0.0
0
LINE
5
2d39
100
AcDbEntity
8
Room Walls
6
Solid
370
9
62
47
100
AcDbLine
10
55961.0
20
-98265.0
30
0.0
11
55959.0
21
-98263.0
31
0.0
0
LINE
5
2d3b
100
AcDbEntity
8
Room Walls
6
Solid
370
9
62
47
100
AcDbLine
10
55959.0
20
-98263.0
30
0.0
11
55955.0
21
-98259.0
31
0.0
0
LINE
5
2d3d
100
AcDbEntity
8
Room Walls
6
Solid
370
9
62
47
100
AcDbLine
10
55955.0
20
-98259.0
30
0.0
11
55954.0
21
-98258.0
31
0.0
0
LINE
5
2d3f
100
AcDbEntity
8
Room Walls
6
Solid
370
9
62
47
100
AcDbLine
10
55954.0
20
-98258.0
30
0.0
11
55950.0
21
-98253.0
31
0.0
0
LINE
5
2d41
100
AcDbEntity
8
Room Walls
6
Solid
370
9
62
47
100
AcDbLine
10
55950.0
20
-98253.0
30
0.0
11
55949.0
21
-98252.0
31
0.0
0
LINE
5
2d43
100
AcDbEntity
8
Room Walls
6
Solid
370
9
62
47
100
AcDbLine
10
55949.0
20
-98252.0
30
0.0
11
55946.0
21
-98246.0
31
0.0
0
LINE
5
2d45
100
AcDbEntity
8
Room Walls
6
Solid
370
9
62
47
100
AcDbLine
10
55946.0
20
-98246.0
30
0.0
11
55946.0
21
-98245.0
31
0.0
0
LINE
5
2d47
100
AcDbEntity
8
Room Walls
6
Solid
370
9
62
47
100
AcDbLine
10
55946.0
20
-98245.0
30
0.0
11
55946.0
21
-98244.0
31
0.0
0
LINE
5
2d49
100
AcDbEntity
8
Room Walls
6
Solid
370
9
62
47
100
AcDbLine
10
55946.0
20
-98244.0
30
0.0
11
55831.0
21
-98177.0
31
0.0
0
LINE
5
2d4b
100
AcDbEntity
8
Room Walls
6
Solid
370
9
62
47
100
AcDbLine
10
55831.0
20
-98177.0
30
0.0
11
54278.0
21
-97271.0
31
0.0
0
LINE
5
2d4d
100
AcDbEntity
8
Room Walls
6
Solid
370
9
62
47
100
AcDbLine
10
54278.0
20
-97271.0
30
0.0
11
54104.0
21
-97569.0
31
0.0
0
LINE
5
2d4f
100
AcDbEntity
8
Room Walls
6
Solid
370
9
62
47
100
AcDbLine
10
54104.0
20
-97569.0
30
0.0
11
54052.0
21
-97538.0
31
0.0
0
LINE
5
2d51
100
AcDbEntity
8
Room Walls
6
Solid
370
9
62
47
100
AcDbLine
10
54052.0
20
-97538.0
30
0.0
11
54226.0
21
-97240.0
31
0.0
0
LINE
5
2d53
100
AcDbEntity
8
Room Walls
6
Solid
370
9
62
47
100
AcDbLine
10
54226.0
20
-97240.0
30
0.0
11
51337.0
21
-95554.0
31
0.0
0
LINE
5
2d55
100
AcDbEntity
8
Room Walls
6
Solid
370
9
62
47
100
AcDbLine
10
56071.0
20
-100344.0
30
0.0
11
56101.0
21
-100292.0
31
0.0
0
LINE
5
2d57
100
AcDbEntity
8
Room Walls
6
Solid
370
9
62
47
100
AcDbLine
10
56101.0
20
-100292.0
30
0.0
11
56444.0
21
-100492.0
31
0.0
0
LINE
5
2d59
100
AcDbEntity
8
Room Walls
6
Solid
370
9
62
47
100
AcDbLine
10
56444.0
20
-100492.0
30
0.0
11
56414.0
21
-100544.0
31
0.0
0
LINE
5
2d5b
100
AcDbEntity
8
Room Walls
6
Solid
370
9
62
47
100
AcDbLine
10
56414.0
20
-100544.0
30
0.0
11
56071.0
21
-100344.0
31
0.0
0
LINE
5
2d5d
100
AcDbEntity
8
Room Walls
6
Solid
370
9
62
47
100
AcDbLine
10
49708.0
20
-102708.0
30
0.0
11
47808.0
21
-101599.0
31
0.0
0
LINE
5
2d5f
100
AcDbEntity
8
Room Walls
6
Solid
370
9
62
47
100
AcDbLine
10
47808.0
20
-101599.0
30
0.0
11
47838.0
21
-101547.0
31
0.0
0
LINE
5
2d61
100
AcDbEntity
8
Room Walls
6
Solid
370
9
62
47
100
AcDbLine
10
47838.0
20
-101547.0
30
0.0
11
49712.0
21
-102641.0
31
0.0
0
LINE
5
2d63
100
AcDbEntity
8
Room Walls
6
Solid
370
9
62
47
100
AcDbLine
10
49712.0
20
-102641.0
30
0.0
11
50756.0
21
-100854.0
31
0.0
0
LINE
5
2d65
100
AcDbEntity
8
Room Walls
6
Solid
370
9
62
47
100
AcDbLine
10
50756.0
20
-100854.0
30
0.0
11
50764.0
21
-100845.0
31
0.0
0
LINE
5
2d67
100
AcDbEntity
8
Room Walls
6
Solid
370
9
62
47
100
AcDbLine
10
50764.0
20
-100845.0
30
0.0
11
50774.0
21
-100840.0
31
0.0
0
LINE
5
2d69
100
AcDbEntity
8
Room Walls
6
Solid
370
9
62
47
100
AcDbLine
10
50774.0
20
-100840.0
30
0.0
11
50786.0
21
-100839.0
31
0.0
0
LINE
5
2d6b
100
AcDbEntity
8
Room Walls
6
Solid
370
9
62
47
100
AcDbLine
10
50786.0
20
-100839.0
30
0.0
11
50797.0
21
-100843.0
31
0.0
0
LINE
5
2d6d
100
AcDbEntity
8
Room Walls
6
Solid
370
9
62
47
100
AcDbLine
10
50797.0
20
-100843.0
30
0.0
11
52153.0
21
-101634.0
31
0.0
0
LINE
5
2d6f
100
AcDbEntity
8
Room Walls
6
Solid
370
9
62
47
100
AcDbLine
10
52153.0
20
-101634.0
30
0.0
11
52179.0
21
-101650.0
31
0.0
0
LINE
5
2d71
100
AcDbEntity
8
Room Walls
6
Solid
370
9
62
47
100
AcDbLine
10
52179.0
20
-101650.0
30
0.0
11
53535.0
21
-102441.0
31
0.0
0
POINT
5
2d73
100
AcDbEntity
8
Room Walls
6
Solid
370
9
62
47
100
AcDbPoint
10
53535.0
20
-102441.0
30
0.0
0
LINE
5
2d75
100
AcDbEntity
8
Room Walls
6
Solid
370
9
62
47
100
AcDbLine
10
53535.0
20
-102441.0
30
0.0
11
53561.0
21
-102456.0
31
0.0
0
LINE
5
2d77
100
AcDbEntity
8
Room Walls
6
Solid
370
9
62
47
100
AcDbLine
10
53561.0
20
-102456.0
30
0.0
11
54511.0
21
-103011.0
31
0.0
0
POINT
5
2d79
100
AcDbEntity
8
Room Walls
6
Solid
370
9
62
47
100
AcDbPoint
10
54511.0
20
-103011.0
30
0.0
0
LINE
5
2d7b
100
AcDbEntity
8
Room Walls
6
Solid
370
9
62
47
100
AcDbLine
10
54511.0
20
-103011.0
30
0.0
11
54916.0
21
-103248.0
31
0.0
0
LINE
5
2d7d
100
AcDbEntity
8
Room Walls
6
Solid
370
9
62
47
100
AcDbLine
10
54916.0
20
-103248.0
30
0.0
11
55557.0
21
-102151.0
31
0.0
0
LINE
5
2d7f
100
AcDbEntity
8
Room Walls
6
Solid
370
9
62
47
100
AcDbLine
10
55557.0
20
-102151.0
30
0.0
11
55609.0
21
-102181.0
31
0.0
0
LINE
5
2d81
100
AcDbEntity
8
Room Walls
6
Solid
370
9
62
47
100
AcDbLine
10
55609.0
20
-102181.0
30
0.0
11
53909.0
21
-105092.0
31
0.0
0
LINE
5
2d83
100
AcDbEntity
8
Room Walls
6
Solid
370
9
62
47
100
AcDbLine
10
53909.0
20
-105092.0
30
0.0
11
53894.0
21
-105117.0
31
0.0
0
LINE
5
2d85
100
AcDbEntity
8
Room Walls
6
Solid
370
9
62
47
100
AcDbLine
10
53894.0
20
-105117.0
30
0.0
11
53894.0
21
-105118.0
31
0.0
0
POINT
5
2d87
100
AcDbEntity
8
Room Walls
6
Solid
370
9
62
47
100
AcDbPoint
10
53894.0
20
-105118.0
30
0.0
0
LINE
5
2d89
100
AcDbEntity
8
Room Walls
6
Solid
370
9
62
47
100
AcDbLine
10
53894.0
20
-105118.0
30
0.0
11
52180.0
21
-108054.0
31
0.0
0
LINE
5
2d8b
100
AcDbEntity
8
Room Walls
6
Solid
370
9
62
47
100
AcDbLine
10
52180.0
20
-108054.0
30
0.0
11
52128.0
21
-108023.0
31
0.0
0
LINE
5
2d8d
100
AcDbEntity
8
Room Walls
6
Solid
370
9
62
47
100
AcDbLine
10
52128.0
20
-108023.0
30
0.0
11
53827.0
21
-105113.0
31
0.0
0
LINE
5
2d8f
100
AcDbEntity
8
Room Walls
6
Solid
370
9
62
47
100
AcDbLine
10
53827.0
20
-105113.0
30
0.0
11
53422.0
21
-104876.0
31
0.0
0
POINT
5
2d91
100
AcDbEntity
8
Room Walls
6
Solid
370
9
62
47
100
AcDbPoint
10
53422.0
20
-104876.0
30
0.0
0
LINE
5
2d93
100
AcDbEntity
8
Room Walls
6
Solid
370
9
62
47
100
AcDbLine
10
53422.0
20
-104876.0
30
0.0
11
53396.0
21
-104861.0
31
0.0
0
LINE
5
2d95
100
AcDbEntity
8
Room Walls
6
Solid
370
9
62
47
100
AcDbLine
10
53396.0
20
-104861.0
30
0.0
11
52472.0
21
-104322.0
31
0.0
0
LINE
5
2d97
100
AcDbEntity
8
Room Walls
6
Solid
370
9
62
47
100
AcDbLine
10
52472.0
20
-104322.0
30
0.0
11
52446.0
21
-104306.0
31
0.0
0
LINE
5
2d99
100
AcDbEntity
8
Room Walls
6
Solid
370
9
62
47
100
AcDbLine
10
52446.0
20
-104306.0
30
0.0
11
51090.0
21
-103515.0
31
0.0
0
LINE
5
2d9b
100
AcDbEntity
8
Room Walls
6
Solid
370
9
62
47
100
AcDbLine
10
51090.0
20
-103515.0
30
0.0
11
49708.0
21
-102708.0
31
0.0
0
LINE
5
2d9d
100
AcDbEntity
8
Room Walls
6
Solid
370
9
62
47
100
AcDbLine
10
54886.0
20
-103300.0
30
0.0
11
54506.0
21
-103078.0
31
0.0
0
LINE
5
2d9f
100
AcDbEntity
8
Room Walls
6
Solid
370
9
62
47
100
AcDbLine
10
54506.0
20
-103078.0
30
0.0
11
53478.0
21
-104840.0
31
0.0
0
LINE
5
2da1
100
AcDbEntity
8
Room Walls
6
Solid
370
9
62
47
100
AcDbLine
10
53478.0
20
-104840.0
30
0.0
11
53858.0
21
-105061.0
31
0.0
0
LINE
5
2da3
100
AcDbEntity
8
Room Walls
6
Solid
370
9
62
47
100
AcDbLine
10
53858.0
20
-105061.0
30
0.0
11
54139.0
21
-104580.0
31
0.0
0
LINE
5
2da5
100
AcDbEntity
8
Room Walls
6
Solid
370
9
62
47
100
AcDbLine
10
54139.0
20
-104580.0
30
0.0
11
54886.0
21
-103300.0
31
0.0
0
LINE
5
2da7
100
AcDbEntity
8
Room Walls
6
Solid
370
9
62
47
100
AcDbLine
10
53426.0
20
-104809.0
30
0.0
11
54454.0
21
-103048.0
31
0.0
0
LINE
5
2da9
100
AcDbEntity
8
Room Walls
6
Solid
370
9
62
47
100
AcDbLine
10
54454.0
20
-103048.0
30
0.0
11
53556.0
21
-102523.0
31
0.0
0
LINE
5
2dab
100
AcDbEntity
8
Room Walls
6
Solid
370
9
62
47
100
AcDbLine
10
53556.0
20
-102523.0
30
0.0
11
52528.0
21
-104285.0
31
0.0
0
LINE
5
2dad
100
AcDbEntity
8
Room Walls
6
Solid
370
9
62
47
100
AcDbLine
10
52528.0
20
-104285.0
30
0.0
11
53426.0
21
-104809.0
31
0.0
0
LINE
5
2daf
100
AcDbEntity
8
Room Walls
6
Solid
370
9
62
47
100
AcDbLine
10
52476.0
20
-104255.0
30
0.0
11
53504.0
21
-102493.0
31
0.0
0
LINE
5
2db1
100
AcDbEntity
8
Room Walls
6
Solid
370
9
62
47
100
AcDbLine
10
53504.0
20
-102493.0
30
0.0
11
52175.0
21
-101716.0
31
0.0
0
LINE
5
2db3
100
AcDbEntity
8
Room Walls
6
Solid
370
9
62
47
100
AcDbLine
10
52175.0
20
-101716.0
30
0.0
11
51146.0
21
-103478.0
31
0.0
0
LINE
5
2db5
100
AcDbEntity
8
Room Walls
6
Solid
370
9
62
47
100
AcDbLine
10
51146.0
20
-103478.0
30
0.0
11
52424.0
21
-104225.0
31
0.0
0
LINE
5
2db7
100
AcDbEntity
8
Room Walls
6
Solid
370
9
62
47
100
AcDbLine
10
52424.0
20
-104225.0
30
0.0
11
52476.0
21
-104255.0
31
0.0
0
LINE
5
2db9
100
AcDbEntity
8
Room Walls
6
Solid
370
9
62
47
100
AcDbLine
10
51094.0
20
-103448.0
30
0.0
11
52123.0
21
-101686.0
31
0.0
0
LINE
5
2dbb
100
AcDbEntity
8
Room Walls
6
Solid
370
9
62
47
100
AcDbLine
10
52123.0
20
-101686.0
30
0.0
11
50793.0
21
-100910.0
31
0.0
0
LINE
5
2dbd
100
AcDbEntity
8
Room Walls
6
Solid
370
9
62
47
100
AcDbLine
10
50793.0
20
-100910.0
30
0.0
11
49764.0
21
-102672.0
31
0.0
0
LINE
5
2dbf
100
AcDbEntity
8
Room Walls
6
Solid
370
9
62
47
100
AcDbLine
10
49764.0
20
-102672.0
30
0.0
11
50439.0
21
-103066.0
31
0.0
0
LINE
5
2dc1
100
AcDbEntity
8
Room Walls
6
Solid
370
9
62
47
100
AcDbLine
10
50439.0
20
-103066.0
30
0.0
11
51094.0
21
-103448.0
31
0.0
0
LINE
5
2dc3
100
AcDbEntity
8
Room Walls
6
Solid
370
9
62
47
100
AcDbLine
10
54506.0
20
-99430.0
30
0.0
11
54536.0
21
-99378.0
31
0.0
0
LINE
5
2dc5
100
AcDbEntity
8
Room Walls
6
Solid
370
9
62
47
100
AcDbLine
10
54536.0
20
-99378.0
30
0.0
11
54809.0
21
-99537.0
31
0.0
0
LINE
5
2dc7
100
AcDbEntity
8
Room Walls
6
Solid
370
9
62
47
100
AcDbLine
10
54809.0
20
-99537.0
30
0.0
11
55238.0
21
-99788.0
31
0.0
0
LINE
5
2dc9
100
AcDbEntity
8
Room Walls
6
Solid
370
9
62
47
100
AcDbLine
10
55238.0
20
-99788.0
30
0.0
11
55207.0
21
-99840.0
31
0.0
0
LINE
5
2dcb
100
AcDbEntity
8
Room Walls
6
Solid
370
9
62
47
100
AcDbLine
10
55207.0
20
-99840.0
30
0.0
11
54804.0
21
-99604.0
31
0.0
0
LINE
5
2dcd
100
AcDbEntity
8
Room Walls
6
Solid
370
9
62
47
100
AcDbLine
10
54804.0
20
-99604.0
30
0.0
11
54245.0
21
-100563.0
31
0.0
0
LINE
5
2dcf
100
AcDbEntity
8
Room Walls
6
Solid
370
9
62
47
100
AcDbLine
10
54245.0
20
-100563.0
30
0.0
11
54193.0
21
-100533.0
31
0.0
0
LINE
5
2dd1
100
AcDbEntity
8
Room Walls
6
Solid
370
9
62
47
100
AcDbLine
10
54193.0
20
-100533.0
30
0.0
11
54753.0
21
-99574.0
31
0.0
0
LINE
5
2dd3
100
AcDbEntity
8
Room Walls
6
Solid
370
9
62
47
100
AcDbLine
10
54753.0
20
-99574.0
30
0.0
11
54506.0
21
-99430.0
31
0.0
0
LINE
5
2dd5
100
AcDbEntity
8
Room Walls
6
Solid
370
9
62
47
100
AcDbLine
10
55158.0
20
-107847.0
30
0.0
11
55128.0
21
-107899.0
31
0.0
0
LINE
5
2dd7
100
AcDbEntity
8
Room Walls
6
Solid
370
9
62
47
100
AcDbLine
10
55128.0
20
-107899.0
30
0.0
11
54785.0
21
-107698.0
31
0.0
0
LINE
5
2dd9
100
AcDbEntity
8
Room Walls
6
Solid
370
9
62
47
100
AcDbLine
10
54785.0
20
-107698.0
30
0.0
11
54815.0
21
-107647.0
31
0.0
0
LINE
5
2ddb
100
AcDbEntity
8
Room Walls
6
Solid
370
9
62
47
100
AcDbLine
10
54815.0
20
-107647.0
30
0.0
11
55158.0
21
-107847.0
31
0.0
0
LINE
5
2ddd
100
AcDbEntity
8
Room Walls
6
Solid
370
9
62
47
100
AcDbLine
10
53902.0
20
-109210.0
30
0.0
11
53900.0
21
-109208.0
31
0.0
0
LINE
5
2ddf
100
AcDbEntity
8
Room Walls
6
Solid
370
9
62
47
100
AcDbLine
10
53900.0
20
-109208.0
30
0.0
11
53917.0
21
-109184.0
31
0.0
0
LINE
5
2de1
100
AcDbEntity
8
Room Walls
6
Solid
370
9
62
47
100
AcDbLine
10
53917.0
20
-109184.0
30
0.0
11
53925.0
21
-109171.0
31
0.0
0
LINE
5
2de3
100
AcDbEntity
8
Room Walls
6
Solid
370
9
62
47
100
AcDbLine
10
53925.0
20
-109171.0
30
0.0
11
53932.0
21
-109158.0
31
0.0
0
LINE
5
2de5
100
AcDbEntity
8
Room Walls
6
Solid
370
9
62
47
100
AcDbLine
10
53932.0
20
-109158.0
30
0.0
11
55122.0
21
-109852.0
31
0.0
0
LINE
5
2de7
100
AcDbEntity
8
Room Walls
6
Solid
370
9
62
47
100
AcDbLine
10
55122.0
20
-109852.0
30
0.0
11
55092.0
21
-109904.0
31
0.0
0
LINE
5
2de9
100
AcDbEntity
8
Room Walls
6
Solid
370
9
62
47
100
AcDbLine
10
55092.0
20
-109904.0
30
0.0
11
53902.0
21
-109210.0
31
0.0
0
LINE
5
2deb
100
AcDbEntity
8
Room Walls
6
Solid
370
9
62
47
100
AcDbLine
10
52565.0
20
-100323.0
30
0.0
11
52595.0
21
-100272.0
31
0.0
0
LINE
5
2ded
100
AcDbEntity
8
Room Walls
6
Solid
370
9
62
47
100
AcDbLine
10
52595.0
20
-100272.0
30
0.0
11
53849.0
21
-101003.0
31
0.0
0
LINE
5
2def
100
AcDbEntity
8
Room Walls
6
Solid
370
9
62
47
100
AcDbLine
10
53849.0
20
-101003.0
30
0.0
11
53818.0
21
-101055.0
31
0.0
0
LINE
5
2df1
100
AcDbEntity
8
Room Walls
6
Solid
370
9
62
47
100
AcDbLine
10
53818.0
20
-101055.0
30
0.0
11
52565.0
21
-100323.0
31
0.0
0
LINE
5
2df3
100
AcDbEntity
8
Room Walls
6
Solid
370
9
62
47
100
AcDbLine
10
52784.0
20
-99710.0
30
0.0
11
53359.0
21
-98726.0
31
0.0
0
LINE
5
2df5
100
AcDbEntity
8
Room Walls
6
Solid
370
9
62
47
100
AcDbLine
10
53359.0
20
-98726.0
30
0.0
11
53548.0
21
-98402.0
31
0.0
0
LINE
5
2df7
100
AcDbEntity
8
Room Walls
6
Solid
370
9
62
47
100
AcDbLine
10
53548.0
20
-98402.0
30
0.0
11
53574.0
21
-98417.0
31
0.0
0
LINE
5
2df9
100
AcDbEntity
8
Room Walls
6
Solid
370
9
62
47
100
AcDbLine
10
53574.0
20
-98417.0
30
0.0
11
53600.0
21
-98432.0
31
0.0
0
LINE
5
2dfb
100
AcDbEntity
8
Room Walls
6
Solid
370
9
62
47
100
AcDbLine
10
53600.0
20
-98432.0
30
0.0
11
53426.0
21
-98730.0
31
0.0
0
LINE
5
2dfd
100
AcDbEntity
8
Room Walls
6
Solid
370
9
62
47
100
AcDbLine
10
53426.0
20
-98730.0
30
0.0
11
53673.0
21
-98874.0
31
0.0
0
LINE
5
2dff
100
AcDbEntity
8
Room Walls
6
Solid
370
9
62
47
100
AcDbLine
10
53673.0
20
-98874.0
30
0.0
11
53642.0
21
-98926.0
31
0.0
0
LINE
5
2e01
100
AcDbEntity
8
Room Walls
6
Solid
370
9
62
47
100
AcDbLine
10
53642.0
20
-98926.0
30
0.0
11
53396.0
21
-98782.0
31
0.0
0
LINE
5
2e03
100
AcDbEntity
8
Room Walls
6
Solid
370
9
62
47
100
AcDbLine
10
53396.0
20
-98782.0
30
0.0
11
52836.0
21
-99740.0
31
0.0
0
LINE
5
2e05
100
AcDbEntity
8
Room Walls
6
Solid
370
9
62
47
100
AcDbLine
10
52836.0
20
-99740.0
30
0.0
11
52784.0
21
-99710.0
31
0.0
0
LINE
5
2e07
100
AcDbEntity
8
Room Walls
6
Solid
370
9
62
47
100
AcDbLine
10
49977.0
20
-94612.0
30
0.0
11
49968.0
21
-94604.0
31
0.0
0
LINE
5
2e09
100
AcDbEntity
8
Room Walls
6
Solid
370
9
62
47
100
AcDbLine
10
49968.0
20
-94604.0
30
0.0
11
49963.0
21
-94593.0
31
0.0
0
LINE
5
2e0b
100
AcDbEntity
8
Room Walls
6
Solid
370
9
62
47
100
AcDbLine
10
49963.0
20
-94593.0
30
0.0
11
49962.0
21
-94582.0
31
0.0
0
LINE
5
2e0d
100
AcDbEntity
8
Room Walls
6
Solid
370
9
62
47
100
AcDbLine
10
49962.0
20
-94582.0
30
0.0
11
49966.0
21
-94571.0
31
0.0
0
LINE
5
2e0f
100
AcDbEntity
8
Room Walls
6
Solid
370
9
62
47
100
AcDbLine
10
49966.0
20
-94571.0
30
0.0
11
51566.0
21
-91831.0
31
0.0
0
LINE
5
2e11
100
AcDbEntity
8
Room Walls
6
Solid
370
9
62
47
100
AcDbLine
10
51566.0
20
-91831.0
30
0.0
11
51591.0
21
-91846.0
31
0.0
0
LINE
5
2e13
100
AcDbEntity
8
Room Walls
6
Solid
370
9
62
47
100
AcDbLine
10
51591.0
20
-91846.0
30
0.0
11
51607.0
21
-91820.0
31
0.0
0
LINE
5
2e15
100
AcDbEntity
8
Room Walls
6
Solid
370
9
62
47
100
AcDbLine
10
51607.0
20
-91820.0
30
0.0
11
52600.0
21
-92400.0
31
0.0
0
LINE
5
2e17
100
AcDbEntity
8
Room Walls
6
Solid
370
9
62
47
100
AcDbLine
10
52600.0
20
-92400.0
30
0.0
11
52569.0
21
-92452.0
31
0.0
0
LINE
5
2e19
100
AcDbEntity
8
Room Walls
6
Solid
370
9
62
47
100
AcDbLine
10
52569.0
20
-92452.0
30
0.0
11
51602.0
21
-91887.0
31
0.0
0
LINE
5
2e1b
100
AcDbEntity
8
Room Walls
6
Solid
370
9
62
47
100
AcDbLine
10
51602.0
20
-91887.0
30
0.0
11
50033.0
21
-94575.0
31
0.0
0
LINE
5
2e1d
100
AcDbEntity
8
Room Walls
6
Solid
370
9
62
47
100
AcDbLine
10
50033.0
20
-94575.0
30
0.0
11
51000.0
21
-95140.0
31
0.0
0
LINE
5
2e1f
100
AcDbEntity
8
Room Walls
6
Solid
370
9
62
47
100
AcDbLine
10
51000.0
20
-95140.0
30
0.0
11
50970.0
21
-95191.0
31
0.0
0
LINE
5
2e21
100
AcDbEntity
8
Room Walls
6
Solid
370
9
62
47
100
AcDbLine
10
50970.0
20
-95191.0
30
0.0
11
49977.0
21
-94612.0
31
0.0
0
LINE
5
2e23
100
AcDbEntity
8
Room Walls
6
Solid
370
9
62
47
100
AcDbLine
10
50581.0
20
-112737.0
30
0.0
11
50546.0
21
-112717.0
31
0.0
0
LINE
5
2e25
100
AcDbEntity
8
Room Walls
6
Solid
370
9
62
47
100
AcDbLine
10
50546.0
20
-112717.0
30
0.0
11
51126.0
21
-111723.0
31
0.0
0
LINE
5
2e27
100
AcDbEntity
8
Room Walls
6
Solid
370
9
62
47
100
AcDbLine
10
51126.0
20
-111723.0
30
0.0
11
51161.0
21
-111743.0
31
0.0
0
LINE
5
2e29
100
AcDbEntity
8
Room Walls
6
Solid
370
9
62
47
100
AcDbLine
10
51161.0
20
-111743.0
30
0.0
11
51178.0
21
-111753.0
31
0.0
0
LINE
5
2e2b
100
AcDbEntity
8
Room Walls
6
Solid
370
9
62
47
100
AcDbLine
10
51178.0
20
-111753.0
30
0.0
11
50598.0
21
-112747.0
31
0.0
0
LINE
5
2e2d
100
AcDbEntity
8
Room Walls
6
Solid
370
9
62
47
100
AcDbLine
10
50598.0
20
-112747.0
30
0.0
11
50581.0
21
-112737.0
31
0.0
0
LINE
5
2e2f
100
AcDbEntity
8
Room Walls
6
Solid
370
9
62
47
100
AcDbLine
10
50793.0
20
-109385.0
30
0.0
11
50808.0
21
-109359.0
31
0.0
0
LINE
5
2e31
100
AcDbEntity
8
Room Walls
6
Solid
370
9
62
47
100
AcDbLine
10
50808.0
20
-109359.0
30
0.0
11
51151.0
21
-109559.0
31
0.0
0
LINE
5
2e33
100
AcDbEntity
8
Room Walls
6
Solid
370
9
62
47
100
AcDbLine
10
51151.0
20
-109559.0
30
0.0
11
51136.0
21
-109585.0
31
0.0
0
LINE
5
2e35
100
AcDbEntity
8
Room Walls
6
Solid
370
9
62
47
100
AcDbLine
10
51136.0
20
-109585.0
30
0.0
11
51120.0
21
-109611.0
31
0.0
0
LINE
5
2e37
100
AcDbEntity
8
Room Walls
6
Solid
370
9
62
47
100
AcDbLine
10
51120.0
20
-109611.0
30
0.0
11
50777.0
21
-109411.0
31
0.0
0
LINE
5
2e39
100
AcDbEntity
8
Room Walls
6
Solid
370
9
62
47
100
AcDbLine
10
50777.0
20
-109411.0
30
0.0
11
50793.0
21
-109385.0
31
0.0
0
LINE
5
2e3b
100
AcDbEntity
8
Room Walls
6
Solid
370
9
62
47
100
AcDbLine
10
49036.0
20
-106368.0
30
0.0
11
49066.0
21
-106317.0
31
0.0
0
LINE
5
2e3d
100
AcDbEntity
8
Room Walls
6
Solid
370
9
62
47
100
AcDbLine
10
49066.0
20
-106317.0
30
0.0
11
50319.0
21
-107048.0
31
0.0
0
LINE
5
2e3f
100
AcDbEntity
8
Room Walls
6
Solid
370
9
62
47
100
AcDbLine
10
50319.0
20
-107048.0
30
0.0
11
50289.0
21
-107100.0
31
0.0
0
LINE
5
2e41
100
AcDbEntity
8
Room Walls
6
Solid
370
9
62
47
100
AcDbLine
10
50289.0
20
-107100.0
30
0.0
11
49036.0
21
-106368.0
31
0.0
0
LINE
5
2e43
100
AcDbEntity
8
Room Walls
6
Solid
370
9
62
47
100
AcDbLine
10
50194.0
20
-111096.0
30
0.0
11
50198.0
21
-111088.0
31
0.0
0
LINE
5
2e45
100
AcDbEntity
8
Room Walls
6
Solid
370
9
62
47
100
AcDbLine
10
50198.0
20
-111088.0
30
0.0
11
50216.0
21
-111058.0
31
0.0
0
LINE
5
2e47
100
AcDbEntity
8
Room Walls
6
Solid
370
9
62
47
100
AcDbLine
10
50216.0
20
-111058.0
30
0.0
11
50224.0
21
-111044.0
31
0.0
0
LINE
5
2e49
100
AcDbEntity
8
Room Walls
6
Solid
370
9
62
47
100
AcDbLine
10
50224.0
20
-111044.0
30
0.0
11
50228.0
21
-111037.0
31
0.0
0
LINE
5
2e4b
100
AcDbEntity
8
Room Walls
6
Solid
370
9
62
47
100
AcDbLine
10
50228.0
20
-111037.0
30
0.0
11
50273.0
21
-111063.0
31
0.0
0
LINE
5
2e4d
100
AcDbEntity
8
Room Walls
6
Solid
370
9
62
47
100
AcDbLine
10
50273.0
20
-111063.0
30
0.0
11
50268.0
21
-111070.0
31
0.0
0
LINE
5
2e4f
100
AcDbEntity
8
Room Walls
6
Solid
370
9
62
47
100
AcDbLine
10
50268.0
20
-111070.0
30
0.0
11
50243.0
21
-111114.0
31
0.0
0
LINE
5
2e51
100
AcDbEntity
8
Room Walls
6
Solid
370
9
62
47
100
AcDbLine
10
50243.0
20
-111114.0
30
0.0
11
50238.0
21
-111122.0
31
0.0
0
LINE
5
2e53
100
AcDbEntity
8
Room Walls
6
Solid
370
9
62
47
100
AcDbLine
10
50238.0
20
-111122.0
30
0.0
11
50194.0
21
-111096.0
31
0.0
0
LINE
5
2e55
100
AcDbEntity
8
Room Walls
6
Solid
370
9
62
47
100
AcDbLine
10
49212.0
20
-108497.0
30
0.0
11
49243.0
21
-108445.0
31
0.0
0
LINE
5
2e57
100
AcDbEntity
8
Room Walls
6
Solid
370
9
62
47
100
AcDbLine
10
49243.0
20
-108445.0
30
0.0
11
49489.0
21
-108589.0
31
0.0
0
LINE
5
2e59
100
AcDbEntity
8
Room Walls
6
Solid
370
9
62
47
100
AcDbLine
10
49489.0
20
-108589.0
30
0.0
11
50049.0
21
-107631.0
31
0.0
0
LINE
5
2e5b
100
AcDbEntity
8
Room Walls
6
Solid
370
9
62
47
100
AcDbLine
10
50049.0
20
-107631.0
30
0.0
11
50100.0
21
-107661.0
31
0.0
0
LINE
5
2e5d
100
AcDbEntity
8
Room Walls
6
Solid
370
9
62
47
100
AcDbLine
10
50100.0
20
-107661.0
30
0.0
11
49541.0
21
-108620.0
31
0.0
0
POINT
5
2e5f
100
AcDbEntity
8
Room Walls
6
Solid
370
9
62
47
100
AcDbPoint
10
49541.0
20
-108620.0
30
0.0
0
LINE
5
2e61
100
AcDbEntity
8
Room Walls
6
Solid
370
9
62
47
100
AcDbLine
10
49541.0
20
-108620.0
30
0.0
11
49944.0
21
-108855.0
31
0.0
0
LINE
5
2e63
100
AcDbEntity
8
Room Walls
6
Solid
370
9
62
47
100
AcDbLine
10
49944.0
20
-108855.0
30
0.0
11
49929.0
21
-108881.0
31
0.0
0
LINE
5
2e65
100
AcDbEntity
8
Room Walls
6
Solid
370
9
62
47
100
AcDbLine
10
49929.0
20
-108881.0
30
0.0
11
49914.0
21
-108907.0
31
0.0
0
LINE
5
2e67
100
AcDbEntity
8
Room Walls
6
Solid
370
9
62
47
100
AcDbLine
10
49914.0
20
-108907.0
30
0.0
11
49485.0
21
-108656.0
31
0.0
0
LINE
5
2e69
100
AcDbEntity
8
Room Walls
6
Solid
370
9
62
47
100
AcDbLine
10
49485.0
20
-108656.0
30
0.0
11
49212.0
21
-108497.0
31
0.0
0
LINE
5
2e6b
100
AcDbEntity
8
Room Walls
6
Solid
370
9
62
47
100
AcDbLine
10
49590.0
20
-114474.0
30
0.0
11
49538.0
21
-114443.0
31
0.0
0
LINE
5
2e6d
100
AcDbEntity
8
Room Walls
6
Solid
370
9
62
47
100
AcDbLine
10
49538.0
20
-114443.0
30
0.0
11
50042.0
21
-113580.0
31
0.0
0
LINE
5
2e6f
100
AcDbEntity
8
Room Walls
6
Solid
370
9
62
47
100
AcDbLine
10
50042.0
20
-113580.0
30
0.0
11
50094.0
21
-113610.0
31
0.0
0
LINE
5
2e71
100
AcDbEntity
8
Room Walls
6
Solid
370
9
62
47
100
AcDbLine
10
50094.0
20
-113610.0
30
0.0
11
49590.0
21
-114474.0
31
0.0
0
LINE
5
2e73
100
AcDbEntity
8
Room Walls
6
Solid
370
9
62
47
100
AcDbLine
10
44279.0
20
-107644.0
30
0.0
11
44309.0
21
-107592.0
31
0.0
0
POINT
5
2e75
100
AcDbEntity
8
Room Walls
6
Solid
370
9
62
47
100
AcDbPoint
10
44309.0
20
-107592.0
30
0.0
0
LINE
5
2e77
100
AcDbEntity
8
Room Walls
6
Solid
370
9
62
47
100
AcDbLine
10
44309.0
20
-107592.0
30
0.0
11
47198.0
21
-109279.0
31
0.0
0
LINE
5
2e79
100
AcDbEntity
8
Room Walls
6
Solid
370
9
62
47
100
AcDbLine
10
47198.0
20
-109279.0
30
0.0
11
47372.0
21
-108981.0
31
0.0
0
LINE
5
2e7b
100
AcDbEntity
8
Room Walls
6
Solid
370
9
62
47
100
AcDbLine
10
47372.0
20
-108981.0
30
0.0
11
47424.0
21
-109011.0
31
0.0
0
LINE
5
2e7d
100
AcDbEntity
8
Room Walls
6
Solid
370
9
62
47
100
AcDbLine
10
47424.0
20
-109011.0
30
0.0
11
47250.0
21
-109309.0
31
0.0
0
LINE
5
2e7f
100
AcDbEntity
8
Room Walls
6
Solid
370
9
62
47
100
AcDbLine
10
47250.0
20
-109309.0
30
0.0
11
48919.0
21
-110283.0
31
0.0
0
LINE
5
2e81
100
AcDbEntity
8
Room Walls
6
Solid
370
9
62
47
100
AcDbLine
10
48919.0
20
-110283.0
30
0.0
11
48920.0
21
-110282.0
31
0.0
0
LINE
5
2e83
100
AcDbEntity
8
Room Walls
6
Solid
370
9
62
47
100
AcDbLine
10
48920.0
20
-110282.0
30
0.0
11
48926.0
21
-110282.0
31
0.0
0
LINE
5
2e85
100
AcDbEntity
8
Room Walls
6
Solid
370
9
62
47
100
AcDbLine
10
48926.0
20
-110282.0
30
0.0
11
48927.0
21
-110282.0
31
0.0
0
LINE
5
2e87
100
AcDbEntity
8
Room Walls
6
Solid
370
9
62
47
100
AcDbLine
10
48927.0
20
-110282.0
30
0.0
11
48933.0
21
-110283.0
31
0.0
0
LINE
5
2e89
100
AcDbEntity
8
Room Walls
6
Solid
370
9
62
47
100
AcDbLine
10
48933.0
20
-110283.0
30
0.0
11
48935.0
21
-110283.0
31
0.0
0
LINE
5
2e8b
100
AcDbEntity
8
Room Walls
6
Solid
370
9
62
47
100
AcDbLine
10
48935.0
20
-110283.0
30
0.0
11
48941.0
21
-110285.0
31
0.0
0
LINE
5
2e8d
100
AcDbEntity
8
Room Walls
6
Solid
370
9
62
47
100
AcDbLine
10
48941.0
20
-110285.0
30
0.0
11
48943.0
21
-110286.0
31
0.0
0
LINE
5
2e8f
100
AcDbEntity
8
Room Walls
6
Solid
370
9
62
47
100
AcDbLine
10
48943.0
20
-110286.0
30
0.0
11
48945.0
21
-110287.0
31
0.0
0
LINE
5
2e91
100
AcDbEntity
8
Room Walls
6
Solid
370
9
62
47
100
AcDbLine
10
48945.0
20
-110287.0
30
0.0
11
49365.0
21
-110532.0
31
0.0
0
LINE
5
2e93
100
AcDbEntity
8
Room Walls
6
Solid
370
9
62
47
100
AcDbLine
10
49365.0
20
-110532.0
30
0.0
11
49360.0
21
-110540.0
31
0.0
0
LINE
5
2e95
100
AcDbEntity
8
Room Walls
6
Solid
370
9
62
47
100
AcDbLine
10
49360.0
20
-110540.0
30
0.0
11
49334.0
21
-110584.0
31
0.0
0
LINE
5
2e97
100
AcDbEntity
8
Room Walls
6
Solid
370
9
62
47
100
AcDbLine
10
49334.0
20
-110584.0
30
0.0
11
49330.0
21
-110592.0
31
0.0
0
LINE
5
2e99
100
AcDbEntity
8
Room Walls
6
Solid
370
9
62
47
100
AcDbLine
10
49330.0
20
-110592.0
30
0.0
11
48936.0
21
-110362.0
31
0.0
0
LINE
5
2e9b
100
AcDbEntity
8
Room Walls
6
Solid
370
9
62
47
100
AcDbLine
10
48936.0
20
-110362.0
30
0.0
11
48321.0
21
-111417.0
31
0.0
0
LINE
5
2e9d
100
AcDbEntity
8
Room Walls
6
Solid
370
9
62
47
100
AcDbLine
10
48321.0
20
-111417.0
30
0.0
11
48312.0
21
-111412.0
31
0.0
0
LINE
5
2e9f
100
AcDbEntity
8
Room Walls
6
Solid
370
9
62
47
100
AcDbLine
10
48312.0
20
-111412.0
30
0.0
11
48269.0
21
-111386.0
31
0.0
0
LINE
5
2ea1
100
AcDbEntity
8
Room Walls
6
Solid
370
9
62
47
100
AcDbLine
10
48269.0
20
-111386.0
30
0.0
11
48260.0
21
-111381.0
31
0.0
0
LINE
5
2ea3
100
AcDbEntity
8
Room Walls
6
Solid
370
9
62
47
100
AcDbLine
10
48260.0
20
-111381.0
30
0.0
11
48875.0
21
-110328.0
31
0.0
0
LINE
5
2ea5
100
AcDbEntity
8
Room Walls
6
Solid
370
9
62
47
100
AcDbLine
10
48875.0
20
-110328.0
30
0.0
11
44279.0
21
-107644.0
31
0.0
0
LINE
5
2ea7
100
AcDbEntity
8
Room Walls
6
Solid
370
9
62
47
100
AcDbLine
10
44820.0
20
-103444.0
30
0.0
11
44811.0
21
-103436.0
31
0.0
0
LINE
5
2ea9
100
AcDbEntity
8
Room Walls
6
Solid
370
9
62
47
100
AcDbLine
10
44811.0
20
-103436.0
30
0.0
11
44806.0
21
-103426.0
31
0.0
0
LINE
5
2eab
100
AcDbEntity
8
Room Walls
6
Solid
370
9
62
47
100
AcDbLine
10
44806.0
20
-103426.0
30
0.0
11
44806.0
21
-103414.0
31
0.0
0
LINE
5
2ead
100
AcDbEntity
8
Room Walls
6
Solid
370
9
62
47
100
AcDbLine
10
44806.0
20
-103414.0
30
0.0
11
44809.0
21
-103403.0
31
0.0
0
LINE
5
2eaf
100
AcDbEntity
8
Room Walls
6
Solid
370
9
62
47
100
AcDbLine
10
44809.0
20
-103403.0
30
0.0
11
47935.0
21
-98049.0
31
0.0
0
LINE
5
2eb1
100
AcDbEntity
8
Room Walls
6
Solid
370
9
62
47
100
AcDbLine
10
47935.0
20
-98049.0
30
0.0
11
47961.0
21
-98064.0
31
0.0
0
LINE
5
2eb3
100
AcDbEntity
8
Room Walls
6
Solid
370
9
62
47
100
AcDbLine
10
47961.0
20
-98064.0
30
0.0
11
47976.0
21
-98038.0
31
0.0
0
LINE
5
2eb5
100
AcDbEntity
8
Room Walls
6
Solid
370
9
62
47
100
AcDbLine
10
47976.0
20
-98038.0
30
0.0
11
48970.0
21
-98618.0
31
0.0
0
LINE
5
2eb7
100
AcDbEntity
8
Room Walls
6
Solid
370
9
62
47
100
AcDbLine
10
48970.0
20
-98618.0
30
0.0
11
48939.0
21
-98670.0
31
0.0
0
LINE
5
2eb9
100
AcDbEntity
8
Room Walls
6
Solid
370
9
62
47
100
AcDbLine
10
48939.0
20
-98670.0
30
0.0
11
47972.0
21
-98105.0
31
0.0
0
LINE
5
2ebb
100
AcDbEntity
8
Room Walls
6
Solid
370
9
62
47
100
AcDbLine
10
47972.0
20
-98105.0
30
0.0
11
44876.0
21
-103408.0
31
0.0
0
LINE
5
2ebd
100
AcDbEntity
8
Room Walls
6
Solid
370
9
62
47
100
AcDbLine
10
44876.0
20
-103408.0
30
0.0
11
45844.0
21
-103972.0
31
0.0
0
LINE
5
2ebf
100
AcDbEntity
8
Room Walls
6
Solid
370
9
62
47
100
AcDbLine
10
45844.0
20
-103972.0
30
0.0
11
45813.0
21
-104024.0
31
0.0
0
LINE
5
2ec1
100
AcDbEntity
8
Room Walls
6
Solid
370
9
62
47
100
AcDbLine
10
45813.0
20
-104024.0
30
0.0
11
44820.0
21
-103444.0
31
0.0
0
LINE
5
2ec3
100
AcDbEntity
8
Room Walls
6
Solid
370
9
62
47
100
AcDbLine
10
47928.0
20
-108147.0
30
0.0
11
47876.0
21
-108117.0
31
0.0
0
LINE
5
2ec5
100
AcDbEntity
8
Room Walls
6
Solid
370
9
62
47
100
AcDbLine
10
47876.0
20
-108117.0
30
0.0
11
48065.0
21
-107793.0
31
0.0
0
POINT
5
2ec7
100
AcDbEntity
8
Room Walls
6
Solid
370
9
62
47
100
AcDbPoint
10
48065.0
20
-107793.0
30
0.0
0
LINE
5
2ec9
100
AcDbEntity
8
Room Walls
6
Solid
370
9
62
47
100
AcDbLine
10
48065.0
20
-107793.0
30
0.0
11
48640.0
21
-106809.0
31
0.0
0
LINE
5
2ecb
100
AcDbEntity
8
Room Walls
6
Solid
370
9
62
47
100
AcDbLine
10
48640.0
20
-106809.0
30
0.0
11
48691.0
21
-106839.0
31
0.0
0
LINE
5
2ecd
100
AcDbEntity
8
Room Walls
6
Solid
370
9
62
47
100
AcDbLine
10
48691.0
20
-106839.0
30
0.0
11
48132.0
21
-107797.0
31
0.0
0
LINE
5
2ecf
100
AcDbEntity
8
Room Walls
6
Solid
370
9
62
47
100
AcDbLine
10
48132.0
20
-107797.0
30
0.0
11
48379.0
21
-107941.0
31
0.0
0
LINE
5
2ed1
100
AcDbEntity
8
Room Walls
6
Solid
370
9
62
47
100
AcDbLine
10
48379.0
20
-107941.0
30
0.0
11
48349.0
21
-107993.0
31
0.0
0
LINE
5
2ed3
100
AcDbEntity
8
Room Walls
6
Solid
370
9
62
47
100
AcDbLine
10
48349.0
20
-107993.0
30
0.0
11
48102.0
21
-107849.0
31
0.0
0
LINE
5
2ed5
100
AcDbEntity
8
Room Walls
6
Solid
370
9
62
47
100
AcDbLine
10
48102.0
20
-107849.0
30
0.0
11
47928.0
21
-108147.0
31
0.0
0
LINE
5
2ed7
100
AcDbEntity
8
Room Walls
6
Solid
370
9
62
47
100
AcDbLine
10
47261.0
20
-113113.0
30
0.0
11
47252.0
21
-113108.0
31
0.0
0
LINE
5
2ed9
100
AcDbEntity
8
Room Walls
6
Solid
370
9
62
47
100
AcDbLine
10
47252.0
20
-113108.0
30
0.0
11
47756.0
21
-112245.0
31
0.0
0
LINE
5
2edb
100
AcDbEntity
8
Room Walls
6
Solid
370
9
62
47
100
AcDbLine
10
47756.0
20
-112245.0
30
0.0
11
47765.0
21
-112250.0
31
0.0
0
LINE
5
2edd
100
AcDbEntity
8
Room Walls
6
Solid
370
9
62
47
100
AcDbLine
10
47765.0
20
-112250.0
30
0.0
11
47808.0
21
-112275.0
31
0.0
0
LINE
5
2edf
100
AcDbEntity
8
Room Walls
6
Solid
370
9
62
47
100
AcDbLine
10
47808.0
20
-112275.0
30
0.0
11
47816.0
21
-112280.0
31
0.0
0
LINE
5
2ee1
100
AcDbEntity
8
Room Walls
6
Solid
370
9
62
47
100
AcDbLine
10
47816.0
20
-112280.0
30
0.0
11
47312.0
21
-113144.0
31
0.0
0
LINE
5
2ee3
100
AcDbEntity
8
Room Walls
6
Solid
370
9
62
47
100
AcDbLine
10
47312.0
20
-113144.0
30
0.0
11
47272.0
21
-113120.0
31
0.0
0
LINE
5
2ee5
100
AcDbEntity
8
Room Walls
6
Solid
370
9
62
47
100
AcDbLine
10
47272.0
20
-113120.0
30
0.0
11
47261.0
21
-113113.0
31
0.0
0
LINE
5
2ee7
100
AcDbEntity
8
Room Walls
6
Solid
370
9
62
47
100
AcDbLine
10
41190.0
20
-109662.0
30
0.0
11
41181.0
21
-109654.0
31
0.0
0
LINE
5
2ee9
100
AcDbEntity
8
Room Walls
6
Solid
370
9
62
47
100
AcDbLine
10
41181.0
20
-109654.0
30
0.0
11
41176.0
21
-109644.0
31
0.0
0
LINE
5
2eeb
100
AcDbEntity
8
Room Walls
6
Solid
370
9
62
47
100
AcDbLine
10
41176.0
20
-109644.0
30
0.0
11
41176.0
21
-109632.0
31
0.0
0
LINE
5
2eed
100
AcDbEntity
8
Room Walls
6
Solid
370
9
62
47
100
AcDbLine
10
41176.0
20
-109632.0
30
0.0
11
41179.0
21
-109621.0
31
0.0
0
LINE
5
2eef
100
AcDbEntity
8
Room Walls
6
Solid
370
9
62
47
100
AcDbLine
10
41179.0
20
-109621.0
30
0.0
11
42779.0
21
-106882.0
31
0.0
0
LINE
5
2ef1
100
AcDbEntity
8
Room Walls
6
Solid
370
9
62
47
100
AcDbLine
10
42779.0
20
-106882.0
30
0.0
11
42805.0
21
-106897.0
31
0.0
0
LINE
5
2ef3
100
AcDbEntity
8
Room Walls
6
Solid
370
9
62
47
100
AcDbLine
10
42805.0
20
-106897.0
30
0.0
11
42820.0
21
-106871.0
31
0.0
0
LINE
5
2ef5
100
AcDbEntity
8
Room Walls
6
Solid
370
9
62
47
100
AcDbLine
10
42820.0
20
-106871.0
30
0.0
11
43813.0
21
-107451.0
31
0.0
0
LINE
5
2ef7
100
AcDbEntity
8
Room Walls
6
Solid
370
9
62
47
100
AcDbLine
10
43813.0
20
-107451.0
30
0.0
11
43783.0
21
-107502.0
31
0.0
0
LINE
5
2ef9
100
AcDbEntity
8
Room Walls
6
Solid
370
9
62
47
100
AcDbLine
10
43783.0
20
-107502.0
30
0.0
11
42815.0
21
-106938.0
31
0.0
0
LINE
5
2efb
100
AcDbEntity
8
Room Walls
6
Solid
370
9
62
47
100
AcDbLine
10
42815.0
20
-106938.0
30
0.0
11
41246.0
21
-109625.0
31
0.0
0
LINE
5
2efd
100
AcDbEntity
8
Room Walls
6
Solid
370
9
62
47
100
AcDbLine
10
41246.0
20
-109625.0
30
0.0
11
42213.0
21
-110190.0
31
0.0
0
LINE
5
2eff
100
AcDbEntity
8
Room Walls
6
Solid
370
9
62
47
100
AcDbLine
10
42213.0
20
-110190.0
30
0.0
11
42183.0
21
-110242.0
31
0.0
0
LINE
5
2f01
100
AcDbEntity
8
Room Walls
6
Solid
370
9
62
47
100
AcDbLine
10
42183.0
20
-110242.0
30
0.0
11
41190.0
21
-109662.0
31
0.0
0
LINE
5
2f03
100
AcDbEntity
8
Room Walls
6
Solid
370
9
62
47
100
AcDbLine
10
31058.0
20
-40796.0
30
0.0
11
31071.0
21
-40737.0
31
0.0
0
LINE
5
2f05
100
AcDbEntity
8
Room Walls
6
Solid
370
9
62
47
100
AcDbLine
10
31071.0
20
-40737.0
30
0.0
11
32164.0
21
-40978.0
31
0.0
0
LINE
5
2f07
100
AcDbEntity
8
Room Walls
6
Solid
370
9
62
47
100
AcDbLine
10
32164.0
20
-40978.0
30
0.0
11
32880.0
21
-37729.0
31
0.0
0
LINE
5
2f09
100
AcDbEntity
8
Room Walls
6
Solid
370
9
62
47
100
AcDbLine
10
32880.0
20
-37729.0
30
0.0
11
31786.0
21
-37488.0
31
0.0
0
LINE
5
2f0b
100
AcDbEntity
8
Room Walls
6
Solid
370
9
62
47
100
AcDbLine
10
31786.0
20
-37488.0
30
0.0
11
31799.0
21
-37429.0
31
0.0
0
LINE
5
2f0d
100
AcDbEntity
8
Room Walls
6
Solid
370
9
62
47
100
AcDbLine
10
31799.0
20
-37429.0
30
0.0
11
32922.0
21
-37676.0
31
0.0
0
LINE
5
2f0f
100
AcDbEntity
8
Room Walls
6
Solid
370
9
62
47
100
AcDbLine
10
32922.0
20
-37676.0
30
0.0
11
32933.0
21
-37681.0
31
0.0
0
LINE
5
2f11
100
AcDbEntity
8
Room Walls
6
Solid
370
9
62
47
100
AcDbLine
10
32933.0
20
-37681.0
30
0.0
11
32941.0
21
-37690.0
31
0.0
0
LINE
5
2f13
100
AcDbEntity
8
Room Walls
6
Solid
370
9
62
47
100
AcDbLine
10
32941.0
20
-37690.0
30
0.0
11
32945.0
21
-37701.0
31
0.0
0
LINE
5
2f15
100
AcDbEntity
8
Room Walls
6
Solid
370
9
62
47
100
AcDbLine
10
32945.0
20
-37701.0
30
0.0
11
32945.0
21
-37712.0
31
0.0
0
LINE
5
2f17
100
AcDbEntity
8
Room Walls
6
Solid
370
9
62
47
100
AcDbLine
10
32945.0
20
-37712.0
30
0.0
11
32217.0
21
-41020.0
31
0.0
0
LINE
5
2f19
100
AcDbEntity
8
Room Walls
6
Solid
370
9
62
47
100
AcDbLine
10
32217.0
20
-41020.0
30
0.0
11
32187.0
21
-41014.0
31
0.0
0
LINE
5
2f1b
100
AcDbEntity
8
Room Walls
6
Solid
370
9
62
47
100
AcDbLine
10
32187.0
20
-41014.0
30
0.0
11
32181.0
21
-41043.0
31
0.0
0
LINE
5
2f1d
100
AcDbEntity
8
Room Walls
6
Solid
370
9
62
47
100
AcDbLine
10
32181.0
20
-41043.0
30
0.0
11
31058.0
21
-40796.0
31
0.0
0
LINE
5
2f1f
100
AcDbEntity
8
Room Walls
6
Solid
370
9
62
47
100
AcDbLine
10
29491.0
20
-47911.0
30
0.0
11
29504.0
21
-47853.0
31
0.0
0
LINE
5
2f21
100
AcDbEntity
8
Room Walls
6
Solid
370
9
62
47
100
AcDbLine
10
29504.0
20
-47853.0
30
0.0
11
30598.0
21
-48093.0
31
0.0
0
LINE
5
2f23
100
AcDbEntity
8
Room Walls
6
Solid
370
9
62
47
100
AcDbLine
10
30598.0
20
-48093.0
30
0.0
11
31313.0
21
-44844.0
31
0.0
0
LINE
5
2f25
100
AcDbEntity
8
Room Walls
6
Solid
370
9
62
47
100
AcDbLine
10
31313.0
20
-44844.0
30
0.0
11
30220.0
21
-44603.0
31
0.0
0
LINE
5
2f27
100
AcDbEntity
8
Room Walls
6
Solid
370
9
62
47
100
AcDbLine
10
30220.0
20
-44603.0
30
0.0
11
30232.0
21
-44545.0
31
0.0
0
LINE
5
2f29
100
AcDbEntity
8
Room Walls
6
Solid
370
9
62
47
100
AcDbLine
10
30232.0
20
-44545.0
30
0.0
11
31356.0
21
-44792.0
31
0.0
0
LINE
5
2f2b
100
AcDbEntity
8
Room Walls
6
Solid
370
9
62
47
100
AcDbLine
10
31356.0
20
-44792.0
30
0.0
11
31366.0
21
-44796.0
31
0.0
0
LINE
5
2f2d
100
AcDbEntity
8
Room Walls
6
Solid
370
9
62
47
100
AcDbLine
10
31366.0
20
-44796.0
30
0.0
11
31374.0
21
-44805.0
31
0.0
0
LINE
5
2f2f
100
AcDbEntity
8
Room Walls
6
Solid
370
9
62
47
100
AcDbLine
10
31374.0
20
-44805.0
30
0.0
11
31379.0
21
-44816.0
31
0.0
0
LINE
5
2f31
100
AcDbEntity
8
Room Walls
6
Solid
370
9
62
47
100
AcDbLine
10
31379.0
20
-44816.0
30
0.0
11
31378.0
21
-44828.0
31
0.0
0
LINE
5
2f33
100
AcDbEntity
8
Room Walls
6
Solid
370
9
62
47
100
AcDbLine
10
31378.0
20
-44828.0
30
0.0
11
30650.0
21
-48136.0
31
0.0
0
LINE
5
2f35
100
AcDbEntity
8
Room Walls
6
Solid
370
9
62
47
100
AcDbLine
10
30650.0
20
-48136.0
30
0.0
11
30621.0
21
-48129.0
31
0.0
0
LINE
5
2f37
100
AcDbEntity
8
Room Walls
6
Solid
370
9
62
47
100
AcDbLine
10
30621.0
20
-48129.0
30
0.0
11
30614.0
21
-48158.0
31
0.0
0
LINE
5
2f39
100
AcDbEntity
8
Room Walls
6
Solid
370
9
62
47
100
AcDbLine
10
30614.0
20
-48158.0
30
0.0
11
29491.0
21
-47911.0
31
0.0
0
LINE
5
2f3b
100
AcDbEntity
8
Room Walls
6
Solid
370
9
62
47
100
AcDbLine
10
26838.0
20
-36268.0
30
0.0
11
26840.0
21
-36258.0
31
0.0
0
LINE
5
2f3d
100
AcDbEntity
8
Room Walls
6
Solid
370
9
62
47
100
AcDbLine
10
26840.0
20
-36258.0
30
0.0
11
26844.0
21
-36238.0
31
0.0
0
LINE
5
2f3f
100
AcDbEntity
8
Room Walls
6
Solid
370
9
62
47
100
AcDbLine
10
26844.0
20
-36238.0
30
0.0
11
26851.0
21
-36209.0
31
0.0
0
LINE
5
2f41
100
AcDbEntity
8
Room Walls
6
Solid
370
9
62
47
100
AcDbLine
10
26851.0
20
-36209.0
30
0.0
11
26853.0
21
-36199.0
31
0.0
0
LINE
5
2f43
100
AcDbEntity
8
Room Walls
6
Solid
370
9
62
47
100
AcDbLine
10
26853.0
20
-36199.0
30
0.0
11
27199.0
21
-36276.0
31
0.0
0
LINE
5
2f45
100
AcDbEntity
8
Room Walls
6
Solid
370
9
62
47
100
AcDbLine
10
27199.0
20
-36276.0
30
0.0
11
27202.0
21
-36276.0
31
0.0
0
LINE
5
2f47
100
AcDbEntity
8
Room Walls
6
Solid
370
9
62
47
100
AcDbLine
10
27202.0
20
-36276.0
30
0.0
11
27204.0
21
-36277.0
31
0.0
0
LINE
5
2f49
100
AcDbEntity
8
Room Walls
6
Solid
370
9
62
47
100
AcDbLine
10
27204.0
20
-36277.0
30
0.0
11
27210.0
21
-36279.0
31
0.0
0
LINE
5
2f4b
100
AcDbEntity
8
Room Walls
6
Solid
370
9
62
47
100
AcDbLine
10
27210.0
20
-36279.0
30
0.0
11
27211.0
21
-36280.0
31
0.0
0
LINE
5
2f4d
100
AcDbEntity
8
Room Walls
6
Solid
370
9
62
47
100
AcDbLine
10
27211.0
20
-36280.0
30
0.0
11
27216.0
21
-36284.0
31
0.0
0
LINE
5
2f4f
100
AcDbEntity
8
Room Walls
6
Solid
370
9
62
47
100
AcDbLine
10
27216.0
20
-36284.0
30
0.0
11
27218.0
21
-36285.0
31
0.0
0
LINE
5
2f51
100
AcDbEntity
8
Room Walls
6
Solid
370
9
62
47
100
AcDbLine
10
27218.0
20
-36285.0
30
0.0
11
27222.0
21
-36289.0
31
0.0
0
LINE
5
2f53
100
AcDbEntity
8
Room Walls
6
Solid
370
9
62
47
100
AcDbLine
10
27222.0
20
-36289.0
30
0.0
11
27223.0
21
-36291.0
31
0.0
0
POINT
5
2f55
100
AcDbEntity
8
Room Walls
6
Solid
370
9
62
47
100
AcDbPoint
10
27223.0
20
-36291.0
30
0.0
0
LINE
5
2f57
100
AcDbEntity
8
Room Walls
6
Solid
370
9
62
47
100
AcDbLine
10
27223.0
20
-36291.0
30
0.0
11
28526.0
21
-36578.0
31
0.0
0
LINE
5
2f59
100
AcDbEntity
8
Room Walls
6
Solid
370
9
62
47
100
AcDbLine
10
28526.0
20
-36578.0
30
0.0
11
28608.0
21
-36206.0
31
0.0
0
LINE
5
2f5b
100
AcDbEntity
8
Room Walls
6
Solid
370
9
62
47
100
AcDbLine
10
28608.0
20
-36206.0
30
0.0
11
28666.0
21
-36219.0
31
0.0
0
LINE
5
2f5d
100
AcDbEntity
8
Room Walls
6
Solid
370
9
62
47
100
AcDbLine
10
28666.0
20
-36219.0
30
0.0
11
28584.0
21
-36591.0
31
0.0
0
LINE
5
2f5f
100
AcDbEntity
8
Room Walls
6
Solid
370
9
62
47
100
AcDbLine
10
28584.0
20
-36591.0
30
0.0
11
31338.0
21
-37197.0
31
0.0
0
LINE
5
2f61
100
AcDbEntity
8
Room Walls
6
Solid
370
9
62
47
100
AcDbLine
10
31338.0
20
-37197.0
30
0.0
11
31325.0
21
-37256.0
31
0.0
0
LINE
5
2f63
100
AcDbEntity
8
Room Walls
6
Solid
370
9
62
47
100
AcDbLine
10
31325.0
20
-37256.0
30
0.0
11
28542.0
21
-36643.0
31
0.0
0
LINE
5
2f65
100
AcDbEntity
8
Room Walls
6
Solid
370
9
62
47
100
AcDbLine
10
28542.0
20
-36643.0
30
0.0
11
28513.0
21
-36636.0
31
0.0
0
LINE
5
2f67
100
AcDbEntity
8
Room Walls
6
Solid
370
9
62
47
100
AcDbLine
10
28513.0
20
-36636.0
30
0.0
11
27223.0
21
-36352.0
31
0.0
0
LINE
5
2f69
100
AcDbEntity
8
Room Walls
6
Solid
370
9
62
47
100
AcDbLine
10
27223.0
20
-36352.0
30
0.0
11
26946.0
21
-37613.0
31
0.0
0
LINE
5
2f6b
100
AcDbEntity
8
Room Walls
6
Solid
370
9
62
47
100
AcDbLine
10
26946.0
20
-37613.0
30
0.0
11
26936.0
21
-37611.0
31
0.0
0
LINE
5
2f6d
100
AcDbEntity
8
Room Walls
6
Solid
370
9
62
47
100
AcDbLine
10
26936.0
20
-37611.0
30
0.0
11
26887.0
21
-37600.0
31
0.0
0
LINE
5
2f6f
100
AcDbEntity
8
Room Walls
6
Solid
370
9
62
47
100
AcDbLine
10
26887.0
20
-37600.0
30
0.0
11
26878.0
21
-37598.0
31
0.0
0
LINE
5
2f71
100
AcDbEntity
8
Room Walls
6
Solid
370
9
62
47
100
AcDbLine
10
26878.0
20
-37598.0
30
0.0
11
27155.0
21
-36337.0
31
0.0
0
LINE
5
2f73
100
AcDbEntity
8
Room Walls
6
Solid
370
9
62
47
100
AcDbLine
10
27155.0
20
-36337.0
30
0.0
11
26838.0
21
-36268.0
31
0.0
0
LINE
5
2f75
100
AcDbEntity
8
Room Walls
6
Solid
370
9
62
47
100
AcDbLine
10
26060.0
20
-39826.0
30
0.0
11
26055.0
21
-39825.0
31
0.0
0
LINE
5
2f77
100
AcDbEntity
8
Room Walls
6
Solid
370
9
62
47
100
AcDbLine
10
26055.0
20
-39825.0
30
0.0
11
26060.0
21
-39806.0
31
0.0
0
LINE
5
2f79
100
AcDbEntity
8
Room Walls
6
Solid
370
9
62
47
100
AcDbLine
10
26060.0
20
-39806.0
30
0.0
11
26068.0
21
-39767.0
31
0.0
0
LINE
5
2f7b
100
AcDbEntity
8
Room Walls
6
Solid
370
9
62
47
100
AcDbLine
10
26068.0
20
-39767.0
30
0.0
11
26385.0
21
-39836.0
31
0.0
0
LINE
5
2f7d
100
AcDbEntity
8
Room Walls
6
Solid
370
9
62
47
100
AcDbLine
10
26385.0
20
-39836.0
30
0.0
11
26663.0
21
-38574.0
31
0.0
0
LINE
5
2f7f
100
AcDbEntity
8
Room Walls
6
Solid
370
9
62
47
100
AcDbLine
10
26663.0
20
-38574.0
30
0.0
11
26672.0
21
-38576.0
31
0.0
0
LINE
5
2f81
100
AcDbEntity
8
Room Walls
6
Solid
370
9
62
47
100
AcDbLine
10
26672.0
20
-38576.0
30
0.0
11
26721.0
21
-38587.0
31
0.0
0
LINE
5
2f83
100
AcDbEntity
8
Room Walls
6
Solid
370
9
62
47
100
AcDbLine
10
26721.0
20
-38587.0
30
0.0
11
26731.0
21
-38589.0
31
0.0
0
LINE
5
2f85
100
AcDbEntity
8
Room Walls
6
Solid
370
9
62
47
100
AcDbLine
10
26731.0
20
-38589.0
30
0.0
11
26453.0
21
-39852.0
31
0.0
0
LINE
5
2f87
100
AcDbEntity
8
Room Walls
6
Solid
370
9
62
47
100
AcDbLine
10
26453.0
20
-39852.0
30
0.0
11
30555.0
21
-40755.0
31
0.0
0
LINE
5
2f89
100
AcDbEntity
8
Room Walls
6
Solid
370
9
62
47
100
AcDbLine
10
30555.0
20
-40755.0
30
0.0
11
30542.0
21
-40813.0
31
0.0
0
LINE
5
2f8b
100
AcDbEntity
8
Room Walls
6
Solid
370
9
62
47
100
AcDbLine
10
30542.0
20
-40813.0
30
0.0
11
26427.0
21
-39907.0
31
0.0
0
POINT
5
2f8d
100
AcDbEntity
8
Room Walls
6
Solid
370
9
62
47
100
AcDbPoint
10
26427.0
20
-39907.0
30
0.0
0
LINE
5
2f8f
100
AcDbEntity
8
Room Walls
6
Solid
370
9
62
47
100
AcDbLine
10
26427.0
20
-39907.0
30
0.0
11
26425.0
21
-39908.0
31
0.0
0
LINE
5
2f91
100
AcDbEntity
8
Room Walls
6
Solid
370
9
62
47
100
AcDbLine
10
26425.0
20
-39908.0
30
0.0
11
26419.0
21
-39910.0
31
0.0
0
LINE
5
2f93
100
AcDbEntity
8
Room Walls
6
Solid
370
9
62
47
100
AcDbLine
10
26419.0
20
-39910.0
30
0.0
11
26417.0
21
-39911.0
31
0.0
0
LINE
5
2f95
100
AcDbEntity
8
Room Walls
6
Solid
370
9
62
47
100
AcDbLine
10
26417.0
20
-39911.0
30
0.0
11
26412.0
21
-39912.0
31
0.0
0
LINE
5
2f97
100
AcDbEntity
8
Room Walls
6
Solid
370
9
62
47
100
AcDbLine
10
26412.0
20
-39912.0
30
0.0
11
26410.0
21
-39912.0
31
0.0
0
LINE
5
2f99
100
AcDbEntity
8
Room Walls
6
Solid
370
9
62
47
100
AcDbLine
10
26410.0
20
-39912.0
30
0.0
11
26404.0
21
-39912.0
31
0.0
0
LINE
5
2f9b
100
AcDbEntity
8
Room Walls
6
Solid
370
9
62
47
100
AcDbLine
10
26404.0
20
-39912.0
30
0.0
11
26402.0
21
-39912.0
31
0.0
0
LINE
5
2f9d
100
AcDbEntity
8
Room Walls
6
Solid
370
9
62
47
100
AcDbLine
10
26402.0
20
-39912.0
30
0.0
11
26403.0
21
-39902.0
31
0.0
0
LINE
5
2f9f
100
AcDbEntity
8
Room Walls
6
Solid
370
9
62
47
100
AcDbLine
10
26403.0
20
-39902.0
30
0.0
11
26401.0
21
-39902.0
31
0.0
0
LINE
5
2fa1
100
AcDbEntity
8
Room Walls
6
Solid
370
9
62
47
100
AcDbLine
10
26401.0
20
-39902.0
30
0.0
11
26060.0
21
-39826.0
31
0.0
0
LINE
5
2fa3
100
AcDbEntity
8
Room Walls
6
Solid
370
9
62
47
100
AcDbLine
10
28741.0
20
-34822.0
30
0.0
11
28753.0
21
-34763.0
31
0.0
0
LINE
5
2fa5
100
AcDbEntity
8
Room Walls
6
Solid
370
9
62
47
100
AcDbLine
10
28753.0
20
-34763.0
30
0.0
11
28917.0
21
-34799.0
31
0.0
0
LINE
5
2fa7
100
AcDbEntity
8
Room Walls
6
Solid
370
9
62
47
100
AcDbLine
10
28917.0
20
-34799.0
30
0.0
11
29171.0
21
-33646.0
31
0.0
0
LINE
5
2fa9
100
AcDbEntity
8
Room Walls
6
Solid
370
9
62
47
100
AcDbLine
10
29171.0
20
-33646.0
30
0.0
11
29229.0
21
-33658.0
31
0.0
0
LINE
5
2fab
100
AcDbEntity
8
Room Walls
6
Solid
370
9
62
47
100
AcDbLine
10
29229.0
20
-33658.0
30
0.0
11
28969.0
21
-34841.0
31
0.0
0
POINT
5
2fad
100
AcDbEntity
8
Room Walls
6
Solid
370
9
62
47
100
AcDbPoint
10
28969.0
20
-34841.0
30
0.0
0
LINE
5
2faf
100
AcDbEntity
8
Room Walls
6
Solid
370
9
62
47
100
AcDbLine
10
28969.0
20
-34841.0
30
0.0
11
28881.0
21
-35242.0
31
0.0
0
LINE
5
2fb1
100
AcDbEntity
8
Room Walls
6
Solid
370
9
62
47
100
AcDbLine
10
28881.0
20
-35242.0
30
0.0
11
28822.0
21
-35229.0
31
0.0
0
LINE
5
2fb3
100
AcDbEntity
8
Room Walls
6
Solid
370
9
62
47
100
AcDbLine
10
28822.0
20
-35229.0
30
0.0
11
28904.0
21
-34858.0
31
0.0
0
LINE
5
2fb5
100
AcDbEntity
8
Room Walls
6
Solid
370
9
62
47
100
AcDbLine
10
28904.0
20
-34858.0
30
0.0
11
28741.0
21
-34822.0
31
0.0
0
LINE
5
2fb7
100
AcDbEntity
8
Room Walls
6
Solid
370
9
62
47
100
AcDbLine
10
25328.0
20
-47125.0
30
0.0
11
25341.0
21
-47067.0
31
0.0
0
LINE
5
2fb9
100
AcDbEntity
8
Room Walls
6
Solid
370
9
62
47
100
AcDbLine
10
25341.0
20
-47067.0
30
0.0
11
26176.0
21
-47251.0
31
0.0
0
LINE
5
2fbb
100
AcDbEntity
8
Room Walls
6
Solid
370
9
62
47
100
AcDbLine
10
26176.0
20
-47251.0
30
0.0
11
26258.0
21
-46879.0
31
0.0
0
LINE
5
2fbd
100
AcDbEntity
8
Room Walls
6
Solid
370
9
62
47
100
AcDbLine
10
26258.0
20
-46879.0
30
0.0
11
26316.0
21
-46892.0
31
0.0
0
LINE
5
2fbf
100
AcDbEntity
8
Room Walls
6
Solid
370
9
62
47
100
AcDbLine
10
26316.0
20
-46892.0
30
0.0
11
26234.0
21
-47264.0
31
0.0
0
LINE
5
2fc1
100
AcDbEntity
8
Room Walls
6
Solid
370
9
62
47
100
AcDbLine
10
26234.0
20
-47264.0
30
0.0
11
28988.0
21
-47870.0
31
0.0
0
LINE
5
2fc3
100
AcDbEntity
8
Room Walls
6
Solid
370
9
62
47
100
AcDbLine
10
28988.0
20
-47870.0
30
0.0
11
28975.0
21
-47928.0
31
0.0
0
LINE
5
2fc5
100
AcDbEntity
8
Room Walls
6
Solid
370
9
62
47
100
AcDbLine
10
28975.0
20
-47928.0
30
0.0
11
26192.0
21
-47316.0
31
0.0
0
LINE
5
2fc7
100
AcDbEntity
8
Room Walls
6
Solid
370
9
62
47
100
AcDbLine
10
26192.0
20
-47316.0
30
0.0
11
26163.0
21
-47309.0
31
0.0
0
LINE
5
2fc9
100
AcDbEntity
8
Room Walls
6
Solid
370
9
62
47
100
AcDbLine
10
26163.0
20
-47309.0
30
0.0
11
25328.0
21
-47125.0
31
0.0
0
LINE
5
2fcb
100
AcDbEntity
8
Room Walls
6
Solid
370
9
62
47
100
AcDbLine
10
27234.0
20
-34460.0
30
0.0
11
27240.0
21
-34430.0
31
0.0
0
LINE
5
2fcd
100
AcDbEntity
8
Room Walls
6
Solid
370
9
62
47
100
AcDbLine
10
27240.0
20
-34430.0
30
0.0
11
27555.0
21
-34500.0
31
0.0
0
LINE
5
2fcf
100
AcDbEntity
8
Room Walls
6
Solid
370
9
62
47
100
AcDbLine
10
27555.0
20
-34500.0
30
0.0
11
27808.0
21
-33346.0
31
0.0
0
LINE
5
2fd1
100
AcDbEntity
8
Room Walls
6
Solid
370
9
62
47
100
AcDbLine
10
27808.0
20
-33346.0
30
0.0
11
27838.0
21
-33352.0
31
0.0
0
LINE
5
2fd3
100
AcDbEntity
8
Room Walls
6
Solid
370
9
62
47
100
AcDbLine
10
27838.0
20
-33352.0
30
0.0
11
27867.0
21
-33359.0
31
0.0
0
LINE
5
2fd5
100
AcDbEntity
8
Room Walls
6
Solid
370
9
62
47
100
AcDbLine
10
27867.0
20
-33359.0
30
0.0
11
27613.0
21
-34512.0
31
0.0
0
LINE
5
2fd7
100
AcDbEntity
8
Room Walls
6
Solid
370
9
62
47
100
AcDbLine
10
27613.0
20
-34512.0
30
0.0
11
27777.0
21
-34548.0
31
0.0
0
LINE
5
2fd9
100
AcDbEntity
8
Room Walls
6
Solid
370
9
62
47
100
AcDbLine
10
27777.0
20
-34548.0
30
0.0
11
27764.0
21
-34607.0
31
0.0
0
LINE
5
2fdb
100
AcDbEntity
8
Room Walls
6
Solid
370
9
62
47
100
AcDbLine
10
27764.0
20
-34607.0
30
0.0
11
27571.0
21
-34565.0
31
0.0
0
LINE
5
2fdd
100
AcDbEntity
8
Room Walls
6
Solid
370
9
62
47
100
AcDbLine
10
27571.0
20
-34565.0
30
0.0
11
27227.0
21
-34489.0
31
0.0
0
LINE
5
2fdf
100
AcDbEntity
8
Room Walls
6
Solid
370
9
62
47
100
AcDbLine
10
27227.0
20
-34489.0
30
0.0
11
27234.0
21
-34460.0
31
0.0
0
LINE
5
2fe1
100
AcDbEntity
8
Room Walls
6
Solid
370
9
62
47
100
AcDbLine
10
26391.0
20
-45494.0
30
0.0
11
26404.0
21
-45436.0
31
0.0
0
LINE
5
2fe3
100
AcDbEntity
8
Room Walls
6
Solid
370
9
62
47
100
AcDbLine
10
26404.0
20
-45436.0
30
0.0
11
26567.0
21
-45472.0
31
0.0
0
LINE
5
2fe5
100
AcDbEntity
8
Room Walls
6
Solid
370
9
62
47
100
AcDbLine
10
26567.0
20
-45472.0
30
0.0
11
26821.0
21
-44318.0
31
0.0
0
LINE
5
2fe7
100
AcDbEntity
8
Room Walls
6
Solid
370
9
62
47
100
AcDbLine
10
26821.0
20
-44318.0
30
0.0
11
26880.0
21
-44331.0
31
0.0
0
LINE
5
2fe9
100
AcDbEntity
8
Room Walls
6
Solid
370
9
62
47
100
AcDbLine
10
26880.0
20
-44331.0
30
0.0
11
26620.0
21
-45514.0
31
0.0
0
LINE
5
2feb
100
AcDbEntity
8
Room Walls
6
Solid
370
9
62
47
100
AcDbLine
10
26620.0
20
-45514.0
30
0.0
11
26531.0
21
-45915.0
31
0.0
0
LINE
5
2fed
100
AcDbEntity
8
Room Walls
6
Solid
370
9
62
47
100
AcDbLine
10
26531.0
20
-45915.0
30
0.0
11
26473.0
21
-45902.0
31
0.0
0
LINE
5
2fef
100
AcDbEntity
8
Room Walls
6
Solid
370
9
62
47
100
AcDbLine
10
26473.0
20
-45902.0
30
0.0
11
26554.0
21
-45530.0
31
0.0
0
LINE
5
2ff1
100
AcDbEntity
8
Room Walls
6
Solid
370
9
62
47
100
AcDbLine
10
26554.0
20
-45530.0
30
0.0
11
26391.0
21
-45494.0
31
0.0
0
LINE
5
2ff3
100
AcDbEntity
8
Room Walls
6
Solid
370
9
62
47
100
AcDbLine
10
26257.0
20
-34245.0
30
0.0
11
26250.0
21
-34274.0
31
0.0
0
LINE
5
2ff5
100
AcDbEntity
8
Room Walls
6
Solid
370
9
62
47
100
AcDbLine
10
26250.0
20
-34274.0
30
0.0
11
26004.0
21
-34220.0
31
0.0
0
LINE
5
2ff7
100
AcDbEntity
8
Room Walls
6
Solid
370
9
62
47
100
AcDbLine
10
26004.0
20
-34220.0
30
0.0
11
26016.0
21
-34161.0
31
0.0
0
LINE
5
2ff9
100
AcDbEntity
8
Room Walls
6
Solid
370
9
62
47
100
AcDbLine
10
26016.0
20
-34161.0
30
0.0
11
26263.0
21
-34215.0
31
0.0
0
LINE
5
2ffb
100
AcDbEntity
8
Room Walls
6
Solid
370
9
62
47
100
AcDbLine
10
26263.0
20
-34215.0
30
0.0
11
26257.0
21
-34245.0
31
0.0
0
LINE
5
2ffd
100
AcDbEntity
8
Room Walls
6
Solid
370
9
62
47
100
AcDbLine
10
25240.0
20
-30290.0
30
0.0
11
25247.0
21
-30261.0
31
0.0
0
LINE
5
2fff
100
AcDbEntity
8
Room Walls
6
Solid
370
9
62
47
100
AcDbLine
10
25247.0
20
-30261.0
30
0.0
11
25696.0
21
-30360.0
31
0.0
0
POINT
5
3001
100
AcDbEntity
8
Room Walls
6
Solid
370
9
62
47
100
AcDbPoint
10
25696.0
20
-30360.0
30
0.0
0
LINE
5
3003
100
AcDbEntity
8
Room Walls
6
Solid
370
9
62
47
100
AcDbLine
10
25696.0
20
-30360.0
30
0.0
11
26028.0
21
-28854.0
31
0.0
0
LINE
5
3005
100
AcDbEntity
8
Room Walls
6
Solid
370
9
62
47
100
AcDbLine
10
26028.0
20
-28854.0
30
0.0
11
26086.0
21
-28867.0
31
0.0
0
LINE
5
3007
100
AcDbEntity
8
Room Walls
6
Solid
370
9
62
47
100
AcDbLine
10
26086.0
20
-28867.0
30
0.0
11
25755.0
21
-30373.0
31
0.0
0
LINE
5
3009
100
AcDbEntity
8
Room Walls
6
Solid
370
9
62
47
100
AcDbLine
10
25755.0
20
-30373.0
30
0.0
11
25748.0
21
-30402.0
31
0.0
0
LINE
5
300b
100
AcDbEntity
8
Room Walls
6
Solid
370
9
62
47
100
AcDbLine
10
25748.0
20
-30402.0
30
0.0
11
25696.0
21
-30642.0
31
0.0
0
LINE
5
300d
100
AcDbEntity
8
Room Walls
6
Solid
370
9
62
47
100
AcDbLine
10
25696.0
20
-30642.0
30
0.0
11
25637.0
21
-30629.0
31
0.0
0
LINE
5
300f
100
AcDbEntity
8
Room Walls
6
Solid
370
9
62
47
100
AcDbLine
10
25637.0
20
-30629.0
30
0.0
11
25683.0
21
-30418.0
31
0.0
0
LINE
5
3011
100
AcDbEntity
8
Room Walls
6
Solid
370
9
62
47
100
AcDbLine
10
25683.0
20
-30418.0
30
0.0
11
25234.0
21
-30319.0
31
0.0
0
LINE
5
3013
100
AcDbEntity
8
Room Walls
6
Solid
370
9
62
47
100
AcDbLine
10
25234.0
20
-30319.0
30
0.0
11
25240.0
21
-30290.0
31
0.0
0
LINE
5
3015
100
AcDbEntity
8
Room Walls
6
Solid
370
9
62
47
100
AcDbLine
10
25612.0
20
-35998.0
30
0.0
11
25614.0
21
-35988.0
31
0.0
0
LINE
5
3017
100
AcDbEntity
8
Room Walls
6
Solid
370
9
62
47
100
AcDbLine
10
25614.0
20
-35988.0
30
0.0
11
25625.0
21
-35939.0
31
0.0
0
POINT
5
3019
100
AcDbEntity
8
Room Walls
6
Solid
370
9
62
47
100
AcDbPoint
10
25625.0
20
-35939.0
30
0.0
0
LINE
5
301b
100
AcDbEntity
8
Room Walls
6
Solid
370
9
62
47
100
AcDbLine
10
25625.0
20
-35939.0
30
0.0
11
25627.0
21
-35929.0
31
0.0
0
LINE
5
301d
100
AcDbEntity
8
Room Walls
6
Solid
370
9
62
47
100
AcDbLine
10
25627.0
20
-35929.0
30
0.0
11
25876.0
21
-35984.0
31
0.0
0
LINE
5
301f
100
AcDbEntity
8
Room Walls
6
Solid
370
9
62
47
100
AcDbLine
10
25876.0
20
-35984.0
30
0.0
11
25874.0
21
-35994.0
31
0.0
0
LINE
5
3021
100
AcDbEntity
8
Room Walls
6
Solid
370
9
62
47
100
AcDbLine
10
25874.0
20
-35994.0
30
0.0
11
25868.0
21
-36023.0
31
0.0
0
LINE
5
3023
100
AcDbEntity
8
Room Walls
6
Solid
370
9
62
47
100
AcDbLine
10
25868.0
20
-36023.0
30
0.0
11
25863.0
21
-36043.0
31
0.0
0
LINE
5
3025
100
AcDbEntity
8
Room Walls
6
Solid
370
9
62
47
100
AcDbLine
10
25863.0
20
-36043.0
30
0.0
11
25861.0
21
-36053.0
31
0.0
0
LINE
5
3027
100
AcDbEntity
8
Room Walls
6
Solid
370
9
62
47
100
AcDbLine
10
25861.0
20
-36053.0
30
0.0
11
25612.0
21
-35998.0
31
0.0
0
LINE
5
3029
100
AcDbEntity
8
Room Walls
6
Solid
370
9
62
47
100
AcDbLine
10
25205.0
20
-45172.0
30
0.0
11
25459.0
21
-44018.0
31
0.0
0
LINE
5
302b
100
AcDbEntity
8
Room Walls
6
Solid
370
9
62
47
100
AcDbLine
10
25459.0
20
-44018.0
30
0.0
11
25518.0
21
-44031.0
31
0.0
0
LINE
5
302d
100
AcDbEntity
8
Room Walls
6
Solid
370
9
62
47
100
AcDbLine
10
25518.0
20
-44031.0
30
0.0
11
25264.0
21
-45185.0
31
0.0
0
LINE
5
302f
100
AcDbEntity
8
Room Walls
6
Solid
370
9
62
47
100
AcDbLine
10
25264.0
20
-45185.0
30
0.0
11
25427.0
21
-45221.0
31
0.0
0
LINE
5
3031
100
AcDbEntity
8
Room Walls
6
Solid
370
9
62
47
100
AcDbLine
10
25427.0
20
-45221.0
30
0.0
11
25414.0
21
-45279.0
31
0.0
0
LINE
5
3033
100
AcDbEntity
8
Room Walls
6
Solid
370
9
62
47
100
AcDbLine
10
25414.0
20
-45279.0
30
0.0
11
25221.0
21
-45237.0
31
0.0
0
POINT
5
3035
100
AcDbEntity
8
Room Walls
6
Solid
370
9
62
47
100
AcDbPoint
10
25221.0
20
-45237.0
30
0.0
0
LINE
5
3037
100
AcDbEntity
8
Room Walls
6
Solid
370
9
62
47
100
AcDbLine
10
25221.0
20
-45237.0
30
0.0
11
24877.0
21
-45161.0
31
0.0
0
LINE
5
3039
100
AcDbEntity
8
Room Walls
6
Solid
370
9
62
47
100
AcDbLine
10
24877.0
20
-45161.0
30
0.0
11
24890.0
21
-45103.0
31
0.0
0
LINE
5
303b
100
AcDbEntity
8
Room Walls
6
Solid
370
9
62
47
100
AcDbLine
10
24890.0
20
-45103.0
30
0.0
11
25205.0
21
-45172.0
31
0.0
0
LINE
5
303d
100
AcDbEntity
8
Room Walls
6
Solid
370
9
62
47
100
AcDbLine
10
25407.0
20
-31675.0
30
0.0
11
25422.0
21
-31606.0
31
0.0
0
LINE
5
303f
100
AcDbEntity
8
Room Walls
6
Solid
370
9
62
47
100
AcDbLine
10
25422.0
20
-31606.0
30
0.0
11
25481.0
21
-31618.0
31
0.0
0
LINE
5
3041
100
AcDbEntity
8
Room Walls
6
Solid
370
9
62
47
100
AcDbLine
10
25481.0
20
-31618.0
30
0.0
11
25465.0
21
-31687.0
31
0.0
0
LINE
5
3043
100
AcDbEntity
8
Room Walls
6
Solid
370
9
62
47
100
AcDbLine
10
25465.0
20
-31687.0
30
0.0
11
25407.0
21
-31675.0
31
0.0
0
LINE
5
3045
100
AcDbEntity
8
Room Walls
6
Solid
370
9
62
47
100
AcDbLine
10
25092.0
20
-39552.0
30
0.0
11
25079.0
21
-39610.0
31
0.0
0
LINE
5
3047
100
AcDbEntity
8
Room Walls
6
Solid
370
9
62
47
100
AcDbLine
10
25079.0
20
-39610.0
30
0.0
11
24829.0
21
-39555.0
31
0.0
0
LINE
5
3049
100
AcDbEntity
8
Room Walls
6
Solid
370
9
62
47
100
AcDbLine
10
24829.0
20
-39555.0
30
0.0
11
24842.0
21
-39497.0
31
0.0
0
LINE
5
304b
100
AcDbEntity
8
Room Walls
6
Solid
370
9
62
47
100
AcDbLine
10
24842.0
20
-39497.0
30
0.0
11
25092.0
21
-39552.0
31
0.0
0
LINE
5
304d
100
AcDbEntity
8
Room Walls
6
Solid
370
9
62
47
100
AcDbLine
10
23262.0
20
-46671.0
30
0.0
11
23275.0
21
-46612.0
31
0.0
0
LINE
5
304f
100
AcDbEntity
8
Room Walls
6
Solid
370
9
62
47
100
AcDbLine
10
23275.0
20
-46612.0
30
0.0
11
24364.0
21
-46852.0
31
0.0
0
LINE
5
3051
100
AcDbEntity
8
Room Walls
6
Solid
370
9
62
47
100
AcDbLine
10
24364.0
20
-46852.0
30
0.0
11
24351.0
21
-46910.0
31
0.0
0
LINE
5
3053
100
AcDbEntity
8
Room Walls
6
Solid
370
9
62
47
100
AcDbLine
10
24351.0
20
-46910.0
30
0.0
11
23262.0
21
-46671.0
31
0.0
0
LINE
5
3055
100
AcDbEntity
8
Room Walls
6
Solid
370
9
62
47
100
AcDbLine
10
23476.0
20
-29932.0
30
0.0
11
23489.0
21
-29874.0
31
0.0
0
LINE
5
3057
100
AcDbEntity
8
Room Walls
6
Solid
370
9
62
47
100
AcDbLine
10
23489.0
20
-29874.0
30
0.0
11
23763.0
21
-29934.0
31
0.0
0
LINE
5
3059
100
AcDbEntity
8
Room Walls
6
Solid
370
9
62
47
100
AcDbLine
10
23763.0
20
-29934.0
30
0.0
11
24017.0
21
-28780.0
31
0.0
0
LINE
5
305b
100
AcDbEntity
8
Room Walls
6
Solid
370
9
62
47
100
AcDbLine
10
24017.0
20
-28780.0
30
0.0
11
24075.0
21
-28793.0
31
0.0
0
LINE
5
305d
100
AcDbEntity
8
Room Walls
6
Solid
370
9
62
47
100
AcDbLine
10
24075.0
20
-28793.0
30
0.0
11
23821.0
21
-29947.0
31
0.0
0
POINT
5
305f
100
AcDbEntity
8
Room Walls
6
Solid
370
9
62
47
100
AcDbPoint
10
23821.0
20
-29947.0
30
0.0
0
LINE
5
3061
100
AcDbEntity
8
Room Walls
6
Solid
370
9
62
47
100
AcDbLine
10
23821.0
20
-29947.0
30
0.0
11
24270.0
21
-30046.0
31
0.0
0
LINE
5
3063
100
AcDbEntity
8
Room Walls
6
Solid
370
9
62
47
100
AcDbLine
10
24270.0
20
-30046.0
30
0.0
11
24257.0
21
-30104.0
31
0.0
0
LINE
5
3065
100
AcDbEntity
8
Room Walls
6
Solid
370
9
62
47
100
AcDbLine
10
24257.0
20
-30104.0
30
0.0
11
23779.0
21
-29999.0
31
0.0
0
POINT
5
3067
100
AcDbEntity
8
Room Walls
6
Solid
370
9
62
47
100
AcDbPoint
10
23779.0
20
-29999.0
30
0.0
0
LINE
5
3069
100
AcDbEntity
8
Room Walls
6
Solid
370
9
62
47
100
AcDbLine
10
23779.0
20
-29999.0
30
0.0
11
23476.0
21
-29932.0
31
0.0
0
LINE
5
306b
100
AcDbEntity
8
Room Walls
6
Solid
370
9
62
47
100
AcDbLine
10
23907.0
20
-44917.0
30
0.0
11
23901.0
21
-44946.0
31
0.0
0
LINE
5
306d
100
AcDbEntity
8
Room Walls
6
Solid
370
9
62
47
100
AcDbLine
10
23901.0
20
-44946.0
30
0.0
11
23654.0
21
-44892.0
31
0.0
0
LINE
5
306f
100
AcDbEntity
8
Room Walls
6
Solid
370
9
62
47
100
AcDbLine
10
23654.0
20
-44892.0
30
0.0
11
23667.0
21
-44833.0
31
0.0
0
LINE
5
3071
100
AcDbEntity
8
Room Walls
6
Solid
370
9
62
47
100
AcDbLine
10
23667.0
20
-44833.0
30
0.0
11
23914.0
21
-44888.0
31
0.0
0
LINE
5
3073
100
AcDbEntity
8
Room Walls
6
Solid
370
9
62
47
100
AcDbLine
10
23914.0
20
-44888.0
30
0.0
11
23907.0
21
-44917.0
31
0.0
0
LINE
5
3075
100
AcDbEntity
8
Room Walls
6
Solid
370
9
62
47
100
AcDbLine
10
22374.0
20
-35285.0
30
0.0
11
22387.0
21
-35226.0
31
0.0
0
LINE
5
3077
100
AcDbEntity
8
Room Walls
6
Solid
370
9
62
47
100
AcDbLine
10
22387.0
20
-35226.0
30
0.0
11
23476.0
21
-35466.0
31
0.0
0
LINE
5
3079
100
AcDbEntity
8
Room Walls
6
Solid
370
9
62
47
100
AcDbLine
10
23476.0
20
-35466.0
30
0.0
11
23464.0
21
-35525.0
31
0.0
0
LINE
5
307b
100
AcDbEntity
8
Room Walls
6
Solid
370
9
62
47
100
AcDbLine
10
23464.0
20
-35525.0
30
0.0
11
22374.0
21
-35285.0
31
0.0
0
LINE
5
307d
100
AcDbEntity
8
Room Walls
6
Solid
370
9
62
47
100
AcDbLine
10
22825.0
20
-37249.0
30
0.0
11
22831.0
21
-37220.0
31
0.0
0
LINE
5
307f
100
AcDbEntity
8
Room Walls
6
Solid
370
9
62
47
100
AcDbLine
10
22831.0
20
-37220.0
30
0.0
11
22838.0
21
-37191.0
31
0.0
0
LINE
5
3081
100
AcDbEntity
8
Room Walls
6
Solid
370
9
62
47
100
AcDbLine
10
22838.0
20
-37191.0
30
0.0
11
23085.0
21
-37245.0
31
0.0
0
LINE
5
3083
100
AcDbEntity
8
Room Walls
6
Solid
370
9
62
47
100
AcDbLine
10
23085.0
20
-37245.0
30
0.0
11
23072.0
21
-37304.0
31
0.0
0
LINE
5
3085
100
AcDbEntity
8
Room Walls
6
Solid
370
9
62
47
100
AcDbLine
10
23072.0
20
-37304.0
30
0.0
11
22825.0
21
-37249.0
31
0.0
0
LINE
5
3087
100
AcDbEntity
8
Room Walls
6
Solid
370
9
62
47
100
AcDbLine
10
18853.0
20
-41908.0
30
0.0
11
19298.0
21
-39887.0
31
0.0
0
LINE
5
3089
100
AcDbEntity
8
Room Walls
6
Solid
370
9
62
47
100
AcDbLine
10
19298.0
20
-39887.0
30
0.0
11
19303.0
21
-39876.0
31
0.0
0
LINE
5
308b
100
AcDbEntity
8
Room Walls
6
Solid
370
9
62
47
100
AcDbLine
10
19303.0
20
-39876.0
30
0.0
11
19311.0
21
-39868.0
31
0.0
0
LINE
5
308d
100
AcDbEntity
8
Room Walls
6
Solid
370
9
62
47
100
AcDbLine
10
19311.0
20
-39868.0
30
0.0
11
19322.0
21
-39864.0
31
0.0
0
LINE
5
308f
100
AcDbEntity
8
Room Walls
6
Solid
370
9
62
47
100
AcDbLine
10
19322.0
20
-39864.0
30
0.0
11
19334.0
21
-39864.0
31
0.0
0
LINE
5
3091
100
AcDbEntity
8
Room Walls
6
Solid
370
9
62
47
100
AcDbLine
10
19334.0
20
-39864.0
30
0.0
11
20867.0
21
-40202.0
31
0.0
0
POINT
5
3093
100
AcDbEntity
8
Room Walls
6
Solid
370
9
62
47
100
AcDbPoint
10
20867.0
20
-40202.0
30
0.0
0
LINE
5
3095
100
AcDbEntity
8
Room Walls
6
Solid
370
9
62
47
100
AcDbLine
10
20867.0
20
-40202.0
30
0.0
11
20897.0
21
-40208.0
31
0.0
0
LINE
5
3097
100
AcDbEntity
8
Room Walls
6
Solid
370
9
62
47
100
AcDbLine
10
20897.0
20
-40208.0
30
0.0
11
21971.0
21
-40445.0
31
0.0
0
LINE
5
3099
100
AcDbEntity
8
Room Walls
6
Solid
370
9
62
47
100
AcDbLine
10
21971.0
20
-40445.0
30
0.0
11
22430.0
21
-40546.0
31
0.0
0
LINE
5
309b
100
AcDbEntity
8
Room Walls
6
Solid
370
9
62
47
100
AcDbLine
10
22430.0
20
-40546.0
30
0.0
11
22734.0
21
-39166.0
31
0.0
0
LINE
5
309d
100
AcDbEntity
8
Room Walls
6
Solid
370
9
62
47
100
AcDbLine
10
22734.0
20
-39166.0
30
0.0
11
22792.0
21
-39179.0
31
0.0
0
LINE
5
309f
100
AcDbEntity
8
Room Walls
6
Solid
370
9
62
47
100
AcDbLine
10
22792.0
20
-39179.0
30
0.0
11
22482.0
21
-40588.0
31
0.0
0
LINE
5
30a1
100
AcDbEntity
8
Room Walls
6
Solid
370
9
62
47
100
AcDbLine
10
22482.0
20
-40588.0
30
0.0
11
22476.0
21
-40617.0
31
0.0
0
LINE
5
30a3
100
AcDbEntity
8
Room Walls
6
Solid
370
9
62
47
100
AcDbLine
10
22476.0
20
-40617.0
30
0.0
11
22030.0
21
-42639.0
31
0.0
0
POINT
5
30a5
100
AcDbEntity
8
Room Walls
6
Solid
370
9
62
47
100
AcDbPoint
10
22030.0
20
-42639.0
30
0.0
0
POINT
5
30a7
100
AcDbEntity
8
Room Walls
6
Solid
370
9
62
47
100
AcDbPoint
10
22030.0
20
-42639.0
30
0.0
0
LINE
5
30a9
100
AcDbEntity
8
Room Walls
6
Solid
370
9
62
47
100
AcDbLine
10
22030.0
20
-42639.0
30
0.0
11
21674.0
21
-44258.0
31
0.0
0
LINE
5
30ab
100
AcDbEntity
8
Room Walls
6
Solid
370
9
62
47
100
AcDbLine
10
21674.0
20
-44258.0
30
0.0
11
21247.0
21
-46196.0
31
0.0
0
LINE
5
30ad
100
AcDbEntity
8
Room Walls
6
Solid
370
9
62
47
100
AcDbLine
10
21247.0
20
-46196.0
30
0.0
11
21159.0
21
-46597.0
31
0.0
0
LINE
5
30af
100
AcDbEntity
8
Room Walls
6
Solid
370
9
62
47
100
AcDbLine
10
21159.0
20
-46597.0
30
0.0
11
21100.0
21
-46584.0
31
0.0
0
LINE
5
30b1
100
AcDbEntity
8
Room Walls
6
Solid
370
9
62
47
100
AcDbLine
10
21100.0
20
-46584.0
30
0.0
11
21182.0
21
-46213.0
31
0.0
0
LINE
5
30b3
100
AcDbEntity
8
Room Walls
6
Solid
370
9
62
47
100
AcDbLine
10
21182.0
20
-46213.0
30
0.0
11
19180.0
21
-45772.0
31
0.0
0
LINE
5
30b5
100
AcDbEntity
8
Room Walls
6
Solid
370
9
62
47
100
AcDbLine
10
19180.0
20
-45772.0
30
0.0
11
19193.0
21
-45713.0
31
0.0
0
LINE
5
30b7
100
AcDbEntity
8
Room Walls
6
Solid
370
9
62
47
100
AcDbLine
10
19193.0
20
-45713.0
30
0.0
11
21195.0
21
-46154.0
31
0.0
0
LINE
5
30b9
100
AcDbEntity
8
Room Walls
6
Solid
370
9
62
47
100
AcDbLine
10
21195.0
20
-46154.0
30
0.0
11
21641.0
21
-44128.0
31
0.0
0
LINE
5
30bb
100
AcDbEntity
8
Room Walls
6
Solid
370
9
62
47
100
AcDbLine
10
21641.0
20
-44128.0
30
0.0
11
21965.0
21
-42655.0
31
0.0
0
LINE
5
30bd
100
AcDbEntity
8
Room Walls
6
Solid
370
9
62
47
100
AcDbLine
10
21965.0
20
-42655.0
30
0.0
11
21940.0
21
-42650.0
31
0.0
0
LINE
5
30bf
100
AcDbEntity
8
Room Walls
6
Solid
370
9
62
47
100
AcDbLine
10
21940.0
20
-42650.0
30
0.0
11
21506.0
21
-42554.0
31
0.0
0
POINT
5
30c1
100
AcDbEntity
8
Room Walls
6
Solid
370
9
62
47
100
AcDbPoint
10
21506.0
20
-42554.0
30
0.0
0
LINE
5
30c3
100
AcDbEntity
8
Room Walls
6
Solid
370
9
62
47
100
AcDbLine
10
21506.0
20
-42554.0
30
0.0
11
21477.0
21
-42548.0
31
0.0
0
LINE
5
30c5
100
AcDbEntity
8
Room Walls
6
Solid
370
9
62
47
100
AcDbLine
10
21477.0
20
-42548.0
30
0.0
11
20432.0
21
-42317.0
31
0.0
0
POINT
5
30c7
100
AcDbEntity
8
Room Walls
6
Solid
370
9
62
47
100
AcDbPoint
10
20432.0
20
-42317.0
30
0.0
0
LINE
5
30c9
100
AcDbEntity
8
Room Walls
6
Solid
370
9
62
47
100
AcDbLine
10
20432.0
20
-42317.0
30
0.0
11
20403.0
21
-42311.0
31
0.0
0
POINT
5
30cb
100
AcDbEntity
8
Room Walls
6
Solid
370
9
62
47
100
AcDbPoint
10
20403.0
20
-42311.0
30
0.0
0
LINE
5
30cd
100
AcDbEntity
8
Room Walls
6
Solid
370
9
62
47
100
AcDbLine
10
20403.0
20
-42311.0
30
0.0
11
18870.0
21
-41973.0
31
0.0
0
LINE
5
30cf
100
AcDbEntity
8
Room Walls
6
Solid
370
9
62
47
100
AcDbLine
10
18870.0
20
-41973.0
30
0.0
11
16184.0
21
-41382.0
31
0.0
0
LINE
5
30d1
100
AcDbEntity
8
Room Walls
6
Solid
370
9
62
47
100
AcDbLine
10
16184.0
20
-41382.0
30
0.0
11
16197.0
21
-41324.0
31
0.0
0
LINE
5
30d3
100
AcDbEntity
8
Room Walls
6
Solid
370
9
62
47
100
AcDbLine
10
16197.0
20
-41324.0
30
0.0
11
18853.0
21
-41908.0
31
0.0
0
LINE
5
30d5
100
AcDbEntity
8
Room Walls
6
Solid
370
9
62
47
100
AcDbLine
10
18912.0
20
-41921.0
30
0.0
11
20416.0
21
-42252.0
31
0.0
0
LINE
5
30d7
100
AcDbEntity
8
Room Walls
6
Solid
370
9
62
47
100
AcDbLine
10
20416.0
20
-42252.0
30
0.0
11
20854.0
21
-40260.0
31
0.0
0
LINE
5
30d9
100
AcDbEntity
8
Room Walls
6
Solid
370
9
62
47
100
AcDbLine
10
20854.0
20
-40260.0
30
0.0
11
19350.0
21
-39929.0
31
0.0
0
LINE
5
30db
100
AcDbEntity
8
Room Walls
6
Solid
370
9
62
47
100
AcDbLine
10
19350.0
20
-39929.0
30
0.0
11
18912.0
21
-41921.0
31
0.0
0
LINE
5
30dd
100
AcDbEntity
8
Room Walls
6
Solid
370
9
62
47
100
AcDbLine
10
20474.0
20
-42265.0
30
0.0
11
21490.0
21
-42489.0
31
0.0
0
LINE
5
30df
100
AcDbEntity
8
Room Walls
6
Solid
370
9
62
47
100
AcDbLine
10
21490.0
20
-42489.0
30
0.0
11
21929.0
21
-40497.0
31
0.0
0
LINE
5
30e1
100
AcDbEntity
8
Room Walls
6
Solid
370
9
62
47
100
AcDbLine
10
21929.0
20
-40497.0
30
0.0
11
20913.0
21
-40273.0
31
0.0
0
LINE
5
30e3
100
AcDbEntity
8
Room Walls
6
Solid
370
9
62
47
100
AcDbLine
10
20913.0
20
-40273.0
30
0.0
11
20474.0
21
-42265.0
31
0.0
0
LINE
5
30e5
100
AcDbEntity
8
Room Walls
6
Solid
370
9
62
47
100
AcDbLine
10
21549.0
20
-42502.0
30
0.0
11
21912.0
21
-42582.0
31
0.0
0
LINE
5
30e7
100
AcDbEntity
8
Room Walls
6
Solid
370
9
62
47
100
AcDbLine
10
21912.0
20
-42582.0
30
0.0
11
21978.0
21
-42596.0
31
0.0
0
LINE
5
30e9
100
AcDbEntity
8
Room Walls
6
Solid
370
9
62
47
100
AcDbLine
10
21978.0
20
-42596.0
30
0.0
11
22209.0
21
-41551.0
31
0.0
0
LINE
5
30eb
100
AcDbEntity
8
Room Walls
6
Solid
370
9
62
47
100
AcDbLine
10
22209.0
20
-41551.0
30
0.0
11
22417.0
21
-40604.0
31
0.0
0
LINE
5
30ed
100
AcDbEntity
8
Room Walls
6
Solid
370
9
62
47
100
AcDbLine
10
22417.0
20
-40604.0
30
0.0
11
21987.0
21
-40510.0
31
0.0
0
LINE
5
30ef
100
AcDbEntity
8
Room Walls
6
Solid
370
9
62
47
100
AcDbLine
10
21987.0
20
-40510.0
30
0.0
11
21549.0
21
-42502.0
31
0.0
0
LINE
5
30f1
100
AcDbEntity
8
Room Walls
6
Solid
370
9
62
47
100
AcDbLine
10
22144.0
20
-30029.0
30
0.0
11
22086.0
21
-30016.0
31
0.0
0
LINE
5
30f3
100
AcDbEntity
8
Room Walls
6
Solid
370
9
62
47
100
AcDbLine
10
22086.0
20
-30016.0
30
0.0
11
22174.0
21
-29615.0
31
0.0
0
LINE
5
30f5
100
AcDbEntity
8
Room Walls
6
Solid
370
9
62
47
100
AcDbLine
10
22174.0
20
-29615.0
30
0.0
11
22435.0
21
-28432.0
31
0.0
0
LINE
5
30f7
100
AcDbEntity
8
Room Walls
6
Solid
370
9
62
47
100
AcDbLine
10
22435.0
20
-28432.0
30
0.0
11
22493.0
21
-28445.0
31
0.0
0
LINE
5
30f9
100
AcDbEntity
8
Room Walls
6
Solid
370
9
62
47
100
AcDbLine
10
22493.0
20
-28445.0
30
0.0
11
22239.0
21
-29599.0
31
0.0
0
LINE
5
30fb
100
AcDbEntity
8
Room Walls
6
Solid
370
9
62
47
100
AcDbLine
10
22239.0
20
-29599.0
30
0.0
11
22513.0
21
-29659.0
31
0.0
0
LINE
5
30fd
100
AcDbEntity
8
Room Walls
6
Solid
370
9
62
47
100
AcDbLine
10
22513.0
20
-29659.0
30
0.0
11
22500.0
21
-29717.0
31
0.0
0
LINE
5
30ff
100
AcDbEntity
8
Room Walls
6
Solid
370
9
62
47
100
AcDbLine
10
22500.0
20
-29717.0
30
0.0
11
22226.0
21
-29657.0
31
0.0
0
LINE
5
3101
100
AcDbEntity
8
Room Walls
6
Solid
370
9
62
47
100
AcDbLine
10
22226.0
20
-29657.0
30
0.0
11
22144.0
21
-30029.0
31
0.0
0
LINE
5
3103
100
AcDbEntity
8
Room Walls
6
Solid
370
9
62
47
100
AcDbLine
10
21863.0
20
-31309.0
30
0.0
11
21804.0
21
-31296.0
31
0.0
0
LINE
5
3105
100
AcDbEntity
8
Room Walls
6
Solid
370
9
62
47
100
AcDbLine
10
21804.0
20
-31296.0
30
0.0
11
21871.0
21
-30993.0
31
0.0
0
LINE
5
3107
100
AcDbEntity
8
Room Walls
6
Solid
370
9
62
47
100
AcDbLine
10
21871.0
20
-30993.0
30
0.0
11
21929.0
21
-31005.0
31
0.0
0
LINE
5
3109
100
AcDbEntity
8
Room Walls
6
Solid
370
9
62
47
100
AcDbLine
10
21929.0
20
-31005.0
30
0.0
11
21863.0
21
-31309.0
31
0.0
0
LINE
5
310b
100
AcDbEntity
8
Room Walls
6
Solid
370
9
62
47
100
AcDbLine
10
21312.0
20
-36916.0
30
0.0
11
21324.0
21
-36857.0
31
0.0
0
LINE
5
310d
100
AcDbEntity
8
Room Walls
6
Solid
370
9
62
47
100
AcDbLine
10
21324.0
20
-36857.0
30
0.0
11
21517.0
21
-36900.0
31
0.0
0
LINE
5
310f
100
AcDbEntity
8
Room Walls
6
Solid
370
9
62
47
100
AcDbLine
10
21517.0
20
-36900.0
30
0.0
11
21861.0
21
-36976.0
31
0.0
0
LINE
5
3111
100
AcDbEntity
8
Room Walls
6
Solid
370
9
62
47
100
AcDbLine
10
21861.0
20
-36976.0
30
0.0
11
21855.0
21
-37005.0
31
0.0
0
LINE
5
3113
100
AcDbEntity
8
Room Walls
6
Solid
370
9
62
47
100
AcDbLine
10
21855.0
20
-37005.0
30
0.0
11
21848.0
21
-37034.0
31
0.0
0
LINE
5
3115
100
AcDbEntity
8
Room Walls
6
Solid
370
9
62
47
100
AcDbLine
10
21848.0
20
-37034.0
30
0.0
11
21534.0
21
-36965.0
31
0.0
0
LINE
5
3117
100
AcDbEntity
8
Room Walls
6
Solid
370
9
62
47
100
AcDbLine
10
21534.0
20
-36965.0
30
0.0
11
21280.0
21
-38119.0
31
0.0
0
LINE
5
3119
100
AcDbEntity
8
Room Walls
6
Solid
370
9
62
47
100
AcDbLine
10
21280.0
20
-38119.0
30
0.0
11
21221.0
21
-38106.0
31
0.0
0
LINE
5
311b
100
AcDbEntity
8
Room Walls
6
Solid
370
9
62
47
100
AcDbLine
10
21221.0
20
-38106.0
30
0.0
11
21475.0
21
-36952.0
31
0.0
0
LINE
5
311d
100
AcDbEntity
8
Room Walls
6
Solid
370
9
62
47
100
AcDbLine
10
21475.0
20
-36952.0
30
0.0
11
21312.0
21
-36916.0
31
0.0
0
LINE
5
311f
100
AcDbEntity
8
Room Walls
6
Solid
370
9
62
47
100
AcDbLine
10
17750.0
20
-34267.0
30
0.0
11
17763.0
21
-34208.0
31
0.0
0
LINE
5
3121
100
AcDbEntity
8
Room Walls
6
Solid
370
9
62
47
100
AcDbLine
10
17763.0
20
-34208.0
30
0.0
11
20547.0
21
-34821.0
31
0.0
0
LINE
5
3123
100
AcDbEntity
8
Room Walls
6
Solid
370
9
62
47
100
AcDbLine
10
20547.0
20
-34821.0
30
0.0
11
20576.0
21
-34827.0
31
0.0
0
LINE
5
3125
100
AcDbEntity
8
Room Walls
6
Solid
370
9
62
47
100
AcDbLine
10
20576.0
20
-34827.0
30
0.0
11
21411.0
21
-35011.0
31
0.0
0
LINE
5
3127
100
AcDbEntity
8
Room Walls
6
Solid
370
9
62
47
100
AcDbLine
10
21411.0
20
-35011.0
30
0.0
11
21398.0
21
-35070.0
31
0.0
0
LINE
5
3129
100
AcDbEntity
8
Room Walls
6
Solid
370
9
62
47
100
AcDbLine
10
21398.0
20
-35070.0
30
0.0
11
20563.0
21
-34886.0
31
0.0
0
LINE
5
312b
100
AcDbEntity
8
Room Walls
6
Solid
370
9
62
47
100
AcDbLine
10
20563.0
20
-34886.0
30
0.0
11
20481.0
21
-35258.0
31
0.0
0
LINE
5
312d
100
AcDbEntity
8
Room Walls
6
Solid
370
9
62
47
100
AcDbLine
10
20481.0
20
-35258.0
30
0.0
11
20423.0
21
-35245.0
31
0.0
0
LINE
5
312f
100
AcDbEntity
8
Room Walls
6
Solid
370
9
62
47
100
AcDbLine
10
20423.0
20
-35245.0
30
0.0
11
20504.0
21
-34873.0
31
0.0
0
LINE
5
3131
100
AcDbEntity
8
Room Walls
6
Solid
370
9
62
47
100
AcDbLine
10
20504.0
20
-34873.0
30
0.0
11
17750.0
21
-34267.0
31
0.0
0
LINE
5
3133
100
AcDbEntity
8
Room Walls
6
Solid
370
9
62
47
100
AcDbLine
10
21258.0
20
-50518.0
30
0.0
11
21273.0
21
-50449.0
31
0.0
0
LINE
5
3135
100
AcDbEntity
8
Room Walls
6
Solid
370
9
62
47
100
AcDbLine
10
21273.0
20
-50449.0
30
0.0
11
21332.0
21
-50462.0
31
0.0
0
LINE
5
3137
100
AcDbEntity
8
Room Walls
6
Solid
370
9
62
47
100
AcDbLine
10
21332.0
20
-50462.0
30
0.0
11
21317.0
21
-50531.0
31
0.0
0
LINE
5
3139
100
AcDbEntity
8
Room Walls
6
Solid
370
9
62
47
100
AcDbLine
10
21317.0
20
-50531.0
30
0.0
11
21258.0
21
-50518.0
31
0.0
0
LINE
5
313b
100
AcDbEntity
8
Room Walls
6
Solid
370
9
62
47
100
AcDbLine
10
20652.0
20
-53270.0
30
0.0
11
20984.0
21
-51764.0
31
0.0
0
LINE
5
313d
100
AcDbEntity
8
Room Walls
6
Solid
370
9
62
47
100
AcDbLine
10
20984.0
20
-51764.0
30
0.0
11
20534.0
21
-51665.0
31
0.0
0
LINE
5
313f
100
AcDbEntity
8
Room Walls
6
Solid
370
9
62
47
100
AcDbLine
10
20534.0
20
-51665.0
30
0.0
11
20547.0
21
-51607.0
31
0.0
0
LINE
5
3141
100
AcDbEntity
8
Room Walls
6
Solid
370
9
62
47
100
AcDbLine
10
20547.0
20
-51607.0
30
0.0
11
20997.0
21
-51706.0
31
0.0
0
LINE
5
3143
100
AcDbEntity
8
Room Walls
6
Solid
370
9
62
47
100
AcDbLine
10
20997.0
20
-51706.0
30
0.0
11
21043.0
21
-51495.0
31
0.0
0
LINE
5
3145
100
AcDbEntity
8
Room Walls
6
Solid
370
9
62
47
100
AcDbLine
10
21043.0
20
-51495.0
30
0.0
11
21102.0
21
-51508.0
31
0.0
0
LINE
5
3147
100
AcDbEntity
8
Room Walls
6
Solid
370
9
62
47
100
AcDbLine
10
21102.0
20
-51508.0
30
0.0
11
21049.0
21
-51748.0
31
0.0
0
LINE
5
3149
100
AcDbEntity
8
Room Walls
6
Solid
370
9
62
47
100
AcDbLine
10
21049.0
20
-51748.0
30
0.0
11
21042.0
21
-51777.0
31
0.0
0
LINE
5
314b
100
AcDbEntity
8
Room Walls
6
Solid
370
9
62
47
100
AcDbLine
10
21042.0
20
-51777.0
30
0.0
11
20711.0
21
-53282.0
31
0.0
0
LINE
5
314d
100
AcDbEntity
8
Room Walls
6
Solid
370
9
62
47
100
AcDbLine
10
20711.0
20
-53282.0
30
0.0
11
20652.0
21
-53270.0
31
0.0
0
LINE
5
314f
100
AcDbEntity
8
Room Walls
6
Solid
370
9
62
47
100
AcDbLine
10
19838.0
20
-38457.0
30
0.0
11
19851.0
21
-38398.0
31
0.0
0
LINE
5
3151
100
AcDbEntity
8
Room Walls
6
Solid
370
9
62
47
100
AcDbLine
10
19851.0
20
-38398.0
30
0.0
11
21038.0
21
-38659.0
31
0.0
0
LINE
5
3153
100
AcDbEntity
8
Room Walls
6
Solid
370
9
62
47
100
AcDbLine
10
21038.0
20
-38659.0
30
0.0
11
21025.0
21
-38718.0
31
0.0
0
LINE
5
3155
100
AcDbEntity
8
Room Walls
6
Solid
370
9
62
47
100
AcDbLine
10
21025.0
20
-38718.0
30
0.0
11
19838.0
21
-38457.0
31
0.0
0
LINE
5
3157
100
AcDbEntity
8
Room Walls
6
Solid
370
9
62
47
100
AcDbLine
10
20248.0
20
-47872.0
30
0.0
11
20261.0
21
-47814.0
31
0.0
0
LINE
5
3159
100
AcDbEntity
8
Room Walls
6
Solid
370
9
62
47
100
AcDbLine
10
20261.0
20
-47814.0
30
0.0
11
20735.0
21
-47918.0
31
0.0
0
LINE
5
315b
100
AcDbEntity
8
Room Walls
6
Solid
370
9
62
47
100
AcDbLine
10
20735.0
20
-47918.0
30
0.0
11
20722.0
21
-47976.0
31
0.0
0
LINE
5
315d
100
AcDbEntity
8
Room Walls
6
Solid
370
9
62
47
100
AcDbLine
10
20722.0
20
-47976.0
30
0.0
11
20248.0
21
-47872.0
31
0.0
0
LINE
5
315f
100
AcDbEntity
8
Room Walls
6
Solid
370
9
62
47
100
AcDbLine
10
19859.0
20
-37806.0
30
0.0
11
20119.0
21
-36623.0
31
0.0
0
LINE
5
3161
100
AcDbEntity
8
Room Walls
6
Solid
370
9
62
47
100
AcDbLine
10
20119.0
20
-36623.0
30
0.0
11
20207.0
21
-36222.0
31
0.0
0
LINE
5
3163
100
AcDbEntity
8
Room Walls
6
Solid
370
9
62
47
100
AcDbLine
10
20207.0
20
-36222.0
30
0.0
11
20266.0
21
-36235.0
31
0.0
0
LINE
5
3165
100
AcDbEntity
8
Room Walls
6
Solid
370
9
62
47
100
AcDbLine
10
20266.0
20
-36235.0
30
0.0
11
20184.0
21
-36606.0
31
0.0
0
LINE
5
3167
100
AcDbEntity
8
Room Walls
6
Solid
370
9
62
47
100
AcDbLine
10
20184.0
20
-36606.0
30
0.0
11
20348.0
21
-36642.0
31
0.0
0
LINE
5
3169
100
AcDbEntity
8
Room Walls
6
Solid
370
9
62
47
100
AcDbLine
10
20348.0
20
-36642.0
30
0.0
11
20335.0
21
-36701.0
31
0.0
0
LINE
5
316b
100
AcDbEntity
8
Room Walls
6
Solid
370
9
62
47
100
AcDbLine
10
20335.0
20
-36701.0
30
0.0
11
20171.0
21
-36665.0
31
0.0
0
LINE
5
316d
100
AcDbEntity
8
Room Walls
6
Solid
370
9
62
47
100
AcDbLine
10
20171.0
20
-36665.0
30
0.0
11
19917.0
21
-37819.0
31
0.0
0
LINE
5
316f
100
AcDbEntity
8
Room Walls
6
Solid
370
9
62
47
100
AcDbLine
10
19917.0
20
-37819.0
30
0.0
11
19859.0
21
-37806.0
31
0.0
0
LINE
5
3171
100
AcDbEntity
8
Room Walls
6
Solid
370
9
62
47
100
AcDbLine
10
18777.0
20
-51278.0
30
0.0
11
18790.0
21
-51220.0
31
0.0
0
LINE
5
3173
100
AcDbEntity
8
Room Walls
6
Solid
370
9
62
47
100
AcDbLine
10
18790.0
20
-51220.0
30
0.0
11
19571.0
21
-51392.0
31
0.0
0
LINE
5
3175
100
AcDbEntity
8
Room Walls
6
Solid
370
9
62
47
100
AcDbLine
10
19571.0
20
-51392.0
30
0.0
11
19558.0
21
-51450.0
31
0.0
0
LINE
5
3177
100
AcDbEntity
8
Room Walls
6
Solid
370
9
62
47
100
AcDbLine
10
19558.0
20
-51450.0
30
0.0
11
19109.0
21
-51351.0
31
0.0
0
LINE
5
3179
100
AcDbEntity
8
Room Walls
6
Solid
370
9
62
47
100
AcDbLine
10
19109.0
20
-51351.0
30
0.0
11
18855.0
21
-52505.0
31
0.0
0
LINE
5
317b
100
AcDbEntity
8
Room Walls
6
Solid
370
9
62
47
100
AcDbLine
10
18855.0
20
-52505.0
30
0.0
11
18796.0
21
-52492.0
31
0.0
0
LINE
5
317d
100
AcDbEntity
8
Room Walls
6
Solid
370
9
62
47
100
AcDbLine
10
18796.0
20
-52492.0
30
0.0
11
19050.0
21
-51338.0
31
0.0
0
LINE
5
317f
100
AcDbEntity
8
Room Walls
6
Solid
370
9
62
47
100
AcDbLine
10
19050.0
20
-51338.0
30
0.0
11
18777.0
21
-51278.0
31
0.0
0
LINE
5
3181
100
AcDbEntity
8
Room Walls
6
Solid
370
9
62
47
100
AcDbLine
10
18589.0
20
-47897.0
30
0.0
11
18678.0
21
-47496.0
31
0.0
0
LINE
5
3183
100
AcDbEntity
8
Room Walls
6
Solid
370
9
62
47
100
AcDbLine
10
18678.0
20
-47496.0
30
0.0
11
18938.0
21
-46313.0
31
0.0
0
LINE
5
3185
100
AcDbEntity
8
Room Walls
6
Solid
370
9
62
47
100
AcDbLine
10
18938.0
20
-46313.0
30
0.0
11
18997.0
21
-46325.0
31
0.0
0
LINE
5
3187
100
AcDbEntity
8
Room Walls
6
Solid
370
9
62
47
100
AcDbLine
10
18997.0
20
-46325.0
30
0.0
11
18743.0
21
-47479.0
31
0.0
0
LINE
5
3189
100
AcDbEntity
8
Room Walls
6
Solid
370
9
62
47
100
AcDbLine
10
18743.0
20
-47479.0
30
0.0
11
19285.0
21
-47599.0
31
0.0
0
LINE
5
318b
100
AcDbEntity
8
Room Walls
6
Solid
370
9
62
47
100
AcDbLine
10
19285.0
20
-47599.0
30
0.0
11
19272.0
21
-47657.0
31
0.0
0
LINE
5
318d
100
AcDbEntity
8
Room Walls
6
Solid
370
9
62
47
100
AcDbLine
10
19272.0
20
-47657.0
30
0.0
11
18730.0
21
-47538.0
31
0.0
0
LINE
5
318f
100
AcDbEntity
8
Room Walls
6
Solid
370
9
62
47
100
AcDbLine
10
18730.0
20
-47538.0
30
0.0
11
18648.0
21
-47910.0
31
0.0
0
LINE
5
3191
100
AcDbEntity
8
Room Walls
6
Solid
370
9
62
47
100
AcDbLine
10
18648.0
20
-47910.0
30
0.0
11
18589.0
21
-47897.0
31
0.0
0
LINE
5
3193
100
AcDbEntity
8
Room Walls
6
Solid
370
9
62
47
100
AcDbLine
10
16950.0
20
-30230.0
30
0.0
11
16939.0
21
-30225.0
31
0.0
0
LINE
5
3195
100
AcDbEntity
8
Room Walls
6
Solid
370
9
62
47
100
AcDbLine
10
16939.0
20
-30225.0
30
0.0
11
16931.0
21
-30217.0
31
0.0
0
LINE
5
3197
100
AcDbEntity
8
Room Walls
6
Solid
370
9
62
47
100
AcDbLine
10
16931.0
20
-30217.0
30
0.0
11
16927.0
21
-30206.0
31
0.0
0
LINE
5
3199
100
AcDbEntity
8
Room Walls
6
Solid
370
9
62
47
100
AcDbLine
10
16927.0
20
-30206.0
30
0.0
11
16927.0
21
-30194.0
31
0.0
0
LINE
5
319b
100
AcDbEntity
8
Room Walls
6
Solid
370
9
62
47
100
AcDbLine
10
16927.0
20
-30194.0
30
0.0
11
17640.0
21
-26956.0
31
0.0
0
LINE
5
319d
100
AcDbEntity
8
Room Walls
6
Solid
370
9
62
47
100
AcDbLine
10
17640.0
20
-26956.0
30
0.0
11
17669.0
21
-26963.0
31
0.0
0
LINE
5
319f
100
AcDbEntity
8
Room Walls
6
Solid
370
9
62
47
100
AcDbLine
10
17669.0
20
-26963.0
30
0.0
11
17675.0
21
-26934.0
31
0.0
0
LINE
5
31a1
100
AcDbEntity
8
Room Walls
6
Solid
370
9
62
47
100
AcDbLine
10
17675.0
20
-26934.0
30
0.0
11
18798.0
21
-27181.0
31
0.0
0
LINE
5
31a3
100
AcDbEntity
8
Room Walls
6
Solid
370
9
62
47
100
AcDbLine
10
18798.0
20
-27181.0
30
0.0
11
18786.0
21
-27239.0
31
0.0
0
LINE
5
31a5
100
AcDbEntity
8
Room Walls
6
Solid
370
9
62
47
100
AcDbLine
10
18786.0
20
-27239.0
30
0.0
11
17692.0
21
-26999.0
31
0.0
0
LINE
5
31a7
100
AcDbEntity
8
Room Walls
6
Solid
370
9
62
47
100
AcDbLine
10
17692.0
20
-26999.0
30
0.0
11
16992.0
21
-30178.0
31
0.0
0
LINE
5
31a9
100
AcDbEntity
8
Room Walls
6
Solid
370
9
62
47
100
AcDbLine
10
16992.0
20
-30178.0
30
0.0
11
18086.0
21
-30418.0
31
0.0
0
LINE
5
31ab
100
AcDbEntity
8
Room Walls
6
Solid
370
9
62
47
100
AcDbLine
10
18086.0
20
-30418.0
30
0.0
11
18073.0
21
-30477.0
31
0.0
0
LINE
5
31ad
100
AcDbEntity
8
Room Walls
6
Solid
370
9
62
47
100
AcDbLine
10
18073.0
20
-30477.0
30
0.0
11
16950.0
21
-30230.0
31
0.0
0
LINE
5
31af
100
AcDbEntity
8
Room Walls
6
Solid
370
9
62
47
100
AcDbLine
10
18308.0
20
-49177.0
30
0.0
11
18374.0
21
-48873.0
31
0.0
0
LINE
5
31b1
100
AcDbEntity
8
Room Walls
6
Solid
370
9
62
47
100
AcDbLine
10
18374.0
20
-48873.0
30
0.0
11
18433.0
21
-48886.0
31
0.0
0
LINE
5
31b3
100
AcDbEntity
8
Room Walls
6
Solid
370
9
62
47
100
AcDbLine
10
18433.0
20
-48886.0
30
0.0
11
18366.0
21
-49190.0
31
0.0
0
LINE
5
31b5
100
AcDbEntity
8
Room Walls
6
Solid
370
9
62
47
100
AcDbLine
10
18366.0
20
-49190.0
30
0.0
11
18308.0
21
-49177.0
31
0.0
0
LINE
5
31b7
100
AcDbEntity
8
Room Walls
6
Solid
370
9
62
47
100
AcDbLine
10
16166.0
20
-33787.0
30
0.0
11
16156.0
21
-33783.0
31
0.0
0
LINE
5
31b9
100
AcDbEntity
8
Room Walls
6
Solid
370
9
62
47
100
AcDbLine
10
16156.0
20
-33783.0
30
0.0
11
16148.0
21
-33774.0
31
0.0
0
LINE
5
31bb
100
AcDbEntity
8
Room Walls
6
Solid
370
9
62
47
100
AcDbLine
10
16148.0
20
-33774.0
30
0.0
11
16143.0
21
-33763.0
31
0.0
0
LINE
5
31bd
100
AcDbEntity
8
Room Walls
6
Solid
370
9
62
47
100
AcDbLine
10
16143.0
20
-33763.0
30
0.0
11
16144.0
21
-33752.0
31
0.0
0
LINE
5
31bf
100
AcDbEntity
8
Room Walls
6
Solid
370
9
62
47
100
AcDbLine
10
16144.0
20
-33752.0
30
0.0
11
16872.0
21
-30443.0
31
0.0
0
LINE
5
31c1
100
AcDbEntity
8
Room Walls
6
Solid
370
9
62
47
100
AcDbLine
10
16872.0
20
-30443.0
30
0.0
11
16901.0
21
-30450.0
31
0.0
0
LINE
5
31c3
100
AcDbEntity
8
Room Walls
6
Solid
370
9
62
47
100
AcDbLine
10
16901.0
20
-30450.0
30
0.0
11
16908.0
21
-30421.0
31
0.0
0
LINE
5
31c5
100
AcDbEntity
8
Room Walls
6
Solid
370
9
62
47
100
AcDbLine
10
16908.0
20
-30421.0
30
0.0
11
18031.0
21
-30668.0
31
0.0
0
LINE
5
31c7
100
AcDbEntity
8
Room Walls
6
Solid
370
9
62
47
100
AcDbLine
10
18031.0
20
-30668.0
30
0.0
11
18018.0
21
-30726.0
31
0.0
0
LINE
5
31c9
100
AcDbEntity
8
Room Walls
6
Solid
370
9
62
47
100
AcDbLine
10
18018.0
20
-30726.0
30
0.0
11
16924.0
21
-30486.0
31
0.0
0
LINE
5
31cb
100
AcDbEntity
8
Room Walls
6
Solid
370
9
62
47
100
AcDbLine
10
16924.0
20
-30486.0
30
0.0
11
16209.0
21
-33735.0
31
0.0
0
LINE
5
31cd
100
AcDbEntity
8
Room Walls
6
Solid
370
9
62
47
100
AcDbLine
10
16209.0
20
-33735.0
30
0.0
11
17302.0
21
-33976.0
31
0.0
0
LINE
5
31cf
100
AcDbEntity
8
Room Walls
6
Solid
370
9
62
47
100
AcDbLine
10
17302.0
20
-33976.0
30
0.0
11
17290.0
21
-34035.0
31
0.0
0
LINE
5
31d1
100
AcDbEntity
8
Room Walls
6
Solid
370
9
62
47
100
AcDbLine
10
17290.0
20
-34035.0
30
0.0
11
16166.0
21
-33787.0
31
0.0
0
LINE
5
31d3
100
AcDbEntity
8
Room Walls
6
Solid
370
9
62
47
100
AcDbLine
10
17836.0
20
-49596.0
30
0.0
11
17778.0
21
-49583.0
31
0.0
0
LINE
5
31d5
100
AcDbEntity
8
Room Walls
6
Solid
370
9
62
47
100
AcDbLine
10
17778.0
20
-49583.0
30
0.0
11
17845.0
21
-49280.0
31
0.0
0
LINE
5
31d7
100
AcDbEntity
8
Room Walls
6
Solid
370
9
62
47
100
AcDbLine
10
17845.0
20
-49280.0
30
0.0
11
17903.0
21
-49293.0
31
0.0
0
LINE
5
31d9
100
AcDbEntity
8
Room Walls
6
Solid
370
9
62
47
100
AcDbLine
10
17903.0
20
-49293.0
30
0.0
11
17836.0
21
-49596.0
31
0.0
0
LINE
5
31db
100
AcDbEntity
8
Room Walls
6
Solid
370
9
62
47
100
AcDbLine
10
17214.0
20
-52144.0
30
0.0
11
17563.0
21
-50560.0
31
0.0
0
LINE
5
31dd
100
AcDbEntity
8
Room Walls
6
Solid
370
9
62
47
100
AcDbLine
10
17563.0
20
-50560.0
30
0.0
11
17621.0
21
-50573.0
31
0.0
0
LINE
5
31df
100
AcDbEntity
8
Room Walls
6
Solid
370
9
62
47
100
AcDbLine
10
17621.0
20
-50573.0
30
0.0
11
17540.0
21
-50944.0
31
0.0
0
LINE
5
31e1
100
AcDbEntity
8
Room Walls
6
Solid
370
9
62
47
100
AcDbLine
10
17540.0
20
-50944.0
30
0.0
11
17813.0
21
-51005.0
31
0.0
0
LINE
5
31e3
100
AcDbEntity
8
Room Walls
6
Solid
370
9
62
47
100
AcDbLine
10
17813.0
20
-51005.0
30
0.0
11
17800.0
21
-51063.0
31
0.0
0
LINE
5
31e5
100
AcDbEntity
8
Room Walls
6
Solid
370
9
62
47
100
AcDbLine
10
17800.0
20
-51063.0
30
0.0
11
17527.0
21
-51003.0
31
0.0
0
LINE
5
31e7
100
AcDbEntity
8
Room Walls
6
Solid
370
9
62
47
100
AcDbLine
10
17527.0
20
-51003.0
30
0.0
11
17273.0
21
-52157.0
31
0.0
0
LINE
5
31e9
100
AcDbEntity
8
Room Walls
6
Solid
370
9
62
47
100
AcDbLine
10
17273.0
20
-52157.0
30
0.0
11
17214.0
21
-52144.0
31
0.0
0
LINE
5
31eb
100
AcDbEntity
8
Room Walls
6
Solid
370
9
62
47
100
AcDbLine
10
13875.0
20
-44194.0
30
0.0
11
13864.0
21
-44190.0
31
0.0
0
LINE
5
31ed
100
AcDbEntity
8
Room Walls
6
Solid
370
9
62
47
100
AcDbLine
10
13864.0
20
-44190.0
30
0.0
11
13856.0
21
-44181.0
31
0.0
0
LINE
5
31ef
100
AcDbEntity
8
Room Walls
6
Solid
370
9
62
47
100
AcDbLine
10
13856.0
20
-44181.0
30
0.0
11
13852.0
21
-44170.0
31
0.0
0
LINE
5
31f1
100
AcDbEntity
8
Room Walls
6
Solid
370
9
62
47
100
AcDbLine
10
13852.0
20
-44170.0
30
0.0
11
13852.0
21
-44159.0
31
0.0
0
LINE
5
31f3
100
AcDbEntity
8
Room Walls
6
Solid
370
9
62
47
100
AcDbLine
10
13852.0
20
-44159.0
30
0.0
11
15247.0
21
-37825.0
31
0.0
0
LINE
5
31f5
100
AcDbEntity
8
Room Walls
6
Solid
370
9
62
47
100
AcDbLine
10
15247.0
20
-37825.0
30
0.0
11
15276.0
21
-37831.0
31
0.0
0
LINE
5
31f7
100
AcDbEntity
8
Room Walls
6
Solid
370
9
62
47
100
AcDbLine
10
15276.0
20
-37831.0
30
0.0
11
15283.0
21
-37802.0
31
0.0
0
LINE
5
31f9
100
AcDbEntity
8
Room Walls
6
Solid
370
9
62
47
100
AcDbLine
10
15283.0
20
-37802.0
30
0.0
11
16406.0
21
-38049.0
31
0.0
0
LINE
5
31fb
100
AcDbEntity
8
Room Walls
6
Solid
370
9
62
47
100
AcDbLine
10
16406.0
20
-38049.0
30
0.0
11
16393.0
21
-38108.0
31
0.0
0
LINE
5
31fd
100
AcDbEntity
8
Room Walls
6
Solid
370
9
62
47
100
AcDbLine
10
16393.0
20
-38108.0
30
0.0
11
15299.0
21
-37867.0
31
0.0
0
LINE
5
31ff
100
AcDbEntity
8
Room Walls
6
Solid
370
9
62
47
100
AcDbLine
10
15299.0
20
-37867.0
30
0.0
11
13917.0
21
-44142.0
31
0.0
0
LINE
5
3201
100
AcDbEntity
8
Room Walls
6
Solid
370
9
62
47
100
AcDbLine
10
13917.0
20
-44142.0
30
0.0
11
15011.0
21
-44383.0
31
0.0
0
LINE
5
3203
100
AcDbEntity
8
Room Walls
6
Solid
370
9
62
47
100
AcDbLine
10
15011.0
20
-44383.0
30
0.0
11
14998.0
21
-44442.0
31
0.0
0
LINE
5
3205
100
AcDbEntity
8
Room Walls
6
Solid
370
9
62
47
100
AcDbLine
10
14998.0
20
-44442.0
30
0.0
11
13875.0
21
-44194.0
31
0.0
0
LINE
5
3207
100
AcDbEntity
8
Room Walls
6
Solid
370
9
62
47
100
AcDbLine
10
13033.0
20
-48018.0
30
0.0
11
13023.0
21
-48013.0
31
0.0
0
LINE
5
3209
100
AcDbEntity
8
Room Walls
6
Solid
370
9
62
47
100
AcDbLine
10
13023.0
20
-48013.0
30
0.0
11
13015.0
21
-48005.0
31
0.0
0
LINE
5
320b
100
AcDbEntity
8
Room Walls
6
Solid
370
9
62
47
100
AcDbLine
10
13015.0
20
-48005.0
30
0.0
11
13010.0
21
-47994.0
31
0.0
0
LINE
5
320d
100
AcDbEntity
8
Room Walls
6
Solid
370
9
62
47
100
AcDbLine
10
13010.0
20
-47994.0
30
0.0
11
13011.0
21
-47982.0
31
0.0
0
LINE
5
320f
100
AcDbEntity
8
Room Walls
6
Solid
370
9
62
47
100
AcDbLine
10
13011.0
20
-47982.0
30
0.0
11
13739.0
21
-44674.0
31
0.0
0
LINE
5
3211
100
AcDbEntity
8
Room Walls
6
Solid
370
9
62
47
100
AcDbLine
10
13739.0
20
-44674.0
30
0.0
11
13768.0
21
-44681.0
31
0.0
0
LINE
5
3213
100
AcDbEntity
8
Room Walls
6
Solid
370
9
62
47
100
AcDbLine
10
13768.0
20
-44681.0
30
0.0
11
13775.0
21
-44651.0
31
0.0
0
LINE
5
3215
100
AcDbEntity
8
Room Walls
6
Solid
370
9
62
47
100
AcDbLine
10
13775.0
20
-44651.0
30
0.0
11
14898.0
21
-44899.0
31
0.0
0
LINE
5
3217
100
AcDbEntity
8
Room Walls
6
Solid
370
9
62
47
100
AcDbLine
10
14898.0
20
-44899.0
30
0.0
11
14885.0
21
-44957.0
31
0.0
0
LINE
5
3219
100
AcDbEntity
8
Room Walls
6
Solid
370
9
62
47
100
AcDbLine
10
14885.0
20
-44957.0
30
0.0
11
13791.0
21
-44716.0
31
0.0
0
LINE
5
321b
100
AcDbEntity
8
Room Walls
6
Solid
370
9
62
47
100
AcDbLine
10
13791.0
20
-44716.0
30
0.0
11
13076.0
21
-47966.0
31
0.0
0
LINE
5
321d
100
AcDbEntity
8
Room Walls
6
Solid
370
9
62
47
100
AcDbLine
10
13076.0
20
-47966.0
30
0.0
11
14169.0
21
-48207.0
31
0.0
0
LINE
5
321f
100
AcDbEntity
8
Room Walls
6
Solid
370
9
62
47
100
AcDbLine
10
14169.0
20
-48207.0
30
0.0
11
14157.0
21
-48265.0
31
0.0
0
LINE
5
3221
100
AcDbEntity
8
Room Walls
6
Solid
370
9
62
47
100
AcDbLine
10
14157.0
20
-48265.0
30
0.0
11
13033.0
21
-48018.0
31
0.0
0
LINE
5
3223
100
AcDbEntity
8
Room Walls
6
Solid
370
9
62
47
100
AcDbLine
10
12266.0
20
-51505.0
30
0.0
11
12255.0
21
-51500.0
31
0.0
0
LINE
5
3225
100
AcDbEntity
8
Room Walls
6
Solid
370
9
62
47
100
AcDbLine
10
12255.0
20
-51500.0
30
0.0
11
12247.0
21
-51492.0
31
0.0
0
LINE
5
3227
100
AcDbEntity
8
Room Walls
6
Solid
370
9
62
47
100
AcDbLine
10
12247.0
20
-51492.0
30
0.0
11
12243.0
21
-51481.0
31
0.0
0
LINE
5
3229
100
AcDbEntity
8
Room Walls
6
Solid
370
9
62
47
100
AcDbLine
10
12243.0
20
-51481.0
30
0.0
11
12243.0
21
-51469.0
31
0.0
0
LINE
5
322b
100
AcDbEntity
8
Room Walls
6
Solid
370
9
62
47
100
AcDbLine
10
12243.0
20
-51469.0
30
0.0
11
12956.0
21
-48232.0
31
0.0
0
LINE
5
322d
100
AcDbEntity
8
Room Walls
6
Solid
370
9
62
47
100
AcDbLine
10
12956.0
20
-48232.0
30
0.0
11
12985.0
21
-48238.0
31
0.0
0
LINE
5
322f
100
AcDbEntity
8
Room Walls
6
Solid
370
9
62
47
100
AcDbLine
10
12985.0
20
-48238.0
30
0.0
11
12991.0
21
-48209.0
31
0.0
0
LINE
5
3231
100
AcDbEntity
8
Room Walls
6
Solid
370
9
62
47
100
AcDbLine
10
12991.0
20
-48209.0
30
0.0
11
14114.0
21
-48456.0
31
0.0
0
LINE
5
3233
100
AcDbEntity
8
Room Walls
6
Solid
370
9
62
47
100
AcDbLine
10
14114.0
20
-48456.0
30
0.0
11
14102.0
21
-48515.0
31
0.0
0
LINE
5
3235
100
AcDbEntity
8
Room Walls
6
Solid
370
9
62
47
100
AcDbLine
10
14102.0
20
-48515.0
30
0.0
11
13008.0
21
-48274.0
31
0.0
0
LINE
5
3237
100
AcDbEntity
8
Room Walls
6
Solid
370
9
62
47
100
AcDbLine
10
13008.0
20
-48274.0
30
0.0
11
12308.0
21
-51453.0
31
0.0
0
LINE
5
3239
100
AcDbEntity
8
Room Walls
6
Solid
370
9
62
47
100
AcDbLine
10
12308.0
20
-51453.0
30
0.0
11
13402.0
21
-51694.0
31
0.0
0
LINE
5
323b
100
AcDbEntity
8
Room Walls
6
Solid
370
9
62
47
100
AcDbLine
10
13402.0
20
-51694.0
30
0.0
11
13389.0
21
-51752.0
31
0.0
0
LINE
5
323d
100
AcDbEntity
8
Room Walls
6
Solid
370
9
62
47
100
AcDbLine
10
13389.0
20
-51752.0
30
0.0
11
12266.0
21
-51505.0
31
0.0
0
HATCH
5
3419
100
AcDbEntity
8
Windows
6
Solid
370
9
62
5
100
AcDbHatch
10
0
20
0
30
0
210
0
220
0
230
1
2
FILL_13337
70
1
71
0
91
59
92
0
93
4
72
1
10
121218.0
20
-101932.0
11
122081.0
21
-102437.0
72
1
10
122081.0
20
-102437.0
11
121829.0
21
-102868.0
72
1
10
121829.0
20
-102868.0
11
120966.0
21
-102364.0
72
1
10
120966.0
20
-102364.0
11
121218.0
21
-101932.0
97
0
92
0
93
4
72
1
10
121246.0
20
-105596.0
11
120489.0
21
-106892.0
72
1
10
120489.0
20
-106892.0
11
120058.0
21
-106640.0
72
1
10
120058.0
20
-106640.0
11
120814.0
21
-105344.0
72
1
10
120814.0
20
-105344.0
11
121246.0
21
-105596.0
97
0
92
0
93
4
72
1
10
117251.0
20
-99617.0
11
118547.0
21
-100373.0
72
1
10
118547.0
20
-100373.0
11
118295.0
21
-100805.0
72
1
10
118295.0
20
-100805.0
11
116999.0
21
-100049.0
72
1
10
116999.0
20
-100049.0
11
117251.0
21
-99617.0
97
0
92
0
93
4
72
1
10
114969.0
20
-98284.0
11
115832.0
21
-98789.0
72
1
10
115832.0
20
-98789.0
11
115580.0
21
-99220.0
72
1
10
115580.0
20
-99220.0
11
114717.0
21
-98716.0
72
1
10
114717.0
20
-98716.0
11
114969.0
21
-98284.0
97
0
92
0
93
4
72
1
10
114137.0
20
-115052.0
11
112842.0
21
-114296.0
72
1
10
112842.0
20
-114296.0
11
113094.0
21
-113864.0
72
1
10
113094.0
20
-113864.0
11
114389.0
21
-114620.0
72
1
10
114389.0
20
-114620.0
11
114137.0
21
-115052.0
97
0
92
0
93
4
72
1
10
110171.0
20
-112736.0
11
109307.0
21
-112232.0
72
1
10
109307.0
20
-112232.0
11
109559.0
21
-111801.0
72
1
10
109559.0
20
-111801.0
11
110423.0
21
-112305.0
72
1
10
110423.0
20
-112305.0
11
110171.0
21
-112736.0
97
0
92
0
93
4
72
1
10
107888.0
20
-111404.0
11
106593.0
21
-110648.0
72
1
10
106593.0
20
-110648.0
11
106845.0
21
-110216.0
72
1
10
106845.0
20
-110216.0
11
108140.0
21
-110972.0
72
1
10
108140.0
20
-110972.0
11
107888.0
21
-111404.0
97
0
92
0
93
4
72
1
10
104667.0
20
-92270.0
11
105963.0
21
-93026.0
72
1
10
105963.0
20
-93026.0
11
105711.0
21
-93458.0
72
1
10
105711.0
20
-93458.0
11
104415.0
21
-92702.0
72
1
10
104415.0
20
-92702.0
11
104667.0
21
-92270.0
97
0
92
0
93
4
72
1
10
103879.0
20
-109063.0
11
103015.0
21
-108559.0
72
1
10
103015.0
20
-108559.0
11
103267.0
21
-108127.0
72
1
10
103267.0
20
-108127.0
11
104131.0
21
-108631.0
72
1
10
104131.0
20
-108631.0
11
103879.0
21
-109063.0
97
0
92
0
93
4
72
1
10
102428.0
20
-90963.0
11
103292.0
21
-91467.0
72
1
10
103292.0
20
-91467.0
11
103040.0
21
-91899.0
72
1
10
103040.0
20
-91899.0
11
102176.0
21
-91395.0
72
1
10
102176.0
20
-91395.0
11
102428.0
21
-90963.0
97
0
92
0
93
4
72
1
10
101596.0
20
-107731.0
11
100301.0
21
-106974.0
72
1
10
100301.0
20
-106974.0
11
100553.0
21
-106543.0
72
1
10
100553.0
20
-106543.0
11
101848.0
21
-107299.0
72
1
10
101848.0
20
-107299.0
11
101596.0
21
-107731.0
97
0
92
0
93
4
72
1
10
98036.0
20
-93783.0
11
98792.0
21
-92488.0
72
1
10
98792.0
20
-92488.0
11
99224.0
21
-92740.0
72
1
10
99224.0
20
-92740.0
11
98468.0
21
-94035.0
72
1
10
98468.0
20
-94035.0
11
98036.0
21
-93783.0
97
0
92
0
93
4
72
1
10
97587.0
20
-105390.0
11
96723.0
21
-104886.0
72
1
10
96723.0
20
-104886.0
11
96975.0
21
-104454.0
72
1
10
96975.0
20
-104454.0
11
97839.0
21
-104958.0
72
1
10
97839.0
20
-104958.0
11
97587.0
21
-105390.0
97
0
92
0
93
4
72
1
10
96244.0
20
-53020.0
11
97539.0
21
-53777.0
72
1
10
97539.0
20
-53777.0
11
97287.0
21
-54208.0
72
1
10
97287.0
20
-54208.0
11
95991.0
21
-53452.0
72
1
10
95991.0
20
-53452.0
11
96244.0
21
-53020.0
97
0
92
0
93
4
72
1
10
97135.0
20
-57188.0
11
96379.0
21
-58484.0
72
1
10
96379.0
20
-58484.0
11
95947.0
21
-58232.0
72
1
10
95947.0
20
-58232.0
11
96703.0
21
-56936.0
72
1
10
96703.0
20
-56936.0
11
97135.0
21
-57188.0
97
0
92
0
93
4
72
1
10
94456.0
20
-99914.0
11
95212.0
21
-98619.0
72
1
10
95212.0
20
-98619.0
11
95644.0
21
-98871.0
72
1
10
95644.0
20
-98871.0
11
94888.0
21
-100167.0
72
1
10
94888.0
20
-100167.0
11
94456.0
21
-99914.0
97
0
92
0
93
4
72
1
10
95348.0
20
-104083.0
11
94052.0
21
-103326.0
72
1
10
94052.0
20
-103326.0
11
94304.0
21
-102894.0
72
1
10
94304.0
20
-102894.0
11
95600.0
21
-103651.0
72
1
10
95600.0
20
-103651.0
11
95348.0
21
-104083.0
97
0
92
0
93
4
72
1
10
94004.0
20
-51713.0
11
94868.0
21
-52217.0
72
1
10
94868.0
20
-52217.0
11
94616.0
21
-52649.0
72
1
10
94616.0
20
-52649.0
11
93752.0
21
-52145.0
72
1
10
93752.0
20
-52145.0
11
94004.0
21
-51713.0
97
0
92
0
93
4
72
1
10
93555.0
20
-63320.0
11
92799.0
21
-64615.0
72
1
10
92799.0
20
-64615.0
11
92367.0
21
-64363.0
72
1
10
92367.0
20
-64363.0
11
93124.0
21
-63068.0
72
1
10
93124.0
20
-63068.0
11
93555.0
21
-63320.0
97
0
92
0
93
4
72
1
10
90858.0
20
-49876.0
11
91722.0
21
-50381.0
72
1
10
91722.0
20
-50381.0
11
91470.0
21
-50812.0
72
1
10
91470.0
20
-50812.0
11
90606.0
21
-50308.0
72
1
10
90606.0
20
-50308.0
11
90858.0
21
-49876.0
97
0
92
0
93
4
72
1
10
89163.0
20
-66140.0
11
88299.0
21
-65636.0
72
1
10
88299.0
20
-65636.0
11
88551.0
21
-65204.0
72
1
10
88551.0
20
-65204.0
11
89415.0
21
-65708.0
72
1
10
89415.0
20
-65708.0
11
89163.0
21
-66140.0
97
0
92
0
93
4
72
1
10
86924.0
20
-64833.0
11
85628.0
21
-64076.0
72
1
10
85628.0
20
-64076.0
11
85880.0
21
-63645.0
72
1
10
85880.0
20
-63645.0
11
87176.0
21
-64401.0
72
1
10
87176.0
20
-64401.0
11
86924.0
21
-64833.0
97
0
92
0
93
4
72
1
10
83778.0
20
-62996.0
11
82482.0
21
-62240.0
72
1
10
82482.0
20
-62240.0
11
82735.0
21
-61808.0
72
1
10
82735.0
20
-61808.0
11
84030.0
21
-62564.0
72
1
10
84030.0
20
-62564.0
11
83778.0
21
-62996.0
97
0
92
0
93
4
72
1
10
81421.0
20
-44366.0
11
82284.0
21
-44871.0
72
1
10
82284.0
20
-44871.0
11
82032.0
21
-45302.0
72
1
10
82032.0
20
-45302.0
11
81168.0
21
-44798.0
72
1
10
81168.0
20
-44798.0
11
81421.0
21
-44366.0
97
0
92
0
93
4
72
1
10
79768.0
20
-60655.0
11
78905.0
21
-60151.0
72
1
10
78905.0
20
-60151.0
11
79157.0
21
-59719.0
72
1
10
79157.0
20
-59719.0
11
80020.0
21
-60223.0
72
1
10
80020.0
20
-60223.0
11
79768.0
21
-60655.0
97
0
92
0
93
4
72
1
10
77454.0
20
-42051.0
11
78750.0
21
-42807.0
72
1
10
78750.0
20
-42807.0
11
78497.0
21
-43239.0
72
1
10
78497.0
20
-43239.0
11
77202.0
21
-42483.0
72
1
10
77202.0
20
-42483.0
11
77454.0
21
-42051.0
97
0
92
0
93
4
72
1
10
77486.0
20
-59323.0
11
76191.0
21
-58566.0
72
1
10
76191.0
20
-58566.0
11
76443.0
21
-58135.0
72
1
10
76443.0
20
-58135.0
11
77738.0
21
-58891.0
72
1
10
77738.0
20
-58891.0
11
77486.0
21
-59323.0
97
0
92
0
93
4
72
1
10
73925.0
20
-45375.0
11
74682.0
21
-44080.0
72
1
10
74682.0
20
-44080.0
11
75113.0
21
-44332.0
72
1
10
75113.0
20
-44332.0
11
74357.0
21
-45627.0
72
1
10
74357.0
20
-45627.0
11
73925.0
21
-45375.0
97
0
92
0
93
4
72
1
10
74340.0
20
-57486.0
11
73045.0
21
-56730.0
72
1
10
73045.0
20
-56730.0
11
73297.0
21
-56298.0
72
1
10
73297.0
20
-56298.0
11
74592.0
21
-57054.0
72
1
10
74592.0
20
-57054.0
11
74340.0
21
-57486.0
97
0
92
0
93
4
72
1
10
70346.0
20
-51506.0
11
71102.0
21
-50211.0
72
1
10
71102.0
20
-50211.0
11
71534.0
21
-50463.0
72
1
10
71534.0
20
-50463.0
11
70777.0
21
-51759.0
72
1
10
70777.0
20
-51759.0
11
70346.0
21
-51506.0
97
0
92
0
93
4
72
1
10
70374.0
20
-55170.0
11
69510.0
21
-54666.0
72
1
10
69510.0
20
-54666.0
11
69762.0
21
-54234.0
72
1
10
69762.0
20
-54234.0
11
70626.0
21
-54739.0
72
1
10
70626.0
20
-54739.0
11
70374.0
21
-55170.0
97
0
92
0
93
4
72
1
10
66837.0
20
-101731.0
11
66081.0
21
-103027.0
72
1
10
66081.0
20
-103027.0
11
65649.0
21
-102774.0
72
1
10
65649.0
20
-102774.0
11
66405.0
21
-101479.0
72
1
10
66405.0
20
-101479.0
11
66837.0
21
-101731.0
97
0
92
0
93
4
72
1
10
64594.0
20
-105574.0
11
64089.0
21
-106438.0
72
1
10
64089.0
20
-106438.0
11
63658.0
21
-106186.0
72
1
10
63658.0
20
-106186.0
11
64162.0
21
-105322.0
72
1
10
64162.0
20
-105322.0
11
64594.0
21
-105574.0
97
0
92
0
93
4
72
1
10
63023.0
20
-97999.0
11
64319.0
21
-98756.0
72
1
10
64319.0
20
-98756.0
11
64067.0
21
-99187.0
72
1
10
64067.0
20
-99187.0
11
62771.0
21
-98431.0
72
1
10
62771.0
20
-98431.0
11
63023.0
21
-97999.0
97
0
92
0
93
4
72
1
10
63333.0
20
-107733.0
11
62577.0
21
-109029.0
72
1
10
62577.0
20
-109029.0
11
62145.0
21
-108776.0
72
1
10
62145.0
20
-108776.0
11
62901.0
21
-107481.0
72
1
10
62901.0
20
-107481.0
11
63333.0
21
-107733.0
97
0
92
0
93
4
72
1
10
61568.0
20
-110756.0
11
60812.0
21
-112051.0
72
1
10
60812.0
20
-112051.0
11
60380.0
21
-111799.0
72
1
10
60380.0
20
-111799.0
11
61137.0
21
-110504.0
72
1
10
61137.0
20
-110504.0
11
61568.0
21
-110756.0
97
0
92
0
93
4
72
1
10
59300.0
20
-114642.0
11
58795.0
21
-115506.0
72
1
10
58795.0
20
-115506.0
11
58364.0
21
-115253.0
72
1
10
58364.0
20
-115253.0
11
58868.0
21
-114390.0
72
1
10
58868.0
20
-114390.0
11
59300.0
21
-114642.0
97
0
92
0
93
4
72
1
10
58064.0
20
-116758.0
11
57308.0
21
-118053.0
72
1
10
57308.0
20
-118053.0
11
56876.0
21
-117801.0
72
1
10
56876.0
20
-117801.0
11
57633.0
21
-116506.0
72
1
10
57633.0
20
-116506.0
11
58064.0
21
-116758.0
97
0
92
0
93
4
72
1
10
55985.0
20
-93890.0
11
57281.0
21
-94646.0
72
1
10
57281.0
20
-94646.0
11
57028.0
21
-95078.0
72
1
10
57028.0
20
-95078.0
11
55733.0
21
-94322.0
72
1
10
55733.0
20
-94322.0
11
55985.0
21
-93890.0
97
0
92
0
93
4
72
1
10
53479.0
20
-117323.0
11
52184.0
21
-116567.0
72
1
10
52184.0
20
-116567.0
11
52436.0
21
-116135.0
72
1
10
52436.0
20
-116135.0
11
53731.0
21
-116891.0
72
1
10
53731.0
20
-116891.0
11
53479.0
21
-117323.0
97
0
92
0
93
4
72
1
10
51904.0
20
-93592.0
11
52408.0
21
-92728.0
72
1
10
52408.0
20
-92728.0
11
52840.0
21
-92980.0
72
1
10
52840.0
20
-92980.0
11
52336.0
21
-93844.0
72
1
10
52336.0
20
-93844.0
11
51904.0
21
-93592.0
97
0
92
0
93
4
72
1
10
49660.0
20
-97435.0
11
50417.0
21
-96139.0
72
1
10
50417.0
20
-96139.0
11
50848.0
21
-96392.0
72
1
10
50848.0
20
-96392.0
11
50092.0
21
-97687.0
72
1
10
50092.0
20
-97687.0
11
49660.0
21
-97435.0
97
0
92
0
93
4
72
1
10
46441.0
20
-113214.0
11
45145.0
21
-112458.0
72
1
10
45145.0
20
-112458.0
11
45397.0
21
-112026.0
72
1
10
45397.0
20
-112026.0
11
46693.0
21
-112782.0
72
1
10
46693.0
20
-112782.0
11
46441.0
21
-113214.0
97
0
92
0
93
4
72
1
10
44366.0
20
-106503.0
11
45123.0
21
-105207.0
72
1
10
45123.0
20
-105207.0
11
45554.0
21
-105459.0
72
1
10
45554.0
20
-105459.0
11
44798.0
21
-106755.0
72
1
10
44798.0
20
-106755.0
11
44366.0
21
-106503.0
97
0
92
0
93
4
72
1
10
43131.0
20
-108618.0
11
43635.0
21
-107755.0
72
1
10
43635.0
20
-107755.0
11
44067.0
21
-108007.0
72
1
10
44067.0
20
-108007.0
11
43563.0
21
-108870.0
72
1
10
43563.0
20
-108870.0
11
43131.0
21
-108618.0
97
0
92
0
93
4
72
1
10
33145.0
20
-31314.0
11
32823.0
21
-32779.0
72
1
10
32823.0
20
-32779.0
11
32335.0
21
-32671.0
72
1
10
32335.0
20
-32671.0
11
32657.0
21
-31206.0
72
1
10
32657.0
20
-31206.0
11
33145.0
21
-31314.0
97
0
92
0
93
4
72
1
10
32373.0
20
-34822.0
11
32050.0
21
-36287.0
72
1
10
32050.0
20
-36287.0
11
31562.0
21
-36180.0
72
1
10
31562.0
20
-36180.0
11
31885.0
21
-34715.0
72
1
10
31885.0
20
-34715.0
11
32373.0
21
-34822.0
97
0
92
0
93
4
72
1
10
31375.0
20
-39357.0
11
31160.0
21
-40333.0
72
1
10
31160.0
20
-40333.0
11
30671.0
21
-40226.0
72
1
10
30671.0
20
-40226.0
11
30886.0
21
-39249.0
72
1
10
30886.0
20
-39249.0
11
31375.0
21
-39357.0
97
0
92
0
93
4
72
1
10
30806.0
20
-41938.0
11
30484.0
21
-43403.0
72
1
10
30484.0
20
-43403.0
11
29996.0
21
-43295.0
72
1
10
29996.0
20
-43295.0
11
30318.0
21
-41830.0
72
1
10
30318.0
20
-41830.0
11
30806.0
21
-41938.0
97
0
92
0
93
4
72
1
10
28899.0
20
-28974.0
11
30364.0
21
-29297.0
72
1
10
30364.0
20
-29297.0
11
30256.0
21
-29785.0
72
1
10
30256.0
20
-29785.0
11
28792.0
21
-29463.0
72
1
10
28792.0
20
-29463.0
11
28899.0
21
-28974.0
97
0
92
0
93
4
72
1
10
29808.0
20
-46472.0
11
29593.0
21
-47449.0
72
1
10
29593.0
20
-47449.0
11
29105.0
21
-47341.0
72
1
10
29105.0
20
-47341.0
11
29320.0
21
-46365.0
72
1
10
29320.0
20
-46365.0
11
29808.0
21
-46472.0
97
0
92
0
93
4
72
1
10
29240.0
20
-49053.0
11
28917.0
21
-50518.0
72
1
10
28917.0
20
-50518.0
11
28429.0
21
-50410.0
72
1
10
28429.0
20
-50410.0
11
28752.0
21
-48946.0
72
1
10
28752.0
20
-48946.0
11
29240.0
21
-49053.0
97
0
92
0
93
4
72
1
10
28467.0
20
-52562.0
11
28145.0
21
-54027.0
72
1
10
28145.0
20
-54027.0
11
27657.0
21
-53919.0
72
1
10
27657.0
20
-53919.0
11
27979.0
21
-52454.0
72
1
10
27979.0
20
-52454.0
11
28467.0
21
-52562.0
97
0
92
0
93
4
72
1
10
24774.0
20
-54689.0
11
23309.0
21
-54366.0
72
1
10
23309.0
20
-54366.0
11
23416.0
21
-53878.0
72
1
10
23416.0
20
-53878.0
11
24881.0
21
-54201.0
72
1
10
24881.0
20
-54201.0
11
24774.0
21
-54689.0
97
0
92
0
93
4
72
1
10
18486.0
20
-28598.0
11
18701.0
21
-27622.0
72
1
10
18701.0
20
-27622.0
11
19190.0
21
-27729.0
72
1
10
19190.0
20
-27729.0
11
18975.0
21
-28706.0
72
1
10
18975.0
20
-28706.0
11
18486.0
21
-28598.0
97
0
92
0
93
4
72
1
10
17714.0
20
-32107.0
11
17929.0
21
-31130.0
72
1
10
17929.0
20
-31130.0
11
18417.0
21
-31238.0
72
1
10
18417.0
20
-31238.0
11
18202.0
21
-32215.0
72
1
10
18202.0
20
-32215.0
11
17714.0
21
-32107.0
97
0
92
0
93
4
72
1
10
16716.0
20
-36641.0
11
17038.0
21
-35176.0
72
1
10
17038.0
20
-35176.0
11
17526.0
21
-35284.0
72
1
10
17526.0
20
-35284.0
11
17204.0
21
-36749.0
72
1
10
17204.0
20
-36749.0
11
16716.0
21
-36641.0
97
0
92
0
93
4
72
1
10
14581.0
20
-46338.0
11
14796.0
21
-45361.0
72
1
10
14796.0
20
-45361.0
11
15284.0
21
-45469.0
72
1
10
15284.0
20
-45469.0
11
15069.0
21
-46445.0
72
1
10
15069.0
20
-46445.0
11
14581.0
21
-46338.0
97
0
92
0
93
4
72
1
10
13808.0
20
-49847.0
11
14023.0
21
-48870.0
72
1
10
14023.0
20
-48870.0
11
14512.0
21
-48977.0
72
1
10
14512.0
20
-48977.0
11
14297.0
21
-49954.0
72
1
10
14297.0
20
-49954.0
11
13808.0
21
-49847.0
97
0
75
0
76
1
98
0
0
LINE
5
341b
100
AcDbEntity
8
Windows
6
Solid
370
0
62
5
100
AcDbLine
10
121218.0
20
-101932.0
30
0.0
11
122081.0
21
-102437.0
31
0.0
0
LINE
5
341d
100
AcDbEntity
8
Windows
6
Solid
370
0
62
5
100
AcDbLine
10
122081.0
20
-102437.0
30
0.0
11
121829.0
21
-102868.0
31
0.0
0
LINE
5
341f
100
AcDbEntity
8
Windows
6
Solid
370
0
62
5
100
AcDbLine
10
121829.0
20
-102868.0
30
0.0
11
120966.0
21
-102364.0
31
0.0
0
LINE
5
3421
100
AcDbEntity
8
Windows
6
Solid
370
0
62
5
100
AcDbLine
10
120966.0
20
-102364.0
30
0.0
11
121218.0
21
-101932.0
31
0.0
0
LINE
5
3423
100
AcDbEntity
8
Windows
6
Solid
370
0
62
5
100
AcDbLine
10
121246.0
20
-105596.0
30
0.0
11
120489.0
21
-106892.0
31
0.0
0
LINE
5
3425
100
AcDbEntity
8
Windows
6
Solid
370
0
62
5
100
AcDbLine
10
120489.0
20
-106892.0
30
0.0
11
120058.0
21
-106640.0
31
0.0
0
LINE
5
3427
100
AcDbEntity
8
Windows
6
Solid
370
0
62
5
100
AcDbLine
10
120058.0
20
-106640.0
30
0.0
11
120814.0
21
-105344.0
31
0.0
0
LINE
5
3429
100
AcDbEntity
8
Windows
6
Solid
370
0
62
5
100
AcDbLine
10
120814.0
20
-105344.0
30
0.0
11
121246.0
21
-105596.0
31
0.0
0
LINE
5
342b
100
AcDbEntity
8
Windows
6
Solid
370
0
62
5
100
AcDbLine
10
117251.0
20
-99617.0
30
0.0
11
118547.0
21
-100373.0
31
0.0
0
LINE
5
342d
100
AcDbEntity
8
Windows
6
Solid
370
0
62
5
100
AcDbLine
10
118547.0
20
-100373.0
30
0.0
11
118295.0
21
-100805.0
31
0.0
0
LINE
5
342f
100
AcDbEntity
8
Windows
6
Solid
370
0
62
5
100
AcDbLine
10
118295.0
20
-100805.0
30
0.0
11
116999.0
21
-100049.0
31
0.0
0
LINE
5
3431
100
AcDbEntity
8
Windows
6
Solid
370
0
62
5
100
AcDbLine
10
116999.0
20
-100049.0
30
0.0
11
117251.0
21
-99617.0
31
0.0
0
LINE
5
3433
100
AcDbEntity
8
Windows
6
Solid
370
0
62
5
100
AcDbLine
10
114969.0
20
-98284.0
30
0.0
11
115832.0
21
-98789.0
31
0.0
0
LINE
5
3435
100
AcDbEntity
8
Windows
6
Solid
370
0
62
5
100
AcDbLine
10
115832.0
20
-98789.0
30
0.0
11
115580.0
21
-99220.0
31
0.0
0
LINE
5
3437
100
AcDbEntity
8
Windows
6
Solid
370
0
62
5
100
AcDbLine
10
115580.0
20
-99220.0
30
0.0
11
114717.0
21
-98716.0
31
0.0
0
LINE
5
3439
100
AcDbEntity
8
Windows
6
Solid
370
0
62
5
100
AcDbLine
10
114717.0
20
-98716.0
30
0.0
11
114969.0
21
-98284.0
31
0.0
0
LINE
5
343b
100
AcDbEntity
8
Windows
6
Solid
370
0
62
5
100
AcDbLine
10
114137.0
20
-115052.0
30
0.0
11
112842.0
21
-114296.0
31
0.0
0
LINE
5
343d
100
AcDbEntity
8
Windows
6
Solid
370
0
62
5
100
AcDbLine
10
112842.0
20
-114296.0
30
0.0
11
113094.0
21
-113864.0
31
0.0
0
LINE
5
343f
100
AcDbEntity
8
Windows
6
Solid
370
0
62
5
100
AcDbLine
10
113094.0
20
-113864.0
30
0.0
11
114389.0
21
-114620.0
31
0.0
0
LINE
5
3441
100
AcDbEntity
8
Windows
6
Solid
370
0
62
5
100
AcDbLine
10
114389.0
20
-114620.0
30
0.0
11
114137.0
21
-115052.0
31
0.0
0
LINE
5
3443
100
AcDbEntity
8
Windows
6
Solid
370
0
62
5
100
AcDbLine
10
110171.0
20
-112736.0
30
0.0
11
109307.0
21
-112232.0
31
0.0
0
LINE
5
3445
100
AcDbEntity
8
Windows
6
Solid
370
0
62
5
100
AcDbLine
10
109307.0
20
-112232.0
30
0.0
11
109559.0
21
-111801.0
31
0.0
0
LINE
5
3447
100
AcDbEntity
8
Windows
6
Solid
370
0
62
5
100
AcDbLine
10
109559.0
20
-111801.0
30
0.0
11
110423.0
21
-112305.0
31
0.0
0
LINE
5
3449
100
AcDbEntity
8
Windows
6
Solid
370
0
62
5
100
AcDbLine
10
110423.0
20
-112305.0
30
0.0
11
110171.0
21
-112736.0
31
0.0
0
LINE
5
344b
100
AcDbEntity
8
Windows
6
Solid
370
0
62
5
100
AcDbLine
10
107888.0
20
-111404.0
30
0.0
11
106593.0
21
-110648.0
31
0.0
0
LINE
5
344d
100
AcDbEntity
8
Windows
6
Solid
370
0
62
5
100
AcDbLine
10
106593.0
20
-110648.0
30
0.0
11
106845.0
21
-110216.0
31
0.0
0
LINE
5
344f
100
AcDbEntity
8
Windows
6
Solid
370
0
62
5
100
AcDbLine
10
106845.0
20
-110216.0
30
0.0
11
108140.0
21
-110972.0
31
0.0
0
LINE
5
3451
100
AcDbEntity
8
Windows
6
Solid
370
0
62
5
100
AcDbLine
10
108140.0
20
-110972.0
30
0.0
11
107888.0
21
-111404.0
31
0.0
0
LINE
5
3453
100
AcDbEntity
8
Windows
6
Solid
370
0
62
5
100
AcDbLine
10
104667.0
20
-92270.0
30
0.0
11
105963.0
21
-93026.0
31
0.0
0
LINE
5
3455
100
AcDbEntity
8
Windows
6
Solid
370
0
62
5
100
AcDbLine
10
105963.0
20
-93026.0
30
0.0
11
105711.0
21
-93458.0
31
0.0
0
LINE
5
3457
100
AcDbEntity
8
Windows
6
Solid
370
0
62
5
100
AcDbLine
10
105711.0
20
-93458.0
30
0.0
11
104415.0
21
-92702.0
31
0.0
0
LINE
5
3459
100
AcDbEntity
8
Windows
6
Solid
370
0
62
5
100
AcDbLine
10
104415.0
20
-92702.0
30
0.0
11
104667.0
21
-92270.0
31
0.0
0
LINE
5
345b
100
AcDbEntity
8
Windows
6
Solid
370
0
62
5
100
AcDbLine
10
103879.0
20
-109063.0
30
0.0
11
103015.0
21
-108559.0
31
0.0
0
LINE
5
345d
100
AcDbEntity
8
Windows
6
Solid
370
0
62
5
100
AcDbLine
10
103015.0
20
-108559.0
30
0.0
11
103267.0
21
-108127.0
31
0.0
0
LINE
5
345f
100
AcDbEntity
8
Windows
6
Solid
370
0
62
5
100
AcDbLine
10
103267.0
20
-108127.0
30
0.0
11
104131.0
21
-108631.0
31
0.0
0
LINE
5
3461
100
AcDbEntity
8
Windows
6
Solid
370
0
62
5
100
AcDbLine
10
104131.0
20
-108631.0
30
0.0
11
103879.0
21
-109063.0
31
0.0
0
LINE
5
3463
100
AcDbEntity
8
Windows
6
Solid
370
0
62
5
100
AcDbLine
10
102428.0
20
-90963.0
30
0.0
11
103292.0
21
-91467.0
31
0.0
0
LINE
5
3465
100
AcDbEntity
8
Windows
6
Solid
370
0
62
5
100
AcDbLine
10
103292.0
20
-91467.0
30
0.0
11
103040.0
21
-91899.0
31
0.0
0
LINE
5
3467
100
AcDbEntity
8
Windows
6
Solid
370
0
62
5
100
AcDbLine
10
103040.0
20
-91899.0
30
0.0
11
102176.0
21
-91395.0
31
0.0
0
LINE
5
3469
100
AcDbEntity
8
Windows
6
Solid
370
0
62
5
100
AcDbLine
10
102176.0
20
-91395.0
30
0.0
11
102428.0
21
-90963.0
31
0.0
0
LINE
5
346b
100
AcDbEntity
8
Windows
6
Solid
370
0
62
5
100
AcDbLine
10
101596.0
20
-107731.0
30
0.0
11
100301.0
21
-106974.0
31
0.0
0
LINE
5
346d
100
AcDbEntity
8
Windows
6
Solid
370
0
62
5
100
AcDbLine
10
100301.0
20
-106974.0
30
0.0
11
100553.0
21
-106543.0
31
0.0
0
LINE
5
346f
100
AcDbEntity
8
Windows
6
Solid
370
0
62
5
100
AcDbLine
10
100553.0
20
-106543.0
30
0.0
11
101848.0
21
-107299.0
31
0.0
0
LINE
5
3471
100
AcDbEntity
8
Windows
6
Solid
370
0
62
5
100
AcDbLine
10
101848.0
20
-107299.0
30
0.0
11
101596.0
21
-107731.0
31
0.0
0
LINE
5
3473
100
AcDbEntity
8
Windows
6
Solid
370
0
62
5
100
AcDbLine
10
98036.0
20
-93783.0
30
0.0
11
98792.0
21
-92488.0
31
0.0
0
LINE
5
3475
100
AcDbEntity
8
Windows
6
Solid
370
0
62
5
100
AcDbLine
10
98792.0
20
-92488.0
30
0.0
11
99224.0
21
-92740.0
31
0.0
0
LINE
5
3477
100
AcDbEntity
8
Windows
6
Solid
370
0
62
5
100
AcDbLine
10
99224.0
20
-92740.0
30
0.0
11
98468.0
21
-94035.0
31
0.0
0
LINE
5
3479
100
AcDbEntity
8
Windows
6
Solid
370
0
62
5
100
AcDbLine
10
98468.0
20
-94035.0
30
0.0
11
98036.0
21
-93783.0
31
0.0
0
LINE
5
347b
100
AcDbEntity
8
Windows
6
Solid
370
0
62
5
100
AcDbLine
10
97587.0
20
-105390.0
30
0.0
11
96723.0
21
-104886.0
31
0.0
0
LINE
5
347d
100
AcDbEntity
8
Windows
6
Solid
370
0
62
5
100
AcDbLine
10
96723.0
20
-104886.0
30
0.0
11
96975.0
21
-104454.0
31
0.0
0
LINE
5
347f
100
AcDbEntity
8
Windows
6
Solid
370
0
62
5
100
AcDbLine
10
96975.0
20
-104454.0
30
0.0
11
97839.0
21
-104958.0
31
0.0
0
LINE
5
3481
100
AcDbEntity
8
Windows
6
Solid
370
0
62
5
100
AcDbLine
10
97839.0
20
-104958.0
30
0.0
11
97587.0
21
-105390.0
31
0.0
0
LINE
5
3483
100
AcDbEntity
8
Windows
6
Solid
370
0
62
5
100
AcDbLine
10
96244.0
20
-53020.0
30
0.0
11
97539.0
21
-53777.0
31
0.0
0
LINE
5
3485
100
AcDbEntity
8
Windows
6
Solid
370
0
62
5
100
AcDbLine
10
97539.0
20
-53777.0
30
0.0
11
97287.0
21
-54208.0
31
0.0
0
LINE
5
3487
100
AcDbEntity
8
Windows
6
Solid
370
0
62
5
100
AcDbLine
10
97287.0
20
-54208.0
30
0.0
11
95991.0
21
-53452.0
31
0.0
0
LINE
5
3489
100
AcDbEntity
8
Windows
6
Solid
370
0
62
5
100
AcDbLine
10
95991.0
20
-53452.0
30
0.0
11
96244.0
21
-53020.0
31
0.0
0
LINE
5
348b
100
AcDbEntity
8
Windows
6
Solid
370
0
62
5
100
AcDbLine
10
97135.0
20
-57188.0
30
0.0
11
96379.0
21
-58484.0
31
0.0
0
LINE
5
348d
100
AcDbEntity
8
Windows
6
Solid
370
0
62
5
100
AcDbLine
10
96379.0
20
-58484.0
30
0.0
11
95947.0
21
-58232.0
31
0.0
0
LINE
5
348f
100
AcDbEntity
8
Windows
6
Solid
370
0
62
5
100
AcDbLine
10
95947.0
20
-58232.0
30
0.0
11
96703.0
21
-56936.0
31
0.0
0
LINE
5
3491
100
AcDbEntity
8
Windows
6
Solid
370
0
62
5
100
AcDbLine
10
96703.0
20
-56936.0
30
0.0
11
97135.0
21
-57188.0
31
0.0
0
LINE
5
3493
100
AcDbEntity
8
Windows
6
Solid
370
0
62
5
100
AcDbLine
10
94456.0
20
-99914.0
30
0.0
11
95212.0
21
-98619.0
31
0.0
0
LINE
5
3495
100
AcDbEntity
8
Windows
6
Solid
370
0
62
5
100
AcDbLine
10
95212.0
20
-98619.0
30
0.0
11
95644.0
21
-98871.0
31
0.0
0
LINE
5
3497
100
AcDbEntity
8
Windows
6
Solid
370
0
62
5
100
AcDbLine
10
95644.0
20
-98871.0
30
0.0
11
94888.0
21
-100167.0
31
0.0
0
LINE
5
3499
100
AcDbEntity
8
Windows
6
Solid
370
0
62
5
100
AcDbLine
10
94888.0
20
-100167.0
30
0.0
11
94456.0
21
-99914.0
31
0.0
0
LINE
5
349b
100
AcDbEntity
8
Windows
6
Solid
370
0
62
5
100
AcDbLine
10
95348.0
20
-104083.0
30
0.0
11
94052.0
21
-103326.0
31
0.0
0
LINE
5
349d
100
AcDbEntity
8
Windows
6
Solid
370
0
62
5
100
AcDbLine
10
94052.0
20
-103326.0
30
0.0
11
94304.0
21
-102894.0
31
0.0
0
LINE
5
349f
100
AcDbEntity
8
Windows
6
Solid
370
0
62
5
100
AcDbLine
10
94304.0
20
-102894.0
30
0.0
11
95600.0
21
-103651.0
31
0.0
0
LINE
5
34a1
100
AcDbEntity
8
Windows
6
Solid
370
0
62
5
100
AcDbLine
10
95600.0
20
-103651.0
30
0.0
11
95348.0
21
-104083.0
31
0.0
0
LINE
5
34a3
100
AcDbEntity
8
Windows
6
Solid
370
0
62
5
100
AcDbLine
10
94004.0
20
-51713.0
30
0.0
11
94868.0
21
-52217.0
31
0.0
0
LINE
5
34a5
100
AcDbEntity
8
Windows
6
Solid
370
0
62
5
100
AcDbLine
10
94868.0
20
-52217.0
30
0.0
11
94616.0
21
-52649.0
31
0.0
0
LINE
5
34a7
100
AcDbEntity
8
Windows
6
Solid
370
0
62
5
100
AcDbLine
10
94616.0
20
-52649.0
30
0.0
11
93752.0
21
-52145.0
31
0.0
0
LINE
5
34a9
100
AcDbEntity
8
Windows
6
Solid
370
0
62
5
100
AcDbLine
10
93752.0
20
-52145.0
30
0.0
11
94004.0
21
-51713.0
31
0.0
0
LINE
5
34ab
100
AcDbEntity
8
Windows
6
Solid
370
0
62
5
100
AcDbLine
10
93555.0
20
-63320.0
30
0.0
11
92799.0
21
-64615.0
31
0.0
0
LINE
5
34ad
100
AcDbEntity
8
Windows
6
Solid
370
0
62
5
100
AcDbLine
10
92799.0
20
-64615.0
30
0.0
11
92367.0
21
-64363.0
31
0.0
0
LINE
5
34af
100
AcDbEntity
8
Windows
6
Solid
370
0
62
5
100
AcDbLine
10
92367.0
20
-64363.0
30
0.0
11
93124.0
21
-63068.0
31
0.0
0
LINE
5
34b1
100
AcDbEntity
8
Windows
6
Solid
370
0
62
5
100
AcDbLine
10
93124.0
20
-63068.0
30
0.0
11
93555.0
21
-63320.0
31
0.0
0
LINE
5
34b3
100
AcDbEntity
8
Windows
6
Solid
370
0
62
5
100
AcDbLine
10
90858.0
20
-49876.0
30
0.0
11
91722.0
21
-50381.0
31
0.0
0
LINE
5
34b5
100
AcDbEntity
8
Windows
6
Solid
370
0
62
5
100
AcDbLine
10
91722.0
20
-50381.0
30
0.0
11
91470.0
21
-50812.0
31
0.0
0
LINE
5
34b7
100
AcDbEntity
8
Windows
6
Solid
370
0
62
5
100
AcDbLine
10
91470.0
20
-50812.0
30
0.0
11
90606.0
21
-50308.0
31
0.0
0
LINE
5
34b9
100
AcDbEntity
8
Windows
6
Solid
370
0
62
5
100
AcDbLine
10
90606.0
20
-50308.0
30
0.0
11
90858.0
21
-49876.0
31
0.0
0
LINE
5
34bb
100
AcDbEntity
8
Windows
6
Solid
370
0
62
5
100
AcDbLine
10
89163.0
20
-66140.0
30
0.0
11
88299.0
21
-65636.0
31
0.0
0
LINE
5
34bd
100
AcDbEntity
8
Windows
6
Solid
370
0
62
5
100
AcDbLine
10
88299.0
20
-65636.0
30
0.0
11
88551.0
21
-65204.0
31
0.0
0
LINE
5
34bf
100
AcDbEntity
8
Windows
6
Solid
370
0
62
5
100
AcDbLine
10
88551.0
20
-65204.0
30
0.0
11
89415.0
21
-65708.0
31
0.0
0
LINE
5
34c1
100
AcDbEntity
8
Windows
6
Solid
370
0
62
5
100
AcDbLine
10
89415.0
20
-65708.0
30
0.0
11
89163.0
21
-66140.0
31
0.0
0
LINE
5
34c3
100
AcDbEntity
8
Windows
6
Solid
370
0
62
5
100
AcDbLine
10
86924.0
20
-64833.0
30
0.0
11
85628.0
21
-64076.0
31
0.0
0
LINE
5
34c5
100
AcDbEntity
8
Windows
6
Solid
370
0
62
5
100
AcDbLine
10
85628.0
20
-64076.0
30
0.0
11
85880.0
21
-63645.0
31
0.0
0
LINE
5
34c7
100
AcDbEntity
8
Windows
6
Solid
370
0
62
5
100
AcDbLine
10
85880.0
20
-63645.0
30
0.0
11
87176.0
21
-64401.0
31
0.0
0
LINE
5
34c9
100
AcDbEntity
8
Windows
6
Solid
370
0
62
5
100
AcDbLine
10
87176.0
20
-64401.0
30
0.0
11
86924.0
21
-64833.0
31
0.0
0
LINE
5
34cb
100
AcDbEntity
8
Windows
6
Solid
370
0
62
5
100
AcDbLine
10
83778.0
20
-62996.0
30
0.0
11
82482.0
21
-62240.0
31
0.0
0
LINE
5
34cd
100
AcDbEntity
8
Windows
6
Solid
370
0
62
5
100
AcDbLine
10
82482.0
20
-62240.0
30
0.0
11
82735.0
21
-61808.0
31
0.0
0
LINE
5
34cf
100
AcDbEntity
8
Windows
6
Solid
370
0
62
5
100
AcDbLine
10
82735.0
20
-61808.0
30
0.0
11
84030.0
21
-62564.0
31
0.0
0
LINE
5
34d1
100
AcDbEntity
8
Windows
6
Solid
370
0
62
5
100
AcDbLine
10
84030.0
20
-62564.0
30
0.0
11
83778.0
21
-62996.0
31
0.0
0
LINE
5
34d3
100
AcDbEntity
8
Windows
6
Solid
370
0
62
5
100
AcDbLine
10
81421.0
20
-44366.0
30
0.0
11
82284.0
21
-44871.0
31
0.0
0
LINE
5
34d5
100
AcDbEntity
8
Windows
6
Solid
370
0
62
5
100
AcDbLine
10
82284.0
20
-44871.0
30
0.0
11
82032.0
21
-45302.0
31
0.0
0
LINE
5
34d7
100
AcDbEntity
8
Windows
6
Solid
370
0
62
5
100
AcDbLine
10
82032.0
20
-45302.0
30
0.0
11
81168.0
21
-44798.0
31
0.0
0
LINE
5
34d9
100
AcDbEntity
8
Windows
6
Solid
370
0
62
5
100
AcDbLine
10
81168.0
20
-44798.0
30
0.0
11
81421.0
21
-44366.0
31
0.0
0
LINE
5
34db
100
AcDbEntity
8
Windows
6
Solid
370
0
62
5
100
AcDbLine
10
79768.0
20
-60655.0
30
0.0
11
78905.0
21
-60151.0
31
0.0
0
LINE
5
34dd
100
AcDbEntity
8
Windows
6
Solid
370
0
62
5
100
AcDbLine
10
78905.0
20
-60151.0
30
0.0
11
79157.0
21
-59719.0
31
0.0
0
LINE
5
34df
100
AcDbEntity
8
Windows
6
Solid
370
0
62
5
100
AcDbLine
10
79157.0
20
-59719.0
30
0.0
11
80020.0
21
-60223.0
31
0.0
0
LINE
5
34e1
100
AcDbEntity
8
Windows
6
Solid
370
0
62
5
100
AcDbLine
10
80020.0
20
-60223.0
30
0.0
11
79768.0
21
-60655.0
31
0.0
0
LINE
5
34e3
100
AcDbEntity
8
Windows
6
Solid
370
0
62
5
100
AcDbLine
10
77454.0
20
-42051.0
30
0.0
11
78750.0
21
-42807.0
31
0.0
0
LINE
5
34e5
100
AcDbEntity
8
Windows
6
Solid
370
0
62
5
100
AcDbLine
10
78750.0
20
-42807.0
30
0.0
11
78497.0
21
-43239.0
31
0.0
0
LINE
5
34e7
100
AcDbEntity
8
Windows
6
Solid
370
0
62
5
100
AcDbLine
10
78497.0
20
-43239.0
30
0.0
11
77202.0
21
-42483.0
31
0.0
0
LINE
5
34e9
100
AcDbEntity
8
Windows
6
Solid
370
0
62
5
100
AcDbLine
10
77202.0
20
-42483.0
30
0.0
11
77454.0
21
-42051.0
31
0.0
0
LINE
5
34eb
100
AcDbEntity
8
Windows
6
Solid
370
0
62
5
100
AcDbLine
10
77486.0
20
-59323.0
30
0.0
11
76191.0
21
-58566.0
31
0.0
0
LINE
5
34ed
100
AcDbEntity
8
Windows
6
Solid
370
0
62
5
100
AcDbLine
10
76191.0
20
-58566.0
30
0.0
11
76443.0
21
-58135.0
31
0.0
0
LINE
5
34ef
100
AcDbEntity
8
Windows
6
Solid
370
0
62
5
100
AcDbLine
10
76443.0
20
-58135.0
30
0.0
11
77738.0
21
-58891.0
31
0.0
0
LINE
5
34f1
100
AcDbEntity
8
Windows
6
Solid
370
0
62
5
100
AcDbLine
10
77738.0
20
-58891.0
30
0.0
11
77486.0
21
-59323.0
31
0.0
0
LINE
5
34f3
100
AcDbEntity
8
Windows
6
Solid
370
0
62
5
100
AcDbLine
10
73925.0
20
-45375.0
30
0.0
11
74682.0
21
-44080.0
31
0.0
0
LINE
5
34f5
100
AcDbEntity
8
Windows
6
Solid
370
0
62
5
100
AcDbLine
10
74682.0
20
-44080.0
30
0.0
11
75113.0
21
-44332.0
31
0.0
0
LINE
5
34f7
100
AcDbEntity
8
Windows
6
Solid
370
0
62
5
100
AcDbLine
10
75113.0
20
-44332.0
30
0.0
11
74357.0
21
-45627.0
31
0.0
0
LINE
5
34f9
100
AcDbEntity
8
Windows
6
Solid
370
0
62
5
100
AcDbLine
10
74357.0
20
-45627.0
30
0.0
11
73925.0
21
-45375.0
31
0.0
0
LINE
5
34fb
100
AcDbEntity
8
Windows
6
Solid
370
0
62
5
100
AcDbLine
10
74340.0
20
-57486.0
30
0.0
11
73045.0
21
-56730.0
31
0.0
0
LINE
5
34fd
100
AcDbEntity
8
Windows
6
Solid
370
0
62
5
100
AcDbLine
10
73045.0
20
-56730.0
30
0.0
11
73297.0
21
-56298.0
31
0.0
0
LINE
5
34ff
100
AcDbEntity
8
Windows
6
Solid
370
0
62
5
100
AcDbLine
10
73297.0
20
-56298.0
30
0.0
11
74592.0
21
-57054.0
31
0.0
0
LINE
5
3501
100
AcDbEntity
8
Windows
6
Solid
370
0
62
5
100
AcDbLine
10
74592.0
20
-57054.0
30
0.0
11
74340.0
21
-57486.0
31
0.0
0
LINE
5
3503
100
AcDbEntity
8
Windows
6
Solid
370
0
62
5
100
AcDbLine
10
70346.0
20
-51506.0
30
0.0
11
71102.0
21
-50211.0
31
0.0
0
LINE
5
3505
100
AcDbEntity
8
Windows
6
Solid
370
0
62
5
100
AcDbLine
10
71102.0
20
-50211.0
30
0.0
11
71534.0
21
-50463.0
31
0.0
0
LINE
5
3507
100
AcDbEntity
8
Windows
6
Solid
370
0
62
5
100
AcDbLine
10
71534.0
20
-50463.0
30
0.0
11
70777.0
21
-51759.0
31
0.0
0
LINE
5
3509
100
AcDbEntity
8
Windows
6
Solid
370
0
62
5
100
AcDbLine
10
70777.0
20
-51759.0
30
0.0
11
70346.0
21
-51506.0
31
0.0
0
LINE
5
350b
100
AcDbEntity
8
Windows
6
Solid
370
0
62
5
100
AcDbLine
10
70374.0
20
-55170.0
30
0.0
11
69510.0
21
-54666.0
31
0.0
0
LINE
5
350d
100
AcDbEntity
8
Windows
6
Solid
370
0
62
5
100
AcDbLine
10
69510.0
20
-54666.0
30
0.0
11
69762.0
21
-54234.0
31
0.0
0
LINE
5
350f
100
AcDbEntity
8
Windows
6
Solid
370
0
62
5
100
AcDbLine
10
69762.0
20
-54234.0
30
0.0
11
70626.0
21
-54739.0
31
0.0
0
LINE
5
3511
100
AcDbEntity
8
Windows
6
Solid
370
0
62
5
100
AcDbLine
10
70626.0
20
-54739.0
30
0.0
11
70374.0
21
-55170.0
31
0.0
0
LINE
5
3513
100
AcDbEntity
8
Windows
6
Solid
370
0
62
5
100
AcDbLine
10
66837.0
20
-101731.0
30
0.0
11
66081.0
21
-103027.0
31
0.0
0
LINE
5
3515
100
AcDbEntity
8
Windows
6
Solid
370
0
62
5
100
AcDbLine
10
66081.0
20
-103027.0
30
0.0
11
65649.0
21
-102774.0
31
0.0
0
LINE
5
3517
100
AcDbEntity
8
Windows
6
Solid
370
0
62
5
100
AcDbLine
10
65649.0
20
-102774.0
30
0.0
11
66405.0
21
-101479.0
31
0.0
0
LINE
5
3519
100
AcDbEntity
8
Windows
6
Solid
370
0
62
5
100
AcDbLine
10
66405.0
20
-101479.0
30
0.0
11
66837.0
21
-101731.0
31
0.0
0
LINE
5
351b
100
AcDbEntity
8
Windows
6
Solid
370
0
62
5
100
AcDbLine
10
64594.0
20
-105574.0
30
0.0
11
64089.0
21
-106438.0
31
0.0
0
LINE
5
351d
100
AcDbEntity
8
Windows
6
Solid
370
0
62
5
100
AcDbLine
10
64089.0
20
-106438.0
30
0.0
11
63658.0
21
-106186.0
31
0.0
0
LINE
5
351f
100
AcDbEntity
8
Windows
6
Solid
370
0
62
5
100
AcDbLine
10
63658.0
20
-106186.0
30
0.0
11
64162.0
21
-105322.0
31
0.0
0
LINE
5
3521
100
AcDbEntity
8
Windows
6
Solid
370
0
62
5
100
AcDbLine
10
64162.0
20
-105322.0
30
0.0
11
64594.0
21
-105574.0
31
0.0
0
LINE
5
3523
100
AcDbEntity
8
Windows
6
Solid
370
0
62
5
100
AcDbLine
10
63023.0
20
-97999.0
30
0.0
11
64319.0
21
-98756.0
31
0.0
0
LINE
5
3525
100
AcDbEntity
8
Windows
6
Solid
370
0
62
5
100
AcDbLine
10
64319.0
20
-98756.0
30
0.0
11
64067.0
21
-99187.0
31
0.0
0
LINE
5
3527
100
AcDbEntity
8
Windows
6
Solid
370
0
62
5
100
AcDbLine
10
64067.0
20
-99187.0
30
0.0
11
62771.0
21
-98431.0
31
0.0
0
LINE
5
3529
100
AcDbEntity
8
Windows
6
Solid
370
0
62
5
100
AcDbLine
10
62771.0
20
-98431.0
30
0.0
11
63023.0
21
-97999.0
31
0.0
0
LINE
5
352b
100
AcDbEntity
8
Windows
6
Solid
370
0
62
5
100
AcDbLine
10
63333.0
20
-107733.0
30
0.0
11
62577.0
21
-109029.0
31
0.0
0
LINE
5
352d
100
AcDbEntity
8
Windows
6
Solid
370
0
62
5
100
AcDbLine
10
62577.0
20
-109029.0
30
0.0
11
62145.0
21
-108776.0
31
0.0
0
LINE
5
352f
100
AcDbEntity
8
Windows
6
Solid
370
0
62
5
100
AcDbLine
10
62145.0
20
-108776.0
30
0.0
11
62901.0
21
-107481.0
31
0.0
0
LINE
5
3531
100
AcDbEntity
8
Windows
6
Solid
370
0
62
5
100
AcDbLine
10
62901.0
20
-107481.0
30
0.0
11
63333.0
21
-107733.0
31
0.0
0
LINE
5
3533
100
AcDbEntity
8
Windows
6
Solid
370
0
62
5
100
AcDbLine
10
61568.0
20
-110756.0
30
0.0
11
60812.0
21
-112051.0
31
0.0
0
LINE
5
3535
100
AcDbEntity
8
Windows
6
Solid
370
0
62
5
100
AcDbLine
10
60812.0
20
-112051.0
30
0.0
11
60380.0
21
-111799.0
31
0.0
0
LINE
5
3537
100
AcDbEntity
8
Windows
6
Solid
370
0
62
5
100
AcDbLine
10
60380.0
20
-111799.0
30
0.0
11
61137.0
21
-110504.0
31
0.0
0
LINE
5
3539
100
AcDbEntity
8
Windows
6
Solid
370
0
62
5
100
AcDbLine
10
61137.0
20
-110504.0
30
0.0
11
61568.0
21
-110756.0
31
0.0
0
LINE
5
353b
100
AcDbEntity
8
Windows
6
Solid
370
0
62
5
100
AcDbLine
10
59300.0
20
-114642.0
30
0.0
11
58795.0
21
-115506.0
31
0.0
0
LINE
5
353d
100
AcDbEntity
8
Windows
6
Solid
370
0
62
5
100
AcDbLine
10
58795.0
20
-115506.0
30
0.0
11
58364.0
21
-115253.0
31
0.0
0
LINE
5
353f
100
AcDbEntity
8
Windows
6
Solid
370
0
62
5
100
AcDbLine
10
58364.0
20
-115253.0
30
0.0
11
58868.0
21
-114390.0
31
0.0
0
LINE
5
3541
100
AcDbEntity
8
Windows
6
Solid
370
0
62
5
100
AcDbLine
10
58868.0
20
-114390.0
30
0.0
11
59300.0
21
-114642.0
31
0.0
0
LINE
5
3543
100
AcDbEntity
8
Windows
6
Solid
370
0
62
5
100
AcDbLine
10
58064.0
20
-116758.0
30
0.0
11
57308.0
21
-118053.0
31
0.0
0
LINE
5
3545
100
AcDbEntity
8
Windows
6
Solid
370
0
62
5
100
AcDbLine
10
57308.0
20
-118053.0
30
0.0
11
56876.0
21
-117801.0
31
0.0
0
LINE
5
3547
100
AcDbEntity
8
Windows
6
Solid
370
0
62
5
100
AcDbLine
10
56876.0
20
-117801.0
30
0.0
11
57633.0
21
-116506.0
31
0.0
0
LINE
5
3549
100
AcDbEntity
8
Windows
6
Solid
370
0
62
5
100
AcDbLine
10
57633.0
20
-116506.0
30
0.0
11
58064.0
21
-116758.0
31
0.0
0
LINE
5
354b
100
AcDbEntity
8
Windows
6
Solid
370
0
62
5
100
AcDbLine
10
55985.0
20
-93890.0
30
0.0
11
57281.0
21
-94646.0
31
0.0
0
LINE
5
354d
100
AcDbEntity
8
Windows
6
Solid
370
0
62
5
100
AcDbLine
10
57281.0
20
-94646.0
30
0.0
11
57028.0
21
-95078.0
31
0.0
0
LINE
5
354f
100
AcDbEntity
8
Windows
6
Solid
370
0
62
5
100
AcDbLine
10
57028.0
20
-95078.0
30
0.0
11
55733.0
21
-94322.0
31
0.0
0
LINE
5
3551
100
AcDbEntity
8
Windows
6
Solid
370
0
62
5
100
AcDbLine
10
55733.0
20
-94322.0
30
0.0
11
55985.0
21
-93890.0
31
0.0
0
LINE
5
3553
100
AcDbEntity
8
Windows
6
Solid
370
0
62
5
100
AcDbLine
10
53479.0
20
-117323.0
30
0.0
11
52184.0
21
-116567.0
31
0.0
0
LINE
5
3555
100
AcDbEntity
8
Windows
6
Solid
370
0
62
5
100
AcDbLine
10
52184.0
20
-116567.0
30
0.0
11
52436.0
21
-116135.0
31
0.0
0
LINE
5
3557
100
AcDbEntity
8
Windows
6
Solid
370
0
62
5
100
AcDbLine
10
52436.0
20
-116135.0
30
0.0
11
53731.0
21
-116891.0
31
0.0
0
LINE
5
3559
100
AcDbEntity
8
Windows
6
Solid
370
0
62
5
100
AcDbLine
10
53731.0
20
-116891.0
30
0.0
11
53479.0
21
-117323.0
31
0.0
0
LINE
5
355b
100
AcDbEntity
8
Windows
6
Solid
370
0
62
5
100
AcDbLine
10
51904.0
20
-93592.0
30
0.0
11
52408.0
21
-92728.0
31
0.0
0
LINE
5
355d
100
AcDbEntity
8
Windows
6
Solid
370
0
62
5
100
AcDbLine
10
52408.0
20
-92728.0
30
0.0
11
52840.0
21
-92980.0
31
0.0
0
LINE
5
355f
100
AcDbEntity
8
Windows
6
Solid
370
0
62
5
100
AcDbLine
10
52840.0
20
-92980.0
30
0.0
11
52336.0
21
-93844.0
31
0.0
0
LINE
5
3561
100
AcDbEntity
8
Windows
6
Solid
370
0
62
5
100
AcDbLine
10
52336.0
20
-93844.0
30
0.0
11
51904.0
21
-93592.0
31
0.0
0
LINE
5
3563
100
AcDbEntity
8
Windows
6
Solid
370
0
62
5
100
AcDbLine
10
49660.0
20
-97435.0
30
0.0
11
50417.0
21
-96139.0
31
0.0
0
LINE
5
3565
100
AcDbEntity
8
Windows
6
Solid
370
0
62
5
100
AcDbLine
10
50417.0
20
-96139.0
30
0.0
11
50848.0
21
-96392.0
31
0.0
0
LINE
5
3567
100
AcDbEntity
8
Windows
6
Solid
370
0
62
5
100
AcDbLine
10
50848.0
20
-96392.0
30
0.0
11
50092.0
21
-97687.0
31
0.0
0
LINE
5
3569
100
AcDbEntity
8
Windows
6
Solid
370
0
62
5
100
AcDbLine
10
50092.0
20
-97687.0
30
0.0
11
49660.0
21
-97435.0
31
0.0
0
LINE
5
356b
100
AcDbEntity
8
Windows
6
Solid
370
0
62
5
100
AcDbLine
10
46441.0
20
-113214.0
30
0.0
11
45145.0
21
-112458.0
31
0.0
0
LINE
5
356d
100
AcDbEntity
8
Windows
6
Solid
370
0
62
5
100
AcDbLine
10
45145.0
20
-112458.0
30
0.0
11
45397.0
21
-112026.0
31
0.0
0
LINE
5
356f
100
AcDbEntity
8
Windows
6
Solid
370
0
62
5
100
AcDbLine
10
45397.0
20
-112026.0
30
0.0
11
46693.0
21
-112782.0
31
0.0
0
LINE
5
3571
100
AcDbEntity
8
Windows
6
Solid
370
0
62
5
100
AcDbLine
10
46693.0
20
-112782.0
30
0.0
11
46441.0
21
-113214.0
31
0.0
0
LINE
5
3573
100
AcDbEntity
8
Windows
6
Solid
370
0
62
5
100
AcDbLine
10
44366.0
20
-106503.0
30
0.0
11
45123.0
21
-105207.0
31
0.0
0
LINE
5
3575
100
AcDbEntity
8
Windows
6
Solid
370
0
62
5
100
AcDbLine
10
45123.0
20
-105207.0
30
0.0
11
45554.0
21
-105459.0
31
0.0
0
LINE
5
3577
100
AcDbEntity
8
Windows
6
Solid
370
0
62
5
100
AcDbLine
10
45554.0
20
-105459.0
30
0.0
11
44798.0
21
-106755.0
31
0.0
0
LINE
5
3579
100
AcDbEntity
8
Windows
6
Solid
370
0
62
5
100
AcDbLine
10
44798.0
20
-106755.0
30
0.0
11
44366.0
21
-106503.0
31
0.0
0
LINE
5
357b
100
AcDbEntity
8
Windows
6
Solid
370
0
62
5
100
AcDbLine
10
43131.0
20
-108618.0
30
0.0
11
43635.0
21
-107755.0
31
0.0
0
LINE
5
357d
100
AcDbEntity
8
Windows
6
Solid
370
0
62
5
100
AcDbLine
10
43635.0
20
-107755.0
30
0.0
11
44067.0
21
-108007.0
31
0.0
0
LINE
5
357f
100
AcDbEntity
8
Windows
6
Solid
370
0
62
5
100
AcDbLine
10
44067.0
20
-108007.0
30
0.0
11
43563.0
21
-108870.0
31
0.0
0
LINE
5
3581
100
AcDbEntity
8
Windows
6
Solid
370
0
62
5
100
AcDbLine
10
43563.0
20
-108870.0
30
0.0
11
43131.0
21
-108618.0
31
0.0
0
LINE
5
3583
100
AcDbEntity
8
Windows
6
Solid
370
0
62
5
100
AcDbLine
10
33145.0
20
-31314.0
30
0.0
11
32823.0
21
-32779.0
31
0.0
0
LINE
5
3585
100
AcDbEntity
8
Windows
6
Solid
370
0
62
5
100
AcDbLine
10
32823.0
20
-32779.0
30
0.0
11
32335.0
21
-32671.0
31
0.0
0
LINE
5
3587
100
AcDbEntity
8
Windows
6
Solid
370
0
62
5
100
AcDbLine
10
32335.0
20
-32671.0
30
0.0
11
32657.0
21
-31206.0
31
0.0
0
LINE
5
3589
100
AcDbEntity
8
Windows
6
Solid
370
0
62
5
100
AcDbLine
10
32657.0
20
-31206.0
30
0.0
11
33145.0
21
-31314.0
31
0.0
0
LINE
5
358b
100
AcDbEntity
8
Windows
6
Solid
370
0
62
5
100
AcDbLine
10
32373.0
20
-34822.0
30
0.0
11
32050.0
21
-36287.0
31
0.0
0
LINE
5
358d
100
AcDbEntity
8
Windows
6
Solid
370
0
62
5
100
AcDbLine
10
32050.0
20
-36287.0
30
0.0
11
31562.0
21
-36180.0
31
0.0
0
LINE
5
358f
100
AcDbEntity
8
Windows
6
Solid
370
0
62
5
100
AcDbLine
10
31562.0
20
-36180.0
30
0.0
11
31885.0
21
-34715.0
31
0.0
0
LINE
5
3591
100
AcDbEntity
8
Windows
6
Solid
370
0
62
5
100
AcDbLine
10
31885.0
20
-34715.0
30
0.0
11
32373.0
21
-34822.0
31
0.0
0
LINE
5
3593
100
AcDbEntity
8
Windows
6
Solid
370
0
62
5
100
AcDbLine
10
31375.0
20
-39357.0
30
0.0
11
31160.0
21
-40333.0
31
0.0
0
LINE
5
3595
100
AcDbEntity
8
Windows
6
Solid
370
0
62
5
100
AcDbLine
10
31160.0
20
-40333.0
30
0.0
11
30671.0
21
-40226.0
31
0.0
0
LINE
5
3597
100
AcDbEntity
8
Windows
6
Solid
370
0
62
5
100
AcDbLine
10
30671.0
20
-40226.0
30
0.0
11
30886.0
21
-39249.0
31
0.0
0
LINE
5
3599
100
AcDbEntity
8
Windows
6
Solid
370
0
62
5
100
AcDbLine
10
30886.0
20
-39249.0
30
0.0
11
31375.0
21
-39357.0
31
0.0
0
LINE
5
359b
100
AcDbEntity
8
Windows
6
Solid
370
0
62
5
100
AcDbLine
10
30806.0
20
-41938.0
30
0.0
11
30484.0
21
-43403.0
31
0.0
0
LINE
5
359d
100
AcDbEntity
8
Windows
6
Solid
370
0
62
5
100
AcDbLine
10
30484.0
20
-43403.0
30
0.0
11
29996.0
21
-43295.0
31
0.0
0
LINE
5
359f
100
AcDbEntity
8
Windows
6
Solid
370
0
62
5
100
AcDbLine
10
29996.0
20
-43295.0
30
0.0
11
30318.0
21
-41830.0
31
0.0
0
LINE
5
35a1
100
AcDbEntity
8
Windows
6
Solid
370
0
62
5
100
AcDbLine
10
30318.0
20
-41830.0
30
0.0
11
30806.0
21
-41938.0
31
0.0
0
LINE
5
35a3
100
AcDbEntity
8
Windows
6
Solid
370
0
62
5
100
AcDbLine
10
28899.0
20
-28974.0
30
0.0
11
30364.0
21
-29297.0
31
0.0
0
LINE
5
35a5
100
AcDbEntity
8
Windows
6
Solid
370
0
62
5
100
AcDbLine
10
30364.0
20
-29297.0
30
0.0
11
30256.0
21
-29785.0
31
0.0
0
LINE
5
35a7
100
AcDbEntity
8
Windows
6
Solid
370
0
62
5
100
AcDbLine
10
30256.0
20
-29785.0
30
0.0
11
28792.0
21
-29463.0
31
0.0
0
LINE
5
35a9
100
AcDbEntity
8
Windows
6
Solid
370
0
62
5
100
AcDbLine
10
28792.0
20
-29463.0
30
0.0
11
28899.0
21
-28974.0
31
0.0
0
LINE
5
35ab
100
AcDbEntity
8
Windows
6
Solid
370
0
62
5
100
AcDbLine
10
29808.0
20
-46472.0
30
0.0
11
29593.0
21
-47449.0
31
0.0
0
LINE
5
35ad
100
AcDbEntity
8
Windows
6
Solid
370
0
62
5
100
AcDbLine
10
29593.0
20
-47449.0
30
0.0
11
29105.0
21
-47341.0
31
0.0
0
LINE
5
35af
100
AcDbEntity
8
Windows
6
Solid
370
0
62
5
100
AcDbLine
10
29105.0
20
-47341.0
30
0.0
11
29320.0
21
-46365.0
31
0.0
0
LINE
5
35b1
100
AcDbEntity
8
Windows
6
Solid
370
0
62
5
100
AcDbLine
10
29320.0
20
-46365.0
30
0.0
11
29808.0
21
-46472.0
31
0.0
0
LINE
5
35b3
100
AcDbEntity
8
Windows
6
Solid
370
0
62
5
100
AcDbLine
10
29240.0
20
-49053.0
30
0.0
11
28917.0
21
-50518.0
31
0.0
0
LINE
5
35b5
100
AcDbEntity
8
Windows
6
Solid
370
0
62
5
100
AcDbLine
10
28917.0
20
-50518.0
30
0.0
11
28429.0
21
-50410.0
31
0.0
0
LINE
5
35b7
100
AcDbEntity
8
Windows
6
Solid
370
0
62
5
100
AcDbLine
10
28429.0
20
-50410.0
30
0.0
11
28752.0
21
-48946.0
31
0.0
0
LINE
5
35b9
100
AcDbEntity
8
Windows
6
Solid
370
0
62
5
100
AcDbLine
10
28752.0
20
-48946.0
30
0.0
11
29240.0
21
-49053.0
31
0.0
0
LINE
5
35bb
100
AcDbEntity
8
Windows
6
Solid
370
0
62
5
100
AcDbLine
10
28467.0
20
-52562.0
30
0.0
11
28145.0
21
-54027.0
31
0.0
0
LINE
5
35bd
100
AcDbEntity
8
Windows
6
Solid
370
0
62
5
100
AcDbLine
10
28145.0
20
-54027.0
30
0.0
11
27657.0
21
-53919.0
31
0.0
0
LINE
5
35bf
100
AcDbEntity
8
Windows
6
Solid
370
0
62
5
100
AcDbLine
10
27657.0
20
-53919.0
30
0.0
11
27979.0
21
-52454.0
31
0.0
0
LINE
5
35c1
100
AcDbEntity
8
Windows
6
Solid
370
0
62
5
100
AcDbLine
10
27979.0
20
-52454.0
30
0.0
11
28467.0
21
-52562.0
31
0.0
0
LINE
5
35c3
100
AcDbEntity
8
Windows
6
Solid
370
0
62
5
100
AcDbLine
10
24774.0
20
-54689.0
30
0.0
11
23309.0
21
-54366.0
31
0.0
0
LINE
5
35c5
100
AcDbEntity
8
Windows
6
Solid
370
0
62
5
100
AcDbLine
10
23309.0
20
-54366.0
30
0.0
11
23416.0
21
-53878.0
31
0.0
0
LINE
5
35c7
100
AcDbEntity
8
Windows
6
Solid
370
0
62
5
100
AcDbLine
10
23416.0
20
-53878.0
30
0.0
11
24881.0
21
-54201.0
31
0.0
0
LINE
5
35c9
100
AcDbEntity
8
Windows
6
Solid
370
0
62
5
100
AcDbLine
10
24881.0
20
-54201.0
30
0.0
11
24774.0
21
-54689.0
31
0.0
0
LINE
5
35cb
100
AcDbEntity
8
Windows
6
Solid
370
0
62
5
100
AcDbLine
10
18486.0
20
-28598.0
30
0.0
11
18701.0
21
-27622.0
31
0.0
0
LINE
5
35cd
100
AcDbEntity
8
Windows
6
Solid
370
0
62
5
100
AcDbLine
10
18701.0
20
-27622.0
30
0.0
11
19190.0
21
-27729.0
31
0.0
0
LINE
5
35cf
100
AcDbEntity
8
Windows
6
Solid
370
0
62
5
100
AcDbLine
10
19190.0
20
-27729.0
30
0.0
11
18975.0
21
-28706.0
31
0.0
0
LINE
5
35d1
100
AcDbEntity
8
Windows
6
Solid
370
0
62
5
100
AcDbLine
10
18975.0
20
-28706.0
30
0.0
11
18486.0
21
-28598.0
31
0.0
0
LINE
5
35d3
100
AcDbEntity
8
Windows
6
Solid
370
0
62
5
100
AcDbLine
10
17714.0
20
-32107.0
30
0.0
11
17929.0
21
-31130.0
31
0.0
0
LINE
5
35d5
100
AcDbEntity
8
Windows
6
Solid
370
0
62
5
100
AcDbLine
10
17929.0
20
-31130.0
30
0.0
11
18417.0
21
-31238.0
31
0.0
0
LINE
5
35d7
100
AcDbEntity
8
Windows
6
Solid
370
0
62
5
100
AcDbLine
10
18417.0
20
-31238.0
30
0.0
11
18202.0
21
-32215.0
31
0.0
0
LINE
5
35d9
100
AcDbEntity
8
Windows
6
Solid
370
0
62
5
100
AcDbLine
10
18202.0
20
-32215.0
30
0.0
11
17714.0
21
-32107.0
31
0.0
0
LINE
5
35db
100
AcDbEntity
8
Windows
6
Solid
370
0
62
5
100
AcDbLine
10
16716.0
20
-36641.0
30
0.0
11
17038.0
21
-35176.0
31
0.0
0
LINE
5
35dd
100
AcDbEntity
8
Windows
6
Solid
370
0
62
5
100
AcDbLine
10
17038.0
20
-35176.0
30
0.0
11
17526.0
21
-35284.0
31
0.0
0
LINE
5
35df
100
AcDbEntity
8
Windows
6
Solid
370
0
62
5
100
AcDbLine
10
17526.0
20
-35284.0
30
0.0
11
17204.0
21
-36749.0
31
0.0
0
LINE
5
35e1
100
AcDbEntity
8
Windows
6
Solid
370
0
62
5
100
AcDbLine
10
17204.0
20
-36749.0
30
0.0
11
16716.0
21
-36641.0
31
0.0
0
LINE
5
35e3
100
AcDbEntity
8
Windows
6
Solid
370
0
62
5
100
AcDbLine
10
14581.0
20
-46338.0
30
0.0
11
14796.0
21
-45361.0
31
0.0
0
LINE
5
35e5
100
AcDbEntity
8
Windows
6
Solid
370
0
62
5
100
AcDbLine
10
14796.0
20
-45361.0
30
0.0
11
15284.0
21
-45469.0
31
0.0
0
LINE
5
35e7
100
AcDbEntity
8
Windows
6
Solid
370
0
62
5
100
AcDbLine
10
15284.0
20
-45469.0
30
0.0
11
15069.0
21
-46445.0
31
0.0
0
LINE
5
35e9
100
AcDbEntity
8
Windows
6
Solid
370
0
62
5
100
AcDbLine
10
15069.0
20
-46445.0
30
0.0
11
14581.0
21
-46338.0
31
0.0
0
LINE
5
35eb
100
AcDbEntity
8
Windows
6
Solid
370
0
62
5
100
AcDbLine
10
13808.0
20
-49847.0
30
0.0
11
14023.0
21
-48870.0
31
0.0
0
LINE
5
35ed
100
AcDbEntity
8
Windows
6
Solid
370
0
62
5
100
AcDbLine
10
14023.0
20
-48870.0
30
0.0
11
14512.0
21
-48977.0
31
0.0
0
LINE
5
35ef
100
AcDbEntity
8
Windows
6
Solid
370
0
62
5
100
AcDbLine
10
14512.0
20
-48977.0
30
0.0
11
14297.0
21
-49954.0
31
0.0
0
LINE
5
35f1
100
AcDbEntity
8
Windows
6
Solid
370
0
62
5
100
AcDbLine
10
14297.0
20
-49954.0
30
0.0
11
13808.0
21
-49847.0
31
0.0
0
HATCH
5
403d
100
AcDbEntity
8
Inner Walls
6
Solid
370
0
62
47
100
AcDbHatch
10
0
20
0
30
0
210
0
220
0
230
1
2
FILL_16445
70
1
71
0
91
39
92
0
93
11
72
1
10
112693.0
20
-104308.0
11
113124.0
21
-104560.0
72
1
10
113124.0
20
-104560.0
11
116184.0
21
-106347.0
72
1
10
116184.0
20
-106347.0
11
117986.0
21
-103260.0
72
1
10
117986.0
20
-103260.0
11
119133.0
21
-101295.0
72
1
10
119133.0
20
-101295.0
11
119306.0
21
-101396.0
72
1
10
119306.0
20
-101396.0
11
116049.0
21
-106974.0
72
1
10
116049.0
20
-106974.0
11
115876.0
21
-106873.0
72
1
10
115876.0
20
-106873.0
11
116083.0
21
-106519.0
72
1
10
116083.0
20
-106519.0
11
113024.0
21
-104733.0
72
1
10
113024.0
20
-104733.0
11
112592.0
21
-104481.0
72
1
10
112592.0
20
-104481.0
11
112693.0
21
-104308.0
97
0
92
0
93
42
72
1
10
117602.0
20
-110845.0
11
117464.0
21
-110765.0
72
1
10
117464.0
20
-110765.0
11
116738.0
21
-112008.0
72
1
10
116738.0
20
-112008.0
11
116876.0
21
-112089.0
72
1
10
116876.0
20
-112089.0
11
116775.0
21
-112262.0
72
1
10
116775.0
20
-112262.0
11
116559.0
21
-112136.0
72
1
10
116559.0
20
-112136.0
11
116551.0
21
-112130.0
72
1
10
116551.0
20
-112130.0
11
116550.0
21
-112129.0
72
1
10
116550.0
20
-112129.0
11
116535.0
21
-112116.0
72
1
10
116535.0
20
-112116.0
11
116534.0
21
-112115.0
72
1
10
116534.0
20
-112115.0
11
116522.0
21
-112099.0
72
1
10
116522.0
20
-112099.0
11
116521.0
21
-112097.0
72
1
10
116521.0
20
-112097.0
11
116512.0
21
-112080.0
72
1
10
116512.0
20
-112080.0
11
116511.0
21
-112078.0
72
1
10
116511.0
20
-112078.0
11
116506.0
21
-112059.0
72
1
10
116506.0
20
-112059.0
11
116506.0
21
-112057.0
72
1
10
116506.0
20
-112057.0
11
116505.0
21
-112037.0
72
1
10
116505.0
20
-112037.0
11
116505.0
21
-112036.0
72
1
10
116505.0
20
-112036.0
11
116508.0
21
-112016.0
72
1
10
116508.0
20
-112016.0
11
116508.0
21
-112014.0
72
1
10
116508.0
20
-112014.0
11
116514.0
21
-111996.0
72
1
10
116514.0
20
-111996.0
11
116515.0
21
-111994.0
72
1
10
116515.0
20
-111994.0
11
116520.0
21
-111985.0
72
1
10
116520.0
20
-111985.0
11
117337.0
21
-110586.0
72
1
10
117337.0
20
-110586.0
11
117342.0
21
-110578.0
72
1
10
117342.0
20
-110578.0
11
117343.0
21
-110576.0
72
1
10
117343.0
20
-110576.0
11
117356.0
21
-110562.0
72
1
10
117356.0
20
-110562.0
11
117358.0
21
-110560.0
72
1
10
117358.0
20
-110560.0
11
117373.0
21
-110548.0
72
1
10
117373.0
20
-110548.0
11
117375.0
21
-110547.0
72
1
10
117375.0
20
-110547.0
11
117392.0
21
-110539.0
72
1
10
117392.0
20
-110539.0
11
117394.0
21
-110538.0
72
1
10
117394.0
20
-110538.0
11
117413.0
21
-110533.0
72
1
10
117413.0
20
-110533.0
11
117415.0
21
-110533.0
72
1
10
117415.0
20
-110533.0
11
117435.0
21
-110532.0
72
1
10
117435.0
20
-110532.0
11
117437.0
21
-110532.0
72
1
10
117437.0
20
-110532.0
11
117456.0
21
-110534.0
72
1
10
117456.0
20
-110534.0
11
117458.0
21
-110535.0
72
1
10
117458.0
20
-110535.0
11
117477.0
21
-110541.0
72
1
10
117477.0
20
-110541.0
11
117478.0
21
-110542.0
72
1
10
117478.0
20
-110542.0
11
117487.0
21
-110547.0
72
1
10
117487.0
20
-110547.0
11
117703.0
21
-110673.0
72
1
10
117703.0
20
-110673.0
11
117602.0
21
-110845.0
97
0
92
0
93
51
72
1
10
112125.0
20
-113299.0
11
112125.0
21
-113299.0
72
1
10
112125.0
20
-113299.0
11
113506.0
21
-110932.0
72
1
10
113506.0
20
-110932.0
11
113161.0
21
-110730.0
72
1
10
113161.0
20
-110730.0
11
113153.0
21
-110725.0
72
1
10
113153.0
20
-110725.0
11
113151.0
21
-110724.0
72
1
10
113151.0
20
-110724.0
11
113137.0
21
-110711.0
72
1
10
113137.0
20
-110711.0
11
113135.0
21
-110709.0
72
1
10
113135.0
20
-110709.0
11
113123.0
21
-110694.0
72
1
10
113123.0
20
-110694.0
11
113122.0
21
-110692.0
72
1
10
113122.0
20
-110692.0
11
113114.0
21
-110674.0
72
1
10
113114.0
20
-110674.0
11
113113.0
21
-110673.0
72
1
10
113113.0
20
-110673.0
11
113108.0
21
-110654.0
72
1
10
113108.0
20
-110654.0
11
113108.0
21
-110652.0
72
1
10
113108.0
20
-110652.0
11
113107.0
21
-110632.0
72
1
10
113107.0
20
-110632.0
11
113107.0
21
-110630.0
72
1
10
113107.0
20
-110630.0
11
113109.0
21
-110611.0
72
1
10
113109.0
20
-110611.0
11
113110.0
21
-110609.0
72
1
10
113110.0
20
-110609.0
11
113116.0
21
-110590.0
72
1
10
113116.0
20
-110590.0
11
113117.0
21
-110589.0
72
1
10
113117.0
20
-110589.0
11
113121.0
21
-110580.0
72
1
10
113121.0
20
-110580.0
11
113825.0
21
-109375.0
72
1
10
113825.0
20
-109375.0
11
113830.0
21
-109367.0
72
1
10
113830.0
20
-109367.0
11
113831.0
21
-109365.0
72
1
10
113831.0
20
-109365.0
11
113844.0
21
-109351.0
72
1
10
113844.0
20
-109351.0
11
113846.0
21
-109349.0
72
1
10
113846.0
20
-109349.0
11
113861.0
21
-109337.0
72
1
10
113861.0
20
-109337.0
11
113863.0
21
-109336.0
72
1
10
113863.0
20
-109336.0
11
113880.0
21
-109328.0
72
1
10
113880.0
20
-109328.0
11
113882.0
21
-109327.0
72
1
10
113882.0
20
-109327.0
11
113901.0
21
-109322.0
72
1
10
113901.0
20
-109322.0
11
113903.0
21
-109322.0
72
1
10
113903.0
20
-109322.0
11
113923.0
21
-109321.0
72
1
10
113923.0
20
-109321.0
11
113925.0
21
-109321.0
72
1
10
113925.0
20
-109321.0
11
113944.0
21
-109323.0
72
1
10
113944.0
20
-109323.0
11
113946.0
21
-109324.0
72
1
10
113946.0
20
-109324.0
11
113965.0
21
-109330.0
72
1
10
113965.0
20
-109330.0
11
113966.0
21
-109331.0
72
1
10
113966.0
20
-109331.0
11
113975.0
21
-109335.0
72
1
10
113975.0
20
-109335.0
11
114321.0
21
-109537.0
72
1
10
114321.0
20
-109537.0
11
115075.0
21
-108247.0
72
1
10
115075.0
20
-108247.0
11
113311.0
21
-107217.0
72
1
10
113311.0
20
-107217.0
11
113411.0
21
-107044.0
72
1
10
113411.0
20
-107044.0
11
115176.0
21
-108074.0
72
1
10
115176.0
20
-108074.0
11
115372.0
21
-107737.0
72
1
10
115372.0
20
-107737.0
11
115545.0
21
-107838.0
72
1
10
115545.0
20
-107838.0
11
115298.0
21
-108261.0
72
1
10
115298.0
20
-108261.0
11
114443.0
21
-109725.0
72
1
10
114443.0
20
-109725.0
11
112911.0
21
-112349.0
72
1
10
112911.0
20
-112349.0
11
112298.0
21
-113399.0
72
1
10
112298.0
20
-113399.0
11
112298.0
21
-113399.0
72
1
10
112298.0
20
-113399.0
11
112125.0
21
-113299.0
97
0
92
0
93
4
72
1
10
113608.0
20
-110759.0
11
114220.0
21
-109710.0
72
1
10
114220.0
20
-109710.0
11
113952.0
21
-109554.0
72
1
10
113952.0
20
-109554.0
11
113340.0
21
-110603.0
72
1
10
113340.0
20
-110603.0
11
113608.0
21
-110759.0
97
0
92
0
93
60
72
1
10
111187.0
20
-101466.0
11
111799.0
21
-100418.0
72
1
10
111799.0
20
-100418.0
11
111445.0
21
-100211.0
72
1
10
111445.0
20
-100211.0
11
111416.0
21
-100185.0
72
1
10
111416.0
20
-100185.0
11
111399.0
21
-100150.0
72
1
10
111399.0
20
-100150.0
11
111397.0
21
-100111.0
72
1
10
111397.0
20
-100111.0
11
111410.0
21
-100074.0
72
1
10
111410.0
20
-100074.0
11
112842.0
21
-97621.0
72
1
10
112842.0
20
-97621.0
11
113014.0
21
-97722.0
72
1
10
113014.0
20
-97722.0
11
111633.0
21
-100088.0
72
1
10
111633.0
20
-100088.0
11
111978.0
21
-100290.0
72
1
10
111978.0
20
-100290.0
11
111986.0
21
-100295.0
72
1
10
111986.0
20
-100295.0
11
111988.0
21
-100297.0
72
1
10
111988.0
20
-100297.0
11
112003.0
21
-100310.0
72
1
10
112003.0
20
-100310.0
11
112004.0
21
-100311.0
72
1
10
112004.0
20
-100311.0
11
112016.0
21
-100327.0
72
1
10
112016.0
20
-100327.0
11
112017.0
21
-100328.0
72
1
10
112017.0
20
-100328.0
11
112026.0
21
-100346.0
72
1
10
112026.0
20
-100346.0
11
112026.0
21
-100348.0
72
1
10
112026.0
20
-100348.0
11
112031.0
21
-100367.0
72
1
10
112031.0
20
-100367.0
11
112032.0
21
-100369.0
72
1
10
112032.0
20
-100369.0
11
112033.0
21
-100388.0
72
1
10
112033.0
20
-100388.0
11
112033.0
21
-100390.0
72
1
10
112033.0
20
-100390.0
11
112030.0
21
-100410.0
72
1
10
112030.0
20
-100410.0
11
112030.0
21
-100412.0
72
1
10
112030.0
20
-100412.0
11
112023.0
21
-100430.0
72
1
10
112023.0
20
-100430.0
11
112022.0
21
-100432.0
72
1
10
112022.0
20
-100432.0
11
112018.0
21
-100441.0
72
1
10
112018.0
20
-100441.0
11
111314.0
21
-101645.0
72
1
10
111314.0
20
-101645.0
11
111309.0
21
-101653.0
72
1
10
111309.0
20
-101653.0
11
111308.0
21
-101655.0
72
1
10
111308.0
20
-101655.0
11
111295.0
21
-101670.0
72
1
10
111295.0
20
-101670.0
11
111293.0
21
-101671.0
72
1
10
111293.0
20
-101671.0
11
111278.0
21
-101683.0
72
1
10
111278.0
20
-101683.0
11
111276.0
21
-101684.0
72
1
10
111276.0
20
-101684.0
11
111259.0
21
-101693.0
72
1
10
111259.0
20
-101693.0
11
111257.0
21
-101693.0
72
1
10
111257.0
20
-101693.0
11
111238.0
21
-101698.0
72
1
10
111238.0
20
-101698.0
11
111236.0
21
-101699.0
72
1
10
111236.0
20
-101699.0
11
111216.0
21
-101700.0
72
1
10
111216.0
20
-101700.0
11
111214.0
21
-101700.0
72
1
10
111214.0
20
-101700.0
11
111195.0
21
-101697.0
72
1
10
111195.0
20
-101697.0
11
111193.0
21
-101697.0
72
1
10
111193.0
20
-101697.0
11
111174.0
21
-101690.0
72
1
10
111174.0
20
-101690.0
11
111173.0
21
-101689.0
72
1
10
111173.0
20
-101689.0
11
111164.0
21
-101685.0
72
1
10
111164.0
20
-101685.0
11
110819.0
21
-101483.0
72
1
10
110819.0
20
-101483.0
11
110065.0
21
-102774.0
72
1
10
110065.0
20
-102774.0
11
111829.0
21
-103804.0
72
1
10
111829.0
20
-103804.0
11
111728.0
21
-103977.0
72
1
10
111728.0
20
-103977.0
11
109878.0
21
-102896.0
72
1
10
109878.0
20
-102896.0
11
109848.0
21
-102871.0
72
1
10
109848.0
20
-102871.0
11
109831.0
21
-102836.0
72
1
10
109831.0
20
-102836.0
11
109829.0
21
-102797.0
72
1
10
109829.0
20
-102797.0
11
109842.0
21
-102760.0
72
1
10
109842.0
20
-102760.0
11
110696.0
21
-101296.0
72
1
10
110696.0
20
-101296.0
11
110722.0
21
-101267.0
72
1
10
110722.0
20
-101267.0
11
110757.0
21
-101250.0
72
1
10
110757.0
20
-101250.0
11
110796.0
21
-101247.0
72
1
10
110796.0
20
-101247.0
11
110833.0
21
-101260.0
72
1
10
110833.0
20
-101260.0
11
111187.0
21
-101466.0
97
0
92
0
93
53
72
1
10
105833.0
20
-109625.0
11
107215.0
21
-107259.0
72
1
10
107215.0
20
-107259.0
11
106869.0
21
-107057.0
72
1
10
106869.0
20
-107057.0
11
106861.0
21
-107052.0
72
1
10
106861.0
20
-107052.0
11
106860.0
21
-107051.0
72
1
10
106860.0
20
-107051.0
11
106845.0
21
-107038.0
72
1
10
106845.0
20
-107038.0
11
106844.0
21
-107036.0
72
1
10
106844.0
20
-107036.0
11
106832.0
21
-107021.0
72
1
10
106832.0
20
-107021.0
11
106831.0
21
-107019.0
72
1
10
106831.0
20
-107019.0
11
106822.0
21
-107002.0
72
1
10
106822.0
20
-107002.0
11
106821.0
21
-107000.0
72
1
10
106821.0
20
-107000.0
11
106816.0
21
-106981.0
72
1
10
106816.0
20
-106981.0
11
106816.0
21
-106979.0
72
1
10
106816.0
20
-106979.0
11
106815.0
21
-106959.0
72
1
10
106815.0
20
-106959.0
11
106815.0
21
-106957.0
72
1
10
106815.0
20
-106957.0
11
106818.0
21
-106938.0
72
1
10
106818.0
20
-106938.0
11
106818.0
21
-106936.0
72
1
10
106818.0
20
-106936.0
11
106825.0
21
-106917.0
72
1
10
106825.0
20
-106917.0
11
106825.0
21
-106916.0
72
1
10
106825.0
20
-106916.0
11
106830.0
21
-106907.0
72
1
10
106830.0
20
-106907.0
11
107533.0
21
-105702.0
72
1
10
107533.0
20
-105702.0
11
107539.0
21
-105694.0
72
1
10
107539.0
20
-105694.0
11
107540.0
21
-105692.0
72
1
10
107540.0
20
-105692.0
11
107553.0
21
-105678.0
72
1
10
107553.0
20
-105678.0
11
107554.0
21
-105676.0
72
1
10
107554.0
20
-105676.0
11
107570.0
21
-105665.0
72
1
10
107570.0
20
-105665.0
11
107571.0
21
-105664.0
72
1
10
107571.0
20
-105664.0
11
107589.0
21
-105655.0
72
1
10
107589.0
20
-105655.0
11
107591.0
21
-105654.0
72
1
10
107591.0
20
-105654.0
11
107610.0
21
-105649.0
72
1
10
107610.0
20
-105649.0
11
107612.0
21
-105649.0
72
1
10
107612.0
20
-105649.0
11
107631.0
21
-105648.0
72
1
10
107631.0
20
-105648.0
11
107633.0
21
-105648.0
72
1
10
107633.0
20
-105648.0
11
107653.0
21
-105650.0
72
1
10
107653.0
20
-105650.0
11
107655.0
21
-105651.0
72
1
10
107655.0
20
-105651.0
11
107673.0
21
-105657.0
72
1
10
107673.0
20
-105657.0
11
107675.0
21
-105658.0
72
1
10
107675.0
20
-105658.0
11
107684.0
21
-105663.0
72
1
10
107684.0
20
-105663.0
11
108029.0
21
-105864.0
72
1
10
108029.0
20
-105864.0
11
108501.0
21
-105056.0
72
1
10
108501.0
20
-105056.0
11
108783.0
21
-104573.0
72
1
10
108783.0
20
-104573.0
11
107019.0
21
-103543.0
72
1
10
107019.0
20
-103543.0
11
107119.0
21
-103371.0
72
1
10
107119.0
20
-103371.0
11
108970.0
21
-104451.0
72
1
10
108970.0
20
-104451.0
11
112548.0
21
-106540.0
72
1
10
112548.0
20
-106540.0
11
112447.0
21
-106712.0
72
1
10
112447.0
20
-106712.0
11
112015.0
21
-106460.0
72
1
10
112015.0
20
-106460.0
11
108956.0
21
-104674.0
72
1
10
108956.0
20
-104674.0
11
107438.0
21
-107274.0
72
1
10
107438.0
20
-107274.0
11
107438.0
21
-107274.0
72
1
10
107438.0
20
-107274.0
11
106006.0
21
-109726.0
72
1
10
106006.0
20
-109726.0
11
106006.0
21
-109726.0
72
1
10
106006.0
20
-109726.0
11
106006.0
21
-109726.0
72
1
10
106006.0
20
-109726.0
11
105833.0
21
-109625.0
97
0
92
0
93
4
72
1
10
107928.0
20
-106037.0
11
107661.0
21
-105881.0
72
1
10
107661.0
20
-105881.0
11
107048.0
21
-106930.0
72
1
10
107048.0
20
-106930.0
11
107316.0
21
-107086.0
72
1
10
107316.0
20
-107086.0
11
107928.0
21
-106037.0
97
0
92
0
93
60
72
1
10
101837.0
20
-97971.0
11
103600.0
21
-99000.0
72
1
10
103600.0
20
-99000.0
11
104354.0
21
-97709.0
72
1
10
104354.0
20
-97709.0
11
104009.0
21
-97507.0
72
1
10
104009.0
20
-97507.0
11
104001.0
21
-97502.0
72
1
10
104001.0
20
-97502.0
11
103999.0
21
-97501.0
72
1
10
103999.0
20
-97501.0
11
103984.0
21
-97488.0
72
1
10
103984.0
20
-97488.0
11
103983.0
21
-97486.0
72
1
10
103983.0
20
-97486.0
11
103971.0
21
-97471.0
72
1
10
103971.0
20
-97471.0
11
103970.0
21
-97469.0
72
1
10
103970.0
20
-97469.0
11
103961.0
21
-97451.0
72
1
10
103961.0
20
-97451.0
11
103961.0
21
-97450.0
72
1
10
103961.0
20
-97450.0
11
103956.0
21
-97431.0
72
1
10
103956.0
20
-97431.0
11
103956.0
21
-97429.0
72
1
10
103956.0
20
-97429.0
11
103954.0
21
-97409.0
72
1
10
103954.0
20
-97409.0
11
103954.0
21
-97407.0
72
1
10
103954.0
20
-97407.0
11
103957.0
21
-97388.0
72
1
10
103957.0
20
-97388.0
11
103958.0
21
-97386.0
72
1
10
103958.0
20
-97386.0
11
103964.0
21
-97367.0
72
1
10
103964.0
20
-97367.0
11
103965.0
21
-97365.0
72
1
10
103965.0
20
-97365.0
11
103969.0
21
-97357.0
72
1
10
103969.0
20
-97357.0
11
104672.0
21
-96152.0
72
1
10
104672.0
20
-96152.0
11
104678.0
21
-96144.0
72
1
10
104678.0
20
-96144.0
11
104679.0
21
-96142.0
72
1
10
104679.0
20
-96142.0
11
104692.0
21
-96127.0
72
1
10
104692.0
20
-96127.0
11
104693.0
21
-96126.0
72
1
10
104693.0
20
-96126.0
11
104709.0
21
-96114.0
72
1
10
104709.0
20
-96114.0
11
104711.0
21
-96113.0
72
1
10
104711.0
20
-96113.0
11
104728.0
21
-96105.0
72
1
10
104728.0
20
-96105.0
11
104730.0
21
-96104.0
72
1
10
104730.0
20
-96104.0
11
104749.0
21
-96099.0
72
1
10
104749.0
20
-96099.0
11
104751.0
21
-96099.0
72
1
10
104751.0
20
-96099.0
11
104771.0
21
-96097.0
72
1
10
104771.0
20
-96097.0
11
104772.0
21
-96098.0
72
1
10
104772.0
20
-96098.0
11
104792.0
21
-96100.0
72
1
10
104792.0
20
-96100.0
11
104794.0
21
-96101.0
72
1
10
104794.0
20
-96101.0
11
104812.0
21
-96107.0
72
1
10
104812.0
20
-96107.0
11
104814.0
21
-96108.0
72
1
10
104814.0
20
-96108.0
11
104823.0
21
-96112.0
72
1
10
104823.0
20
-96112.0
11
105168.0
21
-96314.0
72
1
10
105168.0
20
-96314.0
11
106550.0
21
-93948.0
72
1
10
106550.0
20
-93948.0
11
106722.0
21
-94049.0
72
1
10
106722.0
20
-94049.0
11
105291.0
21
-96501.0
72
1
10
105291.0
20
-96501.0
11
105265.0
21
-96530.0
72
1
10
105265.0
20
-96530.0
11
105230.0
21
-96547.0
72
1
10
105230.0
20
-96547.0
11
105191.0
21
-96550.0
72
1
10
105191.0
20
-96550.0
11
105154.0
21
-96537.0
72
1
10
105154.0
20
-96537.0
11
104800.0
21
-96330.0
72
1
10
104800.0
20
-96330.0
11
104188.0
21
-97380.0
72
1
10
104188.0
20
-97380.0
11
104541.0
21
-97586.0
72
1
10
104541.0
20
-97586.0
11
104570.0
21
-97612.0
72
1
10
104570.0
20
-97612.0
11
104588.0
21
-97647.0
72
1
10
104588.0
20
-97647.0
11
104590.0
21
-97686.0
72
1
10
104590.0
20
-97686.0
11
104577.0
21
-97723.0
72
1
10
104577.0
20
-97723.0
11
103722.0
21
-99187.0
72
1
10
103722.0
20
-99187.0
11
103700.0
21
-99214.0
72
1
10
103700.0
20
-99214.0
11
103670.0
21
-99231.0
72
1
10
103670.0
20
-99231.0
11
103636.0
21
-99237.0
72
1
10
103636.0
20
-99237.0
11
103586.0
21
-99223.0
72
1
10
103586.0
20
-99223.0
11
101736.0
21
-98143.0
72
1
10
101736.0
20
-98143.0
11
101837.0
21
-97971.0
97
0
92
0
93
55
72
1
10
99541.0
20
-105952.0
11
99541.0
21
-105952.0
72
1
10
99541.0
20
-105952.0
11
99541.0
21
-105952.0
72
1
10
99541.0
20
-105952.0
11
100923.0
21
-103586.0
72
1
10
100923.0
20
-103586.0
11
100577.0
21
-103384.0
72
1
10
100577.0
20
-103384.0
11
100569.0
21
-103379.0
72
1
10
100569.0
20
-103379.0
11
100567.0
21
-103378.0
72
1
10
100567.0
20
-103378.0
11
100553.0
21
-103365.0
72
1
10
100553.0
20
-103365.0
11
100551.0
21
-103363.0
72
1
10
100551.0
20
-103363.0
11
100540.0
21
-103348.0
72
1
10
100540.0
20
-103348.0
11
100538.0
21
-103346.0
72
1
10
100538.0
20
-103346.0
11
100530.0
21
-103328.0
72
1
10
100530.0
20
-103328.0
11
100529.0
21
-103326.0
72
1
10
100529.0
20
-103326.0
11
100524.0
21
-103307.0
72
1
10
100524.0
20
-103307.0
11
100524.0
21
-103306.0
72
1
10
100524.0
20
-103306.0
11
100523.0
21
-103286.0
72
1
10
100523.0
20
-103286.0
11
100523.0
21
-103284.0
72
1
10
100523.0
20
-103284.0
11
100525.0
21
-103265.0
72
1
10
100525.0
20
-103265.0
11
100526.0
21
-103263.0
72
1
10
100526.0
20
-103263.0
11
100532.0
21
-103244.0
72
1
10
100532.0
20
-103244.0
11
100533.0
21
-103242.0
72
1
10
100533.0
20
-103242.0
11
100538.0
21
-103234.0
72
1
10
100538.0
20
-103234.0
11
101241.0
21
-102029.0
72
1
10
101241.0
20
-102029.0
11
101247.0
21
-102021.0
72
1
10
101247.0
20
-102021.0
11
101248.0
21
-102019.0
72
1
10
101248.0
20
-102019.0
11
101261.0
21
-102005.0
72
1
10
101261.0
20
-102005.0
11
101262.0
21
-102003.0
72
1
10
101262.0
20
-102003.0
11
101278.0
21
-101991.0
72
1
10
101278.0
20
-101991.0
11
101279.0
21
-101990.0
72
1
10
101279.0
20
-101990.0
11
101297.0
21
-101982.0
72
1
10
101297.0
20
-101982.0
11
101299.0
21
-101981.0
72
1
10
101299.0
20
-101981.0
11
101318.0
21
-101976.0
72
1
10
101318.0
20
-101976.0
11
101320.0
21
-101976.0
72
1
10
101320.0
20
-101976.0
11
101339.0
21
-101975.0
72
1
10
101339.0
20
-101975.0
11
101341.0
21
-101975.0
72
1
10
101341.0
20
-101975.0
11
101361.0
21
-101977.0
72
1
10
101361.0
20
-101977.0
11
101363.0
21
-101978.0
72
1
10
101363.0
20
-101978.0
11
101381.0
21
-101984.0
72
1
10
101381.0
20
-101984.0
11
101383.0
21
-101985.0
72
1
10
101383.0
20
-101985.0
11
101392.0
21
-101990.0
72
1
10
101392.0
20
-101990.0
11
101737.0
21
-102191.0
72
1
10
101737.0
20
-102191.0
11
102491.0
21
-100900.0
72
1
10
102491.0
20
-100900.0
11
100728.0
21
-99870.0
72
1
10
100728.0
20
-99870.0
11
100828.0
21
-99698.0
72
1
10
100828.0
20
-99698.0
11
102678.0
21
-100778.0
72
1
10
102678.0
20
-100778.0
11
105824.0
21
-102614.0
72
1
10
105824.0
20
-102614.0
11
106256.0
21
-102866.0
72
1
10
106256.0
20
-102866.0
11
106155.0
21
-103039.0
72
1
10
106155.0
20
-103039.0
11
102664.0
21
-101001.0
72
1
10
102664.0
20
-101001.0
11
101859.0
21
-102378.0
72
1
10
101859.0
20
-102378.0
11
101859.0
21
-102378.0
72
1
10
101859.0
20
-102378.0
11
101146.0
21
-103600.0
72
1
10
101146.0
20
-103600.0
11
101146.0
21
-103600.0
72
1
10
101146.0
20
-103600.0
11
99714.0
21
-106053.0
72
1
10
99714.0
20
-106053.0
11
99714.0
21
-106053.0
72
1
10
99714.0
20
-106053.0
11
99541.0
21
-105952.0
97
0
92
0
93
4
72
1
10
101636.0
20
-102364.0
11
101369.0
21
-102208.0
72
1
10
101369.0
20
-102208.0
11
100756.0
21
-103257.0
72
1
10
100756.0
20
-103257.0
11
101024.0
21
-103413.0
72
1
10
101024.0
20
-103413.0
11
101636.0
21
-102364.0
97
0
92
0
93
22
72
1
10
97005.0
20
-96539.0
11
97005.0
21
-96539.0
72
1
10
97005.0
20
-96539.0
11
97106.0
21
-96367.0
72
1
10
97106.0
20
-96367.0
11
99950.0
21
-98027.0
72
1
10
99950.0
20
-98027.0
11
100405.0
21
-97250.0
72
1
10
100405.0
20
-97250.0
11
100431.0
21
-97221.0
72
1
10
100431.0
20
-97221.0
11
100466.0
21
-97204.0
72
1
10
100466.0
20
-97204.0
11
100505.0
21
-97202.0
72
1
10
100505.0
20
-97202.0
11
100541.0
21
-97214.0
72
1
10
100541.0
20
-97214.0
11
100973.0
21
-97466.0
72
1
10
100973.0
20
-97466.0
11
100872.0
21
-97639.0
72
1
10
100872.0
20
-97639.0
11
100527.0
21
-97437.0
72
1
10
100527.0
20
-97437.0
11
100072.0
21
-98214.0
72
1
10
100072.0
20
-98214.0
11
99619.0
21
-98992.0
72
1
10
99619.0
20
-98992.0
11
99965.0
21
-99194.0
72
1
10
99965.0
20
-99194.0
11
99864.0
21
-99366.0
72
1
10
99864.0
20
-99366.0
11
99432.0
21
-99114.0
72
1
10
99432.0
20
-99114.0
11
99403.0
21
-99088.0
72
1
10
99403.0
20
-99088.0
11
99386.0
21
-99053.0
72
1
10
99386.0
20
-99053.0
11
99384.0
21
-99014.0
72
1
10
99384.0
20
-99014.0
11
99396.0
21
-98977.0
72
1
10
99396.0
20
-98977.0
11
99849.0
21
-98200.0
72
1
10
99849.0
20
-98200.0
11
97005.0
21
-96539.0
97
0
92
0
93
21
72
1
10
90719.0
20
-59464.0
11
91064.0
21
-59666.0
72
1
10
91064.0
20
-59666.0
11
91519.0
21
-58889.0
72
1
10
91519.0
20
-58889.0
11
91972.0
21
-58111.0
72
1
10
91972.0
20
-58111.0
11
91626.0
21
-57909.0
72
1
10
91626.0
20
-57909.0
11
91727.0
21
-57737.0
72
1
10
91727.0
20
-57737.0
11
92159.0
21
-57989.0
72
1
10
92159.0
20
-57989.0
11
92188.0
21
-58015.0
72
1
10
92188.0
20
-58015.0
11
92205.0
21
-58050.0
72
1
10
92205.0
20
-58050.0
11
92208.0
21
-58088.0
72
1
10
92208.0
20
-58088.0
11
92195.0
21
-58125.0
72
1
10
92195.0
20
-58125.0
11
91742.0
21
-58903.0
72
1
10
91742.0
20
-58903.0
11
94586.0
21
-60563.0
72
1
10
94586.0
20
-60563.0
11
94485.0
21
-60736.0
72
1
10
94485.0
20
-60736.0
11
91641.0
21
-59076.0
72
1
10
91641.0
20
-59076.0
11
91187.0
21
-59853.0
72
1
10
91187.0
20
-59853.0
11
91161.0
21
-59882.0
72
1
10
91161.0
20
-59882.0
11
91126.0
21
-59899.0
72
1
10
91126.0
20
-59899.0
11
91087.0
21
-59901.0
72
1
10
91087.0
20
-59901.0
11
91050.0
21
-59889.0
72
1
10
91050.0
20
-59889.0
11
90618.0
21
-59636.0
72
1
10
90618.0
20
-59636.0
11
90719.0
21
-59464.0
97
0
92
0
93
84
72
1
10
88609.0
20
-56032.0
11
88584.0
21
-56061.0
72
1
10
88584.0
20
-56061.0
11
88548.0
21
-56078.0
72
1
10
88548.0
20
-56078.0
11
88510.0
21
-56081.0
72
1
10
88510.0
20
-56081.0
11
88473.0
21
-56068.0
72
1
10
88473.0
20
-56068.0
11
87062.0
21
-55245.0
72
1
10
87062.0
20
-55245.0
11
87163.0
21
-55072.0
72
1
10
87163.0
20
-55072.0
11
88487.0
21
-55845.0
72
1
10
88487.0
20
-55845.0
11
89218.0
21
-54593.0
72
1
10
89218.0
20
-54593.0
11
89224.0
21
-54585.0
72
1
10
89224.0
20
-54585.0
11
89225.0
21
-54583.0
72
1
10
89225.0
20
-54583.0
11
89238.0
21
-54568.0
72
1
10
89238.0
20
-54568.0
11
89239.0
21
-54567.0
72
1
10
89239.0
20
-54567.0
11
89255.0
21
-54555.0
72
1
10
89255.0
20
-54555.0
11
89256.0
21
-54554.0
72
1
10
89256.0
20
-54554.0
11
89274.0
21
-54545.0
72
1
10
89274.0
20
-54545.0
11
89276.0
21
-54545.0
72
1
10
89276.0
20
-54545.0
11
89295.0
21
-54540.0
72
1
10
89295.0
20
-54540.0
11
89297.0
21
-54539.0
72
1
10
89297.0
20
-54539.0
11
89316.0
21
-54538.0
72
1
10
89316.0
20
-54538.0
11
89318.0
21
-54538.0
72
1
10
89318.0
20
-54538.0
11
89338.0
21
-54541.0
72
1
10
89338.0
20
-54541.0
11
89340.0
21
-54541.0
72
1
10
89340.0
20
-54541.0
11
89358.0
21
-54548.0
72
1
10
89358.0
20
-54548.0
11
89360.0
21
-54549.0
72
1
10
89360.0
20
-54549.0
11
89369.0
21
-54553.0
72
1
10
89369.0
20
-54553.0
11
89714.0
21
-54755.0
72
1
10
89714.0
20
-54755.0
11
89732.0
21
-54724.0
72
1
10
89732.0
20
-54724.0
11
89732.0
21
-54724.0
72
1
10
89732.0
20
-54724.0
11
91761.0
21
-51248.0
72
1
10
91761.0
20
-51248.0
11
91877.0
21
-51050.0
72
1
10
91877.0
20
-51050.0
11
91877.0
21
-51050.0
72
1
10
91877.0
20
-51050.0
11
91888.0
21
-51057.0
72
1
10
91888.0
20
-51057.0
11
92050.0
21
-51151.0
72
1
10
92050.0
20
-51151.0
11
90668.0
21
-53517.0
72
1
10
90668.0
20
-53517.0
11
91014.0
21
-53719.0
72
1
10
91014.0
20
-53719.0
11
91022.0
21
-53724.0
72
1
10
91022.0
20
-53724.0
11
91024.0
21
-53725.0
72
1
10
91024.0
20
-53725.0
11
91038.0
21
-53738.0
72
1
10
91038.0
20
-53738.0
11
91040.0
21
-53740.0
72
1
10
91040.0
20
-53740.0
11
91052.0
21
-53755.0
72
1
10
91052.0
20
-53755.0
11
91053.0
21
-53757.0
72
1
10
91053.0
20
-53757.0
11
91061.0
21
-53774.0
72
1
10
91061.0
20
-53774.0
11
91062.0
21
-53776.0
72
1
10
91062.0
20
-53776.0
11
91067.0
21
-53795.0
72
1
10
91067.0
20
-53795.0
11
91067.0
21
-53797.0
72
1
10
91067.0
20
-53797.0
11
91068.0
21
-53817.0
72
1
10
91068.0
20
-53817.0
11
91068.0
21
-53819.0
72
1
10
91068.0
20
-53819.0
11
91066.0
21
-53838.0
72
1
10
91066.0
20
-53838.0
11
91065.0
21
-53840.0
72
1
10
91065.0
20
-53840.0
11
91059.0
21
-53859.0
72
1
10
91059.0
20
-53859.0
11
91058.0
21
-53860.0
72
1
10
91058.0
20
-53860.0
11
91053.0
21
-53869.0
72
1
10
91053.0
20
-53869.0
11
90350.0
21
-55074.0
72
1
10
90350.0
20
-55074.0
11
90344.0
21
-55082.0
72
1
10
90344.0
20
-55082.0
11
90343.0
21
-55084.0
72
1
10
90343.0
20
-55084.0
11
90330.0
21
-55098.0
72
1
10
90330.0
20
-55098.0
11
90329.0
21
-55100.0
72
1
10
90329.0
20
-55100.0
11
90313.0
21
-55111.0
72
1
10
90313.0
20
-55111.0
11
90312.0
21
-55112.0
72
1
10
90312.0
20
-55112.0
11
90294.0
21
-55121.0
72
1
10
90294.0
20
-55121.0
11
90292.0
21
-55122.0
72
1
10
90292.0
20
-55122.0
11
90273.0
21
-55127.0
72
1
10
90273.0
20
-55127.0
11
90271.0
21
-55127.0
72
1
10
90271.0
20
-55127.0
11
90252.0
21
-55128.0
72
1
10
90252.0
20
-55128.0
11
90250.0
21
-55128.0
72
1
10
90250.0
20
-55128.0
11
90230.0
21
-55125.0
72
1
10
90230.0
20
-55125.0
11
90228.0
21
-55125.0
72
1
10
90228.0
20
-55125.0
11
90210.0
21
-55119.0
72
1
10
90210.0
20
-55119.0
11
90208.0
21
-55118.0
72
1
10
90208.0
20
-55118.0
11
90199.0
21
-55113.0
72
1
10
90199.0
20
-55113.0
11
89854.0
21
-54912.0
72
1
10
89854.0
20
-54912.0
11
89836.0
21
-54942.0
72
1
10
89836.0
20
-54942.0
11
89836.0
21
-54942.0
72
1
10
89836.0
20
-54942.0
11
89100.0
21
-56203.0
72
1
10
89100.0
20
-56203.0
11
90864.0
21
-57232.0
72
1
10
90864.0
20
-57232.0
11
90763.0
21
-57405.0
72
1
10
90763.0
20
-57405.0
11
88913.0
21
-56325.0
72
1
10
88913.0
20
-56325.0
11
88884.0
21
-56299.0
72
1
10
88884.0
20
-56299.0
11
88867.0
21
-56264.0
72
1
10
88867.0
20
-56264.0
11
88864.0
21
-56225.0
72
1
10
88864.0
20
-56225.0
11
88877.0
21
-56188.0
72
1
10
88877.0
20
-56188.0
11
89613.0
21
-54928.0
72
1
10
89613.0
20
-54928.0
11
89346.0
21
-54772.0
72
1
10
89346.0
20
-54772.0
11
88609.0
21
-56032.0
97
0
92
0
93
4
72
1
10
90568.0
20
-53690.0
11
89955.0
21
-54739.0
72
1
10
89955.0
20
-54739.0
11
90222.0
21
-54895.0
72
1
10
90222.0
20
-54895.0
11
90835.0
21
-53846.0
72
1
10
90835.0
20
-53846.0
11
90568.0
21
-53690.0
97
0
92
0
93
86
72
1
10
84891.0
20
-63067.0
11
84869.0
21
-63054.0
72
1
10
84869.0
20
-63054.0
11
86250.0
21
-60688.0
72
1
10
86250.0
20
-60688.0
11
85905.0
21
-60486.0
72
1
10
85905.0
20
-60486.0
11
85897.0
21
-60481.0
72
1
10
85897.0
20
-60481.0
11
85895.0
21
-60480.0
72
1
10
85895.0
20
-60480.0
11
85880.0
21
-60467.0
72
1
10
85880.0
20
-60467.0
11
85879.0
21
-60465.0
72
1
10
85879.0
20
-60465.0
11
85867.0
21
-60450.0
72
1
10
85867.0
20
-60450.0
11
85866.0
21
-60448.0
72
1
10
85866.0
20
-60448.0
11
85858.0
21
-60430.0
72
1
10
85858.0
20
-60430.0
11
85857.0
21
-60428.0
72
1
10
85857.0
20
-60428.0
11
85852.0
21
-60409.0
72
1
10
85852.0
20
-60409.0
11
85852.0
21
-60408.0
72
1
10
85852.0
20
-60408.0
11
85850.0
21
-60388.0
72
1
10
85850.0
20
-60388.0
11
85850.0
21
-60386.0
72
1
10
85850.0
20
-60386.0
11
85853.0
21
-60367.0
72
1
10
85853.0
20
-60367.0
11
85854.0
21
-60365.0
72
1
10
85854.0
20
-60365.0
11
85860.0
21
-60346.0
72
1
10
85860.0
20
-60346.0
11
85861.0
21
-60344.0
72
1
10
85861.0
20
-60344.0
11
85865.0
21
-60336.0
72
1
10
85865.0
20
-60336.0
11
86569.0
21
-59131.0
72
1
10
86569.0
20
-59131.0
11
86574.0
21
-59123.0
72
1
10
86574.0
20
-59123.0
11
86575.0
21
-59121.0
72
1
10
86575.0
20
-59121.0
11
86588.0
21
-59106.0
72
1
10
86588.0
20
-59106.0
11
86590.0
21
-59105.0
72
1
10
86590.0
20
-59105.0
11
86605.0
21
-59093.0
72
1
10
86605.0
20
-59093.0
11
86607.0
21
-59092.0
72
1
10
86607.0
20
-59092.0
11
86625.0
21
-59084.0
72
1
10
86625.0
20
-59084.0
11
86626.0
21
-59083.0
72
1
10
86626.0
20
-59083.0
11
86645.0
21
-59078.0
72
1
10
86645.0
20
-59078.0
11
86647.0
21
-59078.0
72
1
10
86647.0
20
-59078.0
11
86667.0
21
-59076.0
72
1
10
86667.0
20
-59076.0
11
86669.0
21
-59077.0
72
1
10
86669.0
20
-59077.0
11
86688.0
21
-59079.0
72
1
10
86688.0
20
-59079.0
11
86690.0
21
-59080.0
72
1
10
86690.0
20
-59080.0
11
86709.0
21
-59086.0
72
1
10
86709.0
20
-59086.0
11
86710.0
21
-59087.0
72
1
10
86710.0
20
-59087.0
11
86719.0
21
-59091.0
72
1
10
86719.0
20
-59091.0
11
87065.0
21
-59293.0
72
1
10
87065.0
20
-59293.0
11
87818.0
21
-58002.0
72
1
10
87818.0
20
-58002.0
11
86054.0
21
-56972.0
72
1
10
86054.0
20
-56972.0
11
86155.0
21
-56799.0
72
1
10
86155.0
20
-56799.0
11
88006.0
21
-57880.0
72
1
10
88006.0
20
-57880.0
11
89855.0
21
-58960.0
72
1
10
89855.0
20
-58960.0
11
89754.0
21
-59132.0
72
1
10
89754.0
20
-59132.0
11
87991.0
21
-58103.0
72
1
10
87991.0
20
-58103.0
11
87237.0
21
-59394.0
72
1
10
87237.0
20
-59394.0
11
87583.0
21
-59596.0
72
1
10
87583.0
20
-59596.0
11
87591.0
21
-59601.0
72
1
10
87591.0
20
-59601.0
11
87592.0
21
-59602.0
72
1
10
87592.0
20
-59602.0
11
87607.0
21
-59615.0
72
1
10
87607.0
20
-59615.0
11
87608.0
21
-59617.0
72
1
10
87608.0
20
-59617.0
11
87620.0
21
-59632.0
72
1
10
87620.0
20
-59632.0
11
87621.0
21
-59634.0
72
1
10
87621.0
20
-59634.0
11
87630.0
21
-59652.0
72
1
10
87630.0
20
-59652.0
11
87631.0
21
-59653.0
72
1
10
87631.0
20
-59653.0
11
87636.0
21
-59672.0
72
1
10
87636.0
20
-59672.0
11
87636.0
21
-59674.0
72
1
10
87636.0
20
-59674.0
11
87637.0
21
-59694.0
72
1
10
87637.0
20
-59694.0
11
87637.0
21
-59696.0
72
1
10
87637.0
20
-59696.0
11
87634.0
21
-59715.0
72
1
10
87634.0
20
-59715.0
11
87634.0
21
-59717.0
72
1
10
87634.0
20
-59717.0
11
87628.0
21
-59736.0
72
1
10
87628.0
20
-59736.0
11
87627.0
21
-59738.0
72
1
10
87627.0
20
-59738.0
11
87622.0
21
-59746.0
72
1
10
87622.0
20
-59746.0
11
86919.0
21
-60951.0
72
1
10
86919.0
20
-60951.0
11
86914.0
21
-60959.0
72
1
10
86914.0
20
-60959.0
11
86913.0
21
-60961.0
72
1
10
86913.0
20
-60961.0
11
86900.0
21
-60976.0
72
1
10
86900.0
20
-60976.0
11
86898.0
21
-60977.0
72
1
10
86898.0
20
-60977.0
11
86882.0
21
-60989.0
72
1
10
86882.0
20
-60989.0
11
86881.0
21
-60990.0
72
1
10
86881.0
20
-60990.0
11
86863.0
21
-60998.0
72
1
10
86863.0
20
-60998.0
11
86861.0
21
-60999.0
72
1
10
86861.0
20
-60999.0
11
86842.0
21
-61004.0
72
1
10
86842.0
20
-61004.0
11
86840.0
21
-61004.0
72
1
10
86840.0
20
-61004.0
11
86821.0
21
-61006.0
72
1
10
86821.0
20
-61006.0
11
86819.0
21
-61005.0
72
1
10
86819.0
20
-61005.0
11
86800.0
21
-61003.0
72
1
10
86800.0
20
-61003.0
11
86798.0
21
-61002.0
72
1
10
86798.0
20
-61002.0
11
86779.0
21
-60996.0
72
1
10
86779.0
20
-60996.0
11
86777.0
21
-60995.0
72
1
10
86777.0
20
-60995.0
11
86769.0
21
-60991.0
72
1
10
86769.0
20
-60991.0
11
86423.0
21
-60789.0
72
1
10
86423.0
20
-60789.0
11
85042.0
21
-63155.0
72
1
10
85042.0
20
-63155.0
11
84891.0
21
-63067.0
97
0
92
0
93
8
72
1
10
86439.0
20
-60566.0
11
86792.0
21
-60772.0
72
1
10
86792.0
20
-60772.0
11
87404.0
21
-59723.0
72
1
10
87404.0
20
-59723.0
11
87050.0
21
-59516.0
72
1
10
87050.0
20
-59516.0
11
87049.0
21
-59515.0
72
1
10
87049.0
20
-59515.0
11
86696.0
21
-59310.0
72
1
10
86696.0
20
-59310.0
11
86083.0
21
-60359.0
72
1
10
86083.0
20
-60359.0
11
86438.0
21
-60565.0
72
1
10
86438.0
20
-60565.0
11
86439.0
21
-60566.0
97
0
92
0
93
10
72
1
10
86199.0
20
-54741.0
11
85767.0
21
-54489.0
72
1
10
85767.0
20
-54489.0
11
85738.0
21
-54463.0
72
1
10
85738.0
20
-54463.0
11
85721.0
21
-54428.0
72
1
10
85721.0
20
-54428.0
11
85718.0
21
-54389.0
72
1
10
85718.0
20
-54389.0
11
85731.0
21
-54352.0
72
1
10
85731.0
20
-54352.0
11
88731.0
21
-49213.0
72
1
10
88731.0
20
-49213.0
11
88904.0
21
-49314.0
72
1
10
88904.0
20
-49314.0
11
85954.0
21
-54366.0
72
1
10
85954.0
20
-54366.0
11
86300.0
21
-54568.0
72
1
10
86300.0
20
-54568.0
11
86199.0
21
-54741.0
97
0
92
0
93
55
72
1
10
78577.0
20
-59381.0
11
79958.0
21
-57014.0
72
1
10
79958.0
20
-57014.0
11
79613.0
21
-56813.0
72
1
10
79613.0
20
-56813.0
11
79605.0
21
-56807.0
72
1
10
79605.0
20
-56807.0
11
79603.0
21
-56806.0
72
1
10
79603.0
20
-56806.0
11
79588.0
21
-56793.0
72
1
10
79588.0
20
-56793.0
11
79587.0
21
-56792.0
72
1
10
79587.0
20
-56792.0
11
79575.0
21
-56776.0
72
1
10
79575.0
20
-56776.0
11
79574.0
21
-56775.0
72
1
10
79574.0
20
-56775.0
11
79566.0
21
-56757.0
72
1
10
79566.0
20
-56757.0
11
79565.0
21
-56755.0
72
1
10
79565.0
20
-56755.0
11
79560.0
21
-56736.0
72
1
10
79560.0
20
-56736.0
11
79560.0
21
-56734.0
72
1
10
79560.0
20
-56734.0
11
79559.0
21
-56715.0
72
1
10
79559.0
20
-56715.0
11
79559.0
21
-56713.0
72
1
10
79559.0
20
-56713.0
11
79561.0
21
-56693.0
72
1
10
79561.0
20
-56693.0
11
79562.0
21
-56691.0
72
1
10
79562.0
20
-56691.0
11
79568.0
21
-56673.0
72
1
10
79568.0
20
-56673.0
11
79569.0
21
-56671.0
72
1
10
79569.0
20
-56671.0
11
79573.0
21
-56662.0
72
1
10
79573.0
20
-56662.0
11
80277.0
21
-55458.0
72
1
10
80277.0
20
-55458.0
11
80282.0
21
-55449.0
72
1
10
80282.0
20
-55449.0
11
80283.0
21
-55448.0
72
1
10
80283.0
20
-55448.0
11
80296.0
21
-55433.0
72
1
10
80296.0
20
-55433.0
11
80298.0
21
-55432.0
72
1
10
80298.0
20
-55432.0
11
80313.0
21
-55420.0
72
1
10
80313.0
20
-55420.0
11
80315.0
21
-55419.0
72
1
10
80315.0
20
-55419.0
11
80333.0
21
-55410.0
72
1
10
80333.0
20
-55410.0
11
80334.0
21
-55410.0
72
1
10
80334.0
20
-55410.0
11
80353.0
21
-55405.0
72
1
10
80353.0
20
-55405.0
11
80355.0
21
-55404.0
72
1
10
80355.0
20
-55404.0
11
80375.0
21
-55403.0
72
1
10
80375.0
20
-55403.0
11
80377.0
21
-55403.0
72
1
10
80377.0
20
-55403.0
11
80396.0
21
-55406.0
72
1
10
80396.0
20
-55406.0
11
80398.0
21
-55406.0
72
1
10
80398.0
20
-55406.0
11
80417.0
21
-55413.0
72
1
10
80417.0
20
-55413.0
11
80419.0
21
-55414.0
72
1
10
80419.0
20
-55414.0
11
80427.0
21
-55418.0
72
1
10
80427.0
20
-55418.0
11
80773.0
21
-55620.0
72
1
10
80773.0
20
-55620.0
11
81526.0
21
-54329.0
72
1
10
81526.0
20
-54329.0
11
79762.0
21
-53299.0
72
1
10
79762.0
20
-53299.0
11
79863.0
21
-53126.0
72
1
10
79863.0
20
-53126.0
11
81714.0
21
-54206.0
72
1
10
81714.0
20
-54206.0
11
85291.0
21
-56295.0
72
1
10
85291.0
20
-56295.0
11
85191.0
21
-56468.0
72
1
10
85191.0
20
-56468.0
11
84759.0
21
-56216.0
72
1
10
84759.0
20
-56216.0
11
81699.0
21
-54429.0
72
1
10
81699.0
20
-54429.0
11
81488.0
21
-54791.0
72
1
10
81488.0
20
-54791.0
11
80895.0
21
-55807.0
72
1
10
80895.0
20
-55807.0
11
80895.0
21
-55807.0
72
1
10
80895.0
20
-55807.0
11
80182.0
21
-57029.0
72
1
10
80182.0
20
-57029.0
11
80182.0
21
-57029.0
72
1
10
80182.0
20
-57029.0
11
78750.0
21
-59482.0
72
1
10
78750.0
20
-59482.0
11
78750.0
21
-59482.0
72
1
10
78750.0
20
-59482.0
11
78750.0
21
-59482.0
72
1
10
78750.0
20
-59482.0
11
78577.0
21
-59381.0
97
0
92
0
93
4
72
1
10
80059.0
20
-56842.0
11
80672.0
21
-55792.0
72
1
10
80672.0
20
-55792.0
11
80404.0
21
-55636.0
72
1
10
80404.0
20
-55636.0
11
79792.0
21
-56685.0
72
1
10
79792.0
20
-56685.0
11
80059.0
21
-56842.0
97
0
92
0
93
60
72
1
10
77726.0
20
-49563.0
11
79490.0
21
-50592.0
72
1
10
79490.0
20
-50592.0
11
80244.0
21
-49301.0
72
1
10
80244.0
20
-49301.0
11
79898.0
21
-49099.0
72
1
10
79898.0
20
-49099.0
11
79890.0
21
-49094.0
72
1
10
79890.0
20
-49094.0
11
79888.0
21
-49093.0
72
1
10
79888.0
20
-49093.0
11
79874.0
21
-49080.0
72
1
10
79874.0
20
-49080.0
11
79872.0
21
-49078.0
72
1
10
79872.0
20
-49078.0
11
79861.0
21
-49063.0
72
1
10
79861.0
20
-49063.0
11
79860.0
21
-49061.0
72
1
10
79860.0
20
-49061.0
11
79851.0
21
-49043.0
72
1
10
79851.0
20
-49043.0
11
79850.0
21
-49042.0
72
1
10
79850.0
20
-49042.0
11
79845.0
21
-49023.0
72
1
10
79845.0
20
-49023.0
11
79845.0
21
-49021.0
72
1
10
79845.0
20
-49021.0
11
79844.0
21
-49001.0
72
1
10
79844.0
20
-49001.0
11
79844.0
21
-48999.0
72
1
10
79844.0
20
-48999.0
11
79847.0
21
-48980.0
72
1
10
79847.0
20
-48980.0
11
79847.0
21
-48978.0
72
1
10
79847.0
20
-48978.0
11
79853.0
21
-48959.0
72
1
10
79853.0
20
-48959.0
11
79854.0
21
-48958.0
72
1
10
79854.0
20
-48958.0
11
79859.0
21
-48949.0
72
1
10
79859.0
20
-48949.0
11
80562.0
21
-47744.0
72
1
10
80562.0
20
-47744.0
11
80567.0
21
-47736.0
72
1
10
80567.0
20
-47736.0
11
80568.0
21
-47734.0
72
1
10
80568.0
20
-47734.0
11
80581.0
21
-47719.0
72
1
10
80581.0
20
-47719.0
11
80583.0
21
-47718.0
72
1
10
80583.0
20
-47718.0
11
80598.0
21
-47706.0
72
1
10
80598.0
20
-47706.0
11
80600.0
21
-47705.0
72
1
10
80600.0
20
-47705.0
11
80618.0
21
-47697.0
72
1
10
80618.0
20
-47697.0
11
80620.0
21
-47696.0
72
1
10
80620.0
20
-47696.0
11
80639.0
21
-47691.0
72
1
10
80639.0
20
-47691.0
11
80640.0
21
-47691.0
72
1
10
80640.0
20
-47691.0
11
80660.0
21
-47690.0
72
1
10
80660.0
20
-47690.0
11
80662.0
21
-47690.0
72
1
10
80662.0
20
-47690.0
11
80681.0
21
-47692.0
72
1
10
80681.0
20
-47692.0
11
80683.0
21
-47693.0
72
1
10
80683.0
20
-47693.0
11
80702.0
21
-47699.0
72
1
10
80702.0
20
-47699.0
11
80704.0
21
-47700.0
72
1
10
80704.0
20
-47700.0
11
80712.0
21
-47704.0
72
1
10
80712.0
20
-47704.0
11
81058.0
21
-47906.0
72
1
10
81058.0
20
-47906.0
11
82439.0
21
-45540.0
72
1
10
82439.0
20
-45540.0
11
82612.0
21
-45641.0
72
1
10
82612.0
20
-45641.0
11
81180.0
21
-48093.0
72
1
10
81180.0
20
-48093.0
11
81154.0
21
-48122.0
72
1
10
81154.0
20
-48122.0
11
81119.0
21
-48140.0
72
1
10
81119.0
20
-48140.0
11
81080.0
21
-48142.0
72
1
10
81080.0
20
-48142.0
11
81043.0
21
-48129.0
72
1
10
81043.0
20
-48129.0
11
80689.0
21
-47923.0
72
1
10
80689.0
20
-47923.0
11
80077.0
21
-48972.0
72
1
10
80077.0
20
-48972.0
11
80431.0
21
-49178.0
72
1
10
80431.0
20
-49178.0
11
80460.0
21
-49204.0
72
1
10
80460.0
20
-49204.0
11
80477.0
21
-49239.0
72
1
10
80477.0
20
-49239.0
11
80479.0
21
-49278.0
72
1
10
80479.0
20
-49278.0
11
80467.0
21
-49315.0
72
1
10
80467.0
20
-49315.0
11
79612.0
21
-50779.0
72
1
10
79612.0
20
-50779.0
11
79586.0
21
-50808.0
72
1
10
79586.0
20
-50808.0
11
79551.0
21
-50826.0
72
1
10
79551.0
20
-50826.0
11
79512.0
21
-50828.0
72
1
10
79512.0
20
-50828.0
11
79475.0
21
-50815.0
72
1
10
79475.0
20
-50815.0
11
77625.0
21
-49735.0
72
1
10
77625.0
20
-49735.0
11
77726.0
21
-49563.0
97
0
92
0
93
23
72
1
10
72895.0
20
-48131.0
11
72895.0
21
-48131.0
72
1
10
72895.0
20
-48131.0
11
72996.0
21
-47959.0
72
1
10
72996.0
20
-47959.0
11
75840.0
21
-49619.0
72
1
10
75840.0
20
-49619.0
11
76294.0
21
-48842.0
72
1
10
76294.0
20
-48842.0
11
76320.0
21
-48813.0
72
1
10
76320.0
20
-48813.0
11
76355.0
21
-48796.0
72
1
10
76355.0
20
-48796.0
11
76394.0
21
-48794.0
72
1
10
76394.0
20
-48794.0
11
76431.0
21
-48806.0
72
1
10
76431.0
20
-48806.0
11
76863.0
21
-49058.0
72
1
10
76863.0
20
-49058.0
11
76762.0
21
-49231.0
72
1
10
76762.0
20
-49231.0
11
76416.0
21
-49029.0
72
1
10
76416.0
20
-49029.0
11
75962.0
21
-49806.0
72
1
10
75962.0
20
-49806.0
11
75509.0
21
-50584.0
72
1
10
75509.0
20
-50584.0
11
78568.0
21
-52370.0
72
1
10
78568.0
20
-52370.0
11
78999.0
21
-52622.0
72
1
10
78999.0
20
-52622.0
11
78899.0
21
-52794.0
72
1
10
78899.0
20
-52794.0
11
75322.0
21
-50706.0
72
1
10
75322.0
20
-50706.0
11
75293.0
21
-50680.0
72
1
10
75293.0
20
-50680.0
11
75275.0
21
-50645.0
72
1
10
75275.0
20
-50645.0
11
75273.0
21
-50606.0
72
1
10
75273.0
20
-50606.0
11
75286.0
21
-50570.0
72
1
10
75286.0
20
-50570.0
11
75739.0
21
-49792.0
72
1
10
75739.0
20
-49792.0
11
72895.0
21
-48131.0
97
0
92
0
93
55
72
1
10
58030.0
20
-101742.0
11
58988.0
21
-100102.0
72
1
10
58988.0
20
-100102.0
11
57433.0
21
-99195.0
72
1
10
57433.0
20
-99195.0
11
57232.0
21
-99540.0
72
1
10
57232.0
20
-99540.0
11
57059.0
21
-99439.0
72
1
10
57059.0
20
-99439.0
11
57311.0
21
-99008.0
72
1
10
57311.0
20
-99008.0
11
57337.0
21
-98978.0
72
1
10
57337.0
20
-98978.0
11
57372.0
21
-98961.0
72
1
10
57372.0
20
-98961.0
11
57411.0
21
-98959.0
72
1
10
57411.0
20
-98959.0
11
57448.0
21
-98972.0
72
1
10
57448.0
20
-98972.0
11
58312.0
21
-99475.0
72
1
10
58312.0
20
-99475.0
11
65089.0
21
-103432.0
72
1
10
65089.0
20
-103432.0
11
65221.0
21
-103509.0
72
1
10
65221.0
20
-103509.0
11
65175.0
21
-103587.0
72
1
10
65175.0
20
-103587.0
11
65120.0
21
-103681.0
72
1
10
65120.0
20
-103681.0
11
62300.0
21
-102035.0
72
1
10
62300.0
20
-102035.0
11
62098.0
21
-102381.0
72
1
10
62098.0
20
-102381.0
11
62093.0
21
-102389.0
72
1
10
62093.0
20
-102389.0
11
62092.0
21
-102390.0
72
1
10
62092.0
20
-102390.0
11
62079.0
21
-102405.0
72
1
10
62079.0
20
-102405.0
11
62077.0
21
-102406.0
72
1
10
62077.0
20
-102406.0
11
62062.0
21
-102418.0
72
1
10
62062.0
20
-102418.0
11
62060.0
21
-102419.0
72
1
10
62060.0
20
-102419.0
11
62043.0
21
-102428.0
72
1
10
62043.0
20
-102428.0
11
62041.0
21
-102428.0
72
1
10
62041.0
20
-102428.0
11
62022.0
21
-102433.0
72
1
10
62022.0
20
-102433.0
11
62020.0
21
-102434.0
72
1
10
62020.0
20
-102434.0
11
62000.0
21
-102435.0
72
1
10
62000.0
20
-102435.0
11
61998.0
21
-102435.0
72
1
10
61998.0
20
-102435.0
11
61979.0
21
-102432.0
72
1
10
61979.0
20
-102432.0
11
61977.0
21
-102432.0
72
1
10
61977.0
20
-102432.0
11
61958.0
21
-102425.0
72
1
10
61958.0
20
-102425.0
11
61957.0
21
-102425.0
72
1
10
61957.0
20
-102425.0
11
61948.0
21
-102420.0
72
1
10
61948.0
20
-102420.0
11
60539.0
21
-101598.0
72
1
10
60539.0
20
-101598.0
11
60531.0
21
-101592.0
72
1
10
60531.0
20
-101592.0
11
60529.0
21
-101591.0
72
1
10
60529.0
20
-101591.0
11
60515.0
21
-101578.0
72
1
10
60515.0
20
-101578.0
11
60513.0
21
-101577.0
72
1
10
60513.0
20
-101577.0
11
60502.0
21
-101561.0
72
1
10
60502.0
20
-101561.0
11
60500.0
21
-101559.0
72
1
10
60500.0
20
-101559.0
11
60492.0
21
-101542.0
72
1
10
60492.0
20
-101542.0
11
60491.0
21
-101540.0
72
1
10
60491.0
20
-101540.0
11
60486.0
21
-101521.0
72
1
10
60486.0
20
-101521.0
11
60486.0
21
-101519.0
72
1
10
60486.0
20
-101519.0
11
60485.0
21
-101499.0
72
1
10
60485.0
20
-101499.0
11
60485.0
21
-101497.0
72
1
10
60485.0
20
-101497.0
11
60487.0
21
-101478.0
72
1
10
60487.0
20
-101478.0
11
60488.0
21
-101476.0
72
1
10
60488.0
20
-101476.0
11
60494.0
21
-101458.0
72
1
10
60494.0
20
-101458.0
11
60495.0
21
-101456.0
72
1
10
60495.0
20
-101456.0
11
60500.0
21
-101447.0
72
1
10
60500.0
20
-101447.0
11
60701.0
21
-101102.0
72
1
10
60701.0
20
-101102.0
11
59160.0
21
-100203.0
72
1
10
59160.0
20
-100203.0
11
58203.0
21
-101843.0
72
1
10
58203.0
20
-101843.0
11
58030.0
21
-101742.0
97
0
92
0
93
4
72
1
10
60874.0
20
-101203.0
11
60718.0
21
-101470.0
72
1
10
60718.0
20
-101470.0
11
61971.0
21
-102202.0
72
1
10
61971.0
20
-102202.0
11
62127.0
21
-101935.0
72
1
10
62127.0
20
-101935.0
11
60874.0
21
-101203.0
97
0
92
0
93
57
72
1
10
54501.0
20
-107788.0
11
55509.0
21
-106060.0
72
1
10
55509.0
20
-106060.0
11
57274.0
21
-103038.0
72
1
10
57274.0
20
-103038.0
11
57526.0
21
-102606.0
72
1
10
57526.0
20
-102606.0
11
57699.0
21
-102707.0
72
1
10
57699.0
20
-102707.0
11
57447.0
21
-103139.0
72
1
10
57447.0
20
-103139.0
11
55732.0
21
-106075.0
72
1
10
55732.0
20
-106075.0
11
57359.0
21
-107025.0
72
1
10
57359.0
20
-107025.0
11
57359.0
21
-107025.0
72
1
10
57359.0
20
-107025.0
11
58785.0
21
-107857.0
72
1
10
58785.0
20
-107857.0
11
58785.0
21
-107857.0
72
1
10
58785.0
20
-107857.0
11
61597.0
21
-109499.0
72
1
10
61597.0
20
-109499.0
11
61691.0
21
-109554.0
72
1
10
61691.0
20
-109554.0
11
61641.0
21
-109640.0
72
1
10
61641.0
20
-109640.0
11
61590.0
21
-109726.0
72
1
10
61590.0
20
-109726.0
11
61590.0
21
-109726.0
72
1
10
61590.0
20
-109726.0
11
58771.0
21
-108080.0
72
1
10
58771.0
20
-108080.0
11
58569.0
21
-108426.0
72
1
10
58569.0
20
-108426.0
11
58564.0
21
-108434.0
72
1
10
58564.0
20
-108434.0
11
58563.0
21
-108435.0
72
1
10
58563.0
20
-108435.0
11
58550.0
21
-108450.0
72
1
10
58550.0
20
-108450.0
11
58548.0
21
-108451.0
72
1
10
58548.0
20
-108451.0
11
58533.0
21
-108463.0
72
1
10
58533.0
20
-108463.0
11
58531.0
21
-108464.0
72
1
10
58531.0
20
-108464.0
11
58513.0
21
-108473.0
72
1
10
58513.0
20
-108473.0
11
58511.0
21
-108474.0
72
1
10
58511.0
20
-108474.0
11
58492.0
21
-108479.0
72
1
10
58492.0
20
-108479.0
11
58490.0
21
-108479.0
72
1
10
58490.0
20
-108479.0
11
58471.0
21
-108480.0
72
1
10
58471.0
20
-108480.0
11
58469.0
21
-108480.0
72
1
10
58469.0
20
-108480.0
11
58450.0
21
-108477.0
72
1
10
58450.0
20
-108477.0
11
58448.0
21
-108477.0
72
1
10
58448.0
20
-108477.0
11
58429.0
21
-108471.0
72
1
10
58429.0
20
-108471.0
11
58427.0
21
-108470.0
72
1
10
58427.0
20
-108470.0
11
58419.0
21
-108465.0
72
1
10
58419.0
20
-108465.0
11
57010.0
21
-107643.0
72
1
10
57010.0
20
-107643.0
11
57002.0
21
-107637.0
72
1
10
57002.0
20
-107637.0
11
57000.0
21
-107636.0
72
1
10
57000.0
20
-107636.0
11
56985.0
21
-107623.0
72
1
10
56985.0
20
-107623.0
11
56984.0
21
-107622.0
72
1
10
56984.0
20
-107622.0
11
56972.0
21
-107606.0
72
1
10
56972.0
20
-107606.0
11
56971.0
21
-107605.0
72
1
10
56971.0
20
-107605.0
11
56963.0
21
-107587.0
72
1
10
56963.0
20
-107587.0
11
56962.0
21
-107585.0
72
1
10
56962.0
20
-107585.0
11
56957.0
21
-107566.0
72
1
10
56957.0
20
-107566.0
11
56957.0
21
-107564.0
72
1
10
56957.0
20
-107564.0
11
56955.0
21
-107545.0
72
1
10
56955.0
20
-107545.0
11
56956.0
21
-107543.0
72
1
10
56956.0
20
-107543.0
11
56958.0
21
-107523.0
72
1
10
56958.0
20
-107523.0
11
56959.0
21
-107521.0
72
1
10
56959.0
20
-107521.0
11
56965.0
21
-107503.0
72
1
10
56965.0
20
-107503.0
11
56966.0
21
-107501.0
72
1
10
56966.0
20
-107501.0
11
56970.0
21
-107492.0
72
1
10
56970.0
20
-107492.0
11
57172.0
21
-107147.0
72
1
10
57172.0
20
-107147.0
11
55942.0
21
-106429.0
72
1
10
55942.0
20
-106429.0
11
55632.0
21
-106248.0
72
1
10
55632.0
20
-106248.0
11
54674.0
21
-107888.0
72
1
10
54674.0
20
-107888.0
11
54501.0
21
-107788.0
97
0
92
0
93
4
72
1
10
57345.0
20
-107248.0
11
57189.0
21
-107515.0
72
1
10
57189.0
20
-107515.0
11
58441.0
21
-108247.0
72
1
10
58441.0
20
-108247.0
11
58598.0
21
-107979.0
72
1
10
58598.0
20
-107979.0
11
57345.0
21
-107248.0
97
0
92
0
93
24
72
1
10
50678.0
20
-110765.0
11
50476.0
21
-111111.0
72
1
10
50476.0
20
-111111.0
11
52031.0
21
-112018.0
72
1
10
52031.0
20
-112018.0
11
53745.0
21
-109083.0
72
1
10
53745.0
20
-109083.0
11
53997.0
21
-108651.0
72
1
10
53997.0
20
-108651.0
11
54169.0
21
-108752.0
72
1
10
54169.0
20
-108752.0
11
53917.0
21
-109184.0
72
1
10
53917.0
20
-109184.0
11
52204.0
21
-112119.0
72
1
10
52204.0
20
-112119.0
11
58162.0
21
-115599.0
72
1
10
58162.0
20
-115599.0
11
58162.0
21
-115599.0
72
1
10
58162.0
20
-115599.0
11
58162.0
21
-115599.0
72
1
10
58162.0
20
-115599.0
11
58105.0
21
-115697.0
72
1
10
58105.0
20
-115697.0
11
58061.0
21
-115772.0
72
1
10
58061.0
20
-115772.0
11
58061.0
21
-115772.0
72
1
10
58061.0
20
-115772.0
11
58061.0
21
-115772.0
72
1
10
58061.0
20
-115772.0
11
52016.0
21
-112242.0
72
1
10
52016.0
20
-112242.0
11
52016.0
21
-112242.0
72
1
10
52016.0
20
-112242.0
11
51152.0
21
-111738.0
72
1
10
51152.0
20
-111738.0
11
50289.0
21
-111233.0
72
1
10
50289.0
20
-111233.0
11
50260.0
21
-111207.0
72
1
10
50260.0
20
-111207.0
11
50243.0
21
-111172.0
72
1
10
50243.0
20
-111172.0
11
50241.0
21
-111133.0
72
1
10
50241.0
20
-111133.0
11
50253.0
21
-111096.0
72
1
10
50253.0
20
-111096.0
11
50505.0
21
-110664.0
72
1
10
50505.0
20
-110664.0
11
50678.0
21
-110765.0
97
0
92
0
93
60
72
1
10
56727.0
20
-100404.0
11
55719.0
21
-102130.0
72
1
10
55719.0
20
-102130.0
11
55694.0
21
-102159.0
72
1
10
55694.0
20
-102159.0
11
55659.0
21
-102177.0
72
1
10
55659.0
20
-102177.0
11
55620.0
21
-102179.0
72
1
10
55620.0
20
-102179.0
11
55583.0
21
-102166.0
72
1
10
55583.0
20
-102166.0
11
53870.0
21
-101166.0
72
1
10
53870.0
20
-101166.0
11
53840.0
21
-101140.0
72
1
10
53840.0
20
-101140.0
11
53823.0
21
-101105.0
72
1
10
53823.0
20
-101105.0
11
53821.0
21
-101066.0
72
1
10
53821.0
20
-101066.0
11
53834.0
21
-101029.0
72
1
10
53834.0
20
-101029.0
11
54040.0
21
-100675.0
72
1
10
54040.0
20
-100675.0
11
52788.0
21
-99944.0
72
1
10
52788.0
20
-99944.0
11
52580.0
21
-100298.0
72
1
10
52580.0
20
-100298.0
11
52554.0
21
-100327.0
72
1
10
52554.0
20
-100327.0
11
52519.0
21
-100344.0
72
1
10
52519.0
20
-100344.0
11
52480.0
21
-100346.0
72
1
10
52480.0
20
-100346.0
11
52444.0
21
-100333.0
72
1
10
52444.0
20
-100333.0
11
49538.0
21
-98637.0
72
1
10
49538.0
20
-98637.0
11
49638.0
21
-98464.0
72
1
10
49638.0
20
-98464.0
11
52458.0
21
-100110.0
72
1
10
52458.0
20
-100110.0
11
52660.0
21
-99765.0
72
1
10
52660.0
20
-99765.0
11
52665.0
21
-99757.0
72
1
10
52665.0
20
-99757.0
11
52666.0
21
-99755.0
72
1
10
52666.0
20
-99755.0
11
52679.0
21
-99740.0
72
1
10
52679.0
20
-99740.0
11
52681.0
21
-99739.0
72
1
10
52681.0
20
-99739.0
11
52696.0
21
-99727.0
72
1
10
52696.0
20
-99727.0
11
52698.0
21
-99726.0
72
1
10
52698.0
20
-99726.0
11
52716.0
21
-99718.0
72
1
10
52716.0
20
-99718.0
11
52717.0
21
-99717.0
72
1
10
52717.0
20
-99717.0
11
52736.0
21
-99712.0
72
1
10
52736.0
20
-99712.0
11
52738.0
21
-99712.0
72
1
10
52738.0
20
-99712.0
11
52758.0
21
-99710.0
72
1
10
52758.0
20
-99710.0
11
52760.0
21
-99710.0
72
1
10
52760.0
20
-99710.0
11
52779.0
21
-99713.0
72
1
10
52779.0
20
-99713.0
11
52781.0
21
-99714.0
72
1
10
52781.0
20
-99714.0
11
52800.0
21
-99720.0
72
1
10
52800.0
20
-99720.0
11
52801.0
21
-99721.0
72
1
10
52801.0
20
-99721.0
11
52810.0
21
-99725.0
72
1
10
52810.0
20
-99725.0
11
54219.0
21
-100548.0
72
1
10
54219.0
20
-100548.0
11
54227.0
21
-100553.0
72
1
10
54227.0
20
-100553.0
11
54229.0
21
-100554.0
72
1
10
54229.0
20
-100554.0
11
54243.0
21
-100567.0
72
1
10
54243.0
20
-100567.0
11
54245.0
21
-100569.0
72
1
10
54245.0
20
-100569.0
11
54257.0
21
-100584.0
72
1
10
54257.0
20
-100584.0
11
54258.0
21
-100586.0
72
1
10
54258.0
20
-100586.0
11
54266.0
21
-100604.0
72
1
10
54266.0
20
-100604.0
11
54267.0
21
-100605.0
72
1
10
54267.0
20
-100605.0
11
54272.0
21
-100624.0
72
1
10
54272.0
20
-100624.0
11
54272.0
21
-100626.0
72
1
10
54272.0
20
-100626.0
11
54273.0
21
-100646.0
72
1
10
54273.0
20
-100646.0
11
54273.0
21
-100648.0
72
1
10
54273.0
20
-100648.0
11
54271.0
21
-100667.0
72
1
10
54271.0
20
-100667.0
11
54270.0
21
-100669.0
72
1
10
54270.0
20
-100669.0
11
54264.0
21
-100688.0
72
1
10
54264.0
20
-100688.0
11
54263.0
21
-100690.0
72
1
10
54263.0
20
-100690.0
11
54258.0
21
-100698.0
72
1
10
54258.0
20
-100698.0
11
54057.0
21
-101044.0
72
1
10
54057.0
20
-101044.0
11
55597.0
21
-101943.0
72
1
10
55597.0
20
-101943.0
11
56555.0
21
-100303.0
72
1
10
56555.0
20
-100303.0
11
56727.0
21
-100404.0
97
0
92
0
93
60
72
1
10
46109.0
20
-104509.0
11
49015.0
21
-106206.0
72
1
10
49015.0
20
-106206.0
11
49044.0
21
-106232.0
72
1
10
49044.0
20
-106232.0
11
49061.0
21
-106267.0
72
1
10
49061.0
20
-106267.0
11
49064.0
21
-106306.0
72
1
10
49064.0
20
-106306.0
11
49051.0
21
-106343.0
72
1
10
49051.0
20
-106343.0
11
48844.0
21
-106697.0
72
1
10
48844.0
20
-106697.0
11
50097.0
21
-107428.0
72
1
10
50097.0
20
-107428.0
11
50304.0
21
-107074.0
72
1
10
50304.0
20
-107074.0
11
50330.0
21
-107045.0
72
1
10
50330.0
20
-107045.0
11
50365.0
21
-107028.0
72
1
10
50365.0
20
-107028.0
11
50404.0
21
-107026.0
72
1
10
50404.0
20
-107026.0
11
50441.0
21
-107038.0
72
1
10
50441.0
20
-107038.0
11
52154.0
21
-108039.0
72
1
10
52154.0
20
-108039.0
11
52183.0
21
-108064.0
72
1
10
52183.0
20
-108064.0
11
52201.0
21
-108100.0
72
1
10
52201.0
20
-108100.0
11
52203.0
21
-108138.0
72
1
10
52203.0
20
-108138.0
11
52190.0
21
-108175.0
72
1
10
52190.0
20
-108175.0
11
51182.0
21
-109902.0
72
1
10
51182.0
20
-109902.0
11
51010.0
21
-109801.0
72
1
10
51010.0
20
-109801.0
11
51967.0
21
-108161.0
72
1
10
51967.0
20
-108161.0
11
50426.0
21
-107261.0
72
1
10
50426.0
20
-107261.0
11
50225.0
21
-107607.0
72
1
10
50225.0
20
-107607.0
11
50220.0
21
-107615.0
72
1
10
50220.0
20
-107615.0
11
50218.0
21
-107617.0
72
1
10
50218.0
20
-107617.0
11
50205.0
21
-107631.0
72
1
10
50205.0
20
-107631.0
11
50204.0
21
-107633.0
72
1
10
50204.0
20
-107633.0
11
50188.0
21
-107644.0
72
1
10
50188.0
20
-107644.0
11
50187.0
21
-107645.0
72
1
10
50187.0
20
-107645.0
11
50169.0
21
-107654.0
72
1
10
50169.0
20
-107654.0
11
50167.0
21
-107655.0
72
1
10
50167.0
20
-107655.0
11
50148.0
21
-107660.0
72
1
10
50148.0
20
-107660.0
11
50146.0
21
-107660.0
72
1
10
50146.0
20
-107660.0
11
50127.0
21
-107661.0
72
1
10
50127.0
20
-107661.0
11
50125.0
21
-107661.0
72
1
10
50125.0
20
-107661.0
11
50105.0
21
-107658.0
72
1
10
50105.0
20
-107658.0
11
50103.0
21
-107658.0
72
1
10
50103.0
20
-107658.0
11
50085.0
21
-107652.0
72
1
10
50085.0
20
-107652.0
11
50083.0
21
-107651.0
72
1
10
50083.0
20
-107651.0
11
50074.0
21
-107646.0
72
1
10
50074.0
20
-107646.0
11
48666.0
21
-106824.0
72
1
10
48666.0
20
-106824.0
11
48657.0
21
-106819.0
72
1
10
48657.0
20
-106819.0
11
48656.0
21
-106817.0
72
1
10
48656.0
20
-106817.0
11
48641.0
21
-106805.0
72
1
10
48641.0
20
-106805.0
11
48640.0
21
-106803.0
72
1
10
48640.0
20
-106803.0
11
48628.0
21
-106787.0
72
1
10
48628.0
20
-106787.0
11
48627.0
21
-106786.0
72
1
10
48627.0
20
-106786.0
11
48618.0
21
-106768.0
72
1
10
48618.0
20
-106768.0
11
48618.0
21
-106766.0
72
1
10
48618.0
20
-106766.0
11
48613.0
21
-106747.0
72
1
10
48613.0
20
-106747.0
11
48612.0
21
-106745.0
72
1
10
48612.0
20
-106745.0
11
48611.0
21
-106726.0
72
1
10
48611.0
20
-106726.0
11
48611.0
21
-106724.0
72
1
10
48611.0
20
-106724.0
11
48614.0
21
-106704.0
72
1
10
48614.0
20
-106704.0
11
48614.0
21
-106703.0
72
1
10
48614.0
20
-106703.0
11
48621.0
21
-106684.0
72
1
10
48621.0
20
-106684.0
11
48621.0
21
-106682.0
72
1
10
48621.0
20
-106682.0
11
48626.0
21
-106674.0
72
1
10
48626.0
20
-106674.0
11
48828.0
21
-106328.0
72
1
10
48828.0
20
-106328.0
11
46008.0
21
-104682.0
72
1
10
46008.0
20
-104682.0
11
46109.0
21
-104509.0
97
0
92
0
93
55
72
1
10
25746.0
20
-34460.0
11
26185.0
21
-32465.0
72
1
10
26185.0
20
-32465.0
11
25785.0
21
-32377.0
72
1
10
25785.0
20
-32377.0
11
25828.0
21
-32182.0
72
1
10
25828.0
20
-32182.0
11
26326.0
21
-32292.0
72
1
10
26326.0
20
-32292.0
11
26326.0
21
-32292.0
72
1
10
26326.0
20
-32292.0
11
27981.0
21
-32656.0
72
1
10
27981.0
20
-32656.0
11
27981.0
21
-32656.0
72
1
10
27981.0
20
-32656.0
11
29363.0
21
-32960.0
72
1
10
29363.0
20
-32960.0
11
29363.0
21
-32960.0
72
1
10
29363.0
20
-32960.0
11
32136.0
21
-33571.0
72
1
10
32136.0
20
-33571.0
11
32117.0
21
-33659.0
72
1
10
32117.0
20
-33659.0
11
32093.0
21
-33766.0
72
1
10
32093.0
20
-33766.0
11
32093.0
21
-33766.0
72
1
10
32093.0
20
-33766.0
11
32093.0
21
-33766.0
72
1
10
32093.0
20
-33766.0
11
29417.0
21
-33177.0
72
1
10
29417.0
20
-33177.0
11
29331.0
21
-33568.0
72
1
10
29331.0
20
-33568.0
11
29329.0
21
-33578.0
72
1
10
29329.0
20
-33578.0
11
29328.0
21
-33579.0
72
1
10
29328.0
20
-33579.0
11
29320.0
21
-33597.0
72
1
10
29320.0
20
-33597.0
11
29319.0
21
-33599.0
72
1
10
29319.0
20
-33599.0
11
29308.0
21
-33615.0
72
1
10
29308.0
20
-33615.0
11
29307.0
21
-33617.0
72
1
10
29307.0
20
-33617.0
11
29293.0
21
-33630.0
72
1
10
29293.0
20
-33630.0
11
29291.0
21
-33632.0
72
1
10
29291.0
20
-33632.0
11
29275.0
21
-33642.0
72
1
10
29275.0
20
-33642.0
11
29273.0
21
-33643.0
72
1
10
29273.0
20
-33643.0
11
29255.0
21
-33650.0
72
1
10
29255.0
20
-33650.0
11
29253.0
21
-33651.0
72
1
10
29253.0
20
-33651.0
11
29233.0
21
-33654.0
72
1
10
29233.0
20
-33654.0
11
29231.0
21
-33654.0
72
1
10
29231.0
20
-33654.0
11
29212.0
21
-33654.0
72
1
10
29212.0
20
-33654.0
11
29210.0
21
-33654.0
72
1
10
29210.0
20
-33654.0
11
29200.0
21
-33652.0
72
1
10
29200.0
20
-33652.0
11
27838.0
21
-33352.0
72
1
10
27838.0
20
-33352.0
11
27828.0
21
-33350.0
72
1
10
27828.0
20
-33350.0
11
27826.0
21
-33349.0
72
1
10
27826.0
20
-33349.0
11
27808.0
21
-33341.0
72
1
10
27808.0
20
-33341.0
11
27807.0
21
-33340.0
72
1
10
27807.0
20
-33340.0
11
27791.0
21
-33329.0
72
1
10
27791.0
20
-33329.0
11
27789.0
21
-33328.0
72
1
10
27789.0
20
-33328.0
11
27776.0
21
-33314.0
72
1
10
27776.0
20
-33314.0
11
27774.0
21
-33312.0
72
1
10
27774.0
20
-33312.0
11
27764.0
21
-33296.0
72
1
10
27764.0
20
-33296.0
11
27763.0
21
-33294.0
72
1
10
27763.0
20
-33294.0
11
27756.0
21
-33276.0
72
1
10
27756.0
20
-33276.0
11
27755.0
21
-33274.0
72
1
10
27755.0
20
-33274.0
11
27752.0
21
-33254.0
72
1
10
27752.0
20
-33254.0
11
27752.0
21
-33252.0
72
1
10
27752.0
20
-33252.0
11
27752.0
21
-33233.0
72
1
10
27752.0
20
-33233.0
11
27752.0
21
-33231.0
72
1
10
27752.0
20
-33231.0
11
27754.0
21
-33221.0
72
1
10
27754.0
20
-33221.0
11
27840.0
21
-32830.0
72
1
10
27840.0
20
-32830.0
11
26380.0
21
-32508.0
72
1
10
26380.0
20
-32508.0
11
25941.0
21
-34503.0
72
1
10
25941.0
20
-34503.0
11
25746.0
21
-34460.0
97
0
92
0
93
4
72
1
10
29222.0
20
-33134.0
11
28035.0
21
-32873.0
72
1
10
28035.0
20
-32873.0
11
27969.0
21
-33176.0
72
1
10
27969.0
20
-33176.0
11
29155.0
21
-33437.0
72
1
10
29155.0
20
-33437.0
11
29222.0
21
-33134.0
97
0
92
0
93
52
72
1
10
23396.0
20
-45133.0
11
23857.0
21
-43041.0
72
1
10
23857.0
20
-43041.0
11
24640.0
21
-39483.0
72
1
10
24640.0
20
-39483.0
11
25531.0
21
-35437.0
72
1
10
25531.0
20
-35437.0
11
25726.0
21
-35480.0
72
1
10
25726.0
20
-35480.0
11
25619.0
21
-35968.0
72
1
10
25619.0
20
-35968.0
11
24835.0
21
-39526.0
72
1
10
24835.0
20
-39526.0
11
24074.0
21
-42986.0
72
1
10
24074.0
20
-42986.0
11
29635.0
21
-44211.0
72
1
10
29635.0
20
-44211.0
11
29787.0
21
-44244.0
72
1
10
29787.0
20
-44244.0
11
29744.0
21
-44439.0
72
1
10
29744.0
20
-44439.0
11
27068.0
21
-43850.0
72
1
10
27068.0
20
-43850.0
11
26982.0
21
-44241.0
72
1
10
26982.0
20
-44241.0
11
26979.0
21
-44250.0
72
1
10
26979.0
20
-44250.0
11
26979.0
21
-44252.0
72
1
10
26979.0
20
-44252.0
11
26971.0
21
-44270.0
72
1
10
26971.0
20
-44270.0
11
26970.0
21
-44272.0
72
1
10
26970.0
20
-44272.0
11
26959.0
21
-44288.0
72
1
10
26959.0
20
-44288.0
11
26957.0
21
-44289.0
72
1
10
26957.0
20
-44289.0
11
26943.0
21
-44303.0
72
1
10
26943.0
20
-44303.0
11
26942.0
21
-44304.0
72
1
10
26942.0
20
-44304.0
11
26925.0
21
-44315.0
72
1
10
26925.0
20
-44315.0
11
26923.0
21
-44316.0
72
1
10
26923.0
20
-44316.0
11
26905.0
21
-44323.0
72
1
10
26905.0
20
-44323.0
11
26903.0
21
-44323.0
72
1
10
26903.0
20
-44323.0
11
26884.0
21
-44327.0
72
1
10
26884.0
20
-44327.0
11
26882.0
21
-44327.0
72
1
10
26882.0
20
-44327.0
11
26862.0
21
-44326.0
72
1
10
26862.0
20
-44326.0
11
26860.0
21
-44326.0
72
1
10
26860.0
20
-44326.0
11
26851.0
21
-44324.0
72
1
10
26851.0
20
-44324.0
11
25488.0
21
-44025.0
72
1
10
25488.0
20
-44025.0
11
25479.0
21
-44022.0
72
1
10
25479.0
20
-44022.0
11
25477.0
21
-44021.0
72
1
10
25477.0
20
-44021.0
11
25459.0
21
-44013.0
72
1
10
25459.0
20
-44013.0
11
25457.0
21
-44013.0
72
1
10
25457.0
20
-44013.0
11
25441.0
21
-44001.0
72
1
10
25441.0
20
-44001.0
11
25440.0
21
-44000.0
72
1
10
25440.0
20
-44000.0
11
25426.0
21
-43986.0
72
1
10
25426.0
20
-43986.0
11
25425.0
21
-43984.0
72
1
10
25425.0
20
-43984.0
11
25414.0
21
-43968.0
72
1
10
25414.0
20
-43968.0
11
25414.0
21
-43966.0
72
1
10
25414.0
20
-43966.0
11
25406.0
21
-43948.0
72
1
10
25406.0
20
-43948.0
11
25406.0
21
-43946.0
72
1
10
25406.0
20
-43946.0
11
25402.0
21
-43927.0
72
1
10
25402.0
20
-43927.0
11
25402.0
21
-43925.0
72
1
10
25402.0
20
-43925.0
11
25403.0
21
-43905.0
72
1
10
25403.0
20
-43905.0
11
25403.0
21
-43903.0
72
1
10
25403.0
20
-43903.0
11
25405.0
21
-43893.0
72
1
10
25405.0
20
-43893.0
11
25491.0
21
-43503.0
72
1
10
25491.0
20
-43503.0
11
24172.0
21
-43213.0
72
1
10
24172.0
20
-43213.0
11
24031.0
21
-43181.0
72
1
10
24031.0
20
-43181.0
11
23591.0
21
-45176.0
72
1
10
23591.0
20
-45176.0
11
23396.0
21
-45133.0
97
0
92
0
93
4
72
1
10
25686.0
20
-43546.0
11
25619.0
21
-43848.0
72
1
10
25619.0
20
-43848.0
11
26805.0
21
-44110.0
72
1
10
26805.0
20
-44110.0
11
26872.0
21
-43807.0
72
1
10
26872.0
20
-43807.0
11
25686.0
21
-43546.0
97
0
92
0
93
14
72
1
10
21911.0
20
-49970.0
11
22312.0
21
-50058.0
72
1
10
22312.0
20
-50058.0
11
23073.0
21
-46598.0
72
1
10
23073.0
20
-46598.0
11
23181.0
21
-46110.0
72
1
10
23181.0
20
-46110.0
11
23376.0
21
-46153.0
72
1
10
23376.0
20
-46153.0
11
23269.0
21
-46641.0
72
1
10
23269.0
20
-46641.0
11
22507.0
21
-50101.0
72
1
10
22507.0
20
-50101.0
11
28220.0
21
-51359.0
72
1
10
28220.0
20
-51359.0
11
28220.0
21
-51359.0
72
1
10
28220.0
20
-51359.0
11
28220.0
21
-51359.0
72
1
10
28220.0
20
-51359.0
11
28193.0
21
-51484.0
72
1
10
28193.0
20
-51484.0
11
28177.0
21
-51555.0
72
1
10
28177.0
20
-51555.0
11
28177.0
21
-51555.0
72
1
10
28177.0
20
-51555.0
11
21868.0
21
-50166.0
72
1
10
21868.0
20
-50166.0
11
21911.0
21
-49970.0
97
0
92
0
93
12
72
1
10
18519.0
20
-30778.0
11
18562.0
21
-30582.0
72
1
10
18562.0
20
-30582.0
11
18562.0
21
-30582.0
72
1
10
18562.0
20
-30582.0
11
24372.0
21
-31862.0
72
1
10
24372.0
20
-31862.0
11
24372.0
21
-31862.0
72
1
10
24372.0
20
-31862.0
11
24851.0
21
-31967.0
72
1
10
24851.0
20
-31967.0
11
24808.0
21
-32162.0
72
1
10
24808.0
20
-32162.0
11
24427.0
21
-32078.0
72
1
10
24427.0
20
-32078.0
11
23558.0
21
-36027.0
72
1
10
23558.0
20
-36027.0
11
23362.0
21
-35984.0
72
1
10
23362.0
20
-35984.0
11
23470.0
21
-35495.0
72
1
10
23470.0
20
-35495.0
11
24232.0
21
-32036.0
72
1
10
24232.0
20
-32036.0
11
18519.0
21
-30778.0
97
0
92
0
93
42
72
1
10
22629.0
20
-28106.0
11
22595.0
21
-28262.0
72
1
10
22595.0
20
-28262.0
11
24001.0
21
-28572.0
72
1
10
24001.0
20
-28572.0
11
24035.0
21
-28416.0
72
1
10
24035.0
20
-28416.0
11
24231.0
21
-28459.0
72
1
10
24231.0
20
-28459.0
11
24177.0
21
-28703.0
72
1
10
24177.0
20
-28703.0
11
24174.0
21
-28712.0
72
1
10
24174.0
20
-28712.0
11
24174.0
21
-28714.0
72
1
10
24174.0
20
-28714.0
11
24166.0
21
-28732.0
72
1
10
24166.0
20
-28732.0
11
24165.0
21
-28734.0
72
1
10
24165.0
20
-28734.0
11
24154.0
21
-28750.0
72
1
10
24154.0
20
-28750.0
11
24152.0
21
-28751.0
72
1
10
24152.0
20
-28751.0
11
24138.0
21
-28765.0
72
1
10
24138.0
20
-28765.0
11
24137.0
21
-28766.0
72
1
10
24137.0
20
-28766.0
11
24120.0
21
-28777.0
72
1
10
24120.0
20
-28777.0
11
24119.0
21
-28778.0
72
1
10
24119.0
20
-28778.0
11
24100.0
21
-28785.0
72
1
10
24100.0
20
-28785.0
11
24098.0
21
-28785.0
72
1
10
24098.0
20
-28785.0
11
24079.0
21
-28789.0
72
1
10
24079.0
20
-28789.0
11
24077.0
21
-28789.0
72
1
10
24077.0
20
-28789.0
11
24058.0
21
-28788.0
72
1
10
24058.0
20
-28788.0
11
24056.0
21
-28788.0
72
1
10
24056.0
20
-28788.0
11
24046.0
21
-28787.0
72
1
10
24046.0
20
-28787.0
11
22464.0
21
-28438.0
72
1
10
22464.0
20
-28438.0
11
22454.0
21
-28436.0
72
1
10
22454.0
20
-28436.0
11
22452.0
21
-28435.0
72
1
10
22452.0
20
-28435.0
11
22435.0
21
-28427.0
72
1
10
22435.0
20
-28427.0
11
22433.0
21
-28426.0
72
1
10
22433.0
20
-28426.0
11
22417.0
21
-28415.0
72
1
10
22417.0
20
-28415.0
11
22415.0
21
-28414.0
72
1
10
22415.0
20
-28414.0
11
22402.0
21
-28400.0
72
1
10
22402.0
20
-28400.0
11
22400.0
21
-28398.0
72
1
10
22400.0
20
-28398.0
11
22390.0
21
-28382.0
72
1
10
22390.0
20
-28382.0
11
22389.0
21
-28380.0
72
1
10
22389.0
20
-28380.0
11
22382.0
21
-28362.0
72
1
10
22382.0
20
-28362.0
11
22381.0
21
-28360.0
72
1
10
22381.0
20
-28360.0
11
22378.0
21
-28340.0
72
1
10
22378.0
20
-28340.0
11
22378.0
21
-28338.0
72
1
10
22378.0
20
-28338.0
11
22378.0
21
-28319.0
72
1
10
22378.0
20
-28319.0
11
22378.0
21
-28317.0
72
1
10
22378.0
20
-28317.0
11
22380.0
21
-28307.0
72
1
10
22380.0
20
-28307.0
11
22434.0
21
-28063.0
72
1
10
22434.0
20
-28063.0
11
22629.0
21
-28106.0
97
0
92
0
93
60
72
1
10
23343.0
20
-37003.0
11
22882.0
21
-39096.0
72
1
10
22882.0
20
-39096.0
11
22866.0
21
-39132.0
72
1
10
22866.0
20
-39132.0
11
22838.0
21
-39159.0
72
1
10
22838.0
20
-39159.0
11
22802.0
21
-39173.0
72
1
10
22802.0
20
-39173.0
11
22763.0
21
-39172.0
72
1
10
22763.0
20
-39172.0
11
21108.0
21
-38808.0
72
1
10
21108.0
20
-38808.0
11
21072.0
21
-38792.0
72
1
10
21072.0
20
-38792.0
11
21045.0
21
-38764.0
72
1
10
21045.0
20
-38764.0
11
21031.0
21
-38728.0
72
1
10
21031.0
20
-38728.0
11
21031.0
21
-38689.0
72
1
10
21031.0
20
-38689.0
11
21119.0
21
-38288.0
72
1
10
21119.0
20
-38288.0
11
19934.0
21
-38027.0
72
1
10
19934.0
20
-38027.0
11
19845.0
21
-38427.0
72
1
10
19845.0
20
-38427.0
11
19829.0
21
-38463.0
72
1
10
19829.0
20
-38463.0
11
19801.0
21
-38490.0
72
1
10
19801.0
20
-38490.0
11
19765.0
21
-38504.0
72
1
10
19765.0
20
-38504.0
11
19726.0
21
-38504.0
72
1
10
19726.0
20
-38504.0
11
16952.0
21
-37893.0
72
1
10
16952.0
20
-37893.0
11
16995.0
21
-37698.0
72
1
10
16995.0
20
-37698.0
11
19671.0
21
-38287.0
72
1
10
19671.0
20
-38287.0
11
19757.0
21
-37896.0
72
1
10
19757.0
20
-37896.0
11
19760.0
21
-37887.0
72
1
10
19760.0
20
-37887.0
11
19760.0
21
-37885.0
72
1
10
19760.0
20
-37885.0
11
19768.0
21
-37867.0
72
1
10
19768.0
20
-37867.0
11
19769.0
21
-37865.0
72
1
10
19769.0
20
-37865.0
11
19780.0
21
-37849.0
72
1
10
19780.0
20
-37849.0
11
19781.0
21
-37847.0
72
1
10
19781.0
20
-37847.0
11
19796.0
21
-37834.0
72
1
10
19796.0
20
-37834.0
11
19797.0
21
-37833.0
72
1
10
19797.0
20
-37833.0
11
19814.0
21
-37822.0
72
1
10
19814.0
20
-37822.0
11
19815.0
21
-37821.0
72
1
10
19815.0
20
-37821.0
11
19834.0
21
-37814.0
72
1
10
19834.0
20
-37814.0
11
19836.0
21
-37814.0
72
1
10
19836.0
20
-37814.0
11
19855.0
21
-37810.0
72
1
10
19855.0
20
-37810.0
11
19857.0
21
-37810.0
72
1
10
19857.0
20
-37810.0
11
19876.0
21
-37810.0
72
1
10
19876.0
20
-37810.0
11
19878.0
21
-37811.0
72
1
10
19878.0
20
-37811.0
11
19888.0
21
-37812.0
72
1
10
19888.0
20
-37812.0
11
21250.0
21
-38112.0
72
1
10
21250.0
20
-38112.0
11
21260.0
21
-38115.0
72
1
10
21260.0
20
-38115.0
11
21262.0
21
-38115.0
72
1
10
21262.0
20
-38115.0
11
21280.0
21
-38123.0
72
1
10
21280.0
20
-38123.0
11
21281.0
21
-38124.0
72
1
10
21281.0
20
-38124.0
11
21297.0
21
-38135.0
72
1
10
21297.0
20
-38135.0
11
21299.0
21
-38137.0
72
1
10
21299.0
20
-38137.0
11
21313.0
21
-38151.0
72
1
10
21313.0
20
-38151.0
11
21314.0
21
-38152.0
72
1
10
21314.0
20
-38152.0
11
21324.0
21
-38169.0
72
1
10
21324.0
20
-38169.0
11
21325.0
21
-38171.0
72
1
10
21325.0
20
-38171.0
11
21332.0
21
-38189.0
72
1
10
21332.0
20
-38189.0
11
21333.0
21
-38191.0
72
1
10
21333.0
20
-38191.0
11
21336.0
21
-38210.0
72
1
10
21336.0
20
-38210.0
11
21336.0
21
-38212.0
72
1
10
21336.0
20
-38212.0
11
21336.0
21
-38232.0
72
1
10
21336.0
20
-38232.0
11
21336.0
21
-38234.0
72
1
10
21336.0
20
-38234.0
11
21334.0
21
-38243.0
72
1
10
21334.0
20
-38243.0
11
21248.0
21
-38634.0
72
1
10
21248.0
20
-38634.0
11
22708.0
21
-38955.0
72
1
10
22708.0
20
-38955.0
11
23147.0
21
-36960.0
72
1
10
23147.0
20
-36960.0
11
23343.0
21
-37003.0
97
0
92
0
93
35
72
1
10
15429.0
20
-44813.0
11
19110.0
21
-45623.0
72
1
10
19110.0
20
-45623.0
11
19146.0
21
-45639.0
72
1
10
19146.0
20
-45639.0
11
19173.0
21
-45667.0
72
1
10
19173.0
20
-45667.0
11
19187.0
21
-45704.0
72
1
10
19187.0
20
-45704.0
11
19187.0
21
-45743.0
72
1
10
19187.0
20
-45743.0
11
19099.0
21
-46143.0
72
1
10
19099.0
20
-46143.0
11
21130.0
21
-46590.0
72
1
10
21130.0
20
-46590.0
11
21165.0
21
-46606.0
72
1
10
21165.0
20
-46606.0
11
21192.0
21
-46634.0
72
1
10
21192.0
20
-46634.0
11
21207.0
21
-46670.0
72
1
10
21207.0
20
-46670.0
11
21206.0
21
-46709.0
72
1
10
21206.0
20
-46709.0
11
20855.0
21
-48303.0
72
1
10
20855.0
20
-48303.0
11
20660.0
21
-48260.0
72
1
10
20660.0
20
-48260.0
11
20989.0
21
-46764.0
72
1
10
20989.0
20
-46764.0
11
18967.0
21
-46319.0
72
1
10
18967.0
20
-46319.0
11
18958.0
21
-46316.0
72
1
10
18958.0
20
-46316.0
11
18956.0
21
-46316.0
72
1
10
18956.0
20
-46316.0
11
18938.0
21
-46308.0
72
1
10
18938.0
20
-46308.0
11
18936.0
21
-46307.0
72
1
10
18936.0
20
-46307.0
11
18920.0
21
-46296.0
72
1
10
18920.0
20
-46296.0
11
18919.0
21
-46294.0
72
1
10
18919.0
20
-46294.0
11
18905.0
21
-46280.0
72
1
10
18905.0
20
-46280.0
11
18904.0
21
-46279.0
72
1
10
18904.0
20
-46279.0
11
18894.0
21
-46262.0
72
1
10
18894.0
20
-46262.0
11
18893.0
21
-46261.0
72
1
10
18893.0
20
-46261.0
11
18886.0
21
-46242.0
72
1
10
18886.0
20
-46242.0
11
18885.0
21
-46240.0
72
1
10
18885.0
20
-46240.0
11
18882.0
21
-46221.0
72
1
10
18882.0
20
-46221.0
11
18881.0
21
-46219.0
72
1
10
18881.0
20
-46219.0
11
18882.0
21
-46200.0
72
1
10
18882.0
20
-46200.0
11
18882.0
21
-46198.0
72
1
10
18882.0
20
-46198.0
11
18884.0
21
-46188.0
72
1
10
18884.0
20
-46188.0
11
18970.0
21
-45797.0
72
1
10
18970.0
20
-45797.0
11
15386.0
21
-45008.0
72
1
10
15386.0
20
-45008.0
11
15429.0
21
-44813.0
97
0
92
0
93
11
72
1
10
14602.0
20
-48566.0
11
14602.0
21
-48566.0
72
1
10
14602.0
20
-48566.0
11
14626.0
21
-48457.0
72
1
10
14626.0
20
-48457.0
11
14645.0
21
-48371.0
72
1
10
14645.0
20
-48371.0
11
14645.0
21
-48371.0
72
1
10
14645.0
20
-48371.0
11
20358.0
21
-49628.0
72
1
10
20358.0
20
-49628.0
11
20445.0
21
-49237.0
72
1
10
20445.0
20
-49237.0
11
20640.0
21
-49280.0
72
1
10
20640.0
20
-49280.0
11
20554.0
21
-49671.0
72
1
10
20554.0
20
-49671.0
11
20935.0
21
-49755.0
72
1
10
20935.0
20
-49755.0
11
20892.0
21
-49951.0
72
1
10
20892.0
20
-49951.0
11
14602.0
21
-48566.0
97
0
92
0
93
42
72
1
10
18660.0
20
-52831.0
11
18695.0
21
-52675.0
72
1
10
18695.0
20
-52675.0
11
17288.0
21
-52365.0
72
1
10
17288.0
20
-52365.0
11
17254.0
21
-52521.0
72
1
10
17254.0
20
-52521.0
11
17059.0
21
-52478.0
72
1
10
17059.0
20
-52478.0
11
17112.0
21
-52234.0
72
1
10
17112.0
20
-52234.0
11
17115.0
21
-52225.0
72
1
10
17115.0
20
-52225.0
11
17115.0
21
-52223.0
72
1
10
17115.0
20
-52223.0
11
17123.0
21
-52205.0
72
1
10
17123.0
20
-52205.0
11
17124.0
21
-52203.0
72
1
10
17124.0
20
-52203.0
11
17135.0
21
-52187.0
72
1
10
17135.0
20
-52187.0
11
17137.0
21
-52186.0
72
1
10
17137.0
20
-52186.0
11
17151.0
21
-52172.0
72
1
10
17151.0
20
-52172.0
11
17152.0
21
-52171.0
72
1
10
17152.0
20
-52171.0
11
17169.0
21
-52160.0
72
1
10
17169.0
20
-52160.0
11
17171.0
21
-52159.0
72
1
10
17171.0
20
-52159.0
11
17189.0
21
-52152.0
72
1
10
17189.0
20
-52152.0
11
17191.0
21
-52152.0
72
1
10
17191.0
20
-52152.0
11
17210.0
21
-52148.0
72
1
10
17210.0
20
-52148.0
11
17212.0
21
-52148.0
72
1
10
17212.0
20
-52148.0
11
17232.0
21
-52149.0
72
1
10
17232.0
20
-52149.0
11
17234.0
21
-52149.0
72
1
10
17234.0
20
-52149.0
11
17243.0
21
-52150.0
72
1
10
17243.0
20
-52150.0
11
18825.0
21
-52499.0
72
1
10
18825.0
20
-52499.0
11
18835.0
21
-52501.0
72
1
10
18835.0
20
-52501.0
11
18837.0
21
-52502.0
72
1
10
18837.0
20
-52502.0
11
18855.0
21
-52510.0
72
1
10
18855.0
20
-52510.0
11
18856.0
21
-52511.0
72
1
10
18856.0
20
-52511.0
11
18873.0
21
-52522.0
72
1
10
18873.0
20
-52522.0
11
18874.0
21
-52523.0
72
1
10
18874.0
20
-52523.0
11
18888.0
21
-52537.0
72
1
10
18888.0
20
-52537.0
11
18889.0
21
-52539.0
72
1
10
18889.0
20
-52539.0
11
18899.0
21
-52555.0
72
1
10
18899.0
20
-52555.0
11
18900.0
21
-52557.0
72
1
10
18900.0
20
-52557.0
11
18907.0
21
-52575.0
72
1
10
18907.0
20
-52575.0
11
18908.0
21
-52577.0
72
1
10
18908.0
20
-52577.0
11
18911.0
21
-52597.0
72
1
10
18911.0
20
-52597.0
11
18911.0
21
-52599.0
72
1
10
18911.0
20
-52599.0
11
18911.0
21
-52618.0
72
1
10
18911.0
20
-52618.0
11
18911.0
21
-52620.0
72
1
10
18911.0
20
-52620.0
11
18909.0
21
-52630.0
72
1
10
18909.0
20
-52630.0
11
18855.0
21
-52874.0
72
1
10
18855.0
20
-52874.0
11
18660.0
21
-52831.0
97
0
75
0
76
1
98
0
0
LINE
5
403f
100
AcDbEntity
8
Inner Walls
6
Solid
370
15
62
47
100
AcDbLine
10
112693.0
20
-104308.0
30
0.0
11
113124.0
21
-104560.0
31
0.0
0
LINE
5
4041
100
AcDbEntity
8
Inner Walls
6
Solid
370
15
62
47
100
AcDbLine
10
113124.0
20
-104560.0
30
0.0
11
116184.0
21
-106347.0
31
0.0
0
LINE
5
4043
100
AcDbEntity
8
Inner Walls
6
Solid
370
15
62
47
100
AcDbLine
10
116184.0
20
-106347.0
30
0.0
11
117986.0
21
-103260.0
31
0.0
0
LINE
5
4045
100
AcDbEntity
8
Inner Walls
6
Solid
370
15
62
47
100
AcDbLine
10
117986.0
20
-103260.0
30
0.0
11
119133.0
21
-101295.0
31
0.0
0
LINE
5
4047
100
AcDbEntity
8
Inner Walls
6
Solid
370
15
62
47
100
AcDbLine
10
119133.0
20
-101295.0
30
0.0
11
119306.0
21
-101396.0
31
0.0
0
LINE
5
4049
100
AcDbEntity
8
Inner Walls
6
Solid
370
15
62
47
100
AcDbLine
10
119306.0
20
-101396.0
30
0.0
11
116049.0
21
-106974.0
31
0.0
0
LINE
5
404b
100
AcDbEntity
8
Inner Walls
6
Solid
370
15
62
47
100
AcDbLine
10
116049.0
20
-106974.0
30
0.0
11
115876.0
21
-106873.0
31
0.0
0
LINE
5
404d
100
AcDbEntity
8
Inner Walls
6
Solid
370
15
62
47
100
AcDbLine
10
115876.0
20
-106873.0
30
0.0
11
116083.0
21
-106519.0
31
0.0
0
LINE
5
404f
100
AcDbEntity
8
Inner Walls
6
Solid
370
15
62
47
100
AcDbLine
10
116083.0
20
-106519.0
30
0.0
11
113024.0
21
-104733.0
31
0.0
0
LINE
5
4051
100
AcDbEntity
8
Inner Walls
6
Solid
370
15
62
47
100
AcDbLine
10
113024.0
20
-104733.0
30
0.0
11
112592.0
21
-104481.0
31
0.0
0
LINE
5
4053
100
AcDbEntity
8
Inner Walls
6
Solid
370
15
62
47
100
AcDbLine
10
112592.0
20
-104481.0
30
0.0
11
112693.0
21
-104308.0
31
0.0
0
LINE
5
4055
100
AcDbEntity
8
Inner Walls
6
Solid
370
15
62
47
100
AcDbLine
10
117602.0
20
-110845.0
30
0.0
11
117464.0
21
-110765.0
31
0.0
0
LINE
5
4057
100
AcDbEntity
8
Inner Walls
6
Solid
370
15
62
47
100
AcDbLine
10
117464.0
20
-110765.0
30
0.0
11
116738.0
21
-112008.0
31
0.0
0
LINE
5
4059
100
AcDbEntity
8
Inner Walls
6
Solid
370
15
62
47
100
AcDbLine
10
116738.0
20
-112008.0
30
0.0
11
116876.0
21
-112089.0
31
0.0
0
LINE
5
405b
100
AcDbEntity
8
Inner Walls
6
Solid
370
15
62
47
100
AcDbLine
10
116876.0
20
-112089.0
30
0.0
11
116775.0
21
-112262.0
31
0.0
0
LINE
5
405d
100
AcDbEntity
8
Inner Walls
6
Solid
370
15
62
47
100
AcDbLine
10
116775.0
20
-112262.0
30
0.0
11
116559.0
21
-112136.0
31
0.0
0
LINE
5
405f
100
AcDbEntity
8
Inner Walls
6
Solid
370
15
62
47
100
AcDbLine
10
116559.0
20
-112136.0
30
0.0
11
116551.0
21
-112130.0
31
0.0
0
LINE
5
4061
100
AcDbEntity
8
Inner Walls
6
Solid
370
15
62
47
100
AcDbLine
10
116551.0
20
-112130.0
30
0.0
11
116550.0
21
-112129.0
31
0.0
0
LINE
5
4063
100
AcDbEntity
8
Inner Walls
6
Solid
370
15
62
47
100
AcDbLine
10
116550.0
20
-112129.0
30
0.0
11
116535.0
21
-112116.0
31
0.0
0
LINE
5
4065
100
AcDbEntity
8
Inner Walls
6
Solid
370
15
62
47
100
AcDbLine
10
116535.0
20
-112116.0
30
0.0
11
116534.0
21
-112115.0
31
0.0
0
LINE
5
4067
100
AcDbEntity
8
Inner Walls
6
Solid
370
15
62
47
100
AcDbLine
10
116534.0
20
-112115.0
30
0.0
11
116522.0
21
-112099.0
31
0.0
0
LINE
5
4069
100
AcDbEntity
8
Inner Walls
6
Solid
370
15
62
47
100
AcDbLine
10
116522.0
20
-112099.0
30
0.0
11
116521.0
21
-112097.0
31
0.0
0
LINE
5
406b
100
AcDbEntity
8
Inner Walls
6
Solid
370
15
62
47
100
AcDbLine
10
116521.0
20
-112097.0
30
0.0
11
116512.0
21
-112080.0
31
0.0
0
LINE
5
406d
100
AcDbEntity
8
Inner Walls
6
Solid
370
15
62
47
100
AcDbLine
10
116512.0
20
-112080.0
30
0.0
11
116511.0
21
-112078.0
31
0.0
0
LINE
5
406f
100
AcDbEntity
8
Inner Walls
6
Solid
370
15
62
47
100
AcDbLine
10
116511.0
20
-112078.0
30
0.0
11
116506.0
21
-112059.0
31
0.0
0
LINE
5
4071
100
AcDbEntity
8
Inner Walls
6
Solid
370
15
62
47
100
AcDbLine
10
116506.0
20
-112059.0
30
0.0
11
116506.0
21
-112057.0
31
0.0
0
LINE
5
4073
100
AcDbEntity
8
Inner Walls
6
Solid
370
15
62
47
100
AcDbLine
10
116506.0
20
-112057.0
30
0.0
11
116505.0
21
-112037.0
31
0.0
0
LINE
5
4075
100
AcDbEntity
8
Inner Walls
6
Solid
370
15
62
47
100
AcDbLine
10
116505.0
20
-112037.0
30
0.0
11
116505.0
21
-112036.0
31
0.0
0
LINE
5
4077
100
AcDbEntity
8
Inner Walls
6
Solid
370
15
62
47
100
AcDbLine
10
116505.0
20
-112036.0
30
0.0
11
116508.0
21
-112016.0
31
0.0
0
LINE
5
4079
100
AcDbEntity
8
Inner Walls
6
Solid
370
15
62
47
100
AcDbLine
10
116508.0
20
-112016.0
30
0.0
11
116508.0
21
-112014.0
31
0.0
0
LINE
5
407b
100
AcDbEntity
8
Inner Walls
6
Solid
370
15
62
47
100
AcDbLine
10
116508.0
20
-112014.0
30
0.0
11
116514.0
21
-111996.0
31
0.0
0
LINE
5
407d
100
AcDbEntity
8
Inner Walls
6
Solid
370
15
62
47
100
AcDbLine
10
116514.0
20
-111996.0
30
0.0
11
116515.0
21
-111994.0
31
0.0
0
LINE
5
407f
100
AcDbEntity
8
Inner Walls
6
Solid
370
15
62
47
100
AcDbLine
10
116515.0
20
-111994.0
30
0.0
11
116520.0
21
-111985.0
31
0.0
0
LINE
5
4081
100
AcDbEntity
8
Inner Walls
6
Solid
370
15
62
47
100
AcDbLine
10
116520.0
20
-111985.0
30
0.0
11
117337.0
21
-110586.0
31
0.0
0
LINE
5
4083
100
AcDbEntity
8
Inner Walls
6
Solid
370
15
62
47
100
AcDbLine
10
117337.0
20
-110586.0
30
0.0
11
117342.0
21
-110578.0
31
0.0
0
LINE
5
4085
100
AcDbEntity
8
Inner Walls
6
Solid
370
15
62
47
100
AcDbLine
10
117342.0
20
-110578.0
30
0.0
11
117343.0
21
-110576.0
31
0.0
0
LINE
5
4087
100
AcDbEntity
8
Inner Walls
6
Solid
370
15
62
47
100
AcDbLine
10
117343.0
20
-110576.0
30
0.0
11
117356.0
21
-110562.0
31
0.0
0
LINE
5
4089
100
AcDbEntity
8
Inner Walls
6
Solid
370
15
62
47
100
AcDbLine
10
117356.0
20
-110562.0
30
0.0
11
117358.0
21
-110560.0
31
0.0
0
LINE
5
408b
100
AcDbEntity
8
Inner Walls
6
Solid
370
15
62
47
100
AcDbLine
10
117358.0
20
-110560.0
30
0.0
11
117373.0
21
-110548.0
31
0.0
0
LINE
5
408d
100
AcDbEntity
8
Inner Walls
6
Solid
370
15
62
47
100
AcDbLine
10
117373.0
20
-110548.0
30
0.0
11
117375.0
21
-110547.0
31
0.0
0
LINE
5
408f
100
AcDbEntity
8
Inner Walls
6
Solid
370
15
62
47
100
AcDbLine
10
117375.0
20
-110547.0
30
0.0
11
117392.0
21
-110539.0
31
0.0
0
LINE
5
4091
100
AcDbEntity
8
Inner Walls
6
Solid
370
15
62
47
100
AcDbLine
10
117392.0
20
-110539.0
30
0.0
11
117394.0
21
-110538.0
31
0.0
0
LINE
5
4093
100
AcDbEntity
8
Inner Walls
6
Solid
370
15
62
47
100
AcDbLine
10
117394.0
20
-110538.0
30
0.0
11
117413.0
21
-110533.0
31
0.0
0
LINE
5
4095
100
AcDbEntity
8
Inner Walls
6
Solid
370
15
62
47
100
AcDbLine
10
117413.0
20
-110533.0
30
0.0
11
117415.0
21
-110533.0
31
0.0
0
LINE
5
4097
100
AcDbEntity
8
Inner Walls
6
Solid
370
15
62
47
100
AcDbLine
10
117415.0
20
-110533.0
30
0.0
11
117435.0
21
-110532.0
31
0.0
0
LINE
5
4099
100
AcDbEntity
8
Inner Walls
6
Solid
370
15
62
47
100
AcDbLine
10
117435.0
20
-110532.0
30
0.0
11
117437.0
21
-110532.0
31
0.0
0
LINE
5
409b
100
AcDbEntity
8
Inner Walls
6
Solid
370
15
62
47
100
AcDbLine
10
117437.0
20
-110532.0
30
0.0
11
117456.0
21
-110534.0
31
0.0
0
LINE
5
409d
100
AcDbEntity
8
Inner Walls
6
Solid
370
15
62
47
100
AcDbLine
10
117456.0
20
-110534.0
30
0.0
11
117458.0
21
-110535.0
31
0.0
0
LINE
5
409f
100
AcDbEntity
8
Inner Walls
6
Solid
370
15
62
47
100
AcDbLine
10
117458.0
20
-110535.0
30
0.0
11
117477.0
21
-110541.0
31
0.0
0
LINE
5
40a1
100
AcDbEntity
8
Inner Walls
6
Solid
370
15
62
47
100
AcDbLine
10
117477.0
20
-110541.0
30
0.0
11
117478.0
21
-110542.0
31
0.0
0
LINE
5
40a3
100
AcDbEntity
8
Inner Walls
6
Solid
370
15
62
47
100
AcDbLine
10
117478.0
20
-110542.0
30
0.0
11
117487.0
21
-110547.0
31
0.0
0
LINE
5
40a5
100
AcDbEntity
8
Inner Walls
6
Solid
370
15
62
47
100
AcDbLine
10
117487.0
20
-110547.0
30
0.0
11
117703.0
21
-110673.0
31
0.0
0
LINE
5
40a7
100
AcDbEntity
8
Inner Walls
6
Solid
370
15
62
47
100
AcDbLine
10
117703.0
20
-110673.0
30
0.0
11
117602.0
21
-110845.0
31
0.0
0
POINT
5
40a9
100
AcDbEntity
8
Inner Walls
6
Solid
370
15
62
47
100
AcDbPoint
10
112125.0
20
-113299.0
30
0.0
0
LINE
5
40ab
100
AcDbEntity
8
Inner Walls
6
Solid
370
15
62
47
100
AcDbLine
10
112125.0
20
-113299.0
30
0.0
11
113506.0
21
-110932.0
31
0.0
0
LINE
5
40ad
100
AcDbEntity
8
Inner Walls
6
Solid
370
15
62
47
100
AcDbLine
10
113506.0
20
-110932.0
30
0.0
11
113161.0
21
-110730.0
31
0.0
0
LINE
5
40af
100
AcDbEntity
8
Inner Walls
6
Solid
370
15
62
47
100
AcDbLine
10
113161.0
20
-110730.0
30
0.0
11
113153.0
21
-110725.0
31
0.0
0
LINE
5
40b1
100
AcDbEntity
8
Inner Walls
6
Solid
370
15
62
47
100
AcDbLine
10
113153.0
20
-110725.0
30
0.0
11
113151.0
21
-110724.0
31
0.0
0
LINE
5
40b3
100
AcDbEntity
8
Inner Walls
6
Solid
370
15
62
47
100
AcDbLine
10
113151.0
20
-110724.0
30
0.0
11
113137.0
21
-110711.0
31
0.0
0
LINE
5
40b5
100
AcDbEntity
8
Inner Walls
6
Solid
370
15
62
47
100
AcDbLine
10
113137.0
20
-110711.0
30
0.0
11
113135.0
21
-110709.0
31
0.0
0
LINE
5
40b7
100
AcDbEntity
8
Inner Walls
6
Solid
370
15
62
47
100
AcDbLine
10
113135.0
20
-110709.0
30
0.0
11
113123.0
21
-110694.0
31
0.0
0
LINE
5
40b9
100
AcDbEntity
8
Inner Walls
6
Solid
370
15
62
47
100
AcDbLine
10
113123.0
20
-110694.0
30
0.0
11
113122.0
21
-110692.0
31
0.0
0
LINE
5
40bb
100
AcDbEntity
8
Inner Walls
6
Solid
370
15
62
47
100
AcDbLine
10
113122.0
20
-110692.0
30
0.0
11
113114.0
21
-110674.0
31
0.0
0
LINE
5
40bd
100
AcDbEntity
8
Inner Walls
6
Solid
370
15
62
47
100
AcDbLine
10
113114.0
20
-110674.0
30
0.0
11
113113.0
21
-110673.0
31
0.0
0
LINE
5
40bf
100
AcDbEntity
8
Inner Walls
6
Solid
370
15
62
47
100
AcDbLine
10
113113.0
20
-110673.0
30
0.0
11
113108.0
21
-110654.0
31
0.0
0
LINE
5
40c1
100
AcDbEntity
8
Inner Walls
6
Solid
370
15
62
47
100
AcDbLine
10
113108.0
20
-110654.0
30
0.0
11
113108.0
21
-110652.0
31
0.0
0
LINE
5
40c3
100
AcDbEntity
8
Inner Walls
6
Solid
370
15
62
47
100
AcDbLine
10
113108.0
20
-110652.0
30
0.0
11
113107.0
21
-110632.0
31
0.0
0
LINE
5
40c5
100
AcDbEntity
8
Inner Walls
6
Solid
370
15
62
47
100
AcDbLine
10
113107.0
20
-110632.0
30
0.0
11
113107.0
21
-110630.0
31
0.0
0
LINE
5
40c7
100
AcDbEntity
8
Inner Walls
6
Solid
370
15
62
47
100
AcDbLine
10
113107.0
20
-110630.0
30
0.0
11
113109.0
21
-110611.0
31
0.0
0
LINE
5
40c9
100
AcDbEntity
8
Inner Walls
6
Solid
370
15
62
47
100
AcDbLine
10
113109.0
20
-110611.0
30
0.0
11
113110.0
21
-110609.0
31
0.0
0
LINE
5
40cb
100
AcDbEntity
8
Inner Walls
6
Solid
370
15
62
47
100
AcDbLine
10
113110.0
20
-110609.0
30
0.0
11
113116.0
21
-110590.0
31
0.0
0
LINE
5
40cd
100
AcDbEntity
8
Inner Walls
6
Solid
370
15
62
47
100
AcDbLine
10
113116.0
20
-110590.0
30
0.0
11
113117.0
21
-110589.0
31
0.0
0
LINE
5
40cf
100
AcDbEntity
8
Inner Walls
6
Solid
370
15
62
47
100
AcDbLine
10
113117.0
20
-110589.0
30
0.0
11
113121.0
21
-110580.0
31
0.0
0
LINE
5
40d1
100
AcDbEntity
8
Inner Walls
6
Solid
370
15
62
47
100
AcDbLine
10
113121.0
20
-110580.0
30
0.0
11
113825.0
21
-109375.0
31
0.0
0
LINE
5
40d3
100
AcDbEntity
8
Inner Walls
6
Solid
370
15
62
47
100
AcDbLine
10
113825.0
20
-109375.0
30
0.0
11
113830.0
21
-109367.0
31
0.0
0
LINE
5
40d5
100
AcDbEntity
8
Inner Walls
6
Solid
370
15
62
47
100
AcDbLine
10
113830.0
20
-109367.0
30
0.0
11
113831.0
21
-109365.0
31
0.0
0
LINE
5
40d7
100
AcDbEntity
8
Inner Walls
6
Solid
370
15
62
47
100
AcDbLine
10
113831.0
20
-109365.0
30
0.0
11
113844.0
21
-109351.0
31
0.0
0
LINE
5
40d9
100
AcDbEntity
8
Inner Walls
6
Solid
370
15
62
47
100
AcDbLine
10
113844.0
20
-109351.0
30
0.0
11
113846.0
21
-109349.0
31
0.0
0
LINE
5
40db
100
AcDbEntity
8
Inner Walls
6
Solid
370
15
62
47
100
AcDbLine
10
113846.0
20
-109349.0
30
0.0
11
113861.0
21
-109337.0
31
0.0
0
LINE
5
40dd
100
AcDbEntity
8
Inner Walls
6
Solid
370
15
62
47
100
AcDbLine
10
113861.0
20
-109337.0
30
0.0
11
113863.0
21
-109336.0
31
0.0
0
LINE
5
40df
100
AcDbEntity
8
Inner Walls
6
Solid
370
15
62
47
100
AcDbLine
10
113863.0
20
-109336.0
30
0.0
11
113880.0
21
-109328.0
31
0.0
0
LINE
5
40e1
100
AcDbEntity
8
Inner Walls
6
Solid
370
15
62
47
100
AcDbLine
10
113880.0
20
-109328.0
30
0.0
11
113882.0
21
-109327.0
31
0.0
0
LINE
5
40e3
100
AcDbEntity
8
Inner Walls
6
Solid
370
15
62
47
100
AcDbLine
10
113882.0
20
-109327.0
30
0.0
11
113901.0
21
-109322.0
31
0.0
0
LINE
5
40e5
100
AcDbEntity
8
Inner Walls
6
Solid
370
15
62
47
100
AcDbLine
10
113901.0
20
-109322.0
30
0.0
11
113903.0
21
-109322.0
31
0.0
0
LINE
5
40e7
100
AcDbEntity
8
Inner Walls
6
Solid
370
15
62
47
100
AcDbLine
10
113903.0
20
-109322.0
30
0.0
11
113923.0
21
-109321.0
31
0.0
0
LINE
5
40e9
100
AcDbEntity
8
Inner Walls
6
Solid
370
15
62
47
100
AcDbLine
10
113923.0
20
-109321.0
30
0.0
11
113925.0
21
-109321.0
31
0.0
0
LINE
5
40eb
100
AcDbEntity
8
Inner Walls
6
Solid
370
15
62
47
100
AcDbLine
10
113925.0
20
-109321.0
30
0.0
11
113944.0
21
-109323.0
31
0.0
0
LINE
5
40ed
100
AcDbEntity
8
Inner Walls
6
Solid
370
15
62
47
100
AcDbLine
10
113944.0
20
-109323.0
30
0.0
11
113946.0
21
-109324.0
31
0.0
0
LINE
5
40ef
100
AcDbEntity
8
Inner Walls
6
Solid
370
15
62
47
100
AcDbLine
10
113946.0
20
-109324.0
30
0.0
11
113965.0
21
-109330.0
31
0.0
0
LINE
5
40f1
100
AcDbEntity
8
Inner Walls
6
Solid
370
15
62
47
100
AcDbLine
10
113965.0
20
-109330.0
30
0.0
11
113966.0
21
-109331.0
31
0.0
0
LINE
5
40f3
100
AcDbEntity
8
Inner Walls
6
Solid
370
15
62
47
100
AcDbLine
10
113966.0
20
-109331.0
30
0.0
11
113975.0
21
-109335.0
31
0.0
0
LINE
5
40f5
100
AcDbEntity
8
Inner Walls
6
Solid
370
15
62
47
100
AcDbLine
10
113975.0
20
-109335.0
30
0.0
11
114321.0
21
-109537.0
31
0.0
0
LINE
5
40f7
100
AcDbEntity
8
Inner Walls
6
Solid
370
15
62
47
100
AcDbLine
10
114321.0
20
-109537.0
30
0.0
11
115075.0
21
-108247.0
31
0.0
0
LINE
5
40f9
100
AcDbEntity
8
Inner Walls
6
Solid
370
15
62
47
100
AcDbLine
10
115075.0
20
-108247.0
30
0.0
11
113311.0
21
-107217.0
31
0.0
0
LINE
5
40fb
100
AcDbEntity
8
Inner Walls
6
Solid
370
15
62
47
100
AcDbLine
10
113311.0
20
-107217.0
30
0.0
11
113411.0
21
-107044.0
31
0.0
0
LINE
5
40fd
100
AcDbEntity
8
Inner Walls
6
Solid
370
15
62
47
100
AcDbLine
10
113411.0
20
-107044.0
30
0.0
11
115176.0
21
-108074.0
31
0.0
0
LINE
5
40ff
100
AcDbEntity
8
Inner Walls
6
Solid
370
15
62
47
100
AcDbLine
10
115176.0
20
-108074.0
30
0.0
11
115372.0
21
-107737.0
31
0.0
0
LINE
5
4101
100
AcDbEntity
8
Inner Walls
6
Solid
370
15
62
47
100
AcDbLine
10
115372.0
20
-107737.0
30
0.0
11
115545.0
21
-107838.0
31
0.0
0
LINE
5
4103
100
AcDbEntity
8
Inner Walls
6
Solid
370
15
62
47
100
AcDbLine
10
115545.0
20
-107838.0
30
0.0
11
115298.0
21
-108261.0
31
0.0
0
LINE
5
4105
100
AcDbEntity
8
Inner Walls
6
Solid
370
15
62
47
100
AcDbLine
10
115298.0
20
-108261.0
30
0.0
11
114443.0
21
-109725.0
31
0.0
0
LINE
5
4107
100
AcDbEntity
8
Inner Walls
6
Solid
370
15
62
47
100
AcDbLine
10
114443.0
20
-109725.0
30
0.0
11
112911.0
21
-112349.0
31
0.0
0
LINE
5
4109
100
AcDbEntity
8
Inner Walls
6
Solid
370
15
62
47
100
AcDbLine
10
112911.0
20
-112349.0
30
0.0
11
112298.0
21
-113399.0
31
0.0
0
POINT
5
410b
100
AcDbEntity
8
Inner Walls
6
Solid
370
15
62
47
100
AcDbPoint
10
112298.0
20
-113399.0
30
0.0
0
LINE
5
410d
100
AcDbEntity
8
Inner Walls
6
Solid
370
15
62
47
100
AcDbLine
10
112298.0
20
-113399.0
30
0.0
11
112125.0
21
-113299.0
31
0.0
0
LINE
5
410f
100
AcDbEntity
8
Inner Walls
6
Solid
370
15
62
47
100
AcDbLine
10
113608.0
20
-110759.0
30
0.0
11
114220.0
21
-109710.0
31
0.0
0
LINE
5
4111
100
AcDbEntity
8
Inner Walls
6
Solid
370
15
62
47
100
AcDbLine
10
114220.0
20
-109710.0
30
0.0
11
113952.0
21
-109554.0
31
0.0
0
LINE
5
4113
100
AcDbEntity
8
Inner Walls
6
Solid
370
15
62
47
100
AcDbLine
10
113952.0
20
-109554.0
30
0.0
11
113340.0
21
-110603.0
31
0.0
0
LINE
5
4115
100
AcDbEntity
8
Inner Walls
6
Solid
370
15
62
47
100
AcDbLine
10
113340.0
20
-110603.0
30
0.0
11
113608.0
21
-110759.0
31
0.0
0
LINE
5
4117
100
AcDbEntity
8
Inner Walls
6
Solid
370
15
62
47
100
AcDbLine
10
111187.0
20
-101466.0
30
0.0
11
111799.0
21
-100418.0
31
0.0
0
LINE
5
4119
100
AcDbEntity
8
Inner Walls
6
Solid
370
15
62
47
100
AcDbLine
10
111799.0
20
-100418.0
30
0.0
11
111445.0
21
-100211.0
31
0.0
0
LINE
5
411b
100
AcDbEntity
8
Inner Walls
6
Solid
370
15
62
47
100
AcDbLine
10
111445.0
20
-100211.0
30
0.0
11
111416.0
21
-100185.0
31
0.0
0
LINE
5
411d
100
AcDbEntity
8
Inner Walls
6
Solid
370
15
62
47
100
AcDbLine
10
111416.0
20
-100185.0
30
0.0
11
111399.0
21
-100150.0
31
0.0
0
LINE
5
411f
100
AcDbEntity
8
Inner Walls
6
Solid
370
15
62
47
100
AcDbLine
10
111399.0
20
-100150.0
30
0.0
11
111397.0
21
-100111.0
31
0.0
0
LINE
5
4121
100
AcDbEntity
8
Inner Walls
6
Solid
370
15
62
47
100
AcDbLine
10
111397.0
20
-100111.0
30
0.0
11
111410.0
21
-100074.0
31
0.0
0
LINE
5
4123
100
AcDbEntity
8
Inner Walls
6
Solid
370
15
62
47
100
AcDbLine
10
111410.0
20
-100074.0
30
0.0
11
112842.0
21
-97621.0
31
0.0
0
LINE
5
4125
100
AcDbEntity
8
Inner Walls
6
Solid
370
15
62
47
100
AcDbLine
10
112842.0
20
-97621.0
30
0.0
11
113014.0
21
-97722.0
31
0.0
0
LINE
5
4127
100
AcDbEntity
8
Inner Walls
6
Solid
370
15
62
47
100
AcDbLine
10
113014.0
20
-97722.0
30
0.0
11
111633.0
21
-100088.0
31
0.0
0
LINE
5
4129
100
AcDbEntity
8
Inner Walls
6
Solid
370
15
62
47
100
AcDbLine
10
111633.0
20
-100088.0
30
0.0
11
111978.0
21
-100290.0
31
0.0
0
LINE
5
412b
100
AcDbEntity
8
Inner Walls
6
Solid
370
15
62
47
100
AcDbLine
10
111978.0
20
-100290.0
30
0.0
11
111986.0
21
-100295.0
31
0.0
0
LINE
5
412d
100
AcDbEntity
8
Inner Walls
6
Solid
370
15
62
47
100
AcDbLine
10
111986.0
20
-100295.0
30
0.0
11
111988.0
21
-100297.0
31
0.0
0
LINE
5
412f
100
AcDbEntity
8
Inner Walls
6
Solid
370
15
62
47
100
AcDbLine
10
111988.0
20
-100297.0
30
0.0
11
112003.0
21
-100310.0
31
0.0
0
LINE
5
4131
100
AcDbEntity
8
Inner Walls
6
Solid
370
15
62
47
100
AcDbLine
10
112003.0
20
-100310.0
30
0.0
11
112004.0
21
-100311.0
31
0.0
0
LINE
5
4133
100
AcDbEntity
8
Inner Walls
6
Solid
370
15
62
47
100
AcDbLine
10
112004.0
20
-100311.0
30
0.0
11
112016.0
21
-100327.0
31
0.0
0
LINE
5
4135
100
AcDbEntity
8
Inner Walls
6
Solid
370
15
62
47
100
AcDbLine
10
112016.0
20
-100327.0
30
0.0
11
112017.0
21
-100328.0
31
0.0
0
LINE
5
4137
100
AcDbEntity
8
Inner Walls
6
Solid
370
15
62
47
100
AcDbLine
10
112017.0
20
-100328.0
30
0.0
11
112026.0
21
-100346.0
31
0.0
0
LINE
5
4139
100
AcDbEntity
8
Inner Walls
6
Solid
370
15
62
47
100
AcDbLine
10
112026.0
20
-100346.0
30
0.0
11
112026.0
21
-100348.0
31
0.0
0
LINE
5
413b
100
AcDbEntity
8
Inner Walls
6
Solid
370
15
62
47
100
AcDbLine
10
112026.0
20
-100348.0
30
0.0
11
112031.0
21
-100367.0
31
0.0
0
LINE
5
413d
100
AcDbEntity
8
Inner Walls
6
Solid
370
15
62
47
100
AcDbLine
10
112031.0
20
-100367.0
30
0.0
11
112032.0
21
-100369.0
31
0.0
0
LINE
5
413f
100
AcDbEntity
8
Inner Walls
6
Solid
370
15
62
47
100
AcDbLine
10
112032.0
20
-100369.0
30
0.0
11
112033.0
21
-100388.0
31
0.0
0
LINE
5
4141
100
AcDbEntity
8
Inner Walls
6
Solid
370
15
62
47
100
AcDbLine
10
112033.0
20
-100388.0
30
0.0
11
112033.0
21
-100390.0
31
0.0
0
LINE
5
4143
100
AcDbEntity
8
Inner Walls
6
Solid
370
15
62
47
100
AcDbLine
10
112033.0
20
-100390.0
30
0.0
11
112030.0
21
-100410.0
31
0.0
0
LINE
5
4145
100
AcDbEntity
8
Inner Walls
6
Solid
370
15
62
47
100
AcDbLine
10
112030.0
20
-100410.0
30
0.0
11
112030.0
21
-100412.0
31
0.0
0
LINE
5
4147
100
AcDbEntity
8
Inner Walls
6
Solid
370
15
62
47
100
AcDbLine
10
112030.0
20
-100412.0
30
0.0
11
112023.0
21
-100430.0
31
0.0
0
LINE
5
4149
100
AcDbEntity
8
Inner Walls
6
Solid
370
15
62
47
100
AcDbLine
10
112023.0
20
-100430.0
30
0.0
11
112022.0
21
-100432.0
31
0.0
0
LINE
5
414b
100
AcDbEntity
8
Inner Walls
6
Solid
370
15
62
47
100
AcDbLine
10
112022.0
20
-100432.0
30
0.0
11
112018.0
21
-100441.0
31
0.0
0
LINE
5
414d
100
AcDbEntity
8
Inner Walls
6
Solid
370
15
62
47
100
AcDbLine
10
112018.0
20
-100441.0
30
0.0
11
111314.0
21
-101645.0
31
0.0
0
LINE
5
414f
100
AcDbEntity
8
Inner Walls
6
Solid
370
15
62
47
100
AcDbLine
10
111314.0
20
-101645.0
30
0.0
11
111309.0
21
-101653.0
31
0.0
0
LINE
5
4151
100
AcDbEntity
8
Inner Walls
6
Solid
370
15
62
47
100
AcDbLine
10
111309.0
20
-101653.0
30
0.0
11
111308.0
21
-101655.0
31
0.0
0
LINE
5
4153
100
AcDbEntity
8
Inner Walls
6
Solid
370
15
62
47
100
AcDbLine
10
111308.0
20
-101655.0
30
0.0
11
111295.0
21
-101670.0
31
0.0
0
LINE
5
4155
100
AcDbEntity
8
Inner Walls
6
Solid
370
15
62
47
100
AcDbLine
10
111295.0
20
-101670.0
30
0.0
11
111293.0
21
-101671.0
31
0.0
0
LINE
5
4157
100
AcDbEntity
8
Inner Walls
6
Solid
370
15
62
47
100
AcDbLine
10
111293.0
20
-101671.0
30
0.0
11
111278.0
21
-101683.0
31
0.0
0
LINE
5
4159
100
AcDbEntity
8
Inner Walls
6
Solid
370
15
62
47
100
AcDbLine
10
111278.0
20
-101683.0
30
0.0
11
111276.0
21
-101684.0
31
0.0
0
LINE
5
415b
100
AcDbEntity
8
Inner Walls
6
Solid
370
15
62
47
100
AcDbLine
10
111276.0
20
-101684.0
30
0.0
11
111259.0
21
-101693.0
31
0.0
0
LINE
5
415d
100
AcDbEntity
8
Inner Walls
6
Solid
370
15
62
47
100
AcDbLine
10
111259.0
20
-101693.0
30
0.0
11
111257.0
21
-101693.0
31
0.0
0
LINE
5
415f
100
AcDbEntity
8
Inner Walls
6
Solid
370
15
62
47
100
AcDbLine
10
111257.0
20
-101693.0
30
0.0
11
111238.0
21
-101698.0
31
0.0
0
LINE
5
4161
100
AcDbEntity
8
Inner Walls
6
Solid
370
15
62
47
100
AcDbLine
10
111238.0
20
-101698.0
30
0.0
11
111236.0
21
-101699.0
31
0.0
0
LINE
5
4163
100
AcDbEntity
8
Inner Walls
6
Solid
370
15
62
47
100
AcDbLine
10
111236.0
20
-101699.0
30
0.0
11
111216.0
21
-101700.0
31
0.0
0
LINE
5
4165
100
AcDbEntity
8
Inner Walls
6
Solid
370
15
62
47
100
AcDbLine
10
111216.0
20
-101700.0
30
0.0
11
111214.0
21
-101700.0
31
0.0
0
LINE
5
4167
100
AcDbEntity
8
Inner Walls
6
Solid
370
15
62
47
100
AcDbLine
10
111214.0
20
-101700.0
30
0.0
11
111195.0
21
-101697.0
31
0.0
0
LINE
5
4169
100
AcDbEntity
8
Inner Walls
6
Solid
370
15
62
47
100
AcDbLine
10
111195.0
20
-101697.0
30
0.0
11
111193.0
21
-101697.0
31
0.0
0
LINE
5
416b
100
AcDbEntity
8
Inner Walls
6
Solid
370
15
62
47
100
AcDbLine
10
111193.0
20
-101697.0
30
0.0
11
111174.0
21
-101690.0
31
0.0
0
LINE
5
416d
100
AcDbEntity
8
Inner Walls
6
Solid
370
15
62
47
100
AcDbLine
10
111174.0
20
-101690.0
30
0.0
11
111173.0
21
-101689.0
31
0.0
0
LINE
5
416f
100
AcDbEntity
8
Inner Walls
6
Solid
370
15
62
47
100
AcDbLine
10
111173.0
20
-101689.0
30
0.0
11
111164.0
21
-101685.0
31
0.0
0
LINE
5
4171
100
AcDbEntity
8
Inner Walls
6
Solid
370
15
62
47
100
AcDbLine
10
111164.0
20
-101685.0
30
0.0
11
110819.0
21
-101483.0
31
0.0
0
LINE
5
4173
100
AcDbEntity
8
Inner Walls
6
Solid
370
15
62
47
100
AcDbLine
10
110819.0
20
-101483.0
30
0.0
11
110065.0
21
-102774.0
31
0.0
0
LINE
5
4175
100
AcDbEntity
8
Inner Walls
6
Solid
370
15
62
47
100
AcDbLine
10
110065.0
20
-102774.0
30
0.0
11
111829.0
21
-103804.0
31
0.0
0
LINE
5
4177
100
AcDbEntity
8
Inner Walls
6
Solid
370
15
62
47
100
AcDbLine
10
111829.0
20
-103804.0
30
0.0
11
111728.0
21
-103977.0
31
0.0
0
LINE
5
4179
100
AcDbEntity
8
Inner Walls
6
Solid
370
15
62
47
100
AcDbLine
10
111728.0
20
-103977.0
30
0.0
11
109878.0
21
-102896.0
31
0.0
0
LINE
5
417b
100
AcDbEntity
8
Inner Walls
6
Solid
370
15
62
47
100
AcDbLine
10
109878.0
20
-102896.0
30
0.0
11
109848.0
21
-102871.0
31
0.0
0
LINE
5
417d
100
AcDbEntity
8
Inner Walls
6
Solid
370
15
62
47
100
AcDbLine
10
109848.0
20
-102871.0
30
0.0
11
109831.0
21
-102836.0
31
0.0
0
LINE
5
417f
100
AcDbEntity
8
Inner Walls
6
Solid
370
15
62
47
100
AcDbLine
10
109831.0
20
-102836.0
30
0.0
11
109829.0
21
-102797.0
31
0.0
0
LINE
5
4181
100
AcDbEntity
8
Inner Walls
6
Solid
370
15
62
47
100
AcDbLine
10
109829.0
20
-102797.0
30
0.0
11
109842.0
21
-102760.0
31
0.0
0
LINE
5
4183
100
AcDbEntity
8
Inner Walls
6
Solid
370
15
62
47
100
AcDbLine
10
109842.0
20
-102760.0
30
0.0
11
110696.0
21
-101296.0
31
0.0
0
LINE
5
4185
100
AcDbEntity
8
Inner Walls
6
Solid
370
15
62
47
100
AcDbLine
10
110696.0
20
-101296.0
30
0.0
11
110722.0
21
-101267.0
31
0.0
0
LINE
5
4187
100
AcDbEntity
8
Inner Walls
6
Solid
370
15
62
47
100
AcDbLine
10
110722.0
20
-101267.0
30
0.0
11
110757.0
21
-101250.0
31
0.0
0
LINE
5
4189
100
AcDbEntity
8
Inner Walls
6
Solid
370
15
62
47
100
AcDbLine
10
110757.0
20
-101250.0
30
0.0
11
110796.0
21
-101247.0
31
0.0
0
LINE
5
418b
100
AcDbEntity
8
Inner Walls
6
Solid
370
15
62
47
100
AcDbLine
10
110796.0
20
-101247.0
30
0.0
11
110833.0
21
-101260.0
31
0.0
0
LINE
5
418d
100
AcDbEntity
8
Inner Walls
6
Solid
370
15
62
47
100
AcDbLine
10
110833.0
20
-101260.0
30
0.0
11
111187.0
21
-101466.0
31
0.0
0
LINE
5
418f
100
AcDbEntity
8
Inner Walls
6
Solid
370
15
62
47
100
AcDbLine
10
105833.0
20
-109625.0
30
0.0
11
107215.0
21
-107259.0
31
0.0
0
LINE
5
4191
100
AcDbEntity
8
Inner Walls
6
Solid
370
15
62
47
100
AcDbLine
10
107215.0
20
-107259.0
30
0.0
11
106869.0
21
-107057.0
31
0.0
0
LINE
5
4193
100
AcDbEntity
8
Inner Walls
6
Solid
370
15
62
47
100
AcDbLine
10
106869.0
20
-107057.0
30
0.0
11
106861.0
21
-107052.0
31
0.0
0
LINE
5
4195
100
AcDbEntity
8
Inner Walls
6
Solid
370
15
62
47
100
AcDbLine
10
106861.0
20
-107052.0
30
0.0
11
106860.0
21
-107051.0
31
0.0
0
LINE
5
4197
100
AcDbEntity
8
Inner Walls
6
Solid
370
15
62
47
100
AcDbLine
10
106860.0
20
-107051.0
30
0.0
11
106845.0
21
-107038.0
31
0.0
0
LINE
5
4199
100
AcDbEntity
8
Inner Walls
6
Solid
370
15
62
47
100
AcDbLine
10
106845.0
20
-107038.0
30
0.0
11
106844.0
21
-107036.0
31
0.0
0
LINE
5
419b
100
AcDbEntity
8
Inner Walls
6
Solid
370
15
62
47
100
AcDbLine
10
106844.0
20
-107036.0
30
0.0
11
106832.0
21
-107021.0
31
0.0
0
LINE
5
419d
100
AcDbEntity
8
Inner Walls
6
Solid
370
15
62
47
100
AcDbLine
10
106832.0
20
-107021.0
30
0.0
11
106831.0
21
-107019.0
31
0.0
0
LINE
5
419f
100
AcDbEntity
8
Inner Walls
6
Solid
370
15
62
47
100
AcDbLine
10
106831.0
20
-107019.0
30
0.0
11
106822.0
21
-107002.0
31
0.0
0
LINE
5
41a1
100
AcDbEntity
8
Inner Walls
6
Solid
370
15
62
47
100
AcDbLine
10
106822.0
20
-107002.0
30
0.0
11
106821.0
21
-107000.0
31
0.0
0
LINE
5
41a3
100
AcDbEntity
8
Inner Walls
6
Solid
370
15
62
47
100
AcDbLine
10
106821.0
20
-107000.0
30
0.0
11
106816.0
21
-106981.0
31
0.0
0
LINE
5
41a5
100
AcDbEntity
8
Inner Walls
6
Solid
370
15
62
47
100
AcDbLine
10
106816.0
20
-106981.0
30
0.0
11
106816.0
21
-106979.0
31
0.0
0
LINE
5
41a7
100
AcDbEntity
8
Inner Walls
6
Solid
370
15
62
47
100
AcDbLine
10
106816.0
20
-106979.0
30
0.0
11
106815.0
21
-106959.0
31
0.0
0
LINE
5
41a9
100
AcDbEntity
8
Inner Walls
6
Solid
370
15
62
47
100
AcDbLine
10
106815.0
20
-106959.0
30
0.0
11
106815.0
21
-106957.0
31
0.0
0
LINE
5
41ab
100
AcDbEntity
8
Inner Walls
6
Solid
370
15
62
47
100
AcDbLine
10
106815.0
20
-106957.0
30
0.0
11
106818.0
21
-106938.0
31
0.0
0
LINE
5
41ad
100
AcDbEntity
8
Inner Walls
6
Solid
370
15
62
47
100
AcDbLine
10
106818.0
20
-106938.0
30
0.0
11
106818.0
21
-106936.0
31
0.0
0
LINE
5
41af
100
AcDbEntity
8
Inner Walls
6
Solid
370
15
62
47
100
AcDbLine
10
106818.0
20
-106936.0
30
0.0
11
106825.0
21
-106917.0
31
0.0
0
LINE
5
41b1
100
AcDbEntity
8
Inner Walls
6
Solid
370
15
62
47
100
AcDbLine
10
106825.0
20
-106917.0
30
0.0
11
106825.0
21
-106916.0
31
0.0
0
LINE
5
41b3
100
AcDbEntity
8
Inner Walls
6
Solid
370
15
62
47
100
AcDbLine
10
106825.0
20
-106916.0
30
0.0
11
106830.0
21
-106907.0
31
0.0
0
LINE
5
41b5
100
AcDbEntity
8
Inner Walls
6
Solid
370
15
62
47
100
AcDbLine
10
106830.0
20
-106907.0
30
0.0
11
107533.0
21
-105702.0
31
0.0
0
LINE
5
41b7
100
AcDbEntity
8
Inner Walls
6
Solid
370
15
62
47
100
AcDbLine
10
107533.0
20
-105702.0
30
0.0
11
107539.0
21
-105694.0
31
0.0
0
LINE
5
41b9
100
AcDbEntity
8
Inner Walls
6
Solid
370
15
62
47
100
AcDbLine
10
107539.0
20
-105694.0
30
0.0
11
107540.0
21
-105692.0
31
0.0
0
LINE
5
41bb
100
AcDbEntity
8
Inner Walls
6
Solid
370
15
62
47
100
AcDbLine
10
107540.0
20
-105692.0
30
0.0
11
107553.0
21
-105678.0
31
0.0
0
LINE
5
41bd
100
AcDbEntity
8
Inner Walls
6
Solid
370
15
62
47
100
AcDbLine
10
107553.0
20
-105678.0
30
0.0
11
107554.0
21
-105676.0
31
0.0
0
LINE
5
41bf
100
AcDbEntity
8
Inner Walls
6
Solid
370
15
62
47
100
AcDbLine
10
107554.0
20
-105676.0
30
0.0
11
107570.0
21
-105665.0
31
0.0
0
LINE
5
41c1
100
AcDbEntity
8
Inner Walls
6
Solid
370
15
62
47
100
AcDbLine
10
107570.0
20
-105665.0
30
0.0
11
107571.0
21
-105664.0
31
0.0
0
LINE
5
41c3
100
AcDbEntity
8
Inner Walls
6
Solid
370
15
62
47
100
AcDbLine
10
107571.0
20
-105664.0
30
0.0
11
107589.0
21
-105655.0
31
0.0
0
LINE
5
41c5
100
AcDbEntity
8
Inner Walls
6
Solid
370
15
62
47
100
AcDbLine
10
107589.0
20
-105655.0
30
0.0
11
107591.0
21
-105654.0
31
0.0
0
LINE
5
41c7
100
AcDbEntity
8
Inner Walls
6
Solid
370
15
62
47
100
AcDbLine
10
107591.0
20
-105654.0
30
0.0
11
107610.0
21
-105649.0
31
0.0
0
LINE
5
41c9
100
AcDbEntity
8
Inner Walls
6
Solid
370
15
62
47
100
AcDbLine
10
107610.0
20
-105649.0
30
0.0
11
107612.0
21
-105649.0
31
0.0
0
LINE
5
41cb
100
AcDbEntity
8
Inner Walls
6
Solid
370
15
62
47
100
AcDbLine
10
107612.0
20
-105649.0
30
0.0
11
107631.0
21
-105648.0
31
0.0
0
LINE
5
41cd
100
AcDbEntity
8
Inner Walls
6
Solid
370
15
62
47
100
AcDbLine
10
107631.0
20
-105648.0
30
0.0
11
107633.0
21
-105648.0
31
0.0
0
LINE
5
41cf
100
AcDbEntity
8
Inner Walls
6
Solid
370
15
62
47
100
AcDbLine
10
107633.0
20
-105648.0
30
0.0
11
107653.0
21
-105650.0
31
0.0
0
LINE
5
41d1
100
AcDbEntity
8
Inner Walls
6
Solid
370
15
62
47
100
AcDbLine
10
107653.0
20
-105650.0
30
0.0
11
107655.0
21
-105651.0
31
0.0
0
LINE
5
41d3
100
AcDbEntity
8
Inner Walls
6
Solid
370
15
62
47
100
AcDbLine
10
107655.0
20
-105651.0
30
0.0
11
107673.0
21
-105657.0
31
0.0
0
LINE
5
41d5
100
AcDbEntity
8
Inner Walls
6
Solid
370
15
62
47
100
AcDbLine
10
107673.0
20
-105657.0
30
0.0
11
107675.0
21
-105658.0
31
0.0
0
LINE
5
41d7
100
AcDbEntity
8
Inner Walls
6
Solid
370
15
62
47
100
AcDbLine
10
107675.0
20
-105658.0
30
0.0
11
107684.0
21
-105663.0
31
0.0
0
LINE
5
41d9
100
AcDbEntity
8
Inner Walls
6
Solid
370
15
62
47
100
AcDbLine
10
107684.0
20
-105663.0
30
0.0
11
108029.0
21
-105864.0
31
0.0
0
LINE
5
41db
100
AcDbEntity
8
Inner Walls
6
Solid
370
15
62
47
100
AcDbLine
10
108029.0
20
-105864.0
30
0.0
11
108501.0
21
-105056.0
31
0.0
0
LINE
5
41dd
100
AcDbEntity
8
Inner Walls
6
Solid
370
15
62
47
100
AcDbLine
10
108501.0
20
-105056.0
30
0.0
11
108783.0
21
-104573.0
31
0.0
0
LINE
5
41df
100
AcDbEntity
8
Inner Walls
6
Solid
370
15
62
47
100
AcDbLine
10
108783.0
20
-104573.0
30
0.0
11
107019.0
21
-103543.0
31
0.0
0
LINE
5
41e1
100
AcDbEntity
8
Inner Walls
6
Solid
370
15
62
47
100
AcDbLine
10
107019.0
20
-103543.0
30
0.0
11
107119.0
21
-103371.0
31
0.0
0
LINE
5
41e3
100
AcDbEntity
8
Inner Walls
6
Solid
370
15
62
47
100
AcDbLine
10
107119.0
20
-103371.0
30
0.0
11
108970.0
21
-104451.0
31
0.0
0
LINE
5
41e5
100
AcDbEntity
8
Inner Walls
6
Solid
370
15
62
47
100
AcDbLine
10
108970.0
20
-104451.0
30
0.0
11
112548.0
21
-106540.0
31
0.0
0
LINE
5
41e7
100
AcDbEntity
8
Inner Walls
6
Solid
370
15
62
47
100
AcDbLine
10
112548.0
20
-106540.0
30
0.0
11
112447.0
21
-106712.0
31
0.0
0
LINE
5
41e9
100
AcDbEntity
8
Inner Walls
6
Solid
370
15
62
47
100
AcDbLine
10
112447.0
20
-106712.0
30
0.0
11
112015.0
21
-106460.0
31
0.0
0
LINE
5
41eb
100
AcDbEntity
8
Inner Walls
6
Solid
370
15
62
47
100
AcDbLine
10
112015.0
20
-106460.0
30
0.0
11
108956.0
21
-104674.0
31
0.0
0
LINE
5
41ed
100
AcDbEntity
8
Inner Walls
6
Solid
370
15
62
47
100
AcDbLine
10
108956.0
20
-104674.0
30
0.0
11
107438.0
21
-107274.0
31
0.0
0
POINT
5
41ef
100
AcDbEntity
8
Inner Walls
6
Solid
370
15
62
47
100
AcDbPoint
10
107438.0
20
-107274.0
30
0.0
0
LINE
5
41f1
100
AcDbEntity
8
Inner Walls
6
Solid
370
15
62
47
100
AcDbLine
10
107438.0
20
-107274.0
30
0.0
11
106006.0
21
-109726.0
31
0.0
0
POINT
5
41f3
100
AcDbEntity
8
Inner Walls
6
Solid
370
15
62
47
100
AcDbPoint
10
106006.0
20
-109726.0
30
0.0
0
POINT
5
41f5
100
AcDbEntity
8
Inner Walls
6
Solid
370
15
62
47
100
AcDbPoint
10
106006.0
20
-109726.0
30
0.0
0
LINE
5
41f7
100
AcDbEntity
8
Inner Walls
6
Solid
370
15
62
47
100
AcDbLine
10
106006.0
20
-109726.0
30
0.0
11
105833.0
21
-109625.0
31
0.0
0
LINE
5
41f9
100
AcDbEntity
8
Inner Walls
6
Solid
370
15
62
47
100
AcDbLine
10
107928.0
20
-106037.0
30
0.0
11
107661.0
21
-105881.0
31
0.0
0
LINE
5
41fb
100
AcDbEntity
8
Inner Walls
6
Solid
370
15
62
47
100
AcDbLine
10
107661.0
20
-105881.0
30
0.0
11
107048.0
21
-106930.0
31
0.0
0
LINE
5
41fd
100
AcDbEntity
8
Inner Walls
6
Solid
370
15
62
47
100
AcDbLine
10
107048.0
20
-106930.0
30
0.0
11
107316.0
21
-107086.0
31
0.0
0
LINE
5
41ff
100
AcDbEntity
8
Inner Walls
6
Solid
370
15
62
47
100
AcDbLine
10
107316.0
20
-107086.0
30
0.0
11
107928.0
21
-106037.0
31
0.0
0
LINE
5
4201
100
AcDbEntity
8
Inner Walls
6
Solid
370
15
62
47
100
AcDbLine
10
101837.0
20
-97971.0
30
0.0
11
103600.0
21
-99000.0
31
0.0
0
LINE
5
4203
100
AcDbEntity
8
Inner Walls
6
Solid
370
15
62
47
100
AcDbLine
10
103600.0
20
-99000.0
30
0.0
11
104354.0
21
-97709.0
31
0.0
0
LINE
5
4205
100
AcDbEntity
8
Inner Walls
6
Solid
370
15
62
47
100
AcDbLine
10
104354.0
20
-97709.0
30
0.0
11
104009.0
21
-97507.0
31
0.0
0
LINE
5
4207
100
AcDbEntity
8
Inner Walls
6
Solid
370
15
62
47
100
AcDbLine
10
104009.0
20
-97507.0
30
0.0
11
104001.0
21
-97502.0
31
0.0
0
LINE
5
4209
100
AcDbEntity
8
Inner Walls
6
Solid
370
15
62
47
100
AcDbLine
10
104001.0
20
-97502.0
30
0.0
11
103999.0
21
-97501.0
31
0.0
0
LINE
5
420b
100
AcDbEntity
8
Inner Walls
6
Solid
370
15
62
47
100
AcDbLine
10
103999.0
20
-97501.0
30
0.0
11
103984.0
21
-97488.0
31
0.0
0
LINE
5
420d
100
AcDbEntity
8
Inner Walls
6
Solid
370
15
62
47
100
AcDbLine
10
103984.0
20
-97488.0
30
0.0
11
103983.0
21
-97486.0
31
0.0
0
LINE
5
420f
100
AcDbEntity
8
Inner Walls
6
Solid
370
15
62
47
100
AcDbLine
10
103983.0
20
-97486.0
30
0.0
11
103971.0
21
-97471.0
31
0.0
0
LINE
5
4211
100
AcDbEntity
8
Inner Walls
6
Solid
370
15
62
47
100
AcDbLine
10
103971.0
20
-97471.0
30
0.0
11
103970.0
21
-97469.0
31
0.0
0
LINE
5
4213
100
AcDbEntity
8
Inner Walls
6
Solid
370
15
62
47
100
AcDbLine
10
103970.0
20
-97469.0
30
0.0
11
103961.0
21
-97451.0
31
0.0
0
LINE
5
4215
100
AcDbEntity
8
Inner Walls
6
Solid
370
15
62
47
100
AcDbLine
10
103961.0
20
-97451.0
30
0.0
11
103961.0
21
-97450.0
31
0.0
0
LINE
5
4217
100
AcDbEntity
8
Inner Walls
6
Solid
370
15
62
47
100
AcDbLine
10
103961.0
20
-97450.0
30
0.0
11
103956.0
21
-97431.0
31
0.0
0
LINE
5
4219
100
AcDbEntity
8
Inner Walls
6
Solid
370
15
62
47
100
AcDbLine
10
103956.0
20
-97431.0
30
0.0
11
103956.0
21
-97429.0
31
0.0
0
LINE
5
421b
100
AcDbEntity
8
Inner Walls
6
Solid
370
15
62
47
100
AcDbLine
10
103956.0
20
-97429.0
30
0.0
11
103954.0
21
-97409.0
31
0.0
0
LINE
5
421d
100
AcDbEntity
8
Inner Walls
6
Solid
370
15
62
47
100
AcDbLine
10
103954.0
20
-97409.0
30
0.0
11
103954.0
21
-97407.0
31
0.0
0
LINE
5
421f
100
AcDbEntity
8
Inner Walls
6
Solid
370
15
62
47
100
AcDbLine
10
103954.0
20
-97407.0
30
0.0
11
103957.0
21
-97388.0
31
0.0
0
LINE
5
4221
100
AcDbEntity
8
Inner Walls
6
Solid
370
15
62
47
100
AcDbLine
10
103957.0
20
-97388.0
30
0.0
11
103958.0
21
-97386.0
31
0.0
0
LINE
5
4223
100
AcDbEntity
8
Inner Walls
6
Solid
370
15
62
47
100
AcDbLine
10
103958.0
20
-97386.0
30
0.0
11
103964.0
21
-97367.0
31
0.0
0
LINE
5
4225
100
AcDbEntity
8
Inner Walls
6
Solid
370
15
62
47
100
AcDbLine
10
103964.0
20
-97367.0
30
0.0
11
103965.0
21
-97365.0
31
0.0
0
LINE
5
4227
100
AcDbEntity
8
Inner Walls
6
Solid
370
15
62
47
100
AcDbLine
10
103965.0
20
-97365.0
30
0.0
11
103969.0
21
-97357.0
31
0.0
0
LINE
5
4229
100
AcDbEntity
8
Inner Walls
6
Solid
370
15
62
47
100
AcDbLine
10
103969.0
20
-97357.0
30
0.0
11
104672.0
21
-96152.0
31
0.0
0
LINE
5
422b
100
AcDbEntity
8
Inner Walls
6
Solid
370
15
62
47
100
AcDbLine
10
104672.0
20
-96152.0
30
0.0
11
104678.0
21
-96144.0
31
0.0
0
LINE
5
422d
100
AcDbEntity
8
Inner Walls
6
Solid
370
15
62
47
100
AcDbLine
10
104678.0
20
-96144.0
30
0.0
11
104679.0
21
-96142.0
31
0.0
0
LINE
5
422f
100
AcDbEntity
8
Inner Walls
6
Solid
370
15
62
47
100
AcDbLine
10
104679.0
20
-96142.0
30
0.0
11
104692.0
21
-96127.0
31
0.0
0
LINE
5
4231
100
AcDbEntity
8
Inner Walls
6
Solid
370
15
62
47
100
AcDbLine
10
104692.0
20
-96127.0
30
0.0
11
104693.0
21
-96126.0
31
0.0
0
LINE
5
4233
100
AcDbEntity
8
Inner Walls
6
Solid
370
15
62
47
100
AcDbLine
10
104693.0
20
-96126.0
30
0.0
11
104709.0
21
-96114.0
31
0.0
0
LINE
5
4235
100
AcDbEntity
8
Inner Walls
6
Solid
370
15
62
47
100
AcDbLine
10
104709.0
20
-96114.0
30
0.0
11
104711.0
21
-96113.0
31
0.0
0
LINE
5
4237
100
AcDbEntity
8
Inner Walls
6
Solid
370
15
62
47
100
AcDbLine
10
104711.0
20
-96113.0
30
0.0
11
104728.0
21
-96105.0
31
0.0
0
LINE
5
4239
100
AcDbEntity
8
Inner Walls
6
Solid
370
15
62
47
100
AcDbLine
10
104728.0
20
-96105.0
30
0.0
11
104730.0
21
-96104.0
31
0.0
0
LINE
5
423b
100
AcDbEntity
8
Inner Walls
6
Solid
370
15
62
47
100
AcDbLine
10
104730.0
20
-96104.0
30
0.0
11
104749.0
21
-96099.0
31
0.0
0
LINE
5
423d
100
AcDbEntity
8
Inner Walls
6
Solid
370
15
62
47
100
AcDbLine
10
104749.0
20
-96099.0
30
0.0
11
104751.0
21
-96099.0
31
0.0
0
LINE
5
423f
100
AcDbEntity
8
Inner Walls
6
Solid
370
15
62
47
100
AcDbLine
10
104751.0
20
-96099.0
30
0.0
11
104771.0
21
-96097.0
31
0.0
0
LINE
5
4241
100
AcDbEntity
8
Inner Walls
6
Solid
370
15
62
47
100
AcDbLine
10
104771.0
20
-96097.0
30
0.0
11
104772.0
21
-96098.0
31
0.0
0
LINE
5
4243
100
AcDbEntity
8
Inner Walls
6
Solid
370
15
62
47
100
AcDbLine
10
104772.0
20
-96098.0
30
0.0
11
104792.0
21
-96100.0
31
0.0
0
LINE
5
4245
100
AcDbEntity
8
Inner Walls
6
Solid
370
15
62
47
100
AcDbLine
10
104792.0
20
-96100.0
30
0.0
11
104794.0
21
-96101.0
31
0.0
0
LINE
5
4247
100
AcDbEntity
8
Inner Walls
6
Solid
370
15
62
47
100
AcDbLine
10
104794.0
20
-96101.0
30
0.0
11
104812.0
21
-96107.0
31
0.0
0
LINE
5
4249
100
AcDbEntity
8
Inner Walls
6
Solid
370
15
62
47
100
AcDbLine
10
104812.0
20
-96107.0
30
0.0
11
104814.0
21
-96108.0
31
0.0
0
LINE
5
424b
100
AcDbEntity
8
Inner Walls
6
Solid
370
15
62
47
100
AcDbLine
10
104814.0
20
-96108.0
30
0.0
11
104823.0
21
-96112.0
31
0.0
0
LINE
5
424d
100
AcDbEntity
8
Inner Walls
6
Solid
370
15
62
47
100
AcDbLine
10
104823.0
20
-96112.0
30
0.0
11
105168.0
21
-96314.0
31
0.0
0
LINE
5
424f
100
AcDbEntity
8
Inner Walls
6
Solid
370
15
62
47
100
AcDbLine
10
105168.0
20
-96314.0
30
0.0
11
106550.0
21
-93948.0
31
0.0
0
LINE
5
4251
100
AcDbEntity
8
Inner Walls
6
Solid
370
15
62
47
100
AcDbLine
10
106550.0
20
-93948.0
30
0.0
11
106722.0
21
-94049.0
31
0.0
0
LINE
5
4253
100
AcDbEntity
8
Inner Walls
6
Solid
370
15
62
47
100
AcDbLine
10
106722.0
20
-94049.0
30
0.0
11
105291.0
21
-96501.0
31
0.0
0
LINE
5
4255
100
AcDbEntity
8
Inner Walls
6
Solid
370
15
62
47
100
AcDbLine
10
105291.0
20
-96501.0
30
0.0
11
105265.0
21
-96530.0
31
0.0
0
LINE
5
4257
100
AcDbEntity
8
Inner Walls
6
Solid
370
15
62
47
100
AcDbLine
10
105265.0
20
-96530.0
30
0.0
11
105230.0
21
-96547.0
31
0.0
0
LINE
5
4259
100
AcDbEntity
8
Inner Walls
6
Solid
370
15
62
47
100
AcDbLine
10
105230.0
20
-96547.0
30
0.0
11
105191.0
21
-96550.0
31
0.0
0
LINE
5
425b
100
AcDbEntity
8
Inner Walls
6
Solid
370
15
62
47
100
AcDbLine
10
105191.0
20
-96550.0
30
0.0
11
105154.0
21
-96537.0
31
0.0
0
LINE
5
425d
100
AcDbEntity
8
Inner Walls
6
Solid
370
15
62
47
100
AcDbLine
10
105154.0
20
-96537.0
30
0.0
11
104800.0
21
-96330.0
31
0.0
0
LINE
5
425f
100
AcDbEntity
8
Inner Walls
6
Solid
370
15
62
47
100
AcDbLine
10
104800.0
20
-96330.0
30
0.0
11
104188.0
21
-97380.0
31
0.0
0
LINE
5
4261
100
AcDbEntity
8
Inner Walls
6
Solid
370
15
62
47
100
AcDbLine
10
104188.0
20
-97380.0
30
0.0
11
104541.0
21
-97586.0
31
0.0
0
LINE
5
4263
100
AcDbEntity
8
Inner Walls
6
Solid
370
15
62
47
100
AcDbLine
10
104541.0
20
-97586.0
30
0.0
11
104570.0
21
-97612.0
31
0.0
0
LINE
5
4265
100
AcDbEntity
8
Inner Walls
6
Solid
370
15
62
47
100
AcDbLine
10
104570.0
20
-97612.0
30
0.0
11
104588.0
21
-97647.0
31
0.0
0
LINE
5
4267
100
AcDbEntity
8
Inner Walls
6
Solid
370
15
62
47
100
AcDbLine
10
104588.0
20
-97647.0
30
0.0
11
104590.0
21
-97686.0
31
0.0
0
LINE
5
4269
100
AcDbEntity
8
Inner Walls
6
Solid
370
15
62
47
100
AcDbLine
10
104590.0
20
-97686.0
30
0.0
11
104577.0
21
-97723.0
31
0.0
0
LINE
5
426b
100
AcDbEntity
8
Inner Walls
6
Solid
370
15
62
47
100
AcDbLine
10
104577.0
20
-97723.0
30
0.0
11
103722.0
21
-99187.0
31
0.0
0
LINE
5
426d
100
AcDbEntity
8
Inner Walls
6
Solid
370
15
62
47
100
AcDbLine
10
103722.0
20
-99187.0
30
0.0
11
103700.0
21
-99214.0
31
0.0
0
LINE
5
426f
100
AcDbEntity
8
Inner Walls
6
Solid
370
15
62
47
100
AcDbLine
10
103700.0
20
-99214.0
30
0.0
11
103670.0
21
-99231.0
31
0.0
0
LINE
5
4271
100
AcDbEntity
8
Inner Walls
6
Solid
370
15
62
47
100
AcDbLine
10
103670.0
20
-99231.0
30
0.0
11
103636.0
21
-99237.0
31
0.0
0
LINE
5
4273
100
AcDbEntity
8
Inner Walls
6
Solid
370
15
62
47
100
AcDbLine
10
103636.0
20
-99237.0
30
0.0
11
103586.0
21
-99223.0
31
0.0
0
LINE
5
4275
100
AcDbEntity
8
Inner Walls
6
Solid
370
15
62
47
100
AcDbLine
10
103586.0
20
-99223.0
30
0.0
11
101736.0
21
-98143.0
31
0.0
0
LINE
5
4277
100
AcDbEntity
8
Inner Walls
6
Solid
370
15
62
47
100
AcDbLine
10
101736.0
20
-98143.0
30
0.0
11
101837.0
21
-97971.0
31
0.0
0
POINT
5
4279
100
AcDbEntity
8
Inner Walls
6
Solid
370
15
62
47
100
AcDbPoint
10
99541.0
20
-105952.0
30
0.0
0
POINT
5
427b
100
AcDbEntity
8
Inner Walls
6
Solid
370
15
62
47
100
AcDbPoint
10
99541.0
20
-105952.0
30
0.0
0
LINE
5
427d
100
AcDbEntity
8
Inner Walls
6
Solid
370
15
62
47
100
AcDbLine
10
99541.0
20
-105952.0
30
0.0
11
100923.0
21
-103586.0
31
0.0
0
LINE
5
427f
100
AcDbEntity
8
Inner Walls
6
Solid
370
15
62
47
100
AcDbLine
10
100923.0
20
-103586.0
30
0.0
11
100577.0
21
-103384.0
31
0.0
0
LINE
5
4281
100
AcDbEntity
8
Inner Walls
6
Solid
370
15
62
47
100
AcDbLine
10
100577.0
20
-103384.0
30
0.0
11
100569.0
21
-103379.0
31
0.0
0
LINE
5
4283
100
AcDbEntity
8
Inner Walls
6
Solid
370
15
62
47
100
AcDbLine
10
100569.0
20
-103379.0
30
0.0
11
100567.0
21
-103378.0
31
0.0
0
LINE
5
4285
100
AcDbEntity
8
Inner Walls
6
Solid
370
15
62
47
100
AcDbLine
10
100567.0
20
-103378.0
30
0.0
11
100553.0
21
-103365.0
31
0.0
0
LINE
5
4287
100
AcDbEntity
8
Inner Walls
6
Solid
370
15
62
47
100
AcDbLine
10
100553.0
20
-103365.0
30
0.0
11
100551.0
21
-103363.0
31
0.0
0
LINE
5
4289
100
AcDbEntity
8
Inner Walls
6
Solid
370
15
62
47
100
AcDbLine
10
100551.0
20
-103363.0
30
0.0
11
100540.0
21
-103348.0
31
0.0
0
LINE
5
428b
100
AcDbEntity
8
Inner Walls
6
Solid
370
15
62
47
100
AcDbLine
10
100540.0
20
-103348.0
30
0.0
11
100538.0
21
-103346.0
31
0.0
0
LINE
5
428d
100
AcDbEntity
8
Inner Walls
6
Solid
370
15
62
47
100
AcDbLine
10
100538.0
20
-103346.0
30
0.0
11
100530.0
21
-103328.0
31
0.0
0
LINE
5
428f
100
AcDbEntity
8
Inner Walls
6
Solid
370
15
62
47
100
AcDbLine
10
100530.0
20
-103328.0
30
0.0
11
100529.0
21
-103326.0
31
0.0
0
LINE
5
4291
100
AcDbEntity
8
Inner Walls
6
Solid
370
15
62
47
100
AcDbLine
10
100529.0
20
-103326.0
30
0.0
11
100524.0
21
-103307.0
31
0.0
0
LINE
5
4293
100
AcDbEntity
8
Inner Walls
6
Solid
370
15
62
47
100
AcDbLine
10
100524.0
20
-103307.0
30
0.0
11
100524.0
21
-103306.0
31
0.0
0
LINE
5
4295
100
AcDbEntity
8
Inner Walls
6
Solid
370
15
62
47
100
AcDbLine
10
100524.0
20
-103306.0
30
0.0
11
100523.0
21
-103286.0
31
0.0
0
LINE
5
4297
100
AcDbEntity
8
Inner Walls
6
Solid
370
15
62
47
100
AcDbLine
10
100523.0
20
-103286.0
30
0.0
11
100523.0
21
-103284.0
31
0.0
0
LINE
5
4299
100
AcDbEntity
8
Inner Walls
6
Solid
370
15
62
47
100
AcDbLine
10
100523.0
20
-103284.0
30
0.0
11
100525.0
21
-103265.0
31
0.0
0
LINE
5
429b
100
AcDbEntity
8
Inner Walls
6
Solid
370
15
62
47
100
AcDbLine
10
100525.0
20
-103265.0
30
0.0
11
100526.0
21
-103263.0
31
0.0
0
LINE
5
429d
100
AcDbEntity
8
Inner Walls
6
Solid
370
15
62
47
100
AcDbLine
10
100526.0
20
-103263.0
30
0.0
11
100532.0
21
-103244.0
31
0.0
0
LINE
5
429f
100
AcDbEntity
8
Inner Walls
6
Solid
370
15
62
47
100
AcDbLine
10
100532.0
20
-103244.0
30
0.0
11
100533.0
21
-103242.0
31
0.0
0
LINE
5
42a1
100
AcDbEntity
8
Inner Walls
6
Solid
370
15
62
47
100
AcDbLine
10
100533.0
20
-103242.0
30
0.0
11
100538.0
21
-103234.0
31
0.0
0
LINE
5
42a3
100
AcDbEntity
8
Inner Walls
6
Solid
370
15
62
47
100
AcDbLine
10
100538.0
20
-103234.0
30
0.0
11
101241.0
21
-102029.0
31
0.0
0
LINE
5
42a5
100
AcDbEntity
8
Inner Walls
6
Solid
370
15
62
47
100
AcDbLine
10
101241.0
20
-102029.0
30
0.0
11
101247.0
21
-102021.0
31
0.0
0
LINE
5
42a7
100
AcDbEntity
8
Inner Walls
6
Solid
370
15
62
47
100
AcDbLine
10
101247.0
20
-102021.0
30
0.0
11
101248.0
21
-102019.0
31
0.0
0
LINE
5
42a9
100
AcDbEntity
8
Inner Walls
6
Solid
370
15
62
47
100
AcDbLine
10
101248.0
20
-102019.0
30
0.0
11
101261.0
21
-102005.0
31
0.0
0
LINE
5
42ab
100
AcDbEntity
8
Inner Walls
6
Solid
370
15
62
47
100
AcDbLine
10
101261.0
20
-102005.0
30
0.0
11
101262.0
21
-102003.0
31
0.0
0
LINE
5
42ad
100
AcDbEntity
8
Inner Walls
6
Solid
370
15
62
47
100
AcDbLine
10
101262.0
20
-102003.0
30
0.0
11
101278.0
21
-101991.0
31
0.0
0
LINE
5
42af
100
AcDbEntity
8
Inner Walls
6
Solid
370
15
62
47
100
AcDbLine
10
101278.0
20
-101991.0
30
0.0
11
101279.0
21
-101990.0
31
0.0
0
LINE
5
42b1
100
AcDbEntity
8
Inner Walls
6
Solid
370
15
62
47
100
AcDbLine
10
101279.0
20
-101990.0
30
0.0
11
101297.0
21
-101982.0
31
0.0
0
LINE
5
42b3
100
AcDbEntity
8
Inner Walls
6
Solid
370
15
62
47
100
AcDbLine
10
101297.0
20
-101982.0
30
0.0
11
101299.0
21
-101981.0
31
0.0
0
LINE
5
42b5
100
AcDbEntity
8
Inner Walls
6
Solid
370
15
62
47
100
AcDbLine
10
101299.0
20
-101981.0
30
0.0
11
101318.0
21
-101976.0
31
0.0
0
LINE
5
42b7
100
AcDbEntity
8
Inner Walls
6
Solid
370
15
62
47
100
AcDbLine
10
101318.0
20
-101976.0
30
0.0
11
101320.0
21
-101976.0
31
0.0
0
LINE
5
42b9
100
AcDbEntity
8
Inner Walls
6
Solid
370
15
62
47
100
AcDbLine
10
101320.0
20
-101976.0
30
0.0
11
101339.0
21
-101975.0
31
0.0
0
LINE
5
42bb
100
AcDbEntity
8
Inner Walls
6
Solid
370
15
62
47
100
AcDbLine
10
101339.0
20
-101975.0
30
0.0
11
101341.0
21
-101975.0
31
0.0
0
LINE
5
42bd
100
AcDbEntity
8
Inner Walls
6
Solid
370
15
62
47
100
AcDbLine
10
101341.0
20
-101975.0
30
0.0
11
101361.0
21
-101977.0
31
0.0
0
LINE
5
42bf
100
AcDbEntity
8
Inner Walls
6
Solid
370
15
62
47
100
AcDbLine
10
101361.0
20
-101977.0
30
0.0
11
101363.0
21
-101978.0
31
0.0
0
LINE
5
42c1
100
AcDbEntity
8
Inner Walls
6
Solid
370
15
62
47
100
AcDbLine
10
101363.0
20
-101978.0
30
0.0
11
101381.0
21
-101984.0
31
0.0
0
LINE
5
42c3
100
AcDbEntity
8
Inner Walls
6
Solid
370
15
62
47
100
AcDbLine
10
101381.0
20
-101984.0
30
0.0
11
101383.0
21
-101985.0
31
0.0
0
LINE
5
42c5
100
AcDbEntity
8
Inner Walls
6
Solid
370
15
62
47
100
AcDbLine
10
101383.0
20
-101985.0
30
0.0
11
101392.0
21
-101990.0
31
0.0
0
LINE
5
42c7
100
AcDbEntity
8
Inner Walls
6
Solid
370
15
62
47
100
AcDbLine
10
101392.0
20
-101990.0
30
0.0
11
101737.0
21
-102191.0
31
0.0
0
LINE
5
42c9
100
AcDbEntity
8
Inner Walls
6
Solid
370
15
62
47
100
AcDbLine
10
101737.0
20
-102191.0
30
0.0
11
102491.0
21
-100900.0
31
0.0
0
LINE
5
42cb
100
AcDbEntity
8
Inner Walls
6
Solid
370
15
62
47
100
AcDbLine
10
102491.0
20
-100900.0
30
0.0
11
100728.0
21
-99870.0
31
0.0
0
LINE
5
42cd
100
AcDbEntity
8
Inner Walls
6
Solid
370
15
62
47
100
AcDbLine
10
100728.0
20
-99870.0
30
0.0
11
100828.0
21
-99698.0
31
0.0
0
LINE
5
42cf
100
AcDbEntity
8
Inner Walls
6
Solid
370
15
62
47
100
AcDbLine
10
100828.0
20
-99698.0
30
0.0
11
102678.0
21
-100778.0
31
0.0
0
LINE
5
42d1
100
AcDbEntity
8
Inner Walls
6
Solid
370
15
62
47
100
AcDbLine
10
102678.0
20
-100778.0
30
0.0
11
105824.0
21
-102614.0
31
0.0
0
LINE
5
42d3
100
AcDbEntity
8
Inner Walls
6
Solid
370
15
62
47
100
AcDbLine
10
105824.0
20
-102614.0
30
0.0
11
106256.0
21
-102866.0
31
0.0
0
LINE
5
42d5
100
AcDbEntity
8
Inner Walls
6
Solid
370
15
62
47
100
AcDbLine
10
106256.0
20
-102866.0
30
0.0
11
106155.0
21
-103039.0
31
0.0
0
LINE
5
42d7
100
AcDbEntity
8
Inner Walls
6
Solid
370
15
62
47
100
AcDbLine
10
106155.0
20
-103039.0
30
0.0
11
102664.0
21
-101001.0
31
0.0
0
LINE
5
42d9
100
AcDbEntity
8
Inner Walls
6
Solid
370
15
62
47
100
AcDbLine
10
102664.0
20
-101001.0
30
0.0
11
101859.0
21
-102378.0
31
0.0
0
POINT
5
42db
100
AcDbEntity
8
Inner Walls
6
Solid
370
15
62
47
100
AcDbPoint
10
101859.0
20
-102378.0
30
0.0
0
LINE
5
42dd
100
AcDbEntity
8
Inner Walls
6
Solid
370
15
62
47
100
AcDbLine
10
101859.0
20
-102378.0
30
0.0
11
101146.0
21
-103600.0
31
0.0
0
POINT
5
42df
100
AcDbEntity
8
Inner Walls
6
Solid
370
15
62
47
100
AcDbPoint
10
101146.0
20
-103600.0
30
0.0
0
LINE
5
42e1
100
AcDbEntity
8
Inner Walls
6
Solid
370
15
62
47
100
AcDbLine
10
101146.0
20
-103600.0
30
0.0
11
99714.0
21
-106053.0
31
0.0
0
POINT
5
42e3
100
AcDbEntity
8
Inner Walls
6
Solid
370
15
62
47
100
AcDbPoint
10
99714.0
20
-106053.0
30
0.0
0
LINE
5
42e5
100
AcDbEntity
8
Inner Walls
6
Solid
370
15
62
47
100
AcDbLine
10
99714.0
20
-106053.0
30
0.0
11
99541.0
21
-105952.0
31
0.0
0
LINE
5
42e7
100
AcDbEntity
8
Inner Walls
6
Solid
370
15
62
47
100
AcDbLine
10
101636.0
20
-102364.0
30
0.0
11
101369.0
21
-102208.0
31
0.0
0
LINE
5
42e9
100
AcDbEntity
8
Inner Walls
6
Solid
370
15
62
47
100
AcDbLine
10
101369.0
20
-102208.0
30
0.0
11
100756.0
21
-103257.0
31
0.0
0
LINE
5
42eb
100
AcDbEntity
8
Inner Walls
6
Solid
370
15
62
47
100
AcDbLine
10
100756.0
20
-103257.0
30
0.0
11
101024.0
21
-103413.0
31
0.0
0
LINE
5
42ed
100
AcDbEntity
8
Inner Walls
6
Solid
370
15
62
47
100
AcDbLine
10
101024.0
20
-103413.0
30
0.0
11
101636.0
21
-102364.0
31
0.0
0
POINT
5
42ef
100
AcDbEntity
8
Inner Walls
6
Solid
370
15
62
47
100
AcDbPoint
10
97005.0
20
-96539.0
30
0.0
0
LINE
5
42f1
100
AcDbEntity
8
Inner Walls
6
Solid
370
15
62
47
100
AcDbLine
10
97005.0
20
-96539.0
30
0.0
11
97106.0
21
-96367.0
31
0.0
0
LINE
5
42f3
100
AcDbEntity
8
Inner Walls
6
Solid
370
15
62
47
100
AcDbLine
10
97106.0
20
-96367.0
30
0.0
11
99950.0
21
-98027.0
31
0.0
0
LINE
5
42f5
100
AcDbEntity
8
Inner Walls
6
Solid
370
15
62
47
100
AcDbLine
10
99950.0
20
-98027.0
30
0.0
11
100405.0
21
-97250.0
31
0.0
0
LINE
5
42f7
100
AcDbEntity
8
Inner Walls
6
Solid
370
15
62
47
100
AcDbLine
10
100405.0
20
-97250.0
30
0.0
11
100431.0
21
-97221.0
31
0.0
0
LINE
5
42f9
100
AcDbEntity
8
Inner Walls
6
Solid
370
15
62
47
100
AcDbLine
10
100431.0
20
-97221.0
30
0.0
11
100466.0
21
-97204.0
31
0.0
0
LINE
5
42fb
100
AcDbEntity
8
Inner Walls
6
Solid
370
15
62
47
100
AcDbLine
10
100466.0
20
-97204.0
30
0.0
11
100505.0
21
-97202.0
31
0.0
0
LINE
5
42fd
100
AcDbEntity
8
Inner Walls
6
Solid
370
15
62
47
100
AcDbLine
10
100505.0
20
-97202.0
30
0.0
11
100541.0
21
-97214.0
31
0.0
0
LINE
5
42ff
100
AcDbEntity
8
Inner Walls
6
Solid
370
15
62
47
100
AcDbLine
10
100541.0
20
-97214.0
30
0.0
11
100973.0
21
-97466.0
31
0.0
0
LINE
5
4301
100
AcDbEntity
8
Inner Walls
6
Solid
370
15
62
47
100
AcDbLine
10
100973.0
20
-97466.0
30
0.0
11
100872.0
21
-97639.0
31
0.0
0
LINE
5
4303
100
AcDbEntity
8
Inner Walls
6
Solid
370
15
62
47
100
AcDbLine
10
100872.0
20
-97639.0
30
0.0
11
100527.0
21
-97437.0
31
0.0
0
LINE
5
4305
100
AcDbEntity
8
Inner Walls
6
Solid
370
15
62
47
100
AcDbLine
10
100527.0
20
-97437.0
30
0.0
11
100072.0
21
-98214.0
31
0.0
0
LINE
5
4307
100
AcDbEntity
8
Inner Walls
6
Solid
370
15
62
47
100
AcDbLine
10
100072.0
20
-98214.0
30
0.0
11
99619.0
21
-98992.0
31
0.0
0
LINE
5
4309
100
AcDbEntity
8
Inner Walls
6
Solid
370
15
62
47
100
AcDbLine
10
99619.0
20
-98992.0
30
0.0
11
99965.0
21
-99194.0
31
0.0
0
LINE
5
430b
100
AcDbEntity
8
Inner Walls
6
Solid
370
15
62
47
100
AcDbLine
10
99965.0
20
-99194.0
30
0.0
11
99864.0
21
-99366.0
31
0.0
0
LINE
5
430d
100
AcDbEntity
8
Inner Walls
6
Solid
370
15
62
47
100
AcDbLine
10
99864.0
20
-99366.0
30
0.0
11
99432.0
21
-99114.0
31
0.0
0
LINE
5
430f
100
AcDbEntity
8
Inner Walls
6
Solid
370
15
62
47
100
AcDbLine
10
99432.0
20
-99114.0
30
0.0
11
99403.0
21
-99088.0
31
0.0
0
LINE
5
4311
100
AcDbEntity
8
Inner Walls
6
Solid
370
15
62
47
100
AcDbLine
10
99403.0
20
-99088.0
30
0.0
11
99386.0
21
-99053.0
31
0.0
0
LINE
5
4313
100
AcDbEntity
8
Inner Walls
6
Solid
370
15
62
47
100
AcDbLine
10
99386.0
20
-99053.0
30
0.0
11
99384.0
21
-99014.0
31
0.0
0
LINE
5
4315
100
AcDbEntity
8
Inner Walls
6
Solid
370
15
62
47
100
AcDbLine
10
99384.0
20
-99014.0
30
0.0
11
99396.0
21
-98977.0
31
0.0
0
LINE
5
4317
100
AcDbEntity
8
Inner Walls
6
Solid
370
15
62
47
100
AcDbLine
10
99396.0
20
-98977.0
30
0.0
11
99849.0
21
-98200.0
31
0.0
0
LINE
5
4319
100
AcDbEntity
8
Inner Walls
6
Solid
370
15
62
47
100
AcDbLine
10
99849.0
20
-98200.0
30
0.0
11
97005.0
21
-96539.0
31
0.0
0
LINE
5
431b
100
AcDbEntity
8
Inner Walls
6
Solid
370
15
62
47
100
AcDbLine
10
90719.0
20
-59464.0
30
0.0
11
91064.0
21
-59666.0
31
0.0
0
LINE
5
431d
100
AcDbEntity
8
Inner Walls
6
Solid
370
15
62
47
100
AcDbLine
10
91064.0
20
-59666.0
30
0.0
11
91519.0
21
-58889.0
31
0.0
0
LINE
5
431f
100
AcDbEntity
8
Inner Walls
6
Solid
370
15
62
47
100
AcDbLine
10
91519.0
20
-58889.0
30
0.0
11
91972.0
21
-58111.0
31
0.0
0
LINE
5
4321
100
AcDbEntity
8
Inner Walls
6
Solid
370
15
62
47
100
AcDbLine
10
91972.0
20
-58111.0
30
0.0
11
91626.0
21
-57909.0
31
0.0
0
LINE
5
4323
100
AcDbEntity
8
Inner Walls
6
Solid
370
15
62
47
100
AcDbLine
10
91626.0
20
-57909.0
30
0.0
11
91727.0
21
-57737.0
31
0.0
0
LINE
5
4325
100
AcDbEntity
8
Inner Walls
6
Solid
370
15
62
47
100
AcDbLine
10
91727.0
20
-57737.0
30
0.0
11
92159.0
21
-57989.0
31
0.0
0
LINE
5
4327
100
AcDbEntity
8
Inner Walls
6
Solid
370
15
62
47
100
AcDbLine
10
92159.0
20
-57989.0
30
0.0
11
92188.0
21
-58015.0
31
0.0
0
LINE
5
4329
100
AcDbEntity
8
Inner Walls
6
Solid
370
15
62
47
100
AcDbLine
10
92188.0
20
-58015.0
30
0.0
11
92205.0
21
-58050.0
31
0.0
0
LINE
5
432b
100
AcDbEntity
8
Inner Walls
6
Solid
370
15
62
47
100
AcDbLine
10
92205.0
20
-58050.0
30
0.0
11
92208.0
21
-58088.0
31
0.0
0
LINE
5
432d
100
AcDbEntity
8
Inner Walls
6
Solid
370
15
62
47
100
AcDbLine
10
92208.0
20
-58088.0
30
0.0
11
92195.0
21
-58125.0
31
0.0
0
LINE
5
432f
100
AcDbEntity
8
Inner Walls
6
Solid
370
15
62
47
100
AcDbLine
10
92195.0
20
-58125.0
30
0.0
11
91742.0
21
-58903.0
31
0.0
0
LINE
5
4331
100
AcDbEntity
8
Inner Walls
6
Solid
370
15
62
47
100
AcDbLine
10
91742.0
20
-58903.0
30
0.0
11
94586.0
21
-60563.0
31
0.0
0
LINE
5
4333
100
AcDbEntity
8
Inner Walls
6
Solid
370
15
62
47
100
AcDbLine
10
94586.0
20
-60563.0
30
0.0
11
94485.0
21
-60736.0
31
0.0
0
LINE
5
4335
100
AcDbEntity
8
Inner Walls
6
Solid
370
15
62
47
100
AcDbLine
10
94485.0
20
-60736.0
30
0.0
11
91641.0
21
-59076.0
31
0.0
0
LINE
5
4337
100
AcDbEntity
8
Inner Walls
6
Solid
370
15
62
47
100
AcDbLine
10
91641.0
20
-59076.0
30
0.0
11
91187.0
21
-59853.0
31
0.0
0
LINE
5
4339
100
AcDbEntity
8
Inner Walls
6
Solid
370
15
62
47
100
AcDbLine
10
91187.0
20
-59853.0
30
0.0
11
91161.0
21
-59882.0
31
0.0
0
LINE
5
433b
100
AcDbEntity
8
Inner Walls
6
Solid
370
15
62
47
100
AcDbLine
10
91161.0
20
-59882.0
30
0.0
11
91126.0
21
-59899.0
31
0.0
0
LINE
5
433d
100
AcDbEntity
8
Inner Walls
6
Solid
370
15
62
47
100
AcDbLine
10
91126.0
20
-59899.0
30
0.0
11
91087.0
21
-59901.0
31
0.0
0
LINE
5
433f
100
AcDbEntity
8
Inner Walls
6
Solid
370
15
62
47
100
AcDbLine
10
91087.0
20
-59901.0
30
0.0
11
91050.0
21
-59889.0
31
0.0
0
LINE
5
4341
100
AcDbEntity
8
Inner Walls
6
Solid
370
15
62
47
100
AcDbLine
10
91050.0
20
-59889.0
30
0.0
11
90618.0
21
-59636.0
31
0.0
0
LINE
5
4343
100
AcDbEntity
8
Inner Walls
6
Solid
370
15
62
47
100
AcDbLine
10
90618.0
20
-59636.0
30
0.0
11
90719.0
21
-59464.0
31
0.0
0
LINE
5
4345
100
AcDbEntity
8
Inner Walls
6
Solid
370
15
62
47
100
AcDbLine
10
88609.0
20
-56032.0
30
0.0
11
88584.0
21
-56061.0
31
0.0
0
LINE
5
4347
100
AcDbEntity
8
Inner Walls
6
Solid
370
15
62
47
100
AcDbLine
10
88584.0
20
-56061.0
30
0.0
11
88548.0
21
-56078.0
31
0.0
0
LINE
5
4349
100
AcDbEntity
8
Inner Walls
6
Solid
370
15
62
47
100
AcDbLine
10
88548.0
20
-56078.0
30
0.0
11
88510.0
21
-56081.0
31
0.0
0
LINE
5
434b
100
AcDbEntity
8
Inner Walls
6
Solid
370
15
62
47
100
AcDbLine
10
88510.0
20
-56081.0
30
0.0
11
88473.0
21
-56068.0
31
0.0
0
LINE
5
434d
100
AcDbEntity
8
Inner Walls
6
Solid
370
15
62
47
100
AcDbLine
10
88473.0
20
-56068.0
30
0.0
11
87062.0
21
-55245.0
31
0.0
0
LINE
5
434f
100
AcDbEntity
8
Inner Walls
6
Solid
370
15
62
47
100
AcDbLine
10
87062.0
20
-55245.0
30
0.0
11
87163.0
21
-55072.0
31
0.0
0
LINE
5
4351
100
AcDbEntity
8
Inner Walls
6
Solid
370
15
62
47
100
AcDbLine
10
87163.0
20
-55072.0
30
0.0
11
88487.0
21
-55845.0
31
0.0
0
LINE
5
4353
100
AcDbEntity
8
Inner Walls
6
Solid
370
15
62
47
100
AcDbLine
10
88487.0
20
-55845.0
30
0.0
11
89218.0
21
-54593.0
31
0.0
0
LINE
5
4355
100
AcDbEntity
8
Inner Walls
6
Solid
370
15
62
47
100
AcDbLine
10
89218.0
20
-54593.0
30
0.0
11
89224.0
21
-54585.0
31
0.0
0
LINE
5
4357
100
AcDbEntity
8
Inner Walls
6
Solid
370
15
62
47
100
AcDbLine
10
89224.0
20
-54585.0
30
0.0
11
89225.0
21
-54583.0
31
0.0
0
LINE
5
4359
100
AcDbEntity
8
Inner Walls
6
Solid
370
15
62
47
100
AcDbLine
10
89225.0
20
-54583.0
30
0.0
11
89238.0
21
-54568.0
31
0.0
0
LINE
5
435b
100
AcDbEntity
8
Inner Walls
6
Solid
370
15
62
47
100
AcDbLine
10
89238.0
20
-54568.0
30
0.0
11
89239.0
21
-54567.0
31
0.0
0
LINE
5
435d
100
AcDbEntity
8
Inner Walls
6
Solid
370
15
62
47
100
AcDbLine
10
89239.0
20
-54567.0
30
0.0
11
89255.0
21
-54555.0
31
0.0
0
LINE
5
435f
100
AcDbEntity
8
Inner Walls
6
Solid
370
15
62
47
100
AcDbLine
10
89255.0
20
-54555.0
30
0.0
11
89256.0
21
-54554.0
31
0.0
0
LINE
5
4361
100
AcDbEntity
8
Inner Walls
6
Solid
370
15
62
47
100
AcDbLine
10
89256.0
20
-54554.0
30
0.0
11
89274.0
21
-54545.0
31
0.0
0
LINE
5
4363
100
AcDbEntity
8
Inner Walls
6
Solid
370
15
62
47
100
AcDbLine
10
89274.0
20
-54545.0
30
0.0
11
89276.0
21
-54545.0
31
0.0
0
LINE
5
4365
100
AcDbEntity
8
Inner Walls
6
Solid
370
15
62
47
100
AcDbLine
10
89276.0
20
-54545.0
30
0.0
11
89295.0
21
-54540.0
31
0.0
0
LINE
5
4367
100
AcDbEntity
8
Inner Walls
6
Solid
370
15
62
47
100
AcDbLine
10
89295.0
20
-54540.0
30
0.0
11
89297.0
21
-54539.0
31
0.0
0
LINE
5
4369
100
AcDbEntity
8
Inner Walls
6
Solid
370
15
62
47
100
AcDbLine
10
89297.0
20
-54539.0
30
0.0
11
89316.0
21
-54538.0
31
0.0
0
LINE
5
436b
100
AcDbEntity
8
Inner Walls
6
Solid
370
15
62
47
100
AcDbLine
10
89316.0
20
-54538.0
30
0.0
11
89318.0
21
-54538.0
31
0.0
0
LINE
5
436d
100
AcDbEntity
8
Inner Walls
6
Solid
370
15
62
47
100
AcDbLine
10
89318.0
20
-54538.0
30
0.0
11
89338.0
21
-54541.0
31
0.0
0
LINE
5
436f
100
AcDbEntity
8
Inner Walls
6
Solid
370
15
62
47
100
AcDbLine
10
89338.0
20
-54541.0
30
0.0
11
89340.0
21
-54541.0
31
0.0
0
LINE
5
4371
100
AcDbEntity
8
Inner Walls
6
Solid
370
15
62
47
100
AcDbLine
10
89340.0
20
-54541.0
30
0.0
11
89358.0
21
-54548.0
31
0.0
0
LINE
5
4373
100
AcDbEntity
8
Inner Walls
6
Solid
370
15
62
47
100
AcDbLine
10
89358.0
20
-54548.0
30
0.0
11
89360.0
21
-54549.0
31
0.0
0
LINE
5
4375
100
AcDbEntity
8
Inner Walls
6
Solid
370
15
62
47
100
AcDbLine
10
89360.0
20
-54549.0
30
0.0
11
89369.0
21
-54553.0
31
0.0
0
LINE
5
4377
100
AcDbEntity
8
Inner Walls
6
Solid
370
15
62
47
100
AcDbLine
10
89369.0
20
-54553.0
30
0.0
11
89714.0
21
-54755.0
31
0.0
0
LINE
5
4379
100
AcDbEntity
8
Inner Walls
6
Solid
370
15
62
47
100
AcDbLine
10
89714.0
20
-54755.0
30
0.0
11
89732.0
21
-54724.0
31
0.0
0
POINT
5
437b
100
AcDbEntity
8
Inner Walls
6
Solid
370
15
62
47
100
AcDbPoint
10
89732.0
20
-54724.0
30
0.0
0
LINE
5
437d
100
AcDbEntity
8
Inner Walls
6
Solid
370
15
62
47
100
AcDbLine
10
89732.0
20
-54724.0
30
0.0
11
91761.0
21
-51248.0
31
0.0
0
LINE
5
437f
100
AcDbEntity
8
Inner Walls
6
Solid
370
15
62
47
100
AcDbLine
10
91761.0
20
-51248.0
30
0.0
11
91877.0
21
-51050.0
31
0.0
0
POINT
5
4381
100
AcDbEntity
8
Inner Walls
6
Solid
370
15
62
47
100
AcDbPoint
10
91877.0
20
-51050.0
30
0.0
0
LINE
5
4383
100
AcDbEntity
8
Inner Walls
6
Solid
370
15
62
47
100
AcDbLine
10
91877.0
20
-51050.0
30
0.0
11
91888.0
21
-51057.0
31
0.0
0
LINE
5
4385
100
AcDbEntity
8
Inner Walls
6
Solid
370
15
62
47
100
AcDbLine
10
91888.0
20
-51057.0
30
0.0
11
92050.0
21
-51151.0
31
0.0
0
LINE
5
4387
100
AcDbEntity
8
Inner Walls
6
Solid
370
15
62
47
100
AcDbLine
10
92050.0
20
-51151.0
30
0.0
11
90668.0
21
-53517.0
31
0.0
0
LINE
5
4389
100
AcDbEntity
8
Inner Walls
6
Solid
370
15
62
47
100
AcDbLine
10
90668.0
20
-53517.0
30
0.0
11
91014.0
21
-53719.0
31
0.0
0
LINE
5
438b
100
AcDbEntity
8
Inner Walls
6
Solid
370
15
62
47
100
AcDbLine
10
91014.0
20
-53719.0
30
0.0
11
91022.0
21
-53724.0
31
0.0
0
LINE
5
438d
100
AcDbEntity
8
Inner Walls
6
Solid
370
15
62
47
100
AcDbLine
10
91022.0
20
-53724.0
30
0.0
11
91024.0
21
-53725.0
31
0.0
0
LINE
5
438f
100
AcDbEntity
8
Inner Walls
6
Solid
370
15
62
47
100
AcDbLine
10
91024.0
20
-53725.0
30
0.0
11
91038.0
21
-53738.0
31
0.0
0
LINE
5
4391
100
AcDbEntity
8
Inner Walls
6
Solid
370
15
62
47
100
AcDbLine
10
91038.0
20
-53738.0
30
0.0
11
91040.0
21
-53740.0
31
0.0
0
LINE
5
4393
100
AcDbEntity
8
Inner Walls
6
Solid
370
15
62
47
100
AcDbLine
10
91040.0
20
-53740.0
30
0.0
11
91052.0
21
-53755.0
31
0.0
0
LINE
5
4395
100
AcDbEntity
8
Inner Walls
6
Solid
370
15
62
47
100
AcDbLine
10
91052.0
20
-53755.0
30
0.0
11
91053.0
21
-53757.0
31
0.0
0
LINE
5
4397
100
AcDbEntity
8
Inner Walls
6
Solid
370
15
62
47
100
AcDbLine
10
91053.0
20
-53757.0
30
0.0
11
91061.0
21
-53774.0
31
0.0
0
LINE
5
4399
100
AcDbEntity
8
Inner Walls
6
Solid
370
15
62
47
100
AcDbLine
10
91061.0
20
-53774.0
30
0.0
11
91062.0
21
-53776.0
31
0.0
0
LINE
5
439b
100
AcDbEntity
8
Inner Walls
6
Solid
370
15
62
47
100
AcDbLine
10
91062.0
20
-53776.0
30
0.0
11
91067.0
21
-53795.0
31
0.0
0
LINE
5
439d
100
AcDbEntity
8
Inner Walls
6
Solid
370
15
62
47
100
AcDbLine
10
91067.0
20
-53795.0
30
0.0
11
91067.0
21
-53797.0
31
0.0
0
LINE
5
439f
100
AcDbEntity
8
Inner Walls
6
Solid
370
15
62
47
100
AcDbLine
10
91067.0
20
-53797.0
30
0.0
11
91068.0
21
-53817.0
31
0.0
0
LINE
5
43a1
100
AcDbEntity
8
Inner Walls
6
Solid
370
15
62
47
100
AcDbLine
10
91068.0
20
-53817.0
30
0.0
11
91068.0
21
-53819.0
31
0.0
0
LINE
5
43a3
100
AcDbEntity
8
Inner Walls
6
Solid
370
15
62
47
100
AcDbLine
10
91068.0
20
-53819.0
30
0.0
11
91066.0
21
-53838.0
31
0.0
0
LINE
5
43a5
100
AcDbEntity
8
Inner Walls
6
Solid
370
15
62
47
100
AcDbLine
10
91066.0
20
-53838.0
30
0.0
11
91065.0
21
-53840.0
31
0.0
0
LINE
5
43a7
100
AcDbEntity
8
Inner Walls
6
Solid
370
15
62
47
100
AcDbLine
10
91065.0
20
-53840.0
30
0.0
11
91059.0
21
-53859.0
31
0.0
0
LINE
5
43a9
100
AcDbEntity
8
Inner Walls
6
Solid
370
15
62
47
100
AcDbLine
10
91059.0
20
-53859.0
30
0.0
11
91058.0
21
-53860.0
31
0.0
0
LINE
5
43ab
100
AcDbEntity
8
Inner Walls
6
Solid
370
15
62
47
100
AcDbLine
10
91058.0
20
-53860.0
30
0.0
11
91053.0
21
-53869.0
31
0.0
0
LINE
5
43ad
100
AcDbEntity
8
Inner Walls
6
Solid
370
15
62
47
100
AcDbLine
10
91053.0
20
-53869.0
30
0.0
11
90350.0
21
-55074.0
31
0.0
0
LINE
5
43af
100
AcDbEntity
8
Inner Walls
6
Solid
370
15
62
47
100
AcDbLine
10
90350.0
20
-55074.0
30
0.0
11
90344.0
21
-55082.0
31
0.0
0
LINE
5
43b1
100
AcDbEntity
8
Inner Walls
6
Solid
370
15
62
47
100
AcDbLine
10
90344.0
20
-55082.0
30
0.0
11
90343.0
21
-55084.0
31
0.0
0
LINE
5
43b3
100
AcDbEntity
8
Inner Walls
6
Solid
370
15
62
47
100
AcDbLine
10
90343.0
20
-55084.0
30
0.0
11
90330.0
21
-55098.0
31
0.0
0
LINE
5
43b5
100
AcDbEntity
8
Inner Walls
6
Solid
370
15
62
47
100
AcDbLine
10
90330.0
20
-55098.0
30
0.0
11
90329.0
21
-55100.0
31
0.0
0
LINE
5
43b7
100
AcDbEntity
8
Inner Walls
6
Solid
370
15
62
47
100
AcDbLine
10
90329.0
20
-55100.0
30
0.0
11
90313.0
21
-55111.0
31
0.0
0
LINE
5
43b9
100
AcDbEntity
8
Inner Walls
6
Solid
370
15
62
47
100
AcDbLine
10
90313.0
20
-55111.0
30
0.0
11
90312.0
21
-55112.0
31
0.0
0
LINE
5
43bb
100
AcDbEntity
8
Inner Walls
6
Solid
370
15
62
47
100
AcDbLine
10
90312.0
20
-55112.0
30
0.0
11
90294.0
21
-55121.0
31
0.0
0
LINE
5
43bd
100
AcDbEntity
8
Inner Walls
6
Solid
370
15
62
47
100
AcDbLine
10
90294.0
20
-55121.0
30
0.0
11
90292.0
21
-55122.0
31
0.0
0
LINE
5
43bf
100
AcDbEntity
8
Inner Walls
6
Solid
370
15
62
47
100
AcDbLine
10
90292.0
20
-55122.0
30
0.0
11
90273.0
21
-55127.0
31
0.0
0
LINE
5
43c1
100
AcDbEntity
8
Inner Walls
6
Solid
370
15
62
47
100
AcDbLine
10
90273.0
20
-55127.0
30
0.0
11
90271.0
21
-55127.0
31
0.0
0
LINE
5
43c3
100
AcDbEntity
8
Inner Walls
6
Solid
370
15
62
47
100
AcDbLine
10
90271.0
20
-55127.0
30
0.0
11
90252.0
21
-55128.0
31
0.0
0
LINE
5
43c5
100
AcDbEntity
8
Inner Walls
6
Solid
370
15
62
47
100
AcDbLine
10
90252.0
20
-55128.0
30
0.0
11
90250.0
21
-55128.0
31
0.0
0
LINE
5
43c7
100
AcDbEntity
8
Inner Walls
6
Solid
370
15
62
47
100
AcDbLine
10
90250.0
20
-55128.0
30
0.0
11
90230.0
21
-55125.0
31
0.0
0
LINE
5
43c9
100
AcDbEntity
8
Inner Walls
6
Solid
370
15
62
47
100
AcDbLine
10
90230.0
20
-55125.0
30
0.0
11
90228.0
21
-55125.0
31
0.0
0
LINE
5
43cb
100
AcDbEntity
8
Inner Walls
6
Solid
370
15
62
47
100
AcDbLine
10
90228.0
20
-55125.0
30
0.0
11
90210.0
21
-55119.0
31
0.0
0
LINE
5
43cd
100
AcDbEntity
8
Inner Walls
6
Solid
370
15
62
47
100
AcDbLine
10
90210.0
20
-55119.0
30
0.0
11
90208.0
21
-55118.0
31
0.0
0
LINE
5
43cf
100
AcDbEntity
8
Inner Walls
6
Solid
370
15
62
47
100
AcDbLine
10
90208.0
20
-55118.0
30
0.0
11
90199.0
21
-55113.0
31
0.0
0
LINE
5
43d1
100
AcDbEntity
8
Inner Walls
6
Solid
370
15
62
47
100
AcDbLine
10
90199.0
20
-55113.0
30
0.0
11
89854.0
21
-54912.0
31
0.0
0
LINE
5
43d3
100
AcDbEntity
8
Inner Walls
6
Solid
370
15
62
47
100
AcDbLine
10
89854.0
20
-54912.0
30
0.0
11
89836.0
21
-54942.0
31
0.0
0
POINT
5
43d5
100
AcDbEntity
8
Inner Walls
6
Solid
370
15
62
47
100
AcDbPoint
10
89836.0
20
-54942.0
30
0.0
0
LINE
5
43d7
100
AcDbEntity
8
Inner Walls
6
Solid
370
15
62
47
100
AcDbLine
10
89836.0
20
-54942.0
30
0.0
11
89100.0
21
-56203.0
31
0.0
0
LINE
5
43d9
100
AcDbEntity
8
Inner Walls
6
Solid
370
15
62
47
100
AcDbLine
10
89100.0
20
-56203.0
30
0.0
11
90864.0
21
-57232.0
31
0.0
0
LINE
5
43db
100
AcDbEntity
8
Inner Walls
6
Solid
370
15
62
47
100
AcDbLine
10
90864.0
20
-57232.0
30
0.0
11
90763.0
21
-57405.0
31
0.0
0
LINE
5
43dd
100
AcDbEntity
8
Inner Walls
6
Solid
370
15
62
47
100
AcDbLine
10
90763.0
20
-57405.0
30
0.0
11
88913.0
21
-56325.0
31
0.0
0
LINE
5
43df
100
AcDbEntity
8
Inner Walls
6
Solid
370
15
62
47
100
AcDbLine
10
88913.0
20
-56325.0
30
0.0
11
88884.0
21
-56299.0
31
0.0
0
LINE
5
43e1
100
AcDbEntity
8
Inner Walls
6
Solid
370
15
62
47
100
AcDbLine
10
88884.0
20
-56299.0
30
0.0
11
88867.0
21
-56264.0
31
0.0
0
LINE
5
43e3
100
AcDbEntity
8
Inner Walls
6
Solid
370
15
62
47
100
AcDbLine
10
88867.0
20
-56264.0
30
0.0
11
88864.0
21
-56225.0
31
0.0
0
LINE
5
43e5
100
AcDbEntity
8
Inner Walls
6
Solid
370
15
62
47
100
AcDbLine
10
88864.0
20
-56225.0
30
0.0
11
88877.0
21
-56188.0
31
0.0
0
LINE
5
43e7
100
AcDbEntity
8
Inner Walls
6
Solid
370
15
62
47
100
AcDbLine
10
88877.0
20
-56188.0
30
0.0
11
89613.0
21
-54928.0
31
0.0
0
LINE
5
43e9
100
AcDbEntity
8
Inner Walls
6
Solid
370
15
62
47
100
AcDbLine
10
89613.0
20
-54928.0
30
0.0
11
89346.0
21
-54772.0
31
0.0
0
LINE
5
43eb
100
AcDbEntity
8
Inner Walls
6
Solid
370
15
62
47
100
AcDbLine
10
89346.0
20
-54772.0
30
0.0
11
88609.0
21
-56032.0
31
0.0
0
LINE
5
43ed
100
AcDbEntity
8
Inner Walls
6
Solid
370
15
62
47
100
AcDbLine
10
90568.0
20
-53690.0
30
0.0
11
89955.0
21
-54739.0
31
0.0
0
LINE
5
43ef
100
AcDbEntity
8
Inner Walls
6
Solid
370
15
62
47
100
AcDbLine
10
89955.0
20
-54739.0
30
0.0
11
90222.0
21
-54895.0
31
0.0
0
LINE
5
43f1
100
AcDbEntity
8
Inner Walls
6
Solid
370
15
62
47
100
AcDbLine
10
90222.0
20
-54895.0
30
0.0
11
90835.0
21
-53846.0
31
0.0
0
LINE
5
43f3
100
AcDbEntity
8
Inner Walls
6
Solid
370
15
62
47
100
AcDbLine
10
90835.0
20
-53846.0
30
0.0
11
90568.0
21
-53690.0
31
0.0
0
LINE
5
43f5
100
AcDbEntity
8
Inner Walls
6
Solid
370
15
62
47
100
AcDbLine
10
84891.0
20
-63067.0
30
0.0
11
84869.0
21
-63054.0
31
0.0
0
LINE
5
43f7
100
AcDbEntity
8
Inner Walls
6
Solid
370
15
62
47
100
AcDbLine
10
84869.0
20
-63054.0
30
0.0
11
86250.0
21
-60688.0
31
0.0
0
LINE
5
43f9
100
AcDbEntity
8
Inner Walls
6
Solid
370
15
62
47
100
AcDbLine
10
86250.0
20
-60688.0
30
0.0
11
85905.0
21
-60486.0
31
0.0
0
LINE
5
43fb
100
AcDbEntity
8
Inner Walls
6
Solid
370
15
62
47
100
AcDbLine
10
85905.0
20
-60486.0
30
0.0
11
85897.0
21
-60481.0
31
0.0
0
LINE
5
43fd
100
AcDbEntity
8
Inner Walls
6
Solid
370
15
62
47
100
AcDbLine
10
85897.0
20
-60481.0
30
0.0
11
85895.0
21
-60480.0
31
0.0
0
LINE
5
43ff
100
AcDbEntity
8
Inner Walls
6
Solid
370
15
62
47
100
AcDbLine
10
85895.0
20
-60480.0
30
0.0
11
85880.0
21
-60467.0
31
0.0
0
LINE
5
4401
100
AcDbEntity
8
Inner Walls
6
Solid
370
15
62
47
100
AcDbLine
10
85880.0
20
-60467.0
30
0.0
11
85879.0
21
-60465.0
31
0.0
0
LINE
5
4403
100
AcDbEntity
8
Inner Walls
6
Solid
370
15
62
47
100
AcDbLine
10
85879.0
20
-60465.0
30
0.0
11
85867.0
21
-60450.0
31
0.0
0
LINE
5
4405
100
AcDbEntity
8
Inner Walls
6
Solid
370
15
62
47
100
AcDbLine
10
85867.0
20
-60450.0
30
0.0
11
85866.0
21
-60448.0
31
0.0
0
LINE
5
4407
100
AcDbEntity
8
Inner Walls
6
Solid
370
15
62
47
100
AcDbLine
10
85866.0
20
-60448.0
30
0.0
11
85858.0
21
-60430.0
31
0.0
0
LINE
5
4409
100
AcDbEntity
8
Inner Walls
6
Solid
370
15
62
47
100
AcDbLine
10
85858.0
20
-60430.0
30
0.0
11
85857.0
21
-60428.0
31
0.0
0
LINE
5
440b
100
AcDbEntity
8
Inner Walls
6
Solid
370
15
62
47
100
AcDbLine
10
85857.0
20
-60428.0
30
0.0
11
85852.0
21
-60409.0
31
0.0
0
LINE
5
440d
100
AcDbEntity
8
Inner Walls
6
Solid
370
15
62
47
100
AcDbLine
10
85852.0
20
-60409.0
30
0.0
11
85852.0
21
-60408.0
31
0.0
0
LINE
5
440f
100
AcDbEntity
8
Inner Walls
6
Solid
370
15
62
47
100
AcDbLine
10
85852.0
20
-60408.0
30
0.0
11
85850.0
21
-60388.0
31
0.0
0
LINE
5
4411
100
AcDbEntity
8
Inner Walls
6
Solid
370
15
62
47
100
AcDbLine
10
85850.0
20
-60388.0
30
0.0
11
85850.0
21
-60386.0
31
0.0
0
LINE
5
4413
100
AcDbEntity
8
Inner Walls
6
Solid
370
15
62
47
100
AcDbLine
10
85850.0
20
-60386.0
30
0.0
11
85853.0
21
-60367.0
31
0.0
0
LINE
5
4415
100
AcDbEntity
8
Inner Walls
6
Solid
370
15
62
47
100
AcDbLine
10
85853.0
20
-60367.0
30
0.0
11
85854.0
21
-60365.0
31
0.0
0
LINE
5
4417
100
AcDbEntity
8
Inner Walls
6
Solid
370
15
62
47
100
AcDbLine
10
85854.0
20
-60365.0
30
0.0
11
85860.0
21
-60346.0
31
0.0
0
LINE
5
4419
100
AcDbEntity
8
Inner Walls
6
Solid
370
15
62
47
100
AcDbLine
10
85860.0
20
-60346.0
30
0.0
11
85861.0
21
-60344.0
31
0.0
0
LINE
5
441b
100
AcDbEntity
8
Inner Walls
6
Solid
370
15
62
47
100
AcDbLine
10
85861.0
20
-60344.0
30
0.0
11
85865.0
21
-60336.0
31
0.0
0
LINE
5
441d
100
AcDbEntity
8
Inner Walls
6
Solid
370
15
62
47
100
AcDbLine
10
85865.0
20
-60336.0
30
0.0
11
86569.0
21
-59131.0
31
0.0
0
LINE
5
441f
100
AcDbEntity
8
Inner Walls
6
Solid
370
15
62
47
100
AcDbLine
10
86569.0
20
-59131.0
30
0.0
11
86574.0
21
-59123.0
31
0.0
0
LINE
5
4421
100
AcDbEntity
8
Inner Walls
6
Solid
370
15
62
47
100
AcDbLine
10
86574.0
20
-59123.0
30
0.0
11
86575.0
21
-59121.0
31
0.0
0
LINE
5
4423
100
AcDbEntity
8
Inner Walls
6
Solid
370
15
62
47
100
AcDbLine
10
86575.0
20
-59121.0
30
0.0
11
86588.0
21
-59106.0
31
0.0
0
LINE
5
4425
100
AcDbEntity
8
Inner Walls
6
Solid
370
15
62
47
100
AcDbLine
10
86588.0
20
-59106.0
30
0.0
11
86590.0
21
-59105.0
31
0.0
0
LINE
5
4427
100
AcDbEntity
8
Inner Walls
6
Solid
370
15
62
47
100
AcDbLine
10
86590.0
20
-59105.0
30
0.0
11
86605.0
21
-59093.0
31
0.0
0
LINE
5
4429
100
AcDbEntity
8
Inner Walls
6
Solid
370
15
62
47
100
AcDbLine
10
86605.0
20
-59093.0
30
0.0
11
86607.0
21
-59092.0
31
0.0
0
LINE
5
442b
100
AcDbEntity
8
Inner Walls
6
Solid
370
15
62
47
100
AcDbLine
10
86607.0
20
-59092.0
30
0.0
11
86625.0
21
-59084.0
31
0.0
0
LINE
5
442d
100
AcDbEntity
8
Inner Walls
6
Solid
370
15
62
47
100
AcDbLine
10
86625.0
20
-59084.0
30
0.0
11
86626.0
21
-59083.0
31
0.0
0
LINE
5
442f
100
AcDbEntity
8
Inner Walls
6
Solid
370
15
62
47
100
AcDbLine
10
86626.0
20
-59083.0
30
0.0
11
86645.0
21
-59078.0
31
0.0
0
LINE
5
4431
100
AcDbEntity
8
Inner Walls
6
Solid
370
15
62
47
100
AcDbLine
10
86645.0
20
-59078.0
30
0.0
11
86647.0
21
-59078.0
31
0.0
0
LINE
5
4433
100
AcDbEntity
8
Inner Walls
6
Solid
370
15
62
47
100
AcDbLine
10
86647.0
20
-59078.0
30
0.0
11
86667.0
21
-59076.0
31
0.0
0
LINE
5
4435
100
AcDbEntity
8
Inner Walls
6
Solid
370
15
62
47
100
AcDbLine
10
86667.0
20
-59076.0
30
0.0
11
86669.0
21
-59077.0
31
0.0
0
LINE
5
4437
100
AcDbEntity
8
Inner Walls
6
Solid
370
15
62
47
100
AcDbLine
10
86669.0
20
-59077.0
30
0.0
11
86688.0
21
-59079.0
31
0.0
0
LINE
5
4439
100
AcDbEntity
8
Inner Walls
6
Solid
370
15
62
47
100
AcDbLine
10
86688.0
20
-59079.0
30
0.0
11
86690.0
21
-59080.0
31
0.0
0
LINE
5
443b
100
AcDbEntity
8
Inner Walls
6
Solid
370
15
62
47
100
AcDbLine
10
86690.0
20
-59080.0
30
0.0
11
86709.0
21
-59086.0
31
0.0
0
LINE
5
443d
100
AcDbEntity
8
Inner Walls
6
Solid
370
15
62
47
100
AcDbLine
10
86709.0
20
-59086.0
30
0.0
11
86710.0
21
-59087.0
31
0.0
0
LINE
5
443f
100
AcDbEntity
8
Inner Walls
6
Solid
370
15
62
47
100
AcDbLine
10
86710.0
20
-59087.0
30
0.0
11
86719.0
21
-59091.0
31
0.0
0
LINE
5
4441
100
AcDbEntity
8
Inner Walls
6
Solid
370
15
62
47
100
AcDbLine
10
86719.0
20
-59091.0
30
0.0
11
87065.0
21
-59293.0
31
0.0
0
LINE
5
4443
100
AcDbEntity
8
Inner Walls
6
Solid
370
15
62
47
100
AcDbLine
10
87065.0
20
-59293.0
30
0.0
11
87818.0
21
-58002.0
31
0.0
0
LINE
5
4445
100
AcDbEntity
8
Inner Walls
6
Solid
370
15
62
47
100
AcDbLine
10
87818.0
20
-58002.0
30
0.0
11
86054.0
21
-56972.0
31
0.0
0
LINE
5
4447
100
AcDbEntity
8
Inner Walls
6
Solid
370
15
62
47
100
AcDbLine
10
86054.0
20
-56972.0
30
0.0
11
86155.0
21
-56799.0
31
0.0
0
LINE
5
4449
100
AcDbEntity
8
Inner Walls
6
Solid
370
15
62
47
100
AcDbLine
10
86155.0
20
-56799.0
30
0.0
11
88006.0
21
-57880.0
31
0.0
0
LINE
5
444b
100
AcDbEntity
8
Inner Walls
6
Solid
370
15
62
47
100
AcDbLine
10
88006.0
20
-57880.0
30
0.0
11
89855.0
21
-58960.0
31
0.0
0
LINE
5
444d
100
AcDbEntity
8
Inner Walls
6
Solid
370
15
62
47
100
AcDbLine
10
89855.0
20
-58960.0
30
0.0
11
89754.0
21
-59132.0
31
0.0
0
LINE
5
444f
100
AcDbEntity
8
Inner Walls
6
Solid
370
15
62
47
100
AcDbLine
10
89754.0
20
-59132.0
30
0.0
11
87991.0
21
-58103.0
31
0.0
0
LINE
5
4451
100
AcDbEntity
8
Inner Walls
6
Solid
370
15
62
47
100
AcDbLine
10
87991.0
20
-58103.0
30
0.0
11
87237.0
21
-59394.0
31
0.0
0
LINE
5
4453
100
AcDbEntity
8
Inner Walls
6
Solid
370
15
62
47
100
AcDbLine
10
87237.0
20
-59394.0
30
0.0
11
87583.0
21
-59596.0
31
0.0
0
LINE
5
4455
100
AcDbEntity
8
Inner Walls
6
Solid
370
15
62
47
100
AcDbLine
10
87583.0
20
-59596.0
30
0.0
11
87591.0
21
-59601.0
31
0.0
0
LINE
5
4457
100
AcDbEntity
8
Inner Walls
6
Solid
370
15
62
47
100
AcDbLine
10
87591.0
20
-59601.0
30
0.0
11
87592.0
21
-59602.0
31
0.0
0
LINE
5
4459
100
AcDbEntity
8
Inner Walls
6
Solid
370
15
62
47
100
AcDbLine
10
87592.0
20
-59602.0
30
0.0
11
87607.0
21
-59615.0
31
0.0
0
LINE
5
445b
100
AcDbEntity
8
Inner Walls
6
Solid
370
15
62
47
100
AcDbLine
10
87607.0
20
-59615.0
30
0.0
11
87608.0
21
-59617.0
31
0.0
0
LINE
5
445d
100
AcDbEntity
8
Inner Walls
6
Solid
370
15
62
47
100
AcDbLine
10
87608.0
20
-59617.0
30
0.0
11
87620.0
21
-59632.0
31
0.0
0
LINE
5
445f
100
AcDbEntity
8
Inner Walls
6
Solid
370
15
62
47
100
AcDbLine
10
87620.0
20
-59632.0
30
0.0
11
87621.0
21
-59634.0
31
0.0
0
LINE
5
4461
100
AcDbEntity
8
Inner Walls
6
Solid
370
15
62
47
100
AcDbLine
10
87621.0
20
-59634.0
30
0.0
11
87630.0
21
-59652.0
31
0.0
0
LINE
5
4463
100
AcDbEntity
8
Inner Walls
6
Solid
370
15
62
47
100
AcDbLine
10
87630.0
20
-59652.0
30
0.0
11
87631.0
21
-59653.0
31
0.0
0
LINE
5
4465
100
AcDbEntity
8
Inner Walls
6
Solid
370
15
62
47
100
AcDbLine
10
87631.0
20
-59653.0
30
0.0
11
87636.0
21
-59672.0
31
0.0
0
LINE
5
4467
100
AcDbEntity
8
Inner Walls
6
Solid
370
15
62
47
100
AcDbLine
10
87636.0
20
-59672.0
30
0.0
11
87636.0
21
-59674.0
31
0.0
0
LINE
5
4469
100
AcDbEntity
8
Inner Walls
6
Solid
370
15
62
47
100
AcDbLine
10
87636.0
20
-59674.0
30
0.0
11
87637.0
21
-59694.0
31
0.0
0
LINE
5
446b
100
AcDbEntity
8
Inner Walls
6
Solid
370
15
62
47
100
AcDbLine
10
87637.0
20
-59694.0
30
0.0
11
87637.0
21
-59696.0
31
0.0
0
LINE
5
446d
100
AcDbEntity
8
Inner Walls
6
Solid
370
15
62
47
100
AcDbLine
10
87637.0
20
-59696.0
30
0.0
11
87634.0
21
-59715.0
31
0.0
0
LINE
5
446f
100
AcDbEntity
8
Inner Walls
6
Solid
370
15
62
47
100
AcDbLine
10
87634.0
20
-59715.0
30
0.0
11
87634.0
21
-59717.0
31
0.0
0
LINE
5
4471
100
AcDbEntity
8
Inner Walls
6
Solid
370
15
62
47
100
AcDbLine
10
87634.0
20
-59717.0
30
0.0
11
87628.0
21
-59736.0
31
0.0
0
LINE
5
4473
100
AcDbEntity
8
Inner Walls
6
Solid
370
15
62
47
100
AcDbLine
10
87628.0
20
-59736.0
30
0.0
11
87627.0
21
-59738.0
31
0.0
0
LINE
5
4475
100
AcDbEntity
8
Inner Walls
6
Solid
370
15
62
47
100
AcDbLine
10
87627.0
20
-59738.0
30
0.0
11
87622.0
21
-59746.0
31
0.0
0
LINE
5
4477
100
AcDbEntity
8
Inner Walls
6
Solid
370
15
62
47
100
AcDbLine
10
87622.0
20
-59746.0
30
0.0
11
86919.0
21
-60951.0
31
0.0
0
LINE
5
4479
100
AcDbEntity
8
Inner Walls
6
Solid
370
15
62
47
100
AcDbLine
10
86919.0
20
-60951.0
30
0.0
11
86914.0
21
-60959.0
31
0.0
0
LINE
5
447b
100
AcDbEntity
8
Inner Walls
6
Solid
370
15
62
47
100
AcDbLine
10
86914.0
20
-60959.0
30
0.0
11
86913.0
21
-60961.0
31
0.0
0
LINE
5
447d
100
AcDbEntity
8
Inner Walls
6
Solid
370
15
62
47
100
AcDbLine
10
86913.0
20
-60961.0
30
0.0
11
86900.0
21
-60976.0
31
0.0
0
LINE
5
447f
100
AcDbEntity
8
Inner Walls
6
Solid
370
15
62
47
100
AcDbLine
10
86900.0
20
-60976.0
30
0.0
11
86898.0
21
-60977.0
31
0.0
0
LINE
5
4481
100
AcDbEntity
8
Inner Walls
6
Solid
370
15
62
47
100
AcDbLine
10
86898.0
20
-60977.0
30
0.0
11
86882.0
21
-60989.0
31
0.0
0
LINE
5
4483
100
AcDbEntity
8
Inner Walls
6
Solid
370
15
62
47
100
AcDbLine
10
86882.0
20
-60989.0
30
0.0
11
86881.0
21
-60990.0
31
0.0
0
LINE
5
4485
100
AcDbEntity
8
Inner Walls
6
Solid
370
15
62
47
100
AcDbLine
10
86881.0
20
-60990.0
30
0.0
11
86863.0
21
-60998.0
31
0.0
0
LINE
5
4487
100
AcDbEntity
8
Inner Walls
6
Solid
370
15
62
47
100
AcDbLine
10
86863.0
20
-60998.0
30
0.0
11
86861.0
21
-60999.0
31
0.0
0
LINE
5
4489
100
AcDbEntity
8
Inner Walls
6
Solid
370
15
62
47
100
AcDbLine
10
86861.0
20
-60999.0
30
0.0
11
86842.0
21
-61004.0
31
0.0
0
LINE
5
448b
100
AcDbEntity
8
Inner Walls
6
Solid
370
15
62
47
100
AcDbLine
10
86842.0
20
-61004.0
30
0.0
11
86840.0
21
-61004.0
31
0.0
0
LINE
5
448d
100
AcDbEntity
8
Inner Walls
6
Solid
370
15
62
47
100
AcDbLine
10
86840.0
20
-61004.0
30
0.0
11
86821.0
21
-61006.0
31
0.0
0
LINE
5
448f
100
AcDbEntity
8
Inner Walls
6
Solid
370
15
62
47
100
AcDbLine
10
86821.0
20
-61006.0
30
0.0
11
86819.0
21
-61005.0
31
0.0
0
LINE
5
4491
100
AcDbEntity
8
Inner Walls
6
Solid
370
15
62
47
100
AcDbLine
10
86819.0
20
-61005.0
30
0.0
11
86800.0
21
-61003.0
31
0.0
0
LINE
5
4493
100
AcDbEntity
8
Inner Walls
6
Solid
370
15
62
47
100
AcDbLine
10
86800.0
20
-61003.0
30
0.0
11
86798.0
21
-61002.0
31
0.0
0
LINE
5
4495
100
AcDbEntity
8
Inner Walls
6
Solid
370
15
62
47
100
AcDbLine
10
86798.0
20
-61002.0
30
0.0
11
86779.0
21
-60996.0
31
0.0
0
LINE
5
4497
100
AcDbEntity
8
Inner Walls
6
Solid
370
15
62
47
100
AcDbLine
10
86779.0
20
-60996.0
30
0.0
11
86777.0
21
-60995.0
31
0.0
0
LINE
5
4499
100
AcDbEntity
8
Inner Walls
6
Solid
370
15
62
47
100
AcDbLine
10
86777.0
20
-60995.0
30
0.0
11
86769.0
21
-60991.0
31
0.0
0
LINE
5
449b
100
AcDbEntity
8
Inner Walls
6
Solid
370
15
62
47
100
AcDbLine
10
86769.0
20
-60991.0
30
0.0
11
86423.0
21
-60789.0
31
0.0
0
LINE
5
449d
100
AcDbEntity
8
Inner Walls
6
Solid
370
15
62
47
100
AcDbLine
10
86423.0
20
-60789.0
30
0.0
11
85042.0
21
-63155.0
31
0.0
0
LINE
5
449f
100
AcDbEntity
8
Inner Walls
6
Solid
370
15
62
47
100
AcDbLine
10
85042.0
20
-63155.0
30
0.0
11
84891.0
21
-63067.0
31
0.0
0
LINE
5
44a1
100
AcDbEntity
8
Inner Walls
6
Solid
370
15
62
47
100
AcDbLine
10
86439.0
20
-60566.0
30
0.0
11
86792.0
21
-60772.0
31
0.0
0
LINE
5
44a3
100
AcDbEntity
8
Inner Walls
6
Solid
370
15
62
47
100
AcDbLine
10
86792.0
20
-60772.0
30
0.0
11
87404.0
21
-59723.0
31
0.0
0
LINE
5
44a5
100
AcDbEntity
8
Inner Walls
6
Solid
370
15
62
47
100
AcDbLine
10
87404.0
20
-59723.0
30
0.0
11
87050.0
21
-59516.0
31
0.0
0
LINE
5
44a7
100
AcDbEntity
8
Inner Walls
6
Solid
370
15
62
47
100
AcDbLine
10
87050.0
20
-59516.0
30
0.0
11
87049.0
21
-59515.0
31
0.0
0
LINE
5
44a9
100
AcDbEntity
8
Inner Walls
6
Solid
370
15
62
47
100
AcDbLine
10
87049.0
20
-59515.0
30
0.0
11
86696.0
21
-59310.0
31
0.0
0
LINE
5
44ab
100
AcDbEntity
8
Inner Walls
6
Solid
370
15
62
47
100
AcDbLine
10
86696.0
20
-59310.0
30
0.0
11
86083.0
21
-60359.0
31
0.0
0
LINE
5
44ad
100
AcDbEntity
8
Inner Walls
6
Solid
370
15
62
47
100
AcDbLine
10
86083.0
20
-60359.0
30
0.0
11
86438.0
21
-60565.0
31
0.0
0
LINE
5
44af
100
AcDbEntity
8
Inner Walls
6
Solid
370
15
62
47
100
AcDbLine
10
86438.0
20
-60565.0
30
0.0
11
86439.0
21
-60566.0
31
0.0
0
LINE
5
44b1
100
AcDbEntity
8
Inner Walls
6
Solid
370
15
62
47
100
AcDbLine
10
86199.0
20
-54741.0
30
0.0
11
85767.0
21
-54489.0
31
0.0
0
LINE
5
44b3
100
AcDbEntity
8
Inner Walls
6
Solid
370
15
62
47
100
AcDbLine
10
85767.0
20
-54489.0
30
0.0
11
85738.0
21
-54463.0
31
0.0
0
LINE
5
44b5
100
AcDbEntity
8
Inner Walls
6
Solid
370
15
62
47
100
AcDbLine
10
85738.0
20
-54463.0
30
0.0
11
85721.0
21
-54428.0
31
0.0
0
LINE
5
44b7
100
AcDbEntity
8
Inner Walls
6
Solid
370
15
62
47
100
AcDbLine
10
85721.0
20
-54428.0
30
0.0
11
85718.0
21
-54389.0
31
0.0
0
LINE
5
44b9
100
AcDbEntity
8
Inner Walls
6
Solid
370
15
62
47
100
AcDbLine
10
85718.0
20
-54389.0
30
0.0
11
85731.0
21
-54352.0
31
0.0
0
LINE
5
44bb
100
AcDbEntity
8
Inner Walls
6
Solid
370
15
62
47
100
AcDbLine
10
85731.0
20
-54352.0
30
0.0
11
88731.0
21
-49213.0
31
0.0
0
LINE
5
44bd
100
AcDbEntity
8
Inner Walls
6
Solid
370
15
62
47
100
AcDbLine
10
88731.0
20
-49213.0
30
0.0
11
88904.0
21
-49314.0
31
0.0
0
LINE
5
44bf
100
AcDbEntity
8
Inner Walls
6
Solid
370
15
62
47
100
AcDbLine
10
88904.0
20
-49314.0
30
0.0
11
85954.0
21
-54366.0
31
0.0
0
LINE
5
44c1
100
AcDbEntity
8
Inner Walls
6
Solid
370
15
62
47
100
AcDbLine
10
85954.0
20
-54366.0
30
0.0
11
86300.0
21
-54568.0
31
0.0
0
LINE
5
44c3
100
AcDbEntity
8
Inner Walls
6
Solid
370
15
62
47
100
AcDbLine
10
86300.0
20
-54568.0
30
0.0
11
86199.0
21
-54741.0
31
0.0
0
LINE
5
44c5
100
AcDbEntity
8
Inner Walls
6
Solid
370
15
62
47
100
AcDbLine
10
78577.0
20
-59381.0
30
0.0
11
79958.0
21
-57014.0
31
0.0
0
LINE
5
44c7
100
AcDbEntity
8
Inner Walls
6
Solid
370
15
62
47
100
AcDbLine
10
79958.0
20
-57014.0
30
0.0
11
79613.0
21
-56813.0
31
0.0
0
LINE
5
44c9
100
AcDbEntity
8
Inner Walls
6
Solid
370
15
62
47
100
AcDbLine
10
79613.0
20
-56813.0
30
0.0
11
79605.0
21
-56807.0
31
0.0
0
LINE
5
44cb
100
AcDbEntity
8
Inner Walls
6
Solid
370
15
62
47
100
AcDbLine
10
79605.0
20
-56807.0
30
0.0
11
79603.0
21
-56806.0
31
0.0
0
LINE
5
44cd
100
AcDbEntity
8
Inner Walls
6
Solid
370
15
62
47
100
AcDbLine
10
79603.0
20
-56806.0
30
0.0
11
79588.0
21
-56793.0
31
0.0
0
LINE
5
44cf
100
AcDbEntity
8
Inner Walls
6
Solid
370
15
62
47
100
AcDbLine
10
79588.0
20
-56793.0
30
0.0
11
79587.0
21
-56792.0
31
0.0
0
LINE
5
44d1
100
AcDbEntity
8
Inner Walls
6
Solid
370
15
62
47
100
AcDbLine
10
79587.0
20
-56792.0
30
0.0
11
79575.0
21
-56776.0
31
0.0
0
LINE
5
44d3
100
AcDbEntity
8
Inner Walls
6
Solid
370
15
62
47
100
AcDbLine
10
79575.0
20
-56776.0
30
0.0
11
79574.0
21
-56775.0
31
0.0
0
LINE
5
44d5
100
AcDbEntity
8
Inner Walls
6
Solid
370
15
62
47
100
AcDbLine
10
79574.0
20
-56775.0
30
0.0
11
79566.0
21
-56757.0
31
0.0
0
LINE
5
44d7
100
AcDbEntity
8
Inner Walls
6
Solid
370
15
62
47
100
AcDbLine
10
79566.0
20
-56757.0
30
0.0
11
79565.0
21
-56755.0
31
0.0
0
LINE
5
44d9
100
AcDbEntity
8
Inner Walls
6
Solid
370
15
62
47
100
AcDbLine
10
79565.0
20
-56755.0
30
0.0
11
79560.0
21
-56736.0
31
0.0
0
LINE
5
44db
100
AcDbEntity
8
Inner Walls
6
Solid
370
15
62
47
100
AcDbLine
10
79560.0
20
-56736.0
30
0.0
11
79560.0
21
-56734.0
31
0.0
0
LINE
5
44dd
100
AcDbEntity
8
Inner Walls
6
Solid
370
15
62
47
100
AcDbLine
10
79560.0
20
-56734.0
30
0.0
11
79559.0
21
-56715.0
31
0.0
0
LINE
5
44df
100
AcDbEntity
8
Inner Walls
6
Solid
370
15
62
47
100
AcDbLine
10
79559.0
20
-56715.0
30
0.0
11
79559.0
21
-56713.0
31
0.0
0
LINE
5
44e1
100
AcDbEntity
8
Inner Walls
6
Solid
370
15
62
47
100
AcDbLine
10
79559.0
20
-56713.0
30
0.0
11
79561.0
21
-56693.0
31
0.0
0
LINE
5
44e3
100
AcDbEntity
8
Inner Walls
6
Solid
370
15
62
47
100
AcDbLine
10
79561.0
20
-56693.0
30
0.0
11
79562.0
21
-56691.0
31
0.0
0
LINE
5
44e5
100
AcDbEntity
8
Inner Walls
6
Solid
370
15
62
47
100
AcDbLine
10
79562.0
20
-56691.0
30
0.0
11
79568.0
21
-56673.0
31
0.0
0
LINE
5
44e7
100
AcDbEntity
8
Inner Walls
6
Solid
370
15
62
47
100
AcDbLine
10
79568.0
20
-56673.0
30
0.0
11
79569.0
21
-56671.0
31
0.0
0
LINE
5
44e9
100
AcDbEntity
8
Inner Walls
6
Solid
370
15
62
47
100
AcDbLine
10
79569.0
20
-56671.0
30
0.0
11
79573.0
21
-56662.0
31
0.0
0
LINE
5
44eb
100
AcDbEntity
8
Inner Walls
6
Solid
370
15
62
47
100
AcDbLine
10
79573.0
20
-56662.0
30
0.0
11
80277.0
21
-55458.0
31
0.0
0
LINE
5
44ed
100
AcDbEntity
8
Inner Walls
6
Solid
370
15
62
47
100
AcDbLine
10
80277.0
20
-55458.0
30
0.0
11
80282.0
21
-55449.0
31
0.0
0
LINE
5
44ef
100
AcDbEntity
8
Inner Walls
6
Solid
370
15
62
47
100
AcDbLine
10
80282.0
20
-55449.0
30
0.0
11
80283.0
21
-55448.0
31
0.0
0
LINE
5
44f1
100
AcDbEntity
8
Inner Walls
6
Solid
370
15
62
47
100
AcDbLine
10
80283.0
20
-55448.0
30
0.0
11
80296.0
21
-55433.0
31
0.0
0
LINE
5
44f3
100
AcDbEntity
8
Inner Walls
6
Solid
370
15
62
47
100
AcDbLine
10
80296.0
20
-55433.0
30
0.0
11
80298.0
21
-55432.0
31
0.0
0
LINE
5
44f5
100
AcDbEntity
8
Inner Walls
6
Solid
370
15
62
47
100
AcDbLine
10
80298.0
20
-55432.0
30
0.0
11
80313.0
21
-55420.0
31
0.0
0
LINE
5
44f7
100
AcDbEntity
8
Inner Walls
6
Solid
370
15
62
47
100
AcDbLine
10
80313.0
20
-55420.0
30
0.0
11
80315.0
21
-55419.0
31
0.0
0
LINE
5
44f9
100
AcDbEntity
8
Inner Walls
6
Solid
370
15
62
47
100
AcDbLine
10
80315.0
20
-55419.0
30
0.0
11
80333.0
21
-55410.0
31
0.0
0
LINE
5
44fb
100
AcDbEntity
8
Inner Walls
6
Solid
370
15
62
47
100
AcDbLine
10
80333.0
20
-55410.0
30
0.0
11
80334.0
21
-55410.0
31
0.0
0
LINE
5
44fd
100
AcDbEntity
8
Inner Walls
6
Solid
370
15
62
47
100
AcDbLine
10
80334.0
20
-55410.0
30
0.0
11
80353.0
21
-55405.0
31
0.0
0
LINE
5
44ff
100
AcDbEntity
8
Inner Walls
6
Solid
370
15
62
47
100
AcDbLine
10
80353.0
20
-55405.0
30
0.0
11
80355.0
21
-55404.0
31
0.0
0
LINE
5
4501
100
AcDbEntity
8
Inner Walls
6
Solid
370
15
62
47
100
AcDbLine
10
80355.0
20
-55404.0
30
0.0
11
80375.0
21
-55403.0
31
0.0
0
LINE
5
4503
100
AcDbEntity
8
Inner Walls
6
Solid
370
15
62
47
100
AcDbLine
10
80375.0
20
-55403.0
30
0.0
11
80377.0
21
-55403.0
31
0.0
0
LINE
5
4505
100
AcDbEntity
8
Inner Walls
6
Solid
370
15
62
47
100
AcDbLine
10
80377.0
20
-55403.0
30
0.0
11
80396.0
21
-55406.0
31
0.0
0
LINE
5
4507
100
AcDbEntity
8
Inner Walls
6
Solid
370
15
62
47
100
AcDbLine
10
80396.0
20
-55406.0
30
0.0
11
80398.0
21
-55406.0
31
0.0
0
LINE
5
4509
100
AcDbEntity
8
Inner Walls
6
Solid
370
15
62
47
100
AcDbLine
10
80398.0
20
-55406.0
30
0.0
11
80417.0
21
-55413.0
31
0.0
0
LINE
5
450b
100
AcDbEntity
8
Inner Walls
6
Solid
370
15
62
47
100
AcDbLine
10
80417.0
20
-55413.0
30
0.0
11
80419.0
21
-55414.0
31
0.0
0
LINE
5
450d
100
AcDbEntity
8
Inner Walls
6
Solid
370
15
62
47
100
AcDbLine
10
80419.0
20
-55414.0
30
0.0
11
80427.0
21
-55418.0
31
0.0
0
LINE
5
450f
100
AcDbEntity
8
Inner Walls
6
Solid
370
15
62
47
100
AcDbLine
10
80427.0
20
-55418.0
30
0.0
11
80773.0
21
-55620.0
31
0.0
0
LINE
5
4511
100
AcDbEntity
8
Inner Walls
6
Solid
370
15
62
47
100
AcDbLine
10
80773.0
20
-55620.0
30
0.0
11
81526.0
21
-54329.0
31
0.0
0
LINE
5
4513
100
AcDbEntity
8
Inner Walls
6
Solid
370
15
62
47
100
AcDbLine
10
81526.0
20
-54329.0
30
0.0
11
79762.0
21
-53299.0
31
0.0
0
LINE
5
4515
100
AcDbEntity
8
Inner Walls
6
Solid
370
15
62
47
100
AcDbLine
10
79762.0
20
-53299.0
30
0.0
11
79863.0
21
-53126.0
31
0.0
0
LINE
5
4517
100
AcDbEntity
8
Inner Walls
6
Solid
370
15
62
47
100
AcDbLine
10
79863.0
20
-53126.0
30
0.0
11
81714.0
21
-54206.0
31
0.0
0
LINE
5
4519
100
AcDbEntity
8
Inner Walls
6
Solid
370
15
62
47
100
AcDbLine
10
81714.0
20
-54206.0
30
0.0
11
85291.0
21
-56295.0
31
0.0
0
LINE
5
451b
100
AcDbEntity
8
Inner Walls
6
Solid
370
15
62
47
100
AcDbLine
10
85291.0
20
-56295.0
30
0.0
11
85191.0
21
-56468.0
31
0.0
0
LINE
5
451d
100
AcDbEntity
8
Inner Walls
6
Solid
370
15
62
47
100
AcDbLine
10
85191.0
20
-56468.0
30
0.0
11
84759.0
21
-56216.0
31
0.0
0
LINE
5
451f
100
AcDbEntity
8
Inner Walls
6
Solid
370
15
62
47
100
AcDbLine
10
84759.0
20
-56216.0
30
0.0
11
81699.0
21
-54429.0
31
0.0
0
LINE
5
4521
100
AcDbEntity
8
Inner Walls
6
Solid
370
15
62
47
100
AcDbLine
10
81699.0
20
-54429.0
30
0.0
11
81488.0
21
-54791.0
31
0.0
0
LINE
5
4523
100
AcDbEntity
8
Inner Walls
6
Solid
370
15
62
47
100
AcDbLine
10
81488.0
20
-54791.0
30
0.0
11
80895.0
21
-55807.0
31
0.0
0
POINT
5
4525
100
AcDbEntity
8
Inner Walls
6
Solid
370
15
62
47
100
AcDbPoint
10
80895.0
20
-55807.0
30
0.0
0
LINE
5
4527
100
AcDbEntity
8
Inner Walls
6
Solid
370
15
62
47
100
AcDbLine
10
80895.0
20
-55807.0
30
0.0
11
80182.0
21
-57029.0
31
0.0
0
POINT
5
4529
100
AcDbEntity
8
Inner Walls
6
Solid
370
15
62
47
100
AcDbPoint
10
80182.0
20
-57029.0
30
0.0
0
LINE
5
452b
100
AcDbEntity
8
Inner Walls
6
Solid
370
15
62
47
100
AcDbLine
10
80182.0
20
-57029.0
30
0.0
11
78750.0
21
-59482.0
31
0.0
0
POINT
5
452d
100
AcDbEntity
8
Inner Walls
6
Solid
370
15
62
47
100
AcDbPoint
10
78750.0
20
-59482.0
30
0.0
0
POINT
5
452f
100
AcDbEntity
8
Inner Walls
6
Solid
370
15
62
47
100
AcDbPoint
10
78750.0
20
-59482.0
30
0.0
0
LINE
5
4531
100
AcDbEntity
8
Inner Walls
6
Solid
370
15
62
47
100
AcDbLine
10
78750.0
20
-59482.0
30
0.0
11
78577.0
21
-59381.0
31
0.0
0
LINE
5
4533
100
AcDbEntity
8
Inner Walls
6
Solid
370
15
62
47
100
AcDbLine
10
80059.0
20
-56842.0
30
0.0
11
80672.0
21
-55792.0
31
0.0
0
LINE
5
4535
100
AcDbEntity
8
Inner Walls
6
Solid
370
15
62
47
100
AcDbLine
10
80672.0
20
-55792.0
30
0.0
11
80404.0
21
-55636.0
31
0.0
0
LINE
5
4537
100
AcDbEntity
8
Inner Walls
6
Solid
370
15
62
47
100
AcDbLine
10
80404.0
20
-55636.0
30
0.0
11
79792.0
21
-56685.0
31
0.0
0
LINE
5
4539
100
AcDbEntity
8
Inner Walls
6
Solid
370
15
62
47
100
AcDbLine
10
79792.0
20
-56685.0
30
0.0
11
80059.0
21
-56842.0
31
0.0
0
LINE
5
453b
100
AcDbEntity
8
Inner Walls
6
Solid
370
15
62
47
100
AcDbLine
10
77726.0
20
-49563.0
30
0.0
11
79490.0
21
-50592.0
31
0.0
0
LINE
5
453d
100
AcDbEntity
8
Inner Walls
6
Solid
370
15
62
47
100
AcDbLine
10
79490.0
20
-50592.0
30
0.0
11
80244.0
21
-49301.0
31
0.0
0
LINE
5
453f
100
AcDbEntity
8
Inner Walls
6
Solid
370
15
62
47
100
AcDbLine
10
80244.0
20
-49301.0
30
0.0
11
79898.0
21
-49099.0
31
0.0
0
LINE
5
4541
100
AcDbEntity
8
Inner Walls
6
Solid
370
15
62
47
100
AcDbLine
10
79898.0
20
-49099.0
30
0.0
11
79890.0
21
-49094.0
31
0.0
0
LINE
5
4543
100
AcDbEntity
8
Inner Walls
6
Solid
370
15
62
47
100
AcDbLine
10
79890.0
20
-49094.0
30
0.0
11
79888.0
21
-49093.0
31
0.0
0
LINE
5
4545
100
AcDbEntity
8
Inner Walls
6
Solid
370
15
62
47
100
AcDbLine
10
79888.0
20
-49093.0
30
0.0
11
79874.0
21
-49080.0
31
0.0
0
LINE
5
4547
100
AcDbEntity
8
Inner Walls
6
Solid
370
15
62
47
100
AcDbLine
10
79874.0
20
-49080.0
30
0.0
11
79872.0
21
-49078.0
31
0.0
0
LINE
5
4549
100
AcDbEntity
8
Inner Walls
6
Solid
370
15
62
47
100
AcDbLine
10
79872.0
20
-49078.0
30
0.0
11
79861.0
21
-49063.0
31
0.0
0
LINE
5
454b
100
AcDbEntity
8
Inner Walls
6
Solid
370
15
62
47
100
AcDbLine
10
79861.0
20
-49063.0
30
0.0
11
79860.0
21
-49061.0
31
0.0
0
LINE
5
454d
100
AcDbEntity
8
Inner Walls
6
Solid
370
15
62
47
100
AcDbLine
10
79860.0
20
-49061.0
30
0.0
11
79851.0
21
-49043.0
31
0.0
0
LINE
5
454f
100
AcDbEntity
8
Inner Walls
6
Solid
370
15
62
47
100
AcDbLine
10
79851.0
20
-49043.0
30
0.0
11
79850.0
21
-49042.0
31
0.0
0
LINE
5
4551
100
AcDbEntity
8
Inner Walls
6
Solid
370
15
62
47
100
AcDbLine
10
79850.0
20
-49042.0
30
0.0
11
79845.0
21
-49023.0
31
0.0
0
LINE
5
4553
100
AcDbEntity
8
Inner Walls
6
Solid
370
15
62
47
100
AcDbLine
10
79845.0
20
-49023.0
30
0.0
11
79845.0
21
-49021.0
31
0.0
0
LINE
5
4555
100
AcDbEntity
8
Inner Walls
6
Solid
370
15
62
47
100
AcDbLine
10
79845.0
20
-49021.0
30
0.0
11
79844.0
21
-49001.0
31
0.0
0
LINE
5
4557
100
AcDbEntity
8
Inner Walls
6
Solid
370
15
62
47
100
AcDbLine
10
79844.0
20
-49001.0
30
0.0
11
79844.0
21
-48999.0
31
0.0
0
LINE
5
4559
100
AcDbEntity
8
Inner Walls
6
Solid
370
15
62
47
100
AcDbLine
10
79844.0
20
-48999.0
30
0.0
11
79847.0
21
-48980.0
31
0.0
0
LINE
5
455b
100
AcDbEntity
8
Inner Walls
6
Solid
370
15
62
47
100
AcDbLine
10
79847.0
20
-48980.0
30
0.0
11
79847.0
21
-48978.0
31
0.0
0
LINE
5
455d
100
AcDbEntity
8
Inner Walls
6
Solid
370
15
62
47
100
AcDbLine
10
79847.0
20
-48978.0
30
0.0
11
79853.0
21
-48959.0
31
0.0
0
LINE
5
455f
100
AcDbEntity
8
Inner Walls
6
Solid
370
15
62
47
100
AcDbLine
10
79853.0
20
-48959.0
30
0.0
11
79854.0
21
-48958.0
31
0.0
0
LINE
5
4561
100
AcDbEntity
8
Inner Walls
6
Solid
370
15
62
47
100
AcDbLine
10
79854.0
20
-48958.0
30
0.0
11
79859.0
21
-48949.0
31
0.0
0
LINE
5
4563
100
AcDbEntity
8
Inner Walls
6
Solid
370
15
62
47
100
AcDbLine
10
79859.0
20
-48949.0
30
0.0
11
80562.0
21
-47744.0
31
0.0
0
LINE
5
4565
100
AcDbEntity
8
Inner Walls
6
Solid
370
15
62
47
100
AcDbLine
10
80562.0
20
-47744.0
30
0.0
11
80567.0
21
-47736.0
31
0.0
0
LINE
5
4567
100
AcDbEntity
8
Inner Walls
6
Solid
370
15
62
47
100
AcDbLine
10
80567.0
20
-47736.0
30
0.0
11
80568.0
21
-47734.0
31
0.0
0
LINE
5
4569
100
AcDbEntity
8
Inner Walls
6
Solid
370
15
62
47
100
AcDbLine
10
80568.0
20
-47734.0
30
0.0
11
80581.0
21
-47719.0
31
0.0
0
LINE
5
456b
100
AcDbEntity
8
Inner Walls
6
Solid
370
15
62
47
100
AcDbLine
10
80581.0
20
-47719.0
30
0.0
11
80583.0
21
-47718.0
31
0.0
0
LINE
5
456d
100
AcDbEntity
8
Inner Walls
6
Solid
370
15
62
47
100
AcDbLine
10
80583.0
20
-47718.0
30
0.0
11
80598.0
21
-47706.0
31
0.0
0
LINE
5
456f
100
AcDbEntity
8
Inner Walls
6
Solid
370
15
62
47
100
AcDbLine
10
80598.0
20
-47706.0
30
0.0
11
80600.0
21
-47705.0
31
0.0
0
LINE
5
4571
100
AcDbEntity
8
Inner Walls
6
Solid
370
15
62
47
100
AcDbLine
10
80600.0
20
-47705.0
30
0.0
11
80618.0
21
-47697.0
31
0.0
0
LINE
5
4573
100
AcDbEntity
8
Inner Walls
6
Solid
370
15
62
47
100
AcDbLine
10
80618.0
20
-47697.0
30
0.0
11
80620.0
21
-47696.0
31
0.0
0
LINE
5
4575
100
AcDbEntity
8
Inner Walls
6
Solid
370
15
62
47
100
AcDbLine
10
80620.0
20
-47696.0
30
0.0
11
80639.0
21
-47691.0
31
0.0
0
LINE
5
4577
100
AcDbEntity
8
Inner Walls
6
Solid
370
15
62
47
100
AcDbLine
10
80639.0
20
-47691.0
30
0.0
11
80640.0
21
-47691.0
31
0.0
0
LINE
5
4579
100
AcDbEntity
8
Inner Walls
6
Solid
370
15
62
47
100
AcDbLine
10
80640.0
20
-47691.0
30
0.0
11
80660.0
21
-47690.0
31
0.0
0
LINE
5
457b
100
AcDbEntity
8
Inner Walls
6
Solid
370
15
62
47
100
AcDbLine
10
80660.0
20
-47690.0
30
0.0
11
80662.0
21
-47690.0
31
0.0
0
LINE
5
457d
100
AcDbEntity
8
Inner Walls
6
Solid
370
15
62
47
100
AcDbLine
10
80662.0
20
-47690.0
30
0.0
11
80681.0
21
-47692.0
31
0.0
0
LINE
5
457f
100
AcDbEntity
8
Inner Walls
6
Solid
370
15
62
47
100
AcDbLine
10
80681.0
20
-47692.0
30
0.0
11
80683.0
21
-47693.0
31
0.0
0
LINE
5
4581
100
AcDbEntity
8
Inner Walls
6
Solid
370
15
62
47
100
AcDbLine
10
80683.0
20
-47693.0
30
0.0
11
80702.0
21
-47699.0
31
0.0
0
LINE
5
4583
100
AcDbEntity
8
Inner Walls
6
Solid
370
15
62
47
100
AcDbLine
10
80702.0
20
-47699.0
30
0.0
11
80704.0
21
-47700.0
31
0.0
0
LINE
5
4585
100
AcDbEntity
8
Inner Walls
6
Solid
370
15
62
47
100
AcDbLine
10
80704.0
20
-47700.0
30
0.0
11
80712.0
21
-47704.0
31
0.0
0
LINE
5
4587
100
AcDbEntity
8
Inner Walls
6
Solid
370
15
62
47
100
AcDbLine
10
80712.0
20
-47704.0
30
0.0
11
81058.0
21
-47906.0
31
0.0
0
LINE
5
4589
100
AcDbEntity
8
Inner Walls
6
Solid
370
15
62
47
100
AcDbLine
10
81058.0
20
-47906.0
30
0.0
11
82439.0
21
-45540.0
31
0.0
0
LINE
5
458b
100
AcDbEntity
8
Inner Walls
6
Solid
370
15
62
47
100
AcDbLine
10
82439.0
20
-45540.0
30
0.0
11
82612.0
21
-45641.0
31
0.0
0
LINE
5
458d
100
AcDbEntity
8
Inner Walls
6
Solid
370
15
62
47
100
AcDbLine
10
82612.0
20
-45641.0
30
0.0
11
81180.0
21
-48093.0
31
0.0
0
LINE
5
458f
100
AcDbEntity
8
Inner Walls
6
Solid
370
15
62
47
100
AcDbLine
10
81180.0
20
-48093.0
30
0.0
11
81154.0
21
-48122.0
31
0.0
0
LINE
5
4591
100
AcDbEntity
8
Inner Walls
6
Solid
370
15
62
47
100
AcDbLine
10
81154.0
20
-48122.0
30
0.0
11
81119.0
21
-48140.0
31
0.0
0
LINE
5
4593
100
AcDbEntity
8
Inner Walls
6
Solid
370
15
62
47
100
AcDbLine
10
81119.0
20
-48140.0
30
0.0
11
81080.0
21
-48142.0
31
0.0
0
LINE
5
4595
100
AcDbEntity
8
Inner Walls
6
Solid
370
15
62
47
100
AcDbLine
10
81080.0
20
-48142.0
30
0.0
11
81043.0
21
-48129.0
31
0.0
0
LINE
5
4597
100
AcDbEntity
8
Inner Walls
6
Solid
370
15
62
47
100
AcDbLine
10
81043.0
20
-48129.0
30
0.0
11
80689.0
21
-47923.0
31
0.0
0
LINE
5
4599
100
AcDbEntity
8
Inner Walls
6
Solid
370
15
62
47
100
AcDbLine
10
80689.0
20
-47923.0
30
0.0
11
80077.0
21
-48972.0
31
0.0
0
LINE
5
459b
100
AcDbEntity
8
Inner Walls
6
Solid
370
15
62
47
100
AcDbLine
10
80077.0
20
-48972.0
30
0.0
11
80431.0
21
-49178.0
31
0.0
0
LINE
5
459d
100
AcDbEntity
8
Inner Walls
6
Solid
370
15
62
47
100
AcDbLine
10
80431.0
20
-49178.0
30
0.0
11
80460.0
21
-49204.0
31
0.0
0
LINE
5
459f
100
AcDbEntity
8
Inner Walls
6
Solid
370
15
62
47
100
AcDbLine
10
80460.0
20
-49204.0
30
0.0
11
80477.0
21
-49239.0
31
0.0
0
LINE
5
45a1
100
AcDbEntity
8
Inner Walls
6
Solid
370
15
62
47
100
AcDbLine
10
80477.0
20
-49239.0
30
0.0
11
80479.0
21
-49278.0
31
0.0
0
LINE
5
45a3
100
AcDbEntity
8
Inner Walls
6
Solid
370
15
62
47
100
AcDbLine
10
80479.0
20
-49278.0
30
0.0
11
80467.0
21
-49315.0
31
0.0
0
LINE
5
45a5
100
AcDbEntity
8
Inner Walls
6
Solid
370
15
62
47
100
AcDbLine
10
80467.0
20
-49315.0
30
0.0
11
79612.0
21
-50779.0
31
0.0
0
LINE
5
45a7
100
AcDbEntity
8
Inner Walls
6
Solid
370
15
62
47
100
AcDbLine
10
79612.0
20
-50779.0
30
0.0
11
79586.0
21
-50808.0
31
0.0
0
LINE
5
45a9
100
AcDbEntity
8
Inner Walls
6
Solid
370
15
62
47
100
AcDbLine
10
79586.0
20
-50808.0
30
0.0
11
79551.0
21
-50826.0
31
0.0
0
LINE
5
45ab
100
AcDbEntity
8
Inner Walls
6
Solid
370
15
62
47
100
AcDbLine
10
79551.0
20
-50826.0
30
0.0
11
79512.0
21
-50828.0
31
0.0
0
LINE
5
45ad
100
AcDbEntity
8
Inner Walls
6
Solid
370
15
62
47
100
AcDbLine
10
79512.0
20
-50828.0
30
0.0
11
79475.0
21
-50815.0
31
0.0
0
LINE
5
45af
100
AcDbEntity
8
Inner Walls
6
Solid
370
15
62
47
100
AcDbLine
10
79475.0
20
-50815.0
30
0.0
11
77625.0
21
-49735.0
31
0.0
0
LINE
5
45b1
100
AcDbEntity
8
Inner Walls
6
Solid
370
15
62
47
100
AcDbLine
10
77625.0
20
-49735.0
30
0.0
11
77726.0
21
-49563.0
31
0.0
0
POINT
5
45b3
100
AcDbEntity
8
Inner Walls
6
Solid
370
15
62
47
100
AcDbPoint
10
72895.0
20
-48131.0
30
0.0
0
LINE
5
45b5
100
AcDbEntity
8
Inner Walls
6
Solid
370
15
62
47
100
AcDbLine
10
72895.0
20
-48131.0
30
0.0
11
72996.0
21
-47959.0
31
0.0
0
LINE
5
45b7
100
AcDbEntity
8
Inner Walls
6
Solid
370
15
62
47
100
AcDbLine
10
72996.0
20
-47959.0
30
0.0
11
75840.0
21
-49619.0
31
0.0
0
LINE
5
45b9
100
AcDbEntity
8
Inner Walls
6
Solid
370
15
62
47
100
AcDbLine
10
75840.0
20
-49619.0
30
0.0
11
76294.0
21
-48842.0
31
0.0
0
LINE
5
45bb
100
AcDbEntity
8
Inner Walls
6
Solid
370
15
62
47
100
AcDbLine
10
76294.0
20
-48842.0
30
0.0
11
76320.0
21
-48813.0
31
0.0
0
LINE
5
45bd
100
AcDbEntity
8
Inner Walls
6
Solid
370
15
62
47
100
AcDbLine
10
76320.0
20
-48813.0
30
0.0
11
76355.0
21
-48796.0
31
0.0
0
LINE
5
45bf
100
AcDbEntity
8
Inner Walls
6
Solid
370
15
62
47
100
AcDbLine
10
76355.0
20
-48796.0
30
0.0
11
76394.0
21
-48794.0
31
0.0
0
LINE
5
45c1
100
AcDbEntity
8
Inner Walls
6
Solid
370
15
62
47
100
AcDbLine
10
76394.0
20
-48794.0
30
0.0
11
76431.0
21
-48806.0
31
0.0
0
LINE
5
45c3
100
AcDbEntity
8
Inner Walls
6
Solid
370
15
62
47
100
AcDbLine
10
76431.0
20
-48806.0
30
0.0
11
76863.0
21
-49058.0
31
0.0
0
LINE
5
45c5
100
AcDbEntity
8
Inner Walls
6
Solid
370
15
62
47
100
AcDbLine
10
76863.0
20
-49058.0
30
0.0
11
76762.0
21
-49231.0
31
0.0
0
LINE
5
45c7
100
AcDbEntity
8
Inner Walls
6
Solid
370
15
62
47
100
AcDbLine
10
76762.0
20
-49231.0
30
0.0
11
76416.0
21
-49029.0
31
0.0
0
LINE
5
45c9
100
AcDbEntity
8
Inner Walls
6
Solid
370
15
62
47
100
AcDbLine
10
76416.0
20
-49029.0
30
0.0
11
75962.0
21
-49806.0
31
0.0
0
LINE
5
45cb
100
AcDbEntity
8
Inner Walls
6
Solid
370
15
62
47
100
AcDbLine
10
75962.0
20
-49806.0
30
0.0
11
75509.0
21
-50584.0
31
0.0
0
LINE
5
45cd
100
AcDbEntity
8
Inner Walls
6
Solid
370
15
62
47
100
AcDbLine
10
75509.0
20
-50584.0
30
0.0
11
78568.0
21
-52370.0
31
0.0
0
LINE
5
45cf
100
AcDbEntity
8
Inner Walls
6
Solid
370
15
62
47
100
AcDbLine
10
78568.0
20
-52370.0
30
0.0
11
78999.0
21
-52622.0
31
0.0
0
LINE
5
45d1
100
AcDbEntity
8
Inner Walls
6
Solid
370
15
62
47
100
AcDbLine
10
78999.0
20
-52622.0
30
0.0
11
78899.0
21
-52794.0
31
0.0
0
LINE
5
45d3
100
AcDbEntity
8
Inner Walls
6
Solid
370
15
62
47
100
AcDbLine
10
78899.0
20
-52794.0
30
0.0
11
75322.0
21
-50706.0
31
0.0
0
LINE
5
45d5
100
AcDbEntity
8
Inner Walls
6
Solid
370
15
62
47
100
AcDbLine
10
75322.0
20
-50706.0
30
0.0
11
75293.0
21
-50680.0
31
0.0
0
LINE
5
45d7
100
AcDbEntity
8
Inner Walls
6
Solid
370
15
62
47
100
AcDbLine
10
75293.0
20
-50680.0
30
0.0
11
75275.0
21
-50645.0
31
0.0
0
LINE
5
45d9
100
AcDbEntity
8
Inner Walls
6
Solid
370
15
62
47
100
AcDbLine
10
75275.0
20
-50645.0
30
0.0
11
75273.0
21
-50606.0
31
0.0
0
LINE
5
45db
100
AcDbEntity
8
Inner Walls
6
Solid
370
15
62
47
100
AcDbLine
10
75273.0
20
-50606.0
30
0.0
11
75286.0
21
-50570.0
31
0.0
0
LINE
5
45dd
100
AcDbEntity
8
Inner Walls
6
Solid
370
15
62
47
100
AcDbLine
10
75286.0
20
-50570.0
30
0.0
11
75739.0
21
-49792.0
31
0.0
0
LINE
5
45df
100
AcDbEntity
8
Inner Walls
6
Solid
370
15
62
47
100
AcDbLine
10
75739.0
20
-49792.0
30
0.0
11
72895.0
21
-48131.0
31
0.0
0
LINE
5
45e1
100
AcDbEntity
8
Inner Walls
6
Solid
370
15
62
47
100
AcDbLine
10
58030.0
20
-101742.0
30
0.0
11
58988.0
21
-100102.0
31
0.0
0
LINE
5
45e3
100
AcDbEntity
8
Inner Walls
6
Solid
370
15
62
47
100
AcDbLine
10
58988.0
20
-100102.0
30
0.0
11
57433.0
21
-99195.0
31
0.0
0
LINE
5
45e5
100
AcDbEntity
8
Inner Walls
6
Solid
370
15
62
47
100
AcDbLine
10
57433.0
20
-99195.0
30
0.0
11
57232.0
21
-99540.0
31
0.0
0
LINE
5
45e7
100
AcDbEntity
8
Inner Walls
6
Solid
370
15
62
47
100
AcDbLine
10
57232.0
20
-99540.0
30
0.0
11
57059.0
21
-99439.0
31
0.0
0
LINE
5
45e9
100
AcDbEntity
8
Inner Walls
6
Solid
370
15
62
47
100
AcDbLine
10
57059.0
20
-99439.0
30
0.0
11
57311.0
21
-99008.0
31
0.0
0
LINE
5
45eb
100
AcDbEntity
8
Inner Walls
6
Solid
370
15
62
47
100
AcDbLine
10
57311.0
20
-99008.0
30
0.0
11
57337.0
21
-98978.0
31
0.0
0
LINE
5
45ed
100
AcDbEntity
8
Inner Walls
6
Solid
370
15
62
47
100
AcDbLine
10
57337.0
20
-98978.0
30
0.0
11
57372.0
21
-98961.0
31
0.0
0
LINE
5
45ef
100
AcDbEntity
8
Inner Walls
6
Solid
370
15
62
47
100
AcDbLine
10
57372.0
20
-98961.0
30
0.0
11
57411.0
21
-98959.0
31
0.0
0
LINE
5
45f1
100
AcDbEntity
8
Inner Walls
6
Solid
370
15
62
47
100
AcDbLine
10
57411.0
20
-98959.0
30
0.0
11
57448.0
21
-98972.0
31
0.0
0
LINE
5
45f3
100
AcDbEntity
8
Inner Walls
6
Solid
370
15
62
47
100
AcDbLine
10
57448.0
20
-98972.0
30
0.0
11
58312.0
21
-99475.0
31
0.0
0
LINE
5
45f5
100
AcDbEntity
8
Inner Walls
6
Solid
370
15
62
47
100
AcDbLine
10
58312.0
20
-99475.0
30
0.0
11
65089.0
21
-103432.0
31
0.0
0
LINE
5
45f7
100
AcDbEntity
8
Inner Walls
6
Solid
370
15
62
47
100
AcDbLine
10
65089.0
20
-103432.0
30
0.0
11
65221.0
21
-103509.0
31
0.0
0
LINE
5
45f9
100
AcDbEntity
8
Inner Walls
6
Solid
370
15
62
47
100
AcDbLine
10
65221.0
20
-103509.0
30
0.0
11
65175.0
21
-103587.0
31
0.0
0
LINE
5
45fb
100
AcDbEntity
8
Inner Walls
6
Solid
370
15
62
47
100
AcDbLine
10
65175.0
20
-103587.0
30
0.0
11
65120.0
21
-103681.0
31
0.0
0
LINE
5
45fd
100
AcDbEntity
8
Inner Walls
6
Solid
370
15
62
47
100
AcDbLine
10
65120.0
20
-103681.0
30
0.0
11
62300.0
21
-102035.0
31
0.0
0
LINE
5
45ff
100
AcDbEntity
8
Inner Walls
6
Solid
370
15
62
47
100
AcDbLine
10
62300.0
20
-102035.0
30
0.0
11
62098.0
21
-102381.0
31
0.0
0
LINE
5
4601
100
AcDbEntity
8
Inner Walls
6
Solid
370
15
62
47
100
AcDbLine
10
62098.0
20
-102381.0
30
0.0
11
62093.0
21
-102389.0
31
0.0
0
LINE
5
4603
100
AcDbEntity
8
Inner Walls
6
Solid
370
15
62
47
100
AcDbLine
10
62093.0
20
-102389.0
30
0.0
11
62092.0
21
-102390.0
31
0.0
0
LINE
5
4605
100
AcDbEntity
8
Inner Walls
6
Solid
370
15
62
47
100
AcDbLine
10
62092.0
20
-102390.0
30
0.0
11
62079.0
21
-102405.0
31
0.0
0
LINE
5
4607
100
AcDbEntity
8
Inner Walls
6
Solid
370
15
62
47
100
AcDbLine
10
62079.0
20
-102405.0
30
0.0
11
62077.0
21
-102406.0
31
0.0
0
LINE
5
4609
100
AcDbEntity
8
Inner Walls
6
Solid
370
15
62
47
100
AcDbLine
10
62077.0
20
-102406.0
30
0.0
11
62062.0
21
-102418.0
31
0.0
0
LINE
5
460b
100
AcDbEntity
8
Inner Walls
6
Solid
370
15
62
47
100
AcDbLine
10
62062.0
20
-102418.0
30
0.0
11
62060.0
21
-102419.0
31
0.0
0
LINE
5
460d
100
AcDbEntity
8
Inner Walls
6
Solid
370
15
62
47
100
AcDbLine
10
62060.0
20
-102419.0
30
0.0
11
62043.0
21
-102428.0
31
0.0
0
LINE
5
460f
100
AcDbEntity
8
Inner Walls
6
Solid
370
15
62
47
100
AcDbLine
10
62043.0
20
-102428.0
30
0.0
11
62041.0
21
-102428.0
31
0.0
0
LINE
5
4611
100
AcDbEntity
8
Inner Walls
6
Solid
370
15
62
47
100
AcDbLine
10
62041.0
20
-102428.0
30
0.0
11
62022.0
21
-102433.0
31
0.0
0
LINE
5
4613
100
AcDbEntity
8
Inner Walls
6
Solid
370
15
62
47
100
AcDbLine
10
62022.0
20
-102433.0
30
0.0
11
62020.0
21
-102434.0
31
0.0
0
LINE
5
4615
100
AcDbEntity
8
Inner Walls
6
Solid
370
15
62
47
100
AcDbLine
10
62020.0
20
-102434.0
30
0.0
11
62000.0
21
-102435.0
31
0.0
0
LINE
5
4617
100
AcDbEntity
8
Inner Walls
6
Solid
370
15
62
47
100
AcDbLine
10
62000.0
20
-102435.0
30
0.0
11
61998.0
21
-102435.0
31
0.0
0
LINE
5
4619
100
AcDbEntity
8
Inner Walls
6
Solid
370
15
62
47
100
AcDbLine
10
61998.0
20
-102435.0
30
0.0
11
61979.0
21
-102432.0
31
0.0
0
LINE
5
461b
100
AcDbEntity
8
Inner Walls
6
Solid
370
15
62
47
100
AcDbLine
10
61979.0
20
-102432.0
30
0.0
11
61977.0
21
-102432.0
31
0.0
0
LINE
5
461d
100
AcDbEntity
8
Inner Walls
6
Solid
370
15
62
47
100
AcDbLine
10
61977.0
20
-102432.0
30
0.0
11
61958.0
21
-102425.0
31
0.0
0
LINE
5
461f
100
AcDbEntity
8
Inner Walls
6
Solid
370
15
62
47
100
AcDbLine
10
61958.0
20
-102425.0
30
0.0
11
61957.0
21
-102425.0
31
0.0
0
LINE
5
4621
100
AcDbEntity
8
Inner Walls
6
Solid
370
15
62
47
100
AcDbLine
10
61957.0
20
-102425.0
30
0.0
11
61948.0
21
-102420.0
31
0.0
0
LINE
5
4623
100
AcDbEntity
8
Inner Walls
6
Solid
370
15
62
47
100
AcDbLine
10
61948.0
20
-102420.0
30
0.0
11
60539.0
21
-101598.0
31
0.0
0
LINE
5
4625
100
AcDbEntity
8
Inner Walls
6
Solid
370
15
62
47
100
AcDbLine
10
60539.0
20
-101598.0
30
0.0
11
60531.0
21
-101592.0
31
0.0
0
LINE
5
4627
100
AcDbEntity
8
Inner Walls
6
Solid
370
15
62
47
100
AcDbLine
10
60531.0
20
-101592.0
30
0.0
11
60529.0
21
-101591.0
31
0.0
0
LINE
5
4629
100
AcDbEntity
8
Inner Walls
6
Solid
370
15
62
47
100
AcDbLine
10
60529.0
20
-101591.0
30
0.0
11
60515.0
21
-101578.0
31
0.0
0
LINE
5
462b
100
AcDbEntity
8
Inner Walls
6
Solid
370
15
62
47
100
AcDbLine
10
60515.0
20
-101578.0
30
0.0
11
60513.0
21
-101577.0
31
0.0
0
LINE
5
462d
100
AcDbEntity
8
Inner Walls
6
Solid
370
15
62
47
100
AcDbLine
10
60513.0
20
-101577.0
30
0.0
11
60502.0
21
-101561.0
31
0.0
0
LINE
5
462f
100
AcDbEntity
8
Inner Walls
6
Solid
370
15
62
47
100
AcDbLine
10
60502.0
20
-101561.0
30
0.0
11
60500.0
21
-101559.0
31
0.0
0
LINE
5
4631
100
AcDbEntity
8
Inner Walls
6
Solid
370
15
62
47
100
AcDbLine
10
60500.0
20
-101559.0
30
0.0
11
60492.0
21
-101542.0
31
0.0
0
LINE
5
4633
100
AcDbEntity
8
Inner Walls
6
Solid
370
15
62
47
100
AcDbLine
10
60492.0
20
-101542.0
30
0.0
11
60491.0
21
-101540.0
31
0.0
0
LINE
5
4635
100
AcDbEntity
8
Inner Walls
6
Solid
370
15
62
47
100
AcDbLine
10
60491.0
20
-101540.0
30
0.0
11
60486.0
21
-101521.0
31
0.0
0
LINE
5
4637
100
AcDbEntity
8
Inner Walls
6
Solid
370
15
62
47
100
AcDbLine
10
60486.0
20
-101521.0
30
0.0
11
60486.0
21
-101519.0
31
0.0
0
LINE
5
4639
100
AcDbEntity
8
Inner Walls
6
Solid
370
15
62
47
100
AcDbLine
10
60486.0
20
-101519.0
30
0.0
11
60485.0
21
-101499.0
31
0.0
0
LINE
5
463b
100
AcDbEntity
8
Inner Walls
6
Solid
370
15
62
47
100
AcDbLine
10
60485.0
20
-101499.0
30
0.0
11
60485.0
21
-101497.0
31
0.0
0
LINE
5
463d
100
AcDbEntity
8
Inner Walls
6
Solid
370
15
62
47
100
AcDbLine
10
60485.0
20
-101497.0
30
0.0
11
60487.0
21
-101478.0
31
0.0
0
LINE
5
463f
100
AcDbEntity
8
Inner Walls
6
Solid
370
15
62
47
100
AcDbLine
10
60487.0
20
-101478.0
30
0.0
11
60488.0
21
-101476.0
31
0.0
0
LINE
5
4641
100
AcDbEntity
8
Inner Walls
6
Solid
370
15
62
47
100
AcDbLine
10
60488.0
20
-101476.0
30
0.0
11
60494.0
21
-101458.0
31
0.0
0
LINE
5
4643
100
AcDbEntity
8
Inner Walls
6
Solid
370
15
62
47
100
AcDbLine
10
60494.0
20
-101458.0
30
0.0
11
60495.0
21
-101456.0
31
0.0
0
LINE
5
4645
100
AcDbEntity
8
Inner Walls
6
Solid
370
15
62
47
100
AcDbLine
10
60495.0
20
-101456.0
30
0.0
11
60500.0
21
-101447.0
31
0.0
0
LINE
5
4647
100
AcDbEntity
8
Inner Walls
6
Solid
370
15
62
47
100
AcDbLine
10
60500.0
20
-101447.0
30
0.0
11
60701.0
21
-101102.0
31
0.0
0
LINE
5
4649
100
AcDbEntity
8
Inner Walls
6
Solid
370
15
62
47
100
AcDbLine
10
60701.0
20
-101102.0
30
0.0
11
59160.0
21
-100203.0
31
0.0
0
LINE
5
464b
100
AcDbEntity
8
Inner Walls
6
Solid
370
15
62
47
100
AcDbLine
10
59160.0
20
-100203.0
30
0.0
11
58203.0
21
-101843.0
31
0.0
0
LINE
5
464d
100
AcDbEntity
8
Inner Walls
6
Solid
370
15
62
47
100
AcDbLine
10
58203.0
20
-101843.0
30
0.0
11
58030.0
21
-101742.0
31
0.0
0
LINE
5
464f
100
AcDbEntity
8
Inner Walls
6
Solid
370
15
62
47
100
AcDbLine
10
60874.0
20
-101203.0
30
0.0
11
60718.0
21
-101470.0
31
0.0
0
LINE
5
4651
100
AcDbEntity
8
Inner Walls
6
Solid
370
15
62
47
100
AcDbLine
10
60718.0
20
-101470.0
30
0.0
11
61971.0
21
-102202.0
31
0.0
0
LINE
5
4653
100
AcDbEntity
8
Inner Walls
6
Solid
370
15
62
47
100
AcDbLine
10
61971.0
20
-102202.0
30
0.0
11
62127.0
21
-101935.0
31
0.0
0
LINE
5
4655
100
AcDbEntity
8
Inner Walls
6
Solid
370
15
62
47
100
AcDbLine
10
62127.0
20
-101935.0
30
0.0
11
60874.0
21
-101203.0
31
0.0
0
LINE
5
4657
100
AcDbEntity
8
Inner Walls
6
Solid
370
15
62
47
100
AcDbLine
10
54501.0
20
-107788.0
30
0.0
11
55509.0
21
-106060.0
31
0.0
0
LINE
5
4659
100
AcDbEntity
8
Inner Walls
6
Solid
370
15
62
47
100
AcDbLine
10
55509.0
20
-106060.0
30
0.0
11
57274.0
21
-103038.0
31
0.0
0
LINE
5
465b
100
AcDbEntity
8
Inner Walls
6
Solid
370
15
62
47
100
AcDbLine
10
57274.0
20
-103038.0
30
0.0
11
57526.0
21
-102606.0
31
0.0
0
LINE
5
465d
100
AcDbEntity
8
Inner Walls
6
Solid
370
15
62
47
100
AcDbLine
10
57526.0
20
-102606.0
30
0.0
11
57699.0
21
-102707.0
31
0.0
0
LINE
5
465f
100
AcDbEntity
8
Inner Walls
6
Solid
370
15
62
47
100
AcDbLine
10
57699.0
20
-102707.0
30
0.0
11
57447.0
21
-103139.0
31
0.0
0
LINE
5
4661
100
AcDbEntity
8
Inner Walls
6
Solid
370
15
62
47
100
AcDbLine
10
57447.0
20
-103139.0
30
0.0
11
55732.0
21
-106075.0
31
0.0
0
LINE
5
4663
100
AcDbEntity
8
Inner Walls
6
Solid
370
15
62
47
100
AcDbLine
10
55732.0
20
-106075.0
30
0.0
11
57359.0
21
-107025.0
31
0.0
0
POINT
5
4665
100
AcDbEntity
8
Inner Walls
6
Solid
370
15
62
47
100
AcDbPoint
10
57359.0
20
-107025.0
30
0.0
0
LINE
5
4667
100
AcDbEntity
8
Inner Walls
6
Solid
370
15
62
47
100
AcDbLine
10
57359.0
20
-107025.0
30
0.0
11
58785.0
21
-107857.0
31
0.0
0
POINT
5
4669
100
AcDbEntity
8
Inner Walls
6
Solid
370
15
62
47
100
AcDbPoint
10
58785.0
20
-107857.0
30
0.0
0
LINE
5
466b
100
AcDbEntity
8
Inner Walls
6
Solid
370
15
62
47
100
AcDbLine
10
58785.0
20
-107857.0
30
0.0
11
61597.0
21
-109499.0
31
0.0
0
LINE
5
466d
100
AcDbEntity
8
Inner Walls
6
Solid
370
15
62
47
100
AcDbLine
10
61597.0
20
-109499.0
30
0.0
11
61691.0
21
-109554.0
31
0.0
0
LINE
5
466f
100
AcDbEntity
8
Inner Walls
6
Solid
370
15
62
47
100
AcDbLine
10
61691.0
20
-109554.0
30
0.0
11
61641.0
21
-109640.0
31
0.0
0
LINE
5
4671
100
AcDbEntity
8
Inner Walls
6
Solid
370
15
62
47
100
AcDbLine
10
61641.0
20
-109640.0
30
0.0
11
61590.0
21
-109726.0
31
0.0
0
POINT
5
4673
100
AcDbEntity
8
Inner Walls
6
Solid
370
15
62
47
100
AcDbPoint
10
61590.0
20
-109726.0
30
0.0
0
LINE
5
4675
100
AcDbEntity
8
Inner Walls
6
Solid
370
15
62
47
100
AcDbLine
10
61590.0
20
-109726.0
30
0.0
11
58771.0
21
-108080.0
31
0.0
0
LINE
5
4677
100
AcDbEntity
8
Inner Walls
6
Solid
370
15
62
47
100
AcDbLine
10
58771.0
20
-108080.0
30
0.0
11
58569.0
21
-108426.0
31
0.0
0
LINE
5
4679
100
AcDbEntity
8
Inner Walls
6
Solid
370
15
62
47
100
AcDbLine
10
58569.0
20
-108426.0
30
0.0
11
58564.0
21
-108434.0
31
0.0
0
LINE
5
467b
100
AcDbEntity
8
Inner Walls
6
Solid
370
15
62
47
100
AcDbLine
10
58564.0
20
-108434.0
30
0.0
11
58563.0
21
-108435.0
31
0.0
0
LINE
5
467d
100
AcDbEntity
8
Inner Walls
6
Solid
370
15
62
47
100
AcDbLine
10
58563.0
20
-108435.0
30
0.0
11
58550.0
21
-108450.0
31
0.0
0
LINE
5
467f
100
AcDbEntity
8
Inner Walls
6
Solid
370
15
62
47
100
AcDbLine
10
58550.0
20
-108450.0
30
0.0
11
58548.0
21
-108451.0
31
0.0
0
LINE
5
4681
100
AcDbEntity
8
Inner Walls
6
Solid
370
15
62
47
100
AcDbLine
10
58548.0
20
-108451.0
30
0.0
11
58533.0
21
-108463.0
31
0.0
0
LINE
5
4683
100
AcDbEntity
8
Inner Walls
6
Solid
370
15
62
47
100
AcDbLine
10
58533.0
20
-108463.0
30
0.0
11
58531.0
21
-108464.0
31
0.0
0
LINE
5
4685
100
AcDbEntity
8
Inner Walls
6
Solid
370
15
62
47
100
AcDbLine
10
58531.0
20
-108464.0
30
0.0
11
58513.0
21
-108473.0
31
0.0
0
LINE
5
4687
100
AcDbEntity
8
Inner Walls
6
Solid
370
15
62
47
100
AcDbLine
10
58513.0
20
-108473.0
30
0.0
11
58511.0
21
-108474.0
31
0.0
0
LINE
5
4689
100
AcDbEntity
8
Inner Walls
6
Solid
370
15
62
47
100
AcDbLine
10
58511.0
20
-108474.0
30
0.0
11
58492.0
21
-108479.0
31
0.0
0
LINE
5
468b
100
AcDbEntity
8
Inner Walls
6
Solid
370
15
62
47
100
AcDbLine
10
58492.0
20
-108479.0
30
0.0
11
58490.0
21
-108479.0
31
0.0
0
LINE
5
468d
100
AcDbEntity
8
Inner Walls
6
Solid
370
15
62
47
100
AcDbLine
10
58490.0
20
-108479.0
30
0.0
11
58471.0
21
-108480.0
31
0.0
0
LINE
5
468f
100
AcDbEntity
8
Inner Walls
6
Solid
370
15
62
47
100
AcDbLine
10
58471.0
20
-108480.0
30
0.0
11
58469.0
21
-108480.0
31
0.0
0
LINE
5
4691
100
AcDbEntity
8
Inner Walls
6
Solid
370
15
62
47
100
AcDbLine
10
58469.0
20
-108480.0
30
0.0
11
58450.0
21
-108477.0
31
0.0
0
LINE
5
4693
100
AcDbEntity
8
Inner Walls
6
Solid
370
15
62
47
100
AcDbLine
10
58450.0
20
-108477.0
30
0.0
11
58448.0
21
-108477.0
31
0.0
0
LINE
5
4695
100
AcDbEntity
8
Inner Walls
6
Solid
370
15
62
47
100
AcDbLine
10
58448.0
20
-108477.0
30
0.0
11
58429.0
21
-108471.0
31
0.0
0
LINE
5
4697
100
AcDbEntity
8
Inner Walls
6
Solid
370
15
62
47
100
AcDbLine
10
58429.0
20
-108471.0
30
0.0
11
58427.0
21
-108470.0
31
0.0
0
LINE
5
4699
100
AcDbEntity
8
Inner Walls
6
Solid
370
15
62
47
100
AcDbLine
10
58427.0
20
-108470.0
30
0.0
11
58419.0
21
-108465.0
31
0.0
0
LINE
5
469b
100
AcDbEntity
8
Inner Walls
6
Solid
370
15
62
47
100
AcDbLine
10
58419.0
20
-108465.0
30
0.0
11
57010.0
21
-107643.0
31
0.0
0
LINE
5
469d
100
AcDbEntity
8
Inner Walls
6
Solid
370
15
62
47
100
AcDbLine
10
57010.0
20
-107643.0
30
0.0
11
57002.0
21
-107637.0
31
0.0
0
LINE
5
469f
100
AcDbEntity
8
Inner Walls
6
Solid
370
15
62
47
100
AcDbLine
10
57002.0
20
-107637.0
30
0.0
11
57000.0
21
-107636.0
31
0.0
0
LINE
5
46a1
100
AcDbEntity
8
Inner Walls
6
Solid
370
15
62
47
100
AcDbLine
10
57000.0
20
-107636.0
30
0.0
11
56985.0
21
-107623.0
31
0.0
0
LINE
5
46a3
100
AcDbEntity
8
Inner Walls
6
Solid
370
15
62
47
100
AcDbLine
10
56985.0
20
-107623.0
30
0.0
11
56984.0
21
-107622.0
31
0.0
0
LINE
5
46a5
100
AcDbEntity
8
Inner Walls
6
Solid
370
15
62
47
100
AcDbLine
10
56984.0
20
-107622.0
30
0.0
11
56972.0
21
-107606.0
31
0.0
0
LINE
5
46a7
100
AcDbEntity
8
Inner Walls
6
Solid
370
15
62
47
100
AcDbLine
10
56972.0
20
-107606.0
30
0.0
11
56971.0
21
-107605.0
31
0.0
0
LINE
5
46a9
100
AcDbEntity
8
Inner Walls
6
Solid
370
15
62
47
100
AcDbLine
10
56971.0
20
-107605.0
30
0.0
11
56963.0
21
-107587.0
31
0.0
0
LINE
5
46ab
100
AcDbEntity
8
Inner Walls
6
Solid
370
15
62
47
100
AcDbLine
10
56963.0
20
-107587.0
30
0.0
11
56962.0
21
-107585.0
31
0.0
0
LINE
5
46ad
100
AcDbEntity
8
Inner Walls
6
Solid
370
15
62
47
100
AcDbLine
10
56962.0
20
-107585.0
30
0.0
11
56957.0
21
-107566.0
31
0.0
0
LINE
5
46af
100
AcDbEntity
8
Inner Walls
6
Solid
370
15
62
47
100
AcDbLine
10
56957.0
20
-107566.0
30
0.0
11
56957.0
21
-107564.0
31
0.0
0
LINE
5
46b1
100
AcDbEntity
8
Inner Walls
6
Solid
370
15
62
47
100
AcDbLine
10
56957.0
20
-107564.0
30
0.0
11
56955.0
21
-107545.0
31
0.0
0
LINE
5
46b3
100
AcDbEntity
8
Inner Walls
6
Solid
370
15
62
47
100
AcDbLine
10
56955.0
20
-107545.0
30
0.0
11
56956.0
21
-107543.0
31
0.0
0
LINE
5
46b5
100
AcDbEntity
8
Inner Walls
6
Solid
370
15
62
47
100
AcDbLine
10
56956.0
20
-107543.0
30
0.0
11
56958.0
21
-107523.0
31
0.0
0
LINE
5
46b7
100
AcDbEntity
8
Inner Walls
6
Solid
370
15
62
47
100
AcDbLine
10
56958.0
20
-107523.0
30
0.0
11
56959.0
21
-107521.0
31
0.0
0
LINE
5
46b9
100
AcDbEntity
8
Inner Walls
6
Solid
370
15
62
47
100
AcDbLine
10
56959.0
20
-107521.0
30
0.0
11
56965.0
21
-107503.0
31
0.0
0
LINE
5
46bb
100
AcDbEntity
8
Inner Walls
6
Solid
370
15
62
47
100
AcDbLine
10
56965.0
20
-107503.0
30
0.0
11
56966.0
21
-107501.0
31
0.0
0
LINE
5
46bd
100
AcDbEntity
8
Inner Walls
6
Solid
370
15
62
47
100
AcDbLine
10
56966.0
20
-107501.0
30
0.0
11
56970.0
21
-107492.0
31
0.0
0
LINE
5
46bf
100
AcDbEntity
8
Inner Walls
6
Solid
370
15
62
47
100
AcDbLine
10
56970.0
20
-107492.0
30
0.0
11
57172.0
21
-107147.0
31
0.0
0
LINE
5
46c1
100
AcDbEntity
8
Inner Walls
6
Solid
370
15
62
47
100
AcDbLine
10
57172.0
20
-107147.0
30
0.0
11
55942.0
21
-106429.0
31
0.0
0
LINE
5
46c3
100
AcDbEntity
8
Inner Walls
6
Solid
370
15
62
47
100
AcDbLine
10
55942.0
20
-106429.0
30
0.0
11
55632.0
21
-106248.0
31
0.0
0
LINE
5
46c5
100
AcDbEntity
8
Inner Walls
6
Solid
370
15
62
47
100
AcDbLine
10
55632.0
20
-106248.0
30
0.0
11
54674.0
21
-107888.0
31
0.0
0
LINE
5
46c7
100
AcDbEntity
8
Inner Walls
6
Solid
370
15
62
47
100
AcDbLine
10
54674.0
20
-107888.0
30
0.0
11
54501.0
21
-107788.0
31
0.0
0
LINE
5
46c9
100
AcDbEntity
8
Inner Walls
6
Solid
370
15
62
47
100
AcDbLine
10
57345.0
20
-107248.0
30
0.0
11
57189.0
21
-107515.0
31
0.0
0
LINE
5
46cb
100
AcDbEntity
8
Inner Walls
6
Solid
370
15
62
47
100
AcDbLine
10
57189.0
20
-107515.0
30
0.0
11
58441.0
21
-108247.0
31
0.0
0
LINE
5
46cd
100
AcDbEntity
8
Inner Walls
6
Solid
370
15
62
47
100
AcDbLine
10
58441.0
20
-108247.0
30
0.0
11
58598.0
21
-107979.0
31
0.0
0
LINE
5
46cf
100
AcDbEntity
8
Inner Walls
6
Solid
370
15
62
47
100
AcDbLine
10
58598.0
20
-107979.0
30
0.0
11
57345.0
21
-107248.0
31
0.0
0
LINE
5
46d1
100
AcDbEntity
8
Inner Walls
6
Solid
370
15
62
47
100
AcDbLine
10
50678.0
20
-110765.0
30
0.0
11
50476.0
21
-111111.0
31
0.0
0
LINE
5
46d3
100
AcDbEntity
8
Inner Walls
6
Solid
370
15
62
47
100
AcDbLine
10
50476.0
20
-111111.0
30
0.0
11
52031.0
21
-112018.0
31
0.0
0
LINE
5
46d5
100
AcDbEntity
8
Inner Walls
6
Solid
370
15
62
47
100
AcDbLine
10
52031.0
20
-112018.0
30
0.0
11
53745.0
21
-109083.0
31
0.0
0
LINE
5
46d7
100
AcDbEntity
8
Inner Walls
6
Solid
370
15
62
47
100
AcDbLine
10
53745.0
20
-109083.0
30
0.0
11
53997.0
21
-108651.0
31
0.0
0
LINE
5
46d9
100
AcDbEntity
8
Inner Walls
6
Solid
370
15
62
47
100
AcDbLine
10
53997.0
20
-108651.0
30
0.0
11
54169.0
21
-108752.0
31
0.0
0
LINE
5
46db
100
AcDbEntity
8
Inner Walls
6
Solid
370
15
62
47
100
AcDbLine
10
54169.0
20
-108752.0
30
0.0
11
53917.0
21
-109184.0
31
0.0
0
LINE
5
46dd
100
AcDbEntity
8
Inner Walls
6
Solid
370
15
62
47
100
AcDbLine
10
53917.0
20
-109184.0
30
0.0
11
52204.0
21
-112119.0
31
0.0
0
LINE
5
46df
100
AcDbEntity
8
Inner Walls
6
Solid
370
15
62
47
100
AcDbLine
10
52204.0
20
-112119.0
30
0.0
11
58162.0
21
-115599.0
31
0.0
0
POINT
5
46e1
100
AcDbEntity
8
Inner Walls
6
Solid
370
15
62
47
100
AcDbPoint
10
58162.0
20
-115599.0
30
0.0
0
POINT
5
46e3
100
AcDbEntity
8
Inner Walls
6
Solid
370
15
62
47
100
AcDbPoint
10
58162.0
20
-115599.0
30
0.0
0
LINE
5
46e5
100
AcDbEntity
8
Inner Walls
6
Solid
370
15
62
47
100
AcDbLine
10
58162.0
20
-115599.0
30
0.0
11
58105.0
21
-115697.0
31
0.0
0
LINE
5
46e7
100
AcDbEntity
8
Inner Walls
6
Solid
370
15
62
47
100
AcDbLine
10
58105.0
20
-115697.0
30
0.0
11
58061.0
21
-115772.0
31
0.0
0
POINT
5
46e9
100
AcDbEntity
8
Inner Walls
6
Solid
370
15
62
47
100
AcDbPoint
10
58061.0
20
-115772.0
30
0.0
0
POINT
5
46eb
100
AcDbEntity
8
Inner Walls
6
Solid
370
15
62
47
100
AcDbPoint
10
58061.0
20
-115772.0
30
0.0
0
LINE
5
46ed
100
AcDbEntity
8
Inner Walls
6
Solid
370
15
62
47
100
AcDbLine
10
58061.0
20
-115772.0
30
0.0
11
52016.0
21
-112242.0
31
0.0
0
POINT
5
46ef
100
AcDbEntity
8
Inner Walls
6
Solid
370
15
62
47
100
AcDbPoint
10
52016.0
20
-112242.0
30
0.0
0
LINE
5
46f1
100
AcDbEntity
8
Inner Walls
6
Solid
370
15
62
47
100
AcDbLine
10
52016.0
20
-112242.0
30
0.0
11
51152.0
21
-111738.0
31
0.0
0
LINE
5
46f3
100
AcDbEntity
8
Inner Walls
6
Solid
370
15
62
47
100
AcDbLine
10
51152.0
20
-111738.0
30
0.0
11
50289.0
21
-111233.0
31
0.0
0
LINE
5
46f5
100
AcDbEntity
8
Inner Walls
6
Solid
370
15
62
47
100
AcDbLine
10
50289.0
20
-111233.0
30
0.0
11
50260.0
21
-111207.0
31
0.0
0
LINE
5
46f7
100
AcDbEntity
8
Inner Walls
6
Solid
370
15
62
47
100
AcDbLine
10
50260.0
20
-111207.0
30
0.0
11
50243.0
21
-111172.0
31
0.0
0
LINE
5
46f9
100
AcDbEntity
8
Inner Walls
6
Solid
370
15
62
47
100
AcDbLine
10
50243.0
20
-111172.0
30
0.0
11
50241.0
21
-111133.0
31
0.0
0
LINE
5
46fb
100
AcDbEntity
8
Inner Walls
6
Solid
370
15
62
47
100
AcDbLine
10
50241.0
20
-111133.0
30
0.0
11
50253.0
21
-111096.0
31
0.0
0
LINE
5
46fd
100
AcDbEntity
8
Inner Walls
6
Solid
370
15
62
47
100
AcDbLine
10
50253.0
20
-111096.0
30
0.0
11
50505.0
21
-110664.0
31
0.0
0
LINE
5
46ff
100
AcDbEntity
8
Inner Walls
6
Solid
370
15
62
47
100
AcDbLine
10
50505.0
20
-110664.0
30
0.0
11
50678.0
21
-110765.0
31
0.0
0
LINE
5
4701
100
AcDbEntity
8
Inner Walls
6
Solid
370
15
62
47
100
AcDbLine
10
56727.0
20
-100404.0
30
0.0
11
55719.0
21
-102130.0
31
0.0
0
LINE
5
4703
100
AcDbEntity
8
Inner Walls
6
Solid
370
15
62
47
100
AcDbLine
10
55719.0
20
-102130.0
30
0.0
11
55694.0
21
-102159.0
31
0.0
0
LINE
5
4705
100
AcDbEntity
8
Inner Walls
6
Solid
370
15
62
47
100
AcDbLine
10
55694.0
20
-102159.0
30
0.0
11
55659.0
21
-102177.0
31
0.0
0
LINE
5
4707
100
AcDbEntity
8
Inner Walls
6
Solid
370
15
62
47
100
AcDbLine
10
55659.0
20
-102177.0
30
0.0
11
55620.0
21
-102179.0
31
0.0
0
LINE
5
4709
100
AcDbEntity
8
Inner Walls
6
Solid
370
15
62
47
100
AcDbLine
10
55620.0
20
-102179.0
30
0.0
11
55583.0
21
-102166.0
31
0.0
0
LINE
5
470b
100
AcDbEntity
8
Inner Walls
6
Solid
370
15
62
47
100
AcDbLine
10
55583.0
20
-102166.0
30
0.0
11
53870.0
21
-101166.0
31
0.0
0
LINE
5
470d
100
AcDbEntity
8
Inner Walls
6
Solid
370
15
62
47
100
AcDbLine
10
53870.0
20
-101166.0
30
0.0
11
53840.0
21
-101140.0
31
0.0
0
LINE
5
470f
100
AcDbEntity
8
Inner Walls
6
Solid
370
15
62
47
100
AcDbLine
10
53840.0
20
-101140.0
30
0.0
11
53823.0
21
-101105.0
31
0.0
0
LINE
5
4711
100
AcDbEntity
8
Inner Walls
6
Solid
370
15
62
47
100
AcDbLine
10
53823.0
20
-101105.0
30
0.0
11
53821.0
21
-101066.0
31
0.0
0
LINE
5
4713
100
AcDbEntity
8
Inner Walls
6
Solid
370
15
62
47
100
AcDbLine
10
53821.0
20
-101066.0
30
0.0
11
53834.0
21
-101029.0
31
0.0
0
LINE
5
4715
100
AcDbEntity
8
Inner Walls
6
Solid
370
15
62
47
100
AcDbLine
10
53834.0
20
-101029.0
30
0.0
11
54040.0
21
-100675.0
31
0.0
0
LINE
5
4717
100
AcDbEntity
8
Inner Walls
6
Solid
370
15
62
47
100
AcDbLine
10
54040.0
20
-100675.0
30
0.0
11
52788.0
21
-99944.0
31
0.0
0
LINE
5
4719
100
AcDbEntity
8
Inner Walls
6
Solid
370
15
62
47
100
AcDbLine
10
52788.0
20
-99944.0
30
0.0
11
52580.0
21
-100298.0
31
0.0
0
LINE
5
471b
100
AcDbEntity
8
Inner Walls
6
Solid
370
15
62
47
100
AcDbLine
10
52580.0
20
-100298.0
30
0.0
11
52554.0
21
-100327.0
31
0.0
0
LINE
5
471d
100
AcDbEntity
8
Inner Walls
6
Solid
370
15
62
47
100
AcDbLine
10
52554.0
20
-100327.0
30
0.0
11
52519.0
21
-100344.0
31
0.0
0
LINE
5
471f
100
AcDbEntity
8
Inner Walls
6
Solid
370
15
62
47
100
AcDbLine
10
52519.0
20
-100344.0
30
0.0
11
52480.0
21
-100346.0
31
0.0
0
LINE
5
4721
100
AcDbEntity
8
Inner Walls
6
Solid
370
15
62
47
100
AcDbLine
10
52480.0
20
-100346.0
30
0.0
11
52444.0
21
-100333.0
31
0.0
0
LINE
5
4723
100
AcDbEntity
8
Inner Walls
6
Solid
370
15
62
47
100
AcDbLine
10
52444.0
20
-100333.0
30
0.0
11
49538.0
21
-98637.0
31
0.0
0
LINE
5
4725
100
AcDbEntity
8
Inner Walls
6
Solid
370
15
62
47
100
AcDbLine
10
49538.0
20
-98637.0
30
0.0
11
49638.0
21
-98464.0
31
0.0
0
LINE
5
4727
100
AcDbEntity
8
Inner Walls
6
Solid
370
15
62
47
100
AcDbLine
10
49638.0
20
-98464.0
30
0.0
11
52458.0
21
-100110.0
31
0.0
0
LINE
5
4729
100
AcDbEntity
8
Inner Walls
6
Solid
370
15
62
47
100
AcDbLine
10
52458.0
20
-100110.0
30
0.0
11
52660.0
21
-99765.0
31
0.0
0
LINE
5
472b
100
AcDbEntity
8
Inner Walls
6
Solid
370
15
62
47
100
AcDbLine
10
52660.0
20
-99765.0
30
0.0
11
52665.0
21
-99757.0
31
0.0
0
LINE
5
472d
100
AcDbEntity
8
Inner Walls
6
Solid
370
15
62
47
100
AcDbLine
10
52665.0
20
-99757.0
30
0.0
11
52666.0
21
-99755.0
31
0.0
0
LINE
5
472f
100
AcDbEntity
8
Inner Walls
6
Solid
370
15
62
47
100
AcDbLine
10
52666.0
20
-99755.0
30
0.0
11
52679.0
21
-99740.0
31
0.0
0
LINE
5
4731
100
AcDbEntity
8
Inner Walls
6
Solid
370
15
62
47
100
AcDbLine
10
52679.0
20
-99740.0
30
0.0
11
52681.0
21
-99739.0
31
0.0
0
LINE
5
4733
100
AcDbEntity
8
Inner Walls
6
Solid
370
15
62
47
100
AcDbLine
10
52681.0
20
-99739.0
30
0.0
11
52696.0
21
-99727.0
31
0.0
0
LINE
5
4735
100
AcDbEntity
8
Inner Walls
6
Solid
370
15
62
47
100
AcDbLine
10
52696.0
20
-99727.0
30
0.0
11
52698.0
21
-99726.0
31
0.0
0
LINE
5
4737
100
AcDbEntity
8
Inner Walls
6
Solid
370
15
62
47
100
AcDbLine
10
52698.0
20
-99726.0
30
0.0
11
52716.0
21
-99718.0
31
0.0
0
LINE
5
4739
100
AcDbEntity
8
Inner Walls
6
Solid
370
15
62
47
100
AcDbLine
10
52716.0
20
-99718.0
30
0.0
11
52717.0
21
-99717.0
31
0.0
0
LINE
5
473b
100
AcDbEntity
8
Inner Walls
6
Solid
370
15
62
47
100
AcDbLine
10
52717.0
20
-99717.0
30
0.0
11
52736.0
21
-99712.0
31
0.0
0
LINE
5
473d
100
AcDbEntity
8
Inner Walls
6
Solid
370
15
62
47
100
AcDbLine
10
52736.0
20
-99712.0
30
0.0
11
52738.0
21
-99712.0
31
0.0
0
LINE
5
473f
100
AcDbEntity
8
Inner Walls
6
Solid
370
15
62
47
100
AcDbLine
10
52738.0
20
-99712.0
30
0.0
11
52758.0
21
-99710.0
31
0.0
0
LINE
5
4741
100
AcDbEntity
8
Inner Walls
6
Solid
370
15
62
47
100
AcDbLine
10
52758.0
20
-99710.0
30
0.0
11
52760.0
21
-99710.0
31
0.0
0
LINE
5
4743
100
AcDbEntity
8
Inner Walls
6
Solid
370
15
62
47
100
AcDbLine
10
52760.0
20
-99710.0
30
0.0
11
52779.0
21
-99713.0
31
0.0
0
LINE
5
4745
100
AcDbEntity
8
Inner Walls
6
Solid
370
15
62
47
100
AcDbLine
10
52779.0
20
-99713.0
30
0.0
11
52781.0
21
-99714.0
31
0.0
0
LINE
5
4747
100
AcDbEntity
8
Inner Walls
6
Solid
370
15
62
47
100
AcDbLine
10
52781.0
20
-99714.0
30
0.0
11
52800.0
21
-99720.0
31
0.0
0
LINE
5
4749
100
AcDbEntity
8
Inner Walls
6
Solid
370
15
62
47
100
AcDbLine
10
52800.0
20
-99720.0
30
0.0
11
52801.0
21
-99721.0
31
0.0
0
LINE
5
474b
100
AcDbEntity
8
Inner Walls
6
Solid
370
15
62
47
100
AcDbLine
10
52801.0
20
-99721.0
30
0.0
11
52810.0
21
-99725.0
31
0.0
0
LINE
5
474d
100
AcDbEntity
8
Inner Walls
6
Solid
370
15
62
47
100
AcDbLine
10
52810.0
20
-99725.0
30
0.0
11
54219.0
21
-100548.0
31
0.0
0
LINE
5
474f
100
AcDbEntity
8
Inner Walls
6
Solid
370
15
62
47
100
AcDbLine
10
54219.0
20
-100548.0
30
0.0
11
54227.0
21
-100553.0
31
0.0
0
LINE
5
4751
100
AcDbEntity
8
Inner Walls
6
Solid
370
15
62
47
100
AcDbLine
10
54227.0
20
-100553.0
30
0.0
11
54229.0
21
-100554.0
31
0.0
0
LINE
5
4753
100
AcDbEntity
8
Inner Walls
6
Solid
370
15
62
47
100
AcDbLine
10
54229.0
20
-100554.0
30
0.0
11
54243.0
21
-100567.0
31
0.0
0
LINE
5
4755
100
AcDbEntity
8
Inner Walls
6
Solid
370
15
62
47
100
AcDbLine
10
54243.0
20
-100567.0
30
0.0
11
54245.0
21
-100569.0
31
0.0
0
LINE
5
4757
100
AcDbEntity
8
Inner Walls
6
Solid
370
15
62
47
100
AcDbLine
10
54245.0
20
-100569.0
30
0.0
11
54257.0
21
-100584.0
31
0.0
0
LINE
5
4759
100
AcDbEntity
8
Inner Walls
6
Solid
370
15
62
47
100
AcDbLine
10
54257.0
20
-100584.0
30
0.0
11
54258.0
21
-100586.0
31
0.0
0
LINE
5
475b
100
AcDbEntity
8
Inner Walls
6
Solid
370
15
62
47
100
AcDbLine
10
54258.0
20
-100586.0
30
0.0
11
54266.0
21
-100604.0
31
0.0
0
LINE
5
475d
100
AcDbEntity
8
Inner Walls
6
Solid
370
15
62
47
100
AcDbLine
10
54266.0
20
-100604.0
30
0.0
11
54267.0
21
-100605.0
31
0.0
0
LINE
5
475f
100
AcDbEntity
8
Inner Walls
6
Solid
370
15
62
47
100
AcDbLine
10
54267.0
20
-100605.0
30
0.0
11
54272.0
21
-100624.0
31
0.0
0
LINE
5
4761
100
AcDbEntity
8
Inner Walls
6
Solid
370
15
62
47
100
AcDbLine
10
54272.0
20
-100624.0
30
0.0
11
54272.0
21
-100626.0
31
0.0
0
LINE
5
4763
100
AcDbEntity
8
Inner Walls
6
Solid
370
15
62
47
100
AcDbLine
10
54272.0
20
-100626.0
30
0.0
11
54273.0
21
-100646.0
31
0.0
0
LINE
5
4765
100
AcDbEntity
8
Inner Walls
6
Solid
370
15
62
47
100
AcDbLine
10
54273.0
20
-100646.0
30
0.0
11
54273.0
21
-100648.0
31
0.0
0
LINE
5
4767
100
AcDbEntity
8
Inner Walls
6
Solid
370
15
62
47
100
AcDbLine
10
54273.0
20
-100648.0
30
0.0
11
54271.0
21
-100667.0
31
0.0
0
LINE
5
4769
100
AcDbEntity
8
Inner Walls
6
Solid
370
15
62
47
100
AcDbLine
10
54271.0
20
-100667.0
30
0.0
11
54270.0
21
-100669.0
31
0.0
0
LINE
5
476b
100
AcDbEntity
8
Inner Walls
6
Solid
370
15
62
47
100
AcDbLine
10
54270.0
20
-100669.0
30
0.0
11
54264.0
21
-100688.0
31
0.0
0
LINE
5
476d
100
AcDbEntity
8
Inner Walls
6
Solid
370
15
62
47
100
AcDbLine
10
54264.0
20
-100688.0
30
0.0
11
54263.0
21
-100690.0
31
0.0
0
LINE
5
476f
100
AcDbEntity
8
Inner Walls
6
Solid
370
15
62
47
100
AcDbLine
10
54263.0
20
-100690.0
30
0.0
11
54258.0
21
-100698.0
31
0.0
0
LINE
5
4771
100
AcDbEntity
8
Inner Walls
6
Solid
370
15
62
47
100
AcDbLine
10
54258.0
20
-100698.0
30
0.0
11
54057.0
21
-101044.0
31
0.0
0
LINE
5
4773
100
AcDbEntity
8
Inner Walls
6
Solid
370
15
62
47
100
AcDbLine
10
54057.0
20
-101044.0
30
0.0
11
55597.0
21
-101943.0
31
0.0
0
LINE
5
4775
100
AcDbEntity
8
Inner Walls
6
Solid
370
15
62
47
100
AcDbLine
10
55597.0
20
-101943.0
30
0.0
11
56555.0
21
-100303.0
31
0.0
0
LINE
5
4777
100
AcDbEntity
8
Inner Walls
6
Solid
370
15
62
47
100
AcDbLine
10
56555.0
20
-100303.0
30
0.0
11
56727.0
21
-100404.0
31
0.0
0
LINE
5
4779
100
AcDbEntity
8
Inner Walls
6
Solid
370
15
62
47
100
AcDbLine
10
46109.0
20
-104509.0
30
0.0
11
49015.0
21
-106206.0
31
0.0
0
LINE
5
477b
100
AcDbEntity
8
Inner Walls
6
Solid
370
15
62
47
100
AcDbLine
10
49015.0
20
-106206.0
30
0.0
11
49044.0
21
-106232.0
31
0.0
0
LINE
5
477d
100
AcDbEntity
8
Inner Walls
6
Solid
370
15
62
47
100
AcDbLine
10
49044.0
20
-106232.0
30
0.0
11
49061.0
21
-106267.0
31
0.0
0
LINE
5
477f
100
AcDbEntity
8
Inner Walls
6
Solid
370
15
62
47
100
AcDbLine
10
49061.0
20
-106267.0
30
0.0
11
49064.0
21
-106306.0
31
0.0
0
LINE
5
4781
100
AcDbEntity
8
Inner Walls
6
Solid
370
15
62
47
100
AcDbLine
10
49064.0
20
-106306.0
30
0.0
11
49051.0
21
-106343.0
31
0.0
0
LINE
5
4783
100
AcDbEntity
8
Inner Walls
6
Solid
370
15
62
47
100
AcDbLine
10
49051.0
20
-106343.0
30
0.0
11
48844.0
21
-106697.0
31
0.0
0
LINE
5
4785
100
AcDbEntity
8
Inner Walls
6
Solid
370
15
62
47
100
AcDbLine
10
48844.0
20
-106697.0
30
0.0
11
50097.0
21
-107428.0
31
0.0
0
LINE
5
4787
100
AcDbEntity
8
Inner Walls
6
Solid
370
15
62
47
100
AcDbLine
10
50097.0
20
-107428.0
30
0.0
11
50304.0
21
-107074.0
31
0.0
0
LINE
5
4789
100
AcDbEntity
8
Inner Walls
6
Solid
370
15
62
47
100
AcDbLine
10
50304.0
20
-107074.0
30
0.0
11
50330.0
21
-107045.0
31
0.0
0
LINE
5
478b
100
AcDbEntity
8
Inner Walls
6
Solid
370
15
62
47
100
AcDbLine
10
50330.0
20
-107045.0
30
0.0
11
50365.0
21
-107028.0
31
0.0
0
LINE
5
478d
100
AcDbEntity
8
Inner Walls
6
Solid
370
15
62
47
100
AcDbLine
10
50365.0
20
-107028.0
30
0.0
11
50404.0
21
-107026.0
31
0.0
0
LINE
5
478f
100
AcDbEntity
8
Inner Walls
6
Solid
370
15
62
47
100
AcDbLine
10
50404.0
20
-107026.0
30
0.0
11
50441.0
21
-107038.0
31
0.0
0
LINE
5
4791
100
AcDbEntity
8
Inner Walls
6
Solid
370
15
62
47
100
AcDbLine
10
50441.0
20
-107038.0
30
0.0
11
52154.0
21
-108039.0
31
0.0
0
LINE
5
4793
100
AcDbEntity
8
Inner Walls
6
Solid
370
15
62
47
100
AcDbLine
10
52154.0
20
-108039.0
30
0.0
11
52183.0
21
-108064.0
31
0.0
0
LINE
5
4795
100
AcDbEntity
8
Inner Walls
6
Solid
370
15
62
47
100
AcDbLine
10
52183.0
20
-108064.0
30
0.0
11
52201.0
21
-108100.0
31
0.0
0
LINE
5
4797
100
AcDbEntity
8
Inner Walls
6
Solid
370
15
62
47
100
AcDbLine
10
52201.0
20
-108100.0
30
0.0
11
52203.0
21
-108138.0
31
0.0
0
LINE
5
4799
100
AcDbEntity
8
Inner Walls
6
Solid
370
15
62
47
100
AcDbLine
10
52203.0
20
-108138.0
30
0.0
11
52190.0
21
-108175.0
31
0.0
0
LINE
5
479b
100
AcDbEntity
8
Inner Walls
6
Solid
370
15
62
47
100
AcDbLine
10
52190.0
20
-108175.0
30
0.0
11
51182.0
21
-109902.0
31
0.0
0
LINE
5
479d
100
AcDbEntity
8
Inner Walls
6
Solid
370
15
62
47
100
AcDbLine
10
51182.0
20
-109902.0
30
0.0
11
51010.0
21
-109801.0
31
0.0
0
LINE
5
479f
100
AcDbEntity
8
Inner Walls
6
Solid
370
15
62
47
100
AcDbLine
10
51010.0
20
-109801.0
30
0.0
11
51967.0
21
-108161.0
31
0.0
0
LINE
5
47a1
100
AcDbEntity
8
Inner Walls
6
Solid
370
15
62
47
100
AcDbLine
10
51967.0
20
-108161.0
30
0.0
11
50426.0
21
-107261.0
31
0.0
0
LINE
5
47a3
100
AcDbEntity
8
Inner Walls
6
Solid
370
15
62
47
100
AcDbLine
10
50426.0
20
-107261.0
30
0.0
11
50225.0
21
-107607.0
31
0.0
0
LINE
5
47a5
100
AcDbEntity
8
Inner Walls
6
Solid
370
15
62
47
100
AcDbLine
10
50225.0
20
-107607.0
30
0.0
11
50220.0
21
-107615.0
31
0.0
0
LINE
5
47a7
100
AcDbEntity
8
Inner Walls
6
Solid
370
15
62
47
100
AcDbLine
10
50220.0
20
-107615.0
30
0.0
11
50218.0
21
-107617.0
31
0.0
0
LINE
5
47a9
100
AcDbEntity
8
Inner Walls
6
Solid
370
15
62
47
100
AcDbLine
10
50218.0
20
-107617.0
30
0.0
11
50205.0
21
-107631.0
31
0.0
0
LINE
5
47ab
100
AcDbEntity
8
Inner Walls
6
Solid
370
15
62
47
100
AcDbLine
10
50205.0
20
-107631.0
30
0.0
11
50204.0
21
-107633.0
31
0.0
0
LINE
5
47ad
100
AcDbEntity
8
Inner Walls
6
Solid
370
15
62
47
100
AcDbLine
10
50204.0
20
-107633.0
30
0.0
11
50188.0
21
-107644.0
31
0.0
0
LINE
5
47af
100
AcDbEntity
8
Inner Walls
6
Solid
370
15
62
47
100
AcDbLine
10
50188.0
20
-107644.0
30
0.0
11
50187.0
21
-107645.0
31
0.0
0
LINE
5
47b1
100
AcDbEntity
8
Inner Walls
6
Solid
370
15
62
47
100
AcDbLine
10
50187.0
20
-107645.0
30
0.0
11
50169.0
21
-107654.0
31
0.0
0
LINE
5
47b3
100
AcDbEntity
8
Inner Walls
6
Solid
370
15
62
47
100
AcDbLine
10
50169.0
20
-107654.0
30
0.0
11
50167.0
21
-107655.0
31
0.0
0
LINE
5
47b5
100
AcDbEntity
8
Inner Walls
6
Solid
370
15
62
47
100
AcDbLine
10
50167.0
20
-107655.0
30
0.0
11
50148.0
21
-107660.0
31
0.0
0
LINE
5
47b7
100
AcDbEntity
8
Inner Walls
6
Solid
370
15
62
47
100
AcDbLine
10
50148.0
20
-107660.0
30
0.0
11
50146.0
21
-107660.0
31
0.0
0
LINE
5
47b9
100
AcDbEntity
8
Inner Walls
6
Solid
370
15
62
47
100
AcDbLine
10
50146.0
20
-107660.0
30
0.0
11
50127.0
21
-107661.0
31
0.0
0
LINE
5
47bb
100
AcDbEntity
8
Inner Walls
6
Solid
370
15
62
47
100
AcDbLine
10
50127.0
20
-107661.0
30
0.0
11
50125.0
21
-107661.0
31
0.0
0
LINE
5
47bd
100
AcDbEntity
8
Inner Walls
6
Solid
370
15
62
47
100
AcDbLine
10
50125.0
20
-107661.0
30
0.0
11
50105.0
21
-107658.0
31
0.0
0
LINE
5
47bf
100
AcDbEntity
8
Inner Walls
6
Solid
370
15
62
47
100
AcDbLine
10
50105.0
20
-107658.0
30
0.0
11
50103.0
21
-107658.0
31
0.0
0
LINE
5
47c1
100
AcDbEntity
8
Inner Walls
6
Solid
370
15
62
47
100
AcDbLine
10
50103.0
20
-107658.0
30
0.0
11
50085.0
21
-107652.0
31
0.0
0
LINE
5
47c3
100
AcDbEntity
8
Inner Walls
6
Solid
370
15
62
47
100
AcDbLine
10
50085.0
20
-107652.0
30
0.0
11
50083.0
21
-107651.0
31
0.0
0
LINE
5
47c5
100
AcDbEntity
8
Inner Walls
6
Solid
370
15
62
47
100
AcDbLine
10
50083.0
20
-107651.0
30
0.0
11
50074.0
21
-107646.0
31
0.0
0
LINE
5
47c7
100
AcDbEntity
8
Inner Walls
6
Solid
370
15
62
47
100
AcDbLine
10
50074.0
20
-107646.0
30
0.0
11
48666.0
21
-106824.0
31
0.0
0
LINE
5
47c9
100
AcDbEntity
8
Inner Walls
6
Solid
370
15
62
47
100
AcDbLine
10
48666.0
20
-106824.0
30
0.0
11
48657.0
21
-106819.0
31
0.0
0
LINE
5
47cb
100
AcDbEntity
8
Inner Walls
6
Solid
370
15
62
47
100
AcDbLine
10
48657.0
20
-106819.0
30
0.0
11
48656.0
21
-106817.0
31
0.0
0
LINE
5
47cd
100
AcDbEntity
8
Inner Walls
6
Solid
370
15
62
47
100
AcDbLine
10
48656.0
20
-106817.0
30
0.0
11
48641.0
21
-106805.0
31
0.0
0
LINE
5
47cf
100
AcDbEntity
8
Inner Walls
6
Solid
370
15
62
47
100
AcDbLine
10
48641.0
20
-106805.0
30
0.0
11
48640.0
21
-106803.0
31
0.0
0
LINE
5
47d1
100
AcDbEntity
8
Inner Walls
6
Solid
370
15
62
47
100
AcDbLine
10
48640.0
20
-106803.0
30
0.0
11
48628.0
21
-106787.0
31
0.0
0
LINE
5
47d3
100
AcDbEntity
8
Inner Walls
6
Solid
370
15
62
47
100
AcDbLine
10
48628.0
20
-106787.0
30
0.0
11
48627.0
21
-106786.0
31
0.0
0
LINE
5
47d5
100
AcDbEntity
8
Inner Walls
6
Solid
370
15
62
47
100
AcDbLine
10
48627.0
20
-106786.0
30
0.0
11
48618.0
21
-106768.0
31
0.0
0
LINE
5
47d7
100
AcDbEntity
8
Inner Walls
6
Solid
370
15
62
47
100
AcDbLine
10
48618.0
20
-106768.0
30
0.0
11
48618.0
21
-106766.0
31
0.0
0
LINE
5
47d9
100
AcDbEntity
8
Inner Walls
6
Solid
370
15
62
47
100
AcDbLine
10
48618.0
20
-106766.0
30
0.0
11
48613.0
21
-106747.0
31
0.0
0
LINE
5
47db
100
AcDbEntity
8
Inner Walls
6
Solid
370
15
62
47
100
AcDbLine
10
48613.0
20
-106747.0
30
0.0
11
48612.0
21
-106745.0
31
0.0
0
LINE
5
47dd
100
AcDbEntity
8
Inner Walls
6
Solid
370
15
62
47
100
AcDbLine
10
48612.0
20
-106745.0
30
0.0
11
48611.0
21
-106726.0
31
0.0
0
LINE
5
47df
100
AcDbEntity
8
Inner Walls
6
Solid
370
15
62
47
100
AcDbLine
10
48611.0
20
-106726.0
30
0.0
11
48611.0
21
-106724.0
31
0.0
0
LINE
5
47e1
100
AcDbEntity
8
Inner Walls
6
Solid
370
15
62
47
100
AcDbLine
10
48611.0
20
-106724.0
30
0.0
11
48614.0
21
-106704.0
31
0.0
0
LINE
5
47e3
100
AcDbEntity
8
Inner Walls
6
Solid
370
15
62
47
100
AcDbLine
10
48614.0
20
-106704.0
30
0.0
11
48614.0
21
-106703.0
31
0.0
0
LINE
5
47e5
100
AcDbEntity
8
Inner Walls
6
Solid
370
15
62
47
100
AcDbLine
10
48614.0
20
-106703.0
30
0.0
11
48621.0
21
-106684.0
31
0.0
0
LINE
5
47e7
100
AcDbEntity
8
Inner Walls
6
Solid
370
15
62
47
100
AcDbLine
10
48621.0
20
-106684.0
30
0.0
11
48621.0
21
-106682.0
31
0.0
0
LINE
5
47e9
100
AcDbEntity
8
Inner Walls
6
Solid
370
15
62
47
100
AcDbLine
10
48621.0
20
-106682.0
30
0.0
11
48626.0
21
-106674.0
31
0.0
0
LINE
5
47eb
100
AcDbEntity
8
Inner Walls
6
Solid
370
15
62
47
100
AcDbLine
10
48626.0
20
-106674.0
30
0.0
11
48828.0
21
-106328.0
31
0.0
0
LINE
5
47ed
100
AcDbEntity
8
Inner Walls
6
Solid
370
15
62
47
100
AcDbLine
10
48828.0
20
-106328.0
30
0.0
11
46008.0
21
-104682.0
31
0.0
0
LINE
5
47ef
100
AcDbEntity
8
Inner Walls
6
Solid
370
15
62
47
100
AcDbLine
10
46008.0
20
-104682.0
30
0.0
11
46109.0
21
-104509.0
31
0.0
0
LINE
5
47f1
100
AcDbEntity
8
Inner Walls
6
Solid
370
15
62
47
100
AcDbLine
10
25746.0
20
-34460.0
30
0.0
11
26185.0
21
-32465.0
31
0.0
0
LINE
5
47f3
100
AcDbEntity
8
Inner Walls
6
Solid
370
15
62
47
100
AcDbLine
10
26185.0
20
-32465.0
30
0.0
11
25785.0
21
-32377.0
31
0.0
0
LINE
5
47f5
100
AcDbEntity
8
Inner Walls
6
Solid
370
15
62
47
100
AcDbLine
10
25785.0
20
-32377.0
30
0.0
11
25828.0
21
-32182.0
31
0.0
0
LINE
5
47f7
100
AcDbEntity
8
Inner Walls
6
Solid
370
15
62
47
100
AcDbLine
10
25828.0
20
-32182.0
30
0.0
11
26326.0
21
-32292.0
31
0.0
0
POINT
5
47f9
100
AcDbEntity
8
Inner Walls
6
Solid
370
15
62
47
100
AcDbPoint
10
26326.0
20
-32292.0
30
0.0
0
LINE
5
47fb
100
AcDbEntity
8
Inner Walls
6
Solid
370
15
62
47
100
AcDbLine
10
26326.0
20
-32292.0
30
0.0
11
27981.0
21
-32656.0
31
0.0
0
POINT
5
47fd
100
AcDbEntity
8
Inner Walls
6
Solid
370
15
62
47
100
AcDbPoint
10
27981.0
20
-32656.0
30
0.0
0
LINE
5
47ff
100
AcDbEntity
8
Inner Walls
6
Solid
370
15
62
47
100
AcDbLine
10
27981.0
20
-32656.0
30
0.0
11
29363.0
21
-32960.0
31
0.0
0
POINT
5
4801
100
AcDbEntity
8
Inner Walls
6
Solid
370
15
62
47
100
AcDbPoint
10
29363.0
20
-32960.0
30
0.0
0
LINE
5
4803
100
AcDbEntity
8
Inner Walls
6
Solid
370
15
62
47
100
AcDbLine
10
29363.0
20
-32960.0
30
0.0
11
32136.0
21
-33571.0
31
0.0
0
LINE
5
4805
100
AcDbEntity
8
Inner Walls
6
Solid
370
15
62
47
100
AcDbLine
10
32136.0
20
-33571.0
30
0.0
11
32117.0
21
-33659.0
31
0.0
0
LINE
5
4807
100
AcDbEntity
8
Inner Walls
6
Solid
370
15
62
47
100
AcDbLine
10
32117.0
20
-33659.0
30
0.0
11
32093.0
21
-33766.0
31
0.0
0
POINT
5
4809
100
AcDbEntity
8
Inner Walls
6
Solid
370
15
62
47
100
AcDbPoint
10
32093.0
20
-33766.0
30
0.0
0
POINT
5
480b
100
AcDbEntity
8
Inner Walls
6
Solid
370
15
62
47
100
AcDbPoint
10
32093.0
20
-33766.0
30
0.0
0
LINE
5
480d
100
AcDbEntity
8
Inner Walls
6
Solid
370
15
62
47
100
AcDbLine
10
32093.0
20
-33766.0
30
0.0
11
29417.0
21
-33177.0
31
0.0
0
LINE
5
480f
100
AcDbEntity
8
Inner Walls
6
Solid
370
15
62
47
100
AcDbLine
10
29417.0
20
-33177.0
30
0.0
11
29331.0
21
-33568.0
31
0.0
0
LINE
5
4811
100
AcDbEntity
8
Inner Walls
6
Solid
370
15
62
47
100
AcDbLine
10
29331.0
20
-33568.0
30
0.0
11
29329.0
21
-33578.0
31
0.0
0
LINE
5
4813
100
AcDbEntity
8
Inner Walls
6
Solid
370
15
62
47
100
AcDbLine
10
29329.0
20
-33578.0
30
0.0
11
29328.0
21
-33579.0
31
0.0
0
LINE
5
4815
100
AcDbEntity
8
Inner Walls
6
Solid
370
15
62
47
100
AcDbLine
10
29328.0
20
-33579.0
30
0.0
11
29320.0
21
-33597.0
31
0.0
0
LINE
5
4817
100
AcDbEntity
8
Inner Walls
6
Solid
370
15
62
47
100
AcDbLine
10
29320.0
20
-33597.0
30
0.0
11
29319.0
21
-33599.0
31
0.0
0
LINE
5
4819
100
AcDbEntity
8
Inner Walls
6
Solid
370
15
62
47
100
AcDbLine
10
29319.0
20
-33599.0
30
0.0
11
29308.0
21
-33615.0
31
0.0
0
LINE
5
481b
100
AcDbEntity
8
Inner Walls
6
Solid
370
15
62
47
100
AcDbLine
10
29308.0
20
-33615.0
30
0.0
11
29307.0
21
-33617.0
31
0.0
0
LINE
5
481d
100
AcDbEntity
8
Inner Walls
6
Solid
370
15
62
47
100
AcDbLine
10
29307.0
20
-33617.0
30
0.0
11
29293.0
21
-33630.0
31
0.0
0
LINE
5
481f
100
AcDbEntity
8
Inner Walls
6
Solid
370
15
62
47
100
AcDbLine
10
29293.0
20
-33630.0
30
0.0
11
29291.0
21
-33632.0
31
0.0
0
LINE
5
4821
100
AcDbEntity
8
Inner Walls
6
Solid
370
15
62
47
100
AcDbLine
10
29291.0
20
-33632.0
30
0.0
11
29275.0
21
-33642.0
31
0.0
0
LINE
5
4823
100
AcDbEntity
8
Inner Walls
6
Solid
370
15
62
47
100
AcDbLine
10
29275.0
20
-33642.0
30
0.0
11
29273.0
21
-33643.0
31
0.0
0
LINE
5
4825
100
AcDbEntity
8
Inner Walls
6
Solid
370
15
62
47
100
AcDbLine
10
29273.0
20
-33643.0
30
0.0
11
29255.0
21
-33650.0
31
0.0
0
LINE
5
4827
100
AcDbEntity
8
Inner Walls
6
Solid
370
15
62
47
100
AcDbLine
10
29255.0
20
-33650.0
30
0.0
11
29253.0
21
-33651.0
31
0.0
0
LINE
5
4829
100
AcDbEntity
8
Inner Walls
6
Solid
370
15
62
47
100
AcDbLine
10
29253.0
20
-33651.0
30
0.0
11
29233.0
21
-33654.0
31
0.0
0
LINE
5
482b
100
AcDbEntity
8
Inner Walls
6
Solid
370
15
62
47
100
AcDbLine
10
29233.0
20
-33654.0
30
0.0
11
29231.0
21
-33654.0
31
0.0
0
LINE
5
482d
100
AcDbEntity
8
Inner Walls
6
Solid
370
15
62
47
100
AcDbLine
10
29231.0
20
-33654.0
30
0.0
11
29212.0
21
-33654.0
31
0.0
0
LINE
5
482f
100
AcDbEntity
8
Inner Walls
6
Solid
370
15
62
47
100
AcDbLine
10
29212.0
20
-33654.0
30
0.0
11
29210.0
21
-33654.0
31
0.0
0
LINE
5
4831
100
AcDbEntity
8
Inner Walls
6
Solid
370
15
62
47
100
AcDbLine
10
29210.0
20
-33654.0
30
0.0
11
29200.0
21
-33652.0
31
0.0
0
LINE
5
4833
100
AcDbEntity
8
Inner Walls
6
Solid
370
15
62
47
100
AcDbLine
10
29200.0
20
-33652.0
30
0.0
11
27838.0
21
-33352.0
31
0.0
0
LINE
5
4835
100
AcDbEntity
8
Inner Walls
6
Solid
370
15
62
47
100
AcDbLine
10
27838.0
20
-33352.0
30
0.0
11
27828.0
21
-33350.0
31
0.0
0
LINE
5
4837
100
AcDbEntity
8
Inner Walls
6
Solid
370
15
62
47
100
AcDbLine
10
27828.0
20
-33350.0
30
0.0
11
27826.0
21
-33349.0
31
0.0
0
LINE
5
4839
100
AcDbEntity
8
Inner Walls
6
Solid
370
15
62
47
100
AcDbLine
10
27826.0
20
-33349.0
30
0.0
11
27808.0
21
-33341.0
31
0.0
0
LINE
5
483b
100
AcDbEntity
8
Inner Walls
6
Solid
370
15
62
47
100
AcDbLine
10
27808.0
20
-33341.0
30
0.0
11
27807.0
21
-33340.0
31
0.0
0
LINE
5
483d
100
AcDbEntity
8
Inner Walls
6
Solid
370
15
62
47
100
AcDbLine
10
27807.0
20
-33340.0
30
0.0
11
27791.0
21
-33329.0
31
0.0
0
LINE
5
483f
100
AcDbEntity
8
Inner Walls
6
Solid
370
15
62
47
100
AcDbLine
10
27791.0
20
-33329.0
30
0.0
11
27789.0
21
-33328.0
31
0.0
0
LINE
5
4841
100
AcDbEntity
8
Inner Walls
6
Solid
370
15
62
47
100
AcDbLine
10
27789.0
20
-33328.0
30
0.0
11
27776.0
21
-33314.0
31
0.0
0
LINE
5
4843
100
AcDbEntity
8
Inner Walls
6
Solid
370
15
62
47
100
AcDbLine
10
27776.0
20
-33314.0
30
0.0
11
27774.0
21
-33312.0
31
0.0
0
LINE
5
4845
100
AcDbEntity
8
Inner Walls
6
Solid
370
15
62
47
100
AcDbLine
10
27774.0
20
-33312.0
30
0.0
11
27764.0
21
-33296.0
31
0.0
0
LINE
5
4847
100
AcDbEntity
8
Inner Walls
6
Solid
370
15
62
47
100
AcDbLine
10
27764.0
20
-33296.0
30
0.0
11
27763.0
21
-33294.0
31
0.0
0
LINE
5
4849
100
AcDbEntity
8
Inner Walls
6
Solid
370
15
62
47
100
AcDbLine
10
27763.0
20
-33294.0
30
0.0
11
27756.0
21
-33276.0
31
0.0
0
LINE
5
484b
100
AcDbEntity
8
Inner Walls
6
Solid
370
15
62
47
100
AcDbLine
10
27756.0
20
-33276.0
30
0.0
11
27755.0
21
-33274.0
31
0.0
0
LINE
5
484d
100
AcDbEntity
8
Inner Walls
6
Solid
370
15
62
47
100
AcDbLine
10
27755.0
20
-33274.0
30
0.0
11
27752.0
21
-33254.0
31
0.0
0
LINE
5
484f
100
AcDbEntity
8
Inner Walls
6
Solid
370
15
62
47
100
AcDbLine
10
27752.0
20
-33254.0
30
0.0
11
27752.0
21
-33252.0
31
0.0
0
LINE
5
4851
100
AcDbEntity
8
Inner Walls
6
Solid
370
15
62
47
100
AcDbLine
10
27752.0
20
-33252.0
30
0.0
11
27752.0
21
-33233.0
31
0.0
0
LINE
5
4853
100
AcDbEntity
8
Inner Walls
6
Solid
370
15
62
47
100
AcDbLine
10
27752.0
20
-33233.0
30
0.0
11
27752.0
21
-33231.0
31
0.0
0
LINE
5
4855
100
AcDbEntity
8
Inner Walls
6
Solid
370
15
62
47
100
AcDbLine
10
27752.0
20
-33231.0
30
0.0
11
27754.0
21
-33221.0
31
0.0
0
LINE
5
4857
100
AcDbEntity
8
Inner Walls
6
Solid
370
15
62
47
100
AcDbLine
10
27754.0
20
-33221.0
30
0.0
11
27840.0
21
-32830.0
31
0.0
0
LINE
5
4859
100
AcDbEntity
8
Inner Walls
6
Solid
370
15
62
47
100
AcDbLine
10
27840.0
20
-32830.0
30
0.0
11
26380.0
21
-32508.0
31
0.0
0
LINE
5
485b
100
AcDbEntity
8
Inner Walls
6
Solid
370
15
62
47
100
AcDbLine
10
26380.0
20
-32508.0
30
0.0
11
25941.0
21
-34503.0
31
0.0
0
LINE
5
485d
100
AcDbEntity
8
Inner Walls
6
Solid
370
15
62
47
100
AcDbLine
10
25941.0
20
-34503.0
30
0.0
11
25746.0
21
-34460.0
31
0.0
0
LINE
5
485f
100
AcDbEntity
8
Inner Walls
6
Solid
370
15
62
47
100
AcDbLine
10
29222.0
20
-33134.0
30
0.0
11
28035.0
21
-32873.0
31
0.0
0
LINE
5
4861
100
AcDbEntity
8
Inner Walls
6
Solid
370
15
62
47
100
AcDbLine
10
28035.0
20
-32873.0
30
0.0
11
27969.0
21
-33176.0
31
0.0
0
LINE
5
4863
100
AcDbEntity
8
Inner Walls
6
Solid
370
15
62
47
100
AcDbLine
10
27969.0
20
-33176.0
30
0.0
11
29155.0
21
-33437.0
31
0.0
0
LINE
5
4865
100
AcDbEntity
8
Inner Walls
6
Solid
370
15
62
47
100
AcDbLine
10
29155.0
20
-33437.0
30
0.0
11
29222.0
21
-33134.0
31
0.0
0
LINE
5
4867
100
AcDbEntity
8
Inner Walls
6
Solid
370
15
62
47
100
AcDbLine
10
23396.0
20
-45133.0
30
0.0
11
23857.0
21
-43041.0
31
0.0
0
LINE
5
4869
100
AcDbEntity
8
Inner Walls
6
Solid
370
15
62
47
100
AcDbLine
10
23857.0
20
-43041.0
30
0.0
11
24640.0
21
-39483.0
31
0.0
0
LINE
5
486b
100
AcDbEntity
8
Inner Walls
6
Solid
370
15
62
47
100
AcDbLine
10
24640.0
20
-39483.0
30
0.0
11
25531.0
21
-35437.0
31
0.0
0
LINE
5
486d
100
AcDbEntity
8
Inner Walls
6
Solid
370
15
62
47
100
AcDbLine
10
25531.0
20
-35437.0
30
0.0
11
25726.0
21
-35480.0
31
0.0
0
LINE
5
486f
100
AcDbEntity
8
Inner Walls
6
Solid
370
15
62
47
100
AcDbLine
10
25726.0
20
-35480.0
30
0.0
11
25619.0
21
-35968.0
31
0.0
0
LINE
5
4871
100
AcDbEntity
8
Inner Walls
6
Solid
370
15
62
47
100
AcDbLine
10
25619.0
20
-35968.0
30
0.0
11
24835.0
21
-39526.0
31
0.0
0
LINE
5
4873
100
AcDbEntity
8
Inner Walls
6
Solid
370
15
62
47
100
AcDbLine
10
24835.0
20
-39526.0
30
0.0
11
24074.0
21
-42986.0
31
0.0
0
LINE
5
4875
100
AcDbEntity
8
Inner Walls
6
Solid
370
15
62
47
100
AcDbLine
10
24074.0
20
-42986.0
30
0.0
11
29635.0
21
-44211.0
31
0.0
0
LINE
5
4877
100
AcDbEntity
8
Inner Walls
6
Solid
370
15
62
47
100
AcDbLine
10
29635.0
20
-44211.0
30
0.0
11
29787.0
21
-44244.0
31
0.0
0
LINE
5
4879
100
AcDbEntity
8
Inner Walls
6
Solid
370
15
62
47
100
AcDbLine
10
29787.0
20
-44244.0
30
0.0
11
29744.0
21
-44439.0
31
0.0
0
LINE
5
487b
100
AcDbEntity
8
Inner Walls
6
Solid
370
15
62
47
100
AcDbLine
10
29744.0
20
-44439.0
30
0.0
11
27068.0
21
-43850.0
31
0.0
0
LINE
5
487d
100
AcDbEntity
8
Inner Walls
6
Solid
370
15
62
47
100
AcDbLine
10
27068.0
20
-43850.0
30
0.0
11
26982.0
21
-44241.0
31
0.0
0
LINE
5
487f
100
AcDbEntity
8
Inner Walls
6
Solid
370
15
62
47
100
AcDbLine
10
26982.0
20
-44241.0
30
0.0
11
26979.0
21
-44250.0
31
0.0
0
LINE
5
4881
100
AcDbEntity
8
Inner Walls
6
Solid
370
15
62
47
100
AcDbLine
10
26979.0
20
-44250.0
30
0.0
11
26979.0
21
-44252.0
31
0.0
0
LINE
5
4883
100
AcDbEntity
8
Inner Walls
6
Solid
370
15
62
47
100
AcDbLine
10
26979.0
20
-44252.0
30
0.0
11
26971.0
21
-44270.0
31
0.0
0
LINE
5
4885
100
AcDbEntity
8
Inner Walls
6
Solid
370
15
62
47
100
AcDbLine
10
26971.0
20
-44270.0
30
0.0
11
26970.0
21
-44272.0
31
0.0
0
LINE
5
4887
100
AcDbEntity
8
Inner Walls
6
Solid
370
15
62
47
100
AcDbLine
10
26970.0
20
-44272.0
30
0.0
11
26959.0
21
-44288.0
31
0.0
0
LINE
5
4889
100
AcDbEntity
8
Inner Walls
6
Solid
370
15
62
47
100
AcDbLine
10
26959.0
20
-44288.0
30
0.0
11
26957.0
21
-44289.0
31
0.0
0
LINE
5
488b
100
AcDbEntity
8
Inner Walls
6
Solid
370
15
62
47
100
AcDbLine
10
26957.0
20
-44289.0
30
0.0
11
26943.0
21
-44303.0
31
0.0
0
LINE
5
488d
100
AcDbEntity
8
Inner Walls
6
Solid
370
15
62
47
100
AcDbLine
10
26943.0
20
-44303.0
30
0.0
11
26942.0
21
-44304.0
31
0.0
0
LINE
5
488f
100
AcDbEntity
8
Inner Walls
6
Solid
370
15
62
47
100
AcDbLine
10
26942.0
20
-44304.0
30
0.0
11
26925.0
21
-44315.0
31
0.0
0
LINE
5
4891
100
AcDbEntity
8
Inner Walls
6
Solid
370
15
62
47
100
AcDbLine
10
26925.0
20
-44315.0
30
0.0
11
26923.0
21
-44316.0
31
0.0
0
LINE
5
4893
100
AcDbEntity
8
Inner Walls
6
Solid
370
15
62
47
100
AcDbLine
10
26923.0
20
-44316.0
30
0.0
11
26905.0
21
-44323.0
31
0.0
0
LINE
5
4895
100
AcDbEntity
8
Inner Walls
6
Solid
370
15
62
47
100
AcDbLine
10
26905.0
20
-44323.0
30
0.0
11
26903.0
21
-44323.0
31
0.0
0
LINE
5
4897
100
AcDbEntity
8
Inner Walls
6
Solid
370
15
62
47
100
AcDbLine
10
26903.0
20
-44323.0
30
0.0
11
26884.0
21
-44327.0
31
0.0
0
LINE
5
4899
100
AcDbEntity
8
Inner Walls
6
Solid
370
15
62
47
100
AcDbLine
10
26884.0
20
-44327.0
30
0.0
11
26882.0
21
-44327.0
31
0.0
0
LINE
5
489b
100
AcDbEntity
8
Inner Walls
6
Solid
370
15
62
47
100
AcDbLine
10
26882.0
20
-44327.0
30
0.0
11
26862.0
21
-44326.0
31
0.0
0
LINE
5
489d
100
AcDbEntity
8
Inner Walls
6
Solid
370
15
62
47
100
AcDbLine
10
26862.0
20
-44326.0
30
0.0
11
26860.0
21
-44326.0
31
0.0
0
LINE
5
489f
100
AcDbEntity
8
Inner Walls
6
Solid
370
15
62
47
100
AcDbLine
10
26860.0
20
-44326.0
30
0.0
11
26851.0
21
-44324.0
31
0.0
0
LINE
5
48a1
100
AcDbEntity
8
Inner Walls
6
Solid
370
15
62
47
100
AcDbLine
10
26851.0
20
-44324.0
30
0.0
11
25488.0
21
-44025.0
31
0.0
0
LINE
5
48a3
100
AcDbEntity
8
Inner Walls
6
Solid
370
15
62
47
100
AcDbLine
10
25488.0
20
-44025.0
30
0.0
11
25479.0
21
-44022.0
31
0.0
0
LINE
5
48a5
100
AcDbEntity
8
Inner Walls
6
Solid
370
15
62
47
100
AcDbLine
10
25479.0
20
-44022.0
30
0.0
11
25477.0
21
-44021.0
31
0.0
0
LINE
5
48a7
100
AcDbEntity
8
Inner Walls
6
Solid
370
15
62
47
100
AcDbLine
10
25477.0
20
-44021.0
30
0.0
11
25459.0
21
-44013.0
31
0.0
0
LINE
5
48a9
100
AcDbEntity
8
Inner Walls
6
Solid
370
15
62
47
100
AcDbLine
10
25459.0
20
-44013.0
30
0.0
11
25457.0
21
-44013.0
31
0.0
0
LINE
5
48ab
100
AcDbEntity
8
Inner Walls
6
Solid
370
15
62
47
100
AcDbLine
10
25457.0
20
-44013.0
30
0.0
11
25441.0
21
-44001.0
31
0.0
0
LINE
5
48ad
100
AcDbEntity
8
Inner Walls
6
Solid
370
15
62
47
100
AcDbLine
10
25441.0
20
-44001.0
30
0.0
11
25440.0
21
-44000.0
31
0.0
0
LINE
5
48af
100
AcDbEntity
8
Inner Walls
6
Solid
370
15
62
47
100
AcDbLine
10
25440.0
20
-44000.0
30
0.0
11
25426.0
21
-43986.0
31
0.0
0
LINE
5
48b1
100
AcDbEntity
8
Inner Walls
6
Solid
370
15
62
47
100
AcDbLine
10
25426.0
20
-43986.0
30
0.0
11
25425.0
21
-43984.0
31
0.0
0
LINE
5
48b3
100
AcDbEntity
8
Inner Walls
6
Solid
370
15
62
47
100
AcDbLine
10
25425.0
20
-43984.0
30
0.0
11
25414.0
21
-43968.0
31
0.0
0
LINE
5
48b5
100
AcDbEntity
8
Inner Walls
6
Solid
370
15
62
47
100
AcDbLine
10
25414.0
20
-43968.0
30
0.0
11
25414.0
21
-43966.0
31
0.0
0
LINE
5
48b7
100
AcDbEntity
8
Inner Walls
6
Solid
370
15
62
47
100
AcDbLine
10
25414.0
20
-43966.0
30
0.0
11
25406.0
21
-43948.0
31
0.0
0
LINE
5
48b9
100
AcDbEntity
8
Inner Walls
6
Solid
370
15
62
47
100
AcDbLine
10
25406.0
20
-43948.0
30
0.0
11
25406.0
21
-43946.0
31
0.0
0
LINE
5
48bb
100
AcDbEntity
8
Inner Walls
6
Solid
370
15
62
47
100
AcDbLine
10
25406.0
20
-43946.0
30
0.0
11
25402.0
21
-43927.0
31
0.0
0
LINE
5
48bd
100
AcDbEntity
8
Inner Walls
6
Solid
370
15
62
47
100
AcDbLine
10
25402.0
20
-43927.0
30
0.0
11
25402.0
21
-43925.0
31
0.0
0
LINE
5
48bf
100
AcDbEntity
8
Inner Walls
6
Solid
370
15
62
47
100
AcDbLine
10
25402.0
20
-43925.0
30
0.0
11
25403.0
21
-43905.0
31
0.0
0
LINE
5
48c1
100
AcDbEntity
8
Inner Walls
6
Solid
370
15
62
47
100
AcDbLine
10
25403.0
20
-43905.0
30
0.0
11
25403.0
21
-43903.0
31
0.0
0
LINE
5
48c3
100
AcDbEntity
8
Inner Walls
6
Solid
370
15
62
47
100
AcDbLine
10
25403.0
20
-43903.0
30
0.0
11
25405.0
21
-43893.0
31
0.0
0
LINE
5
48c5
100
AcDbEntity
8
Inner Walls
6
Solid
370
15
62
47
100
AcDbLine
10
25405.0
20
-43893.0
30
0.0
11
25491.0
21
-43503.0
31
0.0
0
LINE
5
48c7
100
AcDbEntity
8
Inner Walls
6
Solid
370
15
62
47
100
AcDbLine
10
25491.0
20
-43503.0
30
0.0
11
24172.0
21
-43213.0
31
0.0
0
LINE
5
48c9
100
AcDbEntity
8
Inner Walls
6
Solid
370
15
62
47
100
AcDbLine
10
24172.0
20
-43213.0
30
0.0
11
24031.0
21
-43181.0
31
0.0
0
LINE
5
48cb
100
AcDbEntity
8
Inner Walls
6
Solid
370
15
62
47
100
AcDbLine
10
24031.0
20
-43181.0
30
0.0
11
23591.0
21
-45176.0
31
0.0
0
LINE
5
48cd
100
AcDbEntity
8
Inner Walls
6
Solid
370
15
62
47
100
AcDbLine
10
23591.0
20
-45176.0
30
0.0
11
23396.0
21
-45133.0
31
0.0
0
LINE
5
48cf
100
AcDbEntity
8
Inner Walls
6
Solid
370
15
62
47
100
AcDbLine
10
25686.0
20
-43546.0
30
0.0
11
25619.0
21
-43848.0
31
0.0
0
LINE
5
48d1
100
AcDbEntity
8
Inner Walls
6
Solid
370
15
62
47
100
AcDbLine
10
25619.0
20
-43848.0
30
0.0
11
26805.0
21
-44110.0
31
0.0
0
LINE
5
48d3
100
AcDbEntity
8
Inner Walls
6
Solid
370
15
62
47
100
AcDbLine
10
26805.0
20
-44110.0
30
0.0
11
26872.0
21
-43807.0
31
0.0
0
LINE
5
48d5
100
AcDbEntity
8
Inner Walls
6
Solid
370
15
62
47
100
AcDbLine
10
26872.0
20
-43807.0
30
0.0
11
25686.0
21
-43546.0
31
0.0
0
LINE
5
48d7
100
AcDbEntity
8
Inner Walls
6
Solid
370
15
62
47
100
AcDbLine
10
21911.0
20
-49970.0
30
0.0
11
22312.0
21
-50058.0
31
0.0
0
LINE
5
48d9
100
AcDbEntity
8
Inner Walls
6
Solid
370
15
62
47
100
AcDbLine
10
22312.0
20
-50058.0
30
0.0
11
23073.0
21
-46598.0
31
0.0
0
LINE
5
48db
100
AcDbEntity
8
Inner Walls
6
Solid
370
15
62
47
100
AcDbLine
10
23073.0
20
-46598.0
30
0.0
11
23181.0
21
-46110.0
31
0.0
0
LINE
5
48dd
100
AcDbEntity
8
Inner Walls
6
Solid
370
15
62
47
100
AcDbLine
10
23181.0
20
-46110.0
30
0.0
11
23376.0
21
-46153.0
31
0.0
0
LINE
5
48df
100
AcDbEntity
8
Inner Walls
6
Solid
370
15
62
47
100
AcDbLine
10
23376.0
20
-46153.0
30
0.0
11
23269.0
21
-46641.0
31
0.0
0
LINE
5
48e1
100
AcDbEntity
8
Inner Walls
6
Solid
370
15
62
47
100
AcDbLine
10
23269.0
20
-46641.0
30
0.0
11
22507.0
21
-50101.0
31
0.0
0
LINE
5
48e3
100
AcDbEntity
8
Inner Walls
6
Solid
370
15
62
47
100
AcDbLine
10
22507.0
20
-50101.0
30
0.0
11
28220.0
21
-51359.0
31
0.0
0
POINT
5
48e5
100
AcDbEntity
8
Inner Walls
6
Solid
370
15
62
47
100
AcDbPoint
10
28220.0
20
-51359.0
30
0.0
0
POINT
5
48e7
100
AcDbEntity
8
Inner Walls
6
Solid
370
15
62
47
100
AcDbPoint
10
28220.0
20
-51359.0
30
0.0
0
LINE
5
48e9
100
AcDbEntity
8
Inner Walls
6
Solid
370
15
62
47
100
AcDbLine
10
28220.0
20
-51359.0
30
0.0
11
28193.0
21
-51484.0
31
0.0
0
LINE
5
48eb
100
AcDbEntity
8
Inner Walls
6
Solid
370
15
62
47
100
AcDbLine
10
28193.0
20
-51484.0
30
0.0
11
28177.0
21
-51555.0
31
0.0
0
POINT
5
48ed
100
AcDbEntity
8
Inner Walls
6
Solid
370
15
62
47
100
AcDbPoint
10
28177.0
20
-51555.0
30
0.0
0
LINE
5
48ef
100
AcDbEntity
8
Inner Walls
6
Solid
370
15
62
47
100
AcDbLine
10
28177.0
20
-51555.0
30
0.0
11
21868.0
21
-50166.0
31
0.0
0
LINE
5
48f1
100
AcDbEntity
8
Inner Walls
6
Solid
370
15
62
47
100
AcDbLine
10
21868.0
20
-50166.0
30
0.0
11
21911.0
21
-49970.0
31
0.0
0
LINE
5
48f3
100
AcDbEntity
8
Inner Walls
6
Solid
370
15
62
47
100
AcDbLine
10
18519.0
20
-30778.0
30
0.0
11
18562.0
21
-30582.0
31
0.0
0
POINT
5
48f5
100
AcDbEntity
8
Inner Walls
6
Solid
370
15
62
47
100
AcDbPoint
10
18562.0
20
-30582.0
30
0.0
0
LINE
5
48f7
100
AcDbEntity
8
Inner Walls
6
Solid
370
15
62
47
100
AcDbLine
10
18562.0
20
-30582.0
30
0.0
11
24372.0
21
-31862.0
31
0.0
0
POINT
5
48f9
100
AcDbEntity
8
Inner Walls
6
Solid
370
15
62
47
100
AcDbPoint
10
24372.0
20
-31862.0
30
0.0
0
LINE
5
48fb
100
AcDbEntity
8
Inner Walls
6
Solid
370
15
62
47
100
AcDbLine
10
24372.0
20
-31862.0
30
0.0
11
24851.0
21
-31967.0
31
0.0
0
LINE
5
48fd
100
AcDbEntity
8
Inner Walls
6
Solid
370
15
62
47
100
AcDbLine
10
24851.0
20
-31967.0
30
0.0
11
24808.0
21
-32162.0
31
0.0
0
LINE
5
48ff
100
AcDbEntity
8
Inner Walls
6
Solid
370
15
62
47
100
AcDbLine
10
24808.0
20
-32162.0
30
0.0
11
24427.0
21
-32078.0
31
0.0
0
LINE
5
4901
100
AcDbEntity
8
Inner Walls
6
Solid
370
15
62
47
100
AcDbLine
10
24427.0
20
-32078.0
30
0.0
11
23558.0
21
-36027.0
31
0.0
0
LINE
5
4903
100
AcDbEntity
8
Inner Walls
6
Solid
370
15
62
47
100
AcDbLine
10
23558.0
20
-36027.0
30
0.0
11
23362.0
21
-35984.0
31
0.0
0
LINE
5
4905
100
AcDbEntity
8
Inner Walls
6
Solid
370
15
62
47
100
AcDbLine
10
23362.0
20
-35984.0
30
0.0
11
23470.0
21
-35495.0
31
0.0
0
LINE
5
4907
100
AcDbEntity
8
Inner Walls
6
Solid
370
15
62
47
100
AcDbLine
10
23470.0
20
-35495.0
30
0.0
11
24232.0
21
-32036.0
31
0.0
0
LINE
5
4909
100
AcDbEntity
8
Inner Walls
6
Solid
370
15
62
47
100
AcDbLine
10
24232.0
20
-32036.0
30
0.0
11
18519.0
21
-30778.0
31
0.0
0
LINE
5
490b
100
AcDbEntity
8
Inner Walls
6
Solid
370
15
62
47
100
AcDbLine
10
22629.0
20
-28106.0
30
0.0
11
22595.0
21
-28262.0
31
0.0
0
LINE
5
490d
100
AcDbEntity
8
Inner Walls
6
Solid
370
15
62
47
100
AcDbLine
10
22595.0
20
-28262.0
30
0.0
11
24001.0
21
-28572.0
31
0.0
0
LINE
5
490f
100
AcDbEntity
8
Inner Walls
6
Solid
370
15
62
47
100
AcDbLine
10
24001.0
20
-28572.0
30
0.0
11
24035.0
21
-28416.0
31
0.0
0
LINE
5
4911
100
AcDbEntity
8
Inner Walls
6
Solid
370
15
62
47
100
AcDbLine
10
24035.0
20
-28416.0
30
0.0
11
24231.0
21
-28459.0
31
0.0
0
LINE
5
4913
100
AcDbEntity
8
Inner Walls
6
Solid
370
15
62
47
100
AcDbLine
10
24231.0
20
-28459.0
30
0.0
11
24177.0
21
-28703.0
31
0.0
0
LINE
5
4915
100
AcDbEntity
8
Inner Walls
6
Solid
370
15
62
47
100
AcDbLine
10
24177.0
20
-28703.0
30
0.0
11
24174.0
21
-28712.0
31
0.0
0
LINE
5
4917
100
AcDbEntity
8
Inner Walls
6
Solid
370
15
62
47
100
AcDbLine
10
24174.0
20
-28712.0
30
0.0
11
24174.0
21
-28714.0
31
0.0
0
LINE
5
4919
100
AcDbEntity
8
Inner Walls
6
Solid
370
15
62
47
100
AcDbLine
10
24174.0
20
-28714.0
30
0.0
11
24166.0
21
-28732.0
31
0.0
0
LINE
5
491b
100
AcDbEntity
8
Inner Walls
6
Solid
370
15
62
47
100
AcDbLine
10
24166.0
20
-28732.0
30
0.0
11
24165.0
21
-28734.0
31
0.0
0
LINE
5
491d
100
AcDbEntity
8
Inner Walls
6
Solid
370
15
62
47
100
AcDbLine
10
24165.0
20
-28734.0
30
0.0
11
24154.0
21
-28750.0
31
0.0
0
LINE
5
491f
100
AcDbEntity
8
Inner Walls
6
Solid
370
15
62
47
100
AcDbLine
10
24154.0
20
-28750.0
30
0.0
11
24152.0
21
-28751.0
31
0.0
0
LINE
5
4921
100
AcDbEntity
8
Inner Walls
6
Solid
370
15
62
47
100
AcDbLine
10
24152.0
20
-28751.0
30
0.0
11
24138.0
21
-28765.0
31
0.0
0
LINE
5
4923
100
AcDbEntity
8
Inner Walls
6
Solid
370
15
62
47
100
AcDbLine
10
24138.0
20
-28765.0
30
0.0
11
24137.0
21
-28766.0
31
0.0
0
LINE
5
4925
100
AcDbEntity
8
Inner Walls
6
Solid
370
15
62
47
100
AcDbLine
10
24137.0
20
-28766.0
30
0.0
11
24120.0
21
-28777.0
31
0.0
0
LINE
5
4927
100
AcDbEntity
8
Inner Walls
6
Solid
370
15
62
47
100
AcDbLine
10
24120.0
20
-28777.0
30
0.0
11
24119.0
21
-28778.0
31
0.0
0
LINE
5
4929
100
AcDbEntity
8
Inner Walls
6
Solid
370
15
62
47
100
AcDbLine
10
24119.0
20
-28778.0
30
0.0
11
24100.0
21
-28785.0
31
0.0
0
LINE
5
492b
100
AcDbEntity
8
Inner Walls
6
Solid
370
15
62
47
100
AcDbLine
10
24100.0
20
-28785.0
30
0.0
11
24098.0
21
-28785.0
31
0.0
0
LINE
5
492d
100
AcDbEntity
8
Inner Walls
6
Solid
370
15
62
47
100
AcDbLine
10
24098.0
20
-28785.0
30
0.0
11
24079.0
21
-28789.0
31
0.0
0
LINE
5
492f
100
AcDbEntity
8
Inner Walls
6
Solid
370
15
62
47
100
AcDbLine
10
24079.0
20
-28789.0
30
0.0
11
24077.0
21
-28789.0
31
0.0
0
LINE
5
4931
100
AcDbEntity
8
Inner Walls
6
Solid
370
15
62
47
100
AcDbLine
10
24077.0
20
-28789.0
30
0.0
11
24058.0
21
-28788.0
31
0.0
0
LINE
5
4933
100
AcDbEntity
8
Inner Walls
6
Solid
370
15
62
47
100
AcDbLine
10
24058.0
20
-28788.0
30
0.0
11
24056.0
21
-28788.0
31
0.0
0
LINE
5
4935
100
AcDbEntity
8
Inner Walls
6
Solid
370
15
62
47
100
AcDbLine
10
24056.0
20
-28788.0
30
0.0
11
24046.0
21
-28787.0
31
0.0
0
LINE
5
4937
100
AcDbEntity
8
Inner Walls
6
Solid
370
15
62
47
100
AcDbLine
10
24046.0
20
-28787.0
30
0.0
11
22464.0
21
-28438.0
31
0.0
0
LINE
5
4939
100
AcDbEntity
8
Inner Walls
6
Solid
370
15
62
47
100
AcDbLine
10
22464.0
20
-28438.0
30
0.0
11
22454.0
21
-28436.0
31
0.0
0
LINE
5
493b
100
AcDbEntity
8
Inner Walls
6
Solid
370
15
62
47
100
AcDbLine
10
22454.0
20
-28436.0
30
0.0
11
22452.0
21
-28435.0
31
0.0
0
LINE
5
493d
100
AcDbEntity
8
Inner Walls
6
Solid
370
15
62
47
100
AcDbLine
10
22452.0
20
-28435.0
30
0.0
11
22435.0
21
-28427.0
31
0.0
0
LINE
5
493f
100
AcDbEntity
8
Inner Walls
6
Solid
370
15
62
47
100
AcDbLine
10
22435.0
20
-28427.0
30
0.0
11
22433.0
21
-28426.0
31
0.0
0
LINE
5
4941
100
AcDbEntity
8
Inner Walls
6
Solid
370
15
62
47
100
AcDbLine
10
22433.0
20
-28426.0
30
0.0
11
22417.0
21
-28415.0
31
0.0
0
LINE
5
4943
100
AcDbEntity
8
Inner Walls
6
Solid
370
15
62
47
100
AcDbLine
10
22417.0
20
-28415.0
30
0.0
11
22415.0
21
-28414.0
31
0.0
0
LINE
5
4945
100
AcDbEntity
8
Inner Walls
6
Solid
370
15
62
47
100
AcDbLine
10
22415.0
20
-28414.0
30
0.0
11
22402.0
21
-28400.0
31
0.0
0
LINE
5
4947
100
AcDbEntity
8
Inner Walls
6
Solid
370
15
62
47
100
AcDbLine
10
22402.0
20
-28400.0
30
0.0
11
22400.0
21
-28398.0
31
0.0
0
LINE
5
4949
100
AcDbEntity
8
Inner Walls
6
Solid
370
15
62
47
100
AcDbLine
10
22400.0
20
-28398.0
30
0.0
11
22390.0
21
-28382.0
31
0.0
0
LINE
5
494b
100
AcDbEntity
8
Inner Walls
6
Solid
370
15
62
47
100
AcDbLine
10
22390.0
20
-28382.0
30
0.0
11
22389.0
21
-28380.0
31
0.0
0
LINE
5
494d
100
AcDbEntity
8
Inner Walls
6
Solid
370
15
62
47
100
AcDbLine
10
22389.0
20
-28380.0
30
0.0
11
22382.0
21
-28362.0
31
0.0
0
LINE
5
494f
100
AcDbEntity
8
Inner Walls
6
Solid
370
15
62
47
100
AcDbLine
10
22382.0
20
-28362.0
30
0.0
11
22381.0
21
-28360.0
31
0.0
0
LINE
5
4951
100
AcDbEntity
8
Inner Walls
6
Solid
370
15
62
47
100
AcDbLine
10
22381.0
20
-28360.0
30
0.0
11
22378.0
21
-28340.0
31
0.0
0
LINE
5
4953
100
AcDbEntity
8
Inner Walls
6
Solid
370
15
62
47
100
AcDbLine
10
22378.0
20
-28340.0
30
0.0
11
22378.0
21
-28338.0
31
0.0
0
LINE
5
4955
100
AcDbEntity
8
Inner Walls
6
Solid
370
15
62
47
100
AcDbLine
10
22378.0
20
-28338.0
30
0.0
11
22378.0
21
-28319.0
31
0.0
0
LINE
5
4957
100
AcDbEntity
8
Inner Walls
6
Solid
370
15
62
47
100
AcDbLine
10
22378.0
20
-28319.0
30
0.0
11
22378.0
21
-28317.0
31
0.0
0
LINE
5
4959
100
AcDbEntity
8
Inner Walls
6
Solid
370
15
62
47
100
AcDbLine
10
22378.0
20
-28317.0
30
0.0
11
22380.0
21
-28307.0
31
0.0
0
LINE
5
495b
100
AcDbEntity
8
Inner Walls
6
Solid
370
15
62
47
100
AcDbLine
10
22380.0
20
-28307.0
30
0.0
11
22434.0
21
-28063.0
31
0.0
0
LINE
5
495d
100
AcDbEntity
8
Inner Walls
6
Solid
370
15
62
47
100
AcDbLine
10
22434.0
20
-28063.0
30
0.0
11
22629.0
21
-28106.0
31
0.0
0
LINE
5
495f
100
AcDbEntity
8
Inner Walls
6
Solid
370
15
62
47
100
AcDbLine
10
23343.0
20
-37003.0
30
0.0
11
22882.0
21
-39096.0
31
0.0
0
LINE
5
4961
100
AcDbEntity
8
Inner Walls
6
Solid
370
15
62
47
100
AcDbLine
10
22882.0
20
-39096.0
30
0.0
11
22866.0
21
-39132.0
31
0.0
0
LINE
5
4963
100
AcDbEntity
8
Inner Walls
6
Solid
370
15
62
47
100
AcDbLine
10
22866.0
20
-39132.0
30
0.0
11
22838.0
21
-39159.0
31
0.0
0
LINE
5
4965
100
AcDbEntity
8
Inner Walls
6
Solid
370
15
62
47
100
AcDbLine
10
22838.0
20
-39159.0
30
0.0
11
22802.0
21
-39173.0
31
0.0
0
LINE
5
4967
100
AcDbEntity
8
Inner Walls
6
Solid
370
15
62
47
100
AcDbLine
10
22802.0
20
-39173.0
30
0.0
11
22763.0
21
-39172.0
31
0.0
0
LINE
5
4969
100
AcDbEntity
8
Inner Walls
6
Solid
370
15
62
47
100
AcDbLine
10
22763.0
20
-39172.0
30
0.0
11
21108.0
21
-38808.0
31
0.0
0
LINE
5
496b
100
AcDbEntity
8
Inner Walls
6
Solid
370
15
62
47
100
AcDbLine
10
21108.0
20
-38808.0
30
0.0
11
21072.0
21
-38792.0
31
0.0
0
LINE
5
496d
100
AcDbEntity
8
Inner Walls
6
Solid
370
15
62
47
100
AcDbLine
10
21072.0
20
-38792.0
30
0.0
11
21045.0
21
-38764.0
31
0.0
0
LINE
5
496f
100
AcDbEntity
8
Inner Walls
6
Solid
370
15
62
47
100
AcDbLine
10
21045.0
20
-38764.0
30
0.0
11
21031.0
21
-38728.0
31
0.0
0
LINE
5
4971
100
AcDbEntity
8
Inner Walls
6
Solid
370
15
62
47
100
AcDbLine
10
21031.0
20
-38728.0
30
0.0
11
21031.0
21
-38689.0
31
0.0
0
LINE
5
4973
100
AcDbEntity
8
Inner Walls
6
Solid
370
15
62
47
100
AcDbLine
10
21031.0
20
-38689.0
30
0.0
11
21119.0
21
-38288.0
31
0.0
0
LINE
5
4975
100
AcDbEntity
8
Inner Walls
6
Solid
370
15
62
47
100
AcDbLine
10
21119.0
20
-38288.0
30
0.0
11
19934.0
21
-38027.0
31
0.0
0
LINE
5
4977
100
AcDbEntity
8
Inner Walls
6
Solid
370
15
62
47
100
AcDbLine
10
19934.0
20
-38027.0
30
0.0
11
19845.0
21
-38427.0
31
0.0
0
LINE
5
4979
100
AcDbEntity
8
Inner Walls
6
Solid
370
15
62
47
100
AcDbLine
10
19845.0
20
-38427.0
30
0.0
11
19829.0
21
-38463.0
31
0.0
0
LINE
5
497b
100
AcDbEntity
8
Inner Walls
6
Solid
370
15
62
47
100
AcDbLine
10
19829.0
20
-38463.0
30
0.0
11
19801.0
21
-38490.0
31
0.0
0
LINE
5
497d
100
AcDbEntity
8
Inner Walls
6
Solid
370
15
62
47
100
AcDbLine
10
19801.0
20
-38490.0
30
0.0
11
19765.0
21
-38504.0
31
0.0
0
LINE
5
497f
100
AcDbEntity
8
Inner Walls
6
Solid
370
15
62
47
100
AcDbLine
10
19765.0
20
-38504.0
30
0.0
11
19726.0
21
-38504.0
31
0.0
0
LINE
5
4981
100
AcDbEntity
8
Inner Walls
6
Solid
370
15
62
47
100
AcDbLine
10
19726.0
20
-38504.0
30
0.0
11
16952.0
21
-37893.0
31
0.0
0
LINE
5
4983
100
AcDbEntity
8
Inner Walls
6
Solid
370
15
62
47
100
AcDbLine
10
16952.0
20
-37893.0
30
0.0
11
16995.0
21
-37698.0
31
0.0
0
LINE
5
4985
100
AcDbEntity
8
Inner Walls
6
Solid
370
15
62
47
100
AcDbLine
10
16995.0
20
-37698.0
30
0.0
11
19671.0
21
-38287.0
31
0.0
0
LINE
5
4987
100
AcDbEntity
8
Inner Walls
6
Solid
370
15
62
47
100
AcDbLine
10
19671.0
20
-38287.0
30
0.0
11
19757.0
21
-37896.0
31
0.0
0
LINE
5
4989
100
AcDbEntity
8
Inner Walls
6
Solid
370
15
62
47
100
AcDbLine
10
19757.0
20
-37896.0
30
0.0
11
19760.0
21
-37887.0
31
0.0
0
LINE
5
498b
100
AcDbEntity
8
Inner Walls
6
Solid
370
15
62
47
100
AcDbLine
10
19760.0
20
-37887.0
30
0.0
11
19760.0
21
-37885.0
31
0.0
0
LINE
5
498d
100
AcDbEntity
8
Inner Walls
6
Solid
370
15
62
47
100
AcDbLine
10
19760.0
20
-37885.0
30
0.0
11
19768.0
21
-37867.0
31
0.0
0
LINE
5
498f
100
AcDbEntity
8
Inner Walls
6
Solid
370
15
62
47
100
AcDbLine
10
19768.0
20
-37867.0
30
0.0
11
19769.0
21
-37865.0
31
0.0
0
LINE
5
4991
100
AcDbEntity
8
Inner Walls
6
Solid
370
15
62
47
100
AcDbLine
10
19769.0
20
-37865.0
30
0.0
11
19780.0
21
-37849.0
31
0.0
0
LINE
5
4993
100
AcDbEntity
8
Inner Walls
6
Solid
370
15
62
47
100
AcDbLine
10
19780.0
20
-37849.0
30
0.0
11
19781.0
21
-37847.0
31
0.0
0
LINE
5
4995
100
AcDbEntity
8
Inner Walls
6
Solid
370
15
62
47
100
AcDbLine
10
19781.0
20
-37847.0
30
0.0
11
19796.0
21
-37834.0
31
0.0
0
LINE
5
4997
100
AcDbEntity
8
Inner Walls
6
Solid
370
15
62
47
100
AcDbLine
10
19796.0
20
-37834.0
30
0.0
11
19797.0
21
-37833.0
31
0.0
0
LINE
5
4999
100
AcDbEntity
8
Inner Walls
6
Solid
370
15
62
47
100
AcDbLine
10
19797.0
20
-37833.0
30
0.0
11
19814.0
21
-37822.0
31
0.0
0
LINE
5
499b
100
AcDbEntity
8
Inner Walls
6
Solid
370
15
62
47
100
AcDbLine
10
19814.0
20
-37822.0
30
0.0
11
19815.0
21
-37821.0
31
0.0
0
LINE
5
499d
100
AcDbEntity
8
Inner Walls
6
Solid
370
15
62
47
100
AcDbLine
10
19815.0
20
-37821.0
30
0.0
11
19834.0
21
-37814.0
31
0.0
0
LINE
5
499f
100
AcDbEntity
8
Inner Walls
6
Solid
370
15
62
47
100
AcDbLine
10
19834.0
20
-37814.0
30
0.0
11
19836.0
21
-37814.0
31
0.0
0
LINE
5
49a1
100
AcDbEntity
8
Inner Walls
6
Solid
370
15
62
47
100
AcDbLine
10
19836.0
20
-37814.0
30
0.0
11
19855.0
21
-37810.0
31
0.0
0
LINE
5
49a3
100
AcDbEntity
8
Inner Walls
6
Solid
370
15
62
47
100
AcDbLine
10
19855.0
20
-37810.0
30
0.0
11
19857.0
21
-37810.0
31
0.0
0
LINE
5
49a5
100
AcDbEntity
8
Inner Walls
6
Solid
370
15
62
47
100
AcDbLine
10
19857.0
20
-37810.0
30
0.0
11
19876.0
21
-37810.0
31
0.0
0
LINE
5
49a7
100
AcDbEntity
8
Inner Walls
6
Solid
370
15
62
47
100
AcDbLine
10
19876.0
20
-37810.0
30
0.0
11
19878.0
21
-37811.0
31
0.0
0
LINE
5
49a9
100
AcDbEntity
8
Inner Walls
6
Solid
370
15
62
47
100
AcDbLine
10
19878.0
20
-37811.0
30
0.0
11
19888.0
21
-37812.0
31
0.0
0
LINE
5
49ab
100
AcDbEntity
8
Inner Walls
6
Solid
370
15
62
47
100
AcDbLine
10
19888.0
20
-37812.0
30
0.0
11
21250.0
21
-38112.0
31
0.0
0
LINE
5
49ad
100
AcDbEntity
8
Inner Walls
6
Solid
370
15
62
47
100
AcDbLine
10
21250.0
20
-38112.0
30
0.0
11
21260.0
21
-38115.0
31
0.0
0
LINE
5
49af
100
AcDbEntity
8
Inner Walls
6
Solid
370
15
62
47
100
AcDbLine
10
21260.0
20
-38115.0
30
0.0
11
21262.0
21
-38115.0
31
0.0
0
LINE
5
49b1
100
AcDbEntity
8
Inner Walls
6
Solid
370
15
62
47
100
AcDbLine
10
21262.0
20
-38115.0
30
0.0
11
21280.0
21
-38123.0
31
0.0
0
LINE
5
49b3
100
AcDbEntity
8
Inner Walls
6
Solid
370
15
62
47
100
AcDbLine
10
21280.0
20
-38123.0
30
0.0
11
21281.0
21
-38124.0
31
0.0
0
LINE
5
49b5
100
AcDbEntity
8
Inner Walls
6
Solid
370
15
62
47
100
AcDbLine
10
21281.0
20
-38124.0
30
0.0
11
21297.0
21
-38135.0
31
0.0
0
LINE
5
49b7
100
AcDbEntity
8
Inner Walls
6
Solid
370
15
62
47
100
AcDbLine
10
21297.0
20
-38135.0
30
0.0
11
21299.0
21
-38137.0
31
0.0
0
LINE
5
49b9
100
AcDbEntity
8
Inner Walls
6
Solid
370
15
62
47
100
AcDbLine
10
21299.0
20
-38137.0
30
0.0
11
21313.0
21
-38151.0
31
0.0
0
LINE
5
49bb
100
AcDbEntity
8
Inner Walls
6
Solid
370
15
62
47
100
AcDbLine
10
21313.0
20
-38151.0
30
0.0
11
21314.0
21
-38152.0
31
0.0
0
LINE
5
49bd
100
AcDbEntity
8
Inner Walls
6
Solid
370
15
62
47
100
AcDbLine
10
21314.0
20
-38152.0
30
0.0
11
21324.0
21
-38169.0
31
0.0
0
LINE
5
49bf
100
AcDbEntity
8
Inner Walls
6
Solid
370
15
62
47
100
AcDbLine
10
21324.0
20
-38169.0
30
0.0
11
21325.0
21
-38171.0
31
0.0
0
LINE
5
49c1
100
AcDbEntity
8
Inner Walls
6
Solid
370
15
62
47
100
AcDbLine
10
21325.0
20
-38171.0
30
0.0
11
21332.0
21
-38189.0
31
0.0
0
LINE
5
49c3
100
AcDbEntity
8
Inner Walls
6
Solid
370
15
62
47
100
AcDbLine
10
21332.0
20
-38189.0
30
0.0
11
21333.0
21
-38191.0
31
0.0
0
LINE
5
49c5
100
AcDbEntity
8
Inner Walls
6
Solid
370
15
62
47
100
AcDbLine
10
21333.0
20
-38191.0
30
0.0
11
21336.0
21
-38210.0
31
0.0
0
LINE
5
49c7
100
AcDbEntity
8
Inner Walls
6
Solid
370
15
62
47
100
AcDbLine
10
21336.0
20
-38210.0
30
0.0
11
21336.0
21
-38212.0
31
0.0
0
LINE
5
49c9
100
AcDbEntity
8
Inner Walls
6
Solid
370
15
62
47
100
AcDbLine
10
21336.0
20
-38212.0
30
0.0
11
21336.0
21
-38232.0
31
0.0
0
LINE
5
49cb
100
AcDbEntity
8
Inner Walls
6
Solid
370
15
62
47
100
AcDbLine
10
21336.0
20
-38232.0
30
0.0
11
21336.0
21
-38234.0
31
0.0
0
LINE
5
49cd
100
AcDbEntity
8
Inner Walls
6
Solid
370
15
62
47
100
AcDbLine
10
21336.0
20
-38234.0
30
0.0
11
21334.0
21
-38243.0
31
0.0
0
LINE
5
49cf
100
AcDbEntity
8
Inner Walls
6
Solid
370
15
62
47
100
AcDbLine
10
21334.0
20
-38243.0
30
0.0
11
21248.0
21
-38634.0
31
0.0
0
LINE
5
49d1
100
AcDbEntity
8
Inner Walls
6
Solid
370
15
62
47
100
AcDbLine
10
21248.0
20
-38634.0
30
0.0
11
22708.0
21
-38955.0
31
0.0
0
LINE
5
49d3
100
AcDbEntity
8
Inner Walls
6
Solid
370
15
62
47
100
AcDbLine
10
22708.0
20
-38955.0
30
0.0
11
23147.0
21
-36960.0
31
0.0
0
LINE
5
49d5
100
AcDbEntity
8
Inner Walls
6
Solid
370
15
62
47
100
AcDbLine
10
23147.0
20
-36960.0
30
0.0
11
23343.0
21
-37003.0
31
0.0
0
LINE
5
49d7
100
AcDbEntity
8
Inner Walls
6
Solid
370
15
62
47
100
AcDbLine
10
15429.0
20
-44813.0
30
0.0
11
19110.0
21
-45623.0
31
0.0
0
LINE
5
49d9
100
AcDbEntity
8
Inner Walls
6
Solid
370
15
62
47
100
AcDbLine
10
19110.0
20
-45623.0
30
0.0
11
19146.0
21
-45639.0
31
0.0
0
LINE
5
49db
100
AcDbEntity
8
Inner Walls
6
Solid
370
15
62
47
100
AcDbLine
10
19146.0
20
-45639.0
30
0.0
11
19173.0
21
-45667.0
31
0.0
0
LINE
5
49dd
100
AcDbEntity
8
Inner Walls
6
Solid
370
15
62
47
100
AcDbLine
10
19173.0
20
-45667.0
30
0.0
11
19187.0
21
-45704.0
31
0.0
0
LINE
5
49df
100
AcDbEntity
8
Inner Walls
6
Solid
370
15
62
47
100
AcDbLine
10
19187.0
20
-45704.0
30
0.0
11
19187.0
21
-45743.0
31
0.0
0
LINE
5
49e1
100
AcDbEntity
8
Inner Walls
6
Solid
370
15
62
47
100
AcDbLine
10
19187.0
20
-45743.0
30
0.0
11
19099.0
21
-46143.0
31
0.0
0
LINE
5
49e3
100
AcDbEntity
8
Inner Walls
6
Solid
370
15
62
47
100
AcDbLine
10
19099.0
20
-46143.0
30
0.0
11
21130.0
21
-46590.0
31
0.0
0
LINE
5
49e5
100
AcDbEntity
8
Inner Walls
6
Solid
370
15
62
47
100
AcDbLine
10
21130.0
20
-46590.0
30
0.0
11
21165.0
21
-46606.0
31
0.0
0
LINE
5
49e7
100
AcDbEntity
8
Inner Walls
6
Solid
370
15
62
47
100
AcDbLine
10
21165.0
20
-46606.0
30
0.0
11
21192.0
21
-46634.0
31
0.0
0
LINE
5
49e9
100
AcDbEntity
8
Inner Walls
6
Solid
370
15
62
47
100
AcDbLine
10
21192.0
20
-46634.0
30
0.0
11
21207.0
21
-46670.0
31
0.0
0
LINE
5
49eb
100
AcDbEntity
8
Inner Walls
6
Solid
370
15
62
47
100
AcDbLine
10
21207.0
20
-46670.0
30
0.0
11
21206.0
21
-46709.0
31
0.0
0
LINE
5
49ed
100
AcDbEntity
8
Inner Walls
6
Solid
370
15
62
47
100
AcDbLine
10
21206.0
20
-46709.0
30
0.0
11
20855.0
21
-48303.0
31
0.0
0
LINE
5
49ef
100
AcDbEntity
8
Inner Walls
6
Solid
370
15
62
47
100
AcDbLine
10
20855.0
20
-48303.0
30
0.0
11
20660.0
21
-48260.0
31
0.0
0
LINE
5
49f1
100
AcDbEntity
8
Inner Walls
6
Solid
370
15
62
47
100
AcDbLine
10
20660.0
20
-48260.0
30
0.0
11
20989.0
21
-46764.0
31
0.0
0
LINE
5
49f3
100
AcDbEntity
8
Inner Walls
6
Solid
370
15
62
47
100
AcDbLine
10
20989.0
20
-46764.0
30
0.0
11
18967.0
21
-46319.0
31
0.0
0
LINE
5
49f5
100
AcDbEntity
8
Inner Walls
6
Solid
370
15
62
47
100
AcDbLine
10
18967.0
20
-46319.0
30
0.0
11
18958.0
21
-46316.0
31
0.0
0
LINE
5
49f7
100
AcDbEntity
8
Inner Walls
6
Solid
370
15
62
47
100
AcDbLine
10
18958.0
20
-46316.0
30
0.0
11
18956.0
21
-46316.0
31
0.0
0
LINE
5
49f9
100
AcDbEntity
8
Inner Walls
6
Solid
370
15
62
47
100
AcDbLine
10
18956.0
20
-46316.0
30
0.0
11
18938.0
21
-46308.0
31
0.0
0
LINE
5
49fb
100
AcDbEntity
8
Inner Walls
6
Solid
370
15
62
47
100
AcDbLine
10
18938.0
20
-46308.0
30
0.0
11
18936.0
21
-46307.0
31
0.0
0
LINE
5
49fd
100
AcDbEntity
8
Inner Walls
6
Solid
370
15
62
47
100
AcDbLine
10
18936.0
20
-46307.0
30
0.0
11
18920.0
21
-46296.0
31
0.0
0
LINE
5
49ff
100
AcDbEntity
8
Inner Walls
6
Solid
370
15
62
47
100
AcDbLine
10
18920.0
20
-46296.0
30
0.0
11
18919.0
21
-46294.0
31
0.0
0
LINE
5
4a01
100
AcDbEntity
8
Inner Walls
6
Solid
370
15
62
47
100
AcDbLine
10
18919.0
20
-46294.0
30
0.0
11
18905.0
21
-46280.0
31
0.0
0
LINE
5
4a03
100
AcDbEntity
8
Inner Walls
6
Solid
370
15
62
47
100
AcDbLine
10
18905.0
20
-46280.0
30
0.0
11
18904.0
21
-46279.0
31
0.0
0
LINE
5
4a05
100
AcDbEntity
8
Inner Walls
6
Solid
370
15
62
47
100
AcDbLine
10
18904.0
20
-46279.0
30
0.0
11
18894.0
21
-46262.0
31
0.0
0
LINE
5
4a07
100
AcDbEntity
8
Inner Walls
6
Solid
370
15
62
47
100
AcDbLine
10
18894.0
20
-46262.0
30
0.0
11
18893.0
21
-46261.0
31
0.0
0
LINE
5
4a09
100
AcDbEntity
8
Inner Walls
6
Solid
370
15
62
47
100
AcDbLine
10
18893.0
20
-46261.0
30
0.0
11
18886.0
21
-46242.0
31
0.0
0
LINE
5
4a0b
100
AcDbEntity
8
Inner Walls
6
Solid
370
15
62
47
100
AcDbLine
10
18886.0
20
-46242.0
30
0.0
11
18885.0
21
-46240.0
31
0.0
0
LINE
5
4a0d
100
AcDbEntity
8
Inner Walls
6
Solid
370
15
62
47
100
AcDbLine
10
18885.0
20
-46240.0
30
0.0
11
18882.0
21
-46221.0
31
0.0
0
LINE
5
4a0f
100
AcDbEntity
8
Inner Walls
6
Solid
370
15
62
47
100
AcDbLine
10
18882.0
20
-46221.0
30
0.0
11
18881.0
21
-46219.0
31
0.0
0
LINE
5
4a11
100
AcDbEntity
8
Inner Walls
6
Solid
370
15
62
47
100
AcDbLine
10
18881.0
20
-46219.0
30
0.0
11
18882.0
21
-46200.0
31
0.0
0
LINE
5
4a13
100
AcDbEntity
8
Inner Walls
6
Solid
370
15
62
47
100
AcDbLine
10
18882.0
20
-46200.0
30
0.0
11
18882.0
21
-46198.0
31
0.0
0
LINE
5
4a15
100
AcDbEntity
8
Inner Walls
6
Solid
370
15
62
47
100
AcDbLine
10
18882.0
20
-46198.0
30
0.0
11
18884.0
21
-46188.0
31
0.0
0
LINE
5
4a17
100
AcDbEntity
8
Inner Walls
6
Solid
370
15
62
47
100
AcDbLine
10
18884.0
20
-46188.0
30
0.0
11
18970.0
21
-45797.0
31
0.0
0
LINE
5
4a19
100
AcDbEntity
8
Inner Walls
6
Solid
370
15
62
47
100
AcDbLine
10
18970.0
20
-45797.0
30
0.0
11
15386.0
21
-45008.0
31
0.0
0
LINE
5
4a1b
100
AcDbEntity
8
Inner Walls
6
Solid
370
15
62
47
100
AcDbLine
10
15386.0
20
-45008.0
30
0.0
11
15429.0
21
-44813.0
31
0.0
0
POINT
5
4a1d
100
AcDbEntity
8
Inner Walls
6
Solid
370
15
62
47
100
AcDbPoint
10
14602.0
20
-48566.0
30
0.0
0
LINE
5
4a1f
100
AcDbEntity
8
Inner Walls
6
Solid
370
15
62
47
100
AcDbLine
10
14602.0
20
-48566.0
30
0.0
11
14626.0
21
-48457.0
31
0.0
0
LINE
5
4a21
100
AcDbEntity
8
Inner Walls
6
Solid
370
15
62
47
100
AcDbLine
10
14626.0
20
-48457.0
30
0.0
11
14645.0
21
-48371.0
31
0.0
0
POINT
5
4a23
100
AcDbEntity
8
Inner Walls
6
Solid
370
15
62
47
100
AcDbPoint
10
14645.0
20
-48371.0
30
0.0
0
LINE
5
4a25
100
AcDbEntity
8
Inner Walls
6
Solid
370
15
62
47
100
AcDbLine
10
14645.0
20
-48371.0
30
0.0
11
20358.0
21
-49628.0
31
0.0
0
LINE
5
4a27
100
AcDbEntity
8
Inner Walls
6
Solid
370
15
62
47
100
AcDbLine
10
20358.0
20
-49628.0
30
0.0
11
20445.0
21
-49237.0
31
0.0
0
LINE
5
4a29
100
AcDbEntity
8
Inner Walls
6
Solid
370
15
62
47
100
AcDbLine
10
20445.0
20
-49237.0
30
0.0
11
20640.0
21
-49280.0
31
0.0
0
LINE
5
4a2b
100
AcDbEntity
8
Inner Walls
6
Solid
370
15
62
47
100
AcDbLine
10
20640.0
20
-49280.0
30
0.0
11
20554.0
21
-49671.0
31
0.0
0
LINE
5
4a2d
100
AcDbEntity
8
Inner Walls
6
Solid
370
15
62
47
100
AcDbLine
10
20554.0
20
-49671.0
30
0.0
11
20935.0
21
-49755.0
31
0.0
0
LINE
5
4a2f
100
AcDbEntity
8
Inner Walls
6
Solid
370
15
62
47
100
AcDbLine
10
20935.0
20
-49755.0
30
0.0
11
20892.0
21
-49951.0
31
0.0
0
LINE
5
4a31
100
AcDbEntity
8
Inner Walls
6
Solid
370
15
62
47
100
AcDbLine
10
20892.0
20
-49951.0
30
0.0
11
14602.0
21
-48566.0
31
0.0
0
LINE
5
4a33
100
AcDbEntity
8
Inner Walls
6
Solid
370
15
62
47
100
AcDbLine
10
18660.0
20
-52831.0
30
0.0
11
18695.0
21
-52675.0
31
0.0
0
LINE
5
4a35
100
AcDbEntity
8
Inner Walls
6
Solid
370
15
62
47
100
AcDbLine
10
18695.0
20
-52675.0
30
0.0
11
17288.0
21
-52365.0
31
0.0
0
LINE
5
4a37
100
AcDbEntity
8
Inner Walls
6
Solid
370
15
62
47
100
AcDbLine
10
17288.0
20
-52365.0
30
0.0
11
17254.0
21
-52521.0
31
0.0
0
LINE
5
4a39
100
AcDbEntity
8
Inner Walls
6
Solid
370
15
62
47
100
AcDbLine
10
17254.0
20
-52521.0
30
0.0
11
17059.0
21
-52478.0
31
0.0
0
LINE
5
4a3b
100
AcDbEntity
8
Inner Walls
6
Solid
370
15
62
47
100
AcDbLine
10
17059.0
20
-52478.0
30
0.0
11
17112.0
21
-52234.0
31
0.0
0
LINE
5
4a3d
100
AcDbEntity
8
Inner Walls
6
Solid
370
15
62
47
100
AcDbLine
10
17112.0
20
-52234.0
30
0.0
11
17115.0
21
-52225.0
31
0.0
0
LINE
5
4a3f
100
AcDbEntity
8
Inner Walls
6
Solid
370
15
62
47
100
AcDbLine
10
17115.0
20
-52225.0
30
0.0
11
17115.0
21
-52223.0
31
0.0
0
LINE
5
4a41
100
AcDbEntity
8
Inner Walls
6
Solid
370
15
62
47
100
AcDbLine
10
17115.0
20
-52223.0
30
0.0
11
17123.0
21
-52205.0
31
0.0
0
LINE
5
4a43
100
AcDbEntity
8
Inner Walls
6
Solid
370
15
62
47
100
AcDbLine
10
17123.0
20
-52205.0
30
0.0
11
17124.0
21
-52203.0
31
0.0
0
LINE
5
4a45
100
AcDbEntity
8
Inner Walls
6
Solid
370
15
62
47
100
AcDbLine
10
17124.0
20
-52203.0
30
0.0
11
17135.0
21
-52187.0
31
0.0
0
LINE
5
4a47
100
AcDbEntity
8
Inner Walls
6
Solid
370
15
62
47
100
AcDbLine
10
17135.0
20
-52187.0
30
0.0
11
17137.0
21
-52186.0
31
0.0
0
LINE
5
4a49
100
AcDbEntity
8
Inner Walls
6
Solid
370
15
62
47
100
AcDbLine
10
17137.0
20
-52186.0
30
0.0
11
17151.0
21
-52172.0
31
0.0
0
LINE
5
4a4b
100
AcDbEntity
8
Inner Walls
6
Solid
370
15
62
47
100
AcDbLine
10
17151.0
20
-52172.0
30
0.0
11
17152.0
21
-52171.0
31
0.0
0
LINE
5
4a4d
100
AcDbEntity
8
Inner Walls
6
Solid
370
15
62
47
100
AcDbLine
10
17152.0
20
-52171.0
30
0.0
11
17169.0
21
-52160.0
31
0.0
0
LINE
5
4a4f
100
AcDbEntity
8
Inner Walls
6
Solid
370
15
62
47
100
AcDbLine
10
17169.0
20
-52160.0
30
0.0
11
17171.0
21
-52159.0
31
0.0
0
LINE
5
4a51
100
AcDbEntity
8
Inner Walls
6
Solid
370
15
62
47
100
AcDbLine
10
17171.0
20
-52159.0
30
0.0
11
17189.0
21
-52152.0
31
0.0
0
LINE
5
4a53
100
AcDbEntity
8
Inner Walls
6
Solid
370
15
62
47
100
AcDbLine
10
17189.0
20
-52152.0
30
0.0
11
17191.0
21
-52152.0
31
0.0
0
LINE
5
4a55
100
AcDbEntity
8
Inner Walls
6
Solid
370
15
62
47
100
AcDbLine
10
17191.0
20
-52152.0
30
0.0
11
17210.0
21
-52148.0
31
0.0
0
LINE
5
4a57
100
AcDbEntity
8
Inner Walls
6
Solid
370
15
62
47
100
AcDbLine
10
17210.0
20
-52148.0
30
0.0
11
17212.0
21
-52148.0
31
0.0
0
LINE
5
4a59
100
AcDbEntity
8
Inner Walls
6
Solid
370
15
62
47
100
AcDbLine
10
17212.0
20
-52148.0
30
0.0
11
17232.0
21
-52149.0
31
0.0
0
LINE
5
4a5b
100
AcDbEntity
8
Inner Walls
6
Solid
370
15
62
47
100
AcDbLine
10
17232.0
20
-52149.0
30
0.0
11
17234.0
21
-52149.0
31
0.0
0
LINE
5
4a5d
100
AcDbEntity
8
Inner Walls
6
Solid
370
15
62
47
100
AcDbLine
10
17234.0
20
-52149.0
30
0.0
11
17243.0
21
-52150.0
31
0.0
0
LINE
5
4a5f
100
AcDbEntity
8
Inner Walls
6
Solid
370
15
62
47
100
AcDbLine
10
17243.0
20
-52150.0
30
0.0
11
18825.0
21
-52499.0
31
0.0
0
LINE
5
4a61
100
AcDbEntity
8
Inner Walls
6
Solid
370
15
62
47
100
AcDbLine
10
18825.0
20
-52499.0
30
0.0
11
18835.0
21
-52501.0
31
0.0
0
LINE
5
4a63
100
AcDbEntity
8
Inner Walls
6
Solid
370
15
62
47
100
AcDbLine
10
18835.0
20
-52501.0
30
0.0
11
18837.0
21
-52502.0
31
0.0
0
LINE
5
4a65
100
AcDbEntity
8
Inner Walls
6
Solid
370
15
62
47
100
AcDbLine
10
18837.0
20
-52502.0
30
0.0
11
18855.0
21
-52510.0
31
0.0
0
LINE
5
4a67
100
AcDbEntity
8
Inner Walls
6
Solid
370
15
62
47
100
AcDbLine
10
18855.0
20
-52510.0
30
0.0
11
18856.0
21
-52511.0
31
0.0
0
LINE
5
4a69
100
AcDbEntity
8
Inner Walls
6
Solid
370
15
62
47
100
AcDbLine
10
18856.0
20
-52511.0
30
0.0
11
18873.0
21
-52522.0
31
0.0
0
LINE
5
4a6b
100
AcDbEntity
8
Inner Walls
6
Solid
370
15
62
47
100
AcDbLine
10
18873.0
20
-52522.0
30
0.0
11
18874.0
21
-52523.0
31
0.0
0
LINE
5
4a6d
100
AcDbEntity
8
Inner Walls
6
Solid
370
15
62
47
100
AcDbLine
10
18874.0
20
-52523.0
30
0.0
11
18888.0
21
-52537.0
31
0.0
0
LINE
5
4a6f
100
AcDbEntity
8
Inner Walls
6
Solid
370
15
62
47
100
AcDbLine
10
18888.0
20
-52537.0
30
0.0
11
18889.0
21
-52539.0
31
0.0
0
LINE
5
4a71
100
AcDbEntity
8
Inner Walls
6
Solid
370
15
62
47
100
AcDbLine
10
18889.0
20
-52539.0
30
0.0
11
18899.0
21
-52555.0
31
0.0
0
LINE
5
4a73
100
AcDbEntity
8
Inner Walls
6
Solid
370
15
62
47
100
AcDbLine
10
18899.0
20
-52555.0
30
0.0
11
18900.0
21
-52557.0
31
0.0
0
LINE
5
4a75
100
AcDbEntity
8
Inner Walls
6
Solid
370
15
62
47
100
AcDbLine
10
18900.0
20
-52557.0
30
0.0
11
18907.0
21
-52575.0
31
0.0
0
LINE
5
4a77
100
AcDbEntity
8
Inner Walls
6
Solid
370
15
62
47
100
AcDbLine
10
18907.0
20
-52575.0
30
0.0
11
18908.0
21
-52577.0
31
0.0
0
LINE
5
4a79
100
AcDbEntity
8
Inner Walls
6
Solid
370
15
62
47
100
AcDbLine
10
18908.0
20
-52577.0
30
0.0
11
18911.0
21
-52597.0
31
0.0
0
LINE
5
4a7b
100
AcDbEntity
8
Inner Walls
6
Solid
370
15
62
47
100
AcDbLine
10
18911.0
20
-52597.0
30
0.0
11
18911.0
21
-52599.0
31
0.0
0
LINE
5
4a7d
100
AcDbEntity
8
Inner Walls
6
Solid
370
15
62
47
100
AcDbLine
10
18911.0
20
-52599.0
30
0.0
11
18911.0
21
-52618.0
31
0.0
0
LINE
5
4a7f
100
AcDbEntity
8
Inner Walls
6
Solid
370
15
62
47
100
AcDbLine
10
18911.0
20
-52618.0
30
0.0
11
18911.0
21
-52620.0
31
0.0
0
LINE
5
4a81
100
AcDbEntity
8
Inner Walls
6
Solid
370
15
62
47
100
AcDbLine
10
18911.0
20
-52620.0
30
0.0
11
18909.0
21
-52630.0
31
0.0
0
LINE
5
4a83
100
AcDbEntity
8
Inner Walls
6
Solid
370
15
62
47
100
AcDbLine
10
18909.0
20
-52630.0
30
0.0
11
18855.0
21
-52874.0
31
0.0
0
LINE
5
4a85
100
AcDbEntity
8
Inner Walls
6
Solid
370
15
62
47
100
AcDbLine
10
18855.0
20
-52874.0
30
0.0
11
18660.0
21
-52831.0
31
0.0
0
HATCH
5
4a99
100
AcDbEntity
8
Room Objects
6
Solid
370
15
62
5
100
AcDbHatch
10
0
20
0
30
0
210
0
220
0
230
1
2
FILL_19097
70
1
71
0
91
1
92
0
93
8
72
1
10
23442.0
20
-35622.0
11
23442.0
21
-35622.0
72
1
10
23442.0
20
-35622.0
11
23540.0
21
-35644.0
72
1
10
23540.0
20
-35644.0
11
23540.0
21
-35644.0
72
1
10
23540.0
20
-35644.0
11
23482.0
21
-35908.0
72
1
10
23482.0
20
-35908.0
11
23482.0
21
-35908.0
72
1
10
23482.0
20
-35908.0
11
23384.0
21
-35886.0
72
1
10
23384.0
20
-35886.0
11
23384.0
21
-35886.0
72
1
10
23384.0
20
-35886.0
11
23442.0
21
-35622.0
97
0
75
0
76
1
98
0
0
POINT
5
4a9b
100
AcDbEntity
8
Room Objects
6
Solid
370
0
62
0
100
AcDbPoint
10
23442.0
20
-35622.0
30
0.0
0
LINE
5
4a9d
100
AcDbEntity
8
Room Objects
6
Solid
370
0
62
0
100
AcDbLine
10
23442.0
20
-35622.0
30
0.0
11
23540.0
21
-35644.0
31
0.0
0
POINT
5
4a9f
100
AcDbEntity
8
Room Objects
6
Solid
370
0
62
0
100
AcDbPoint
10
23540.0
20
-35644.0
30
0.0
0
LINE
5
4aa1
100
AcDbEntity
8
Room Objects
6
Solid
370
0
62
0
100
AcDbLine
10
23540.0
20
-35644.0
30
0.0
11
23482.0
21
-35908.0
31
0.0
0
POINT
5
4aa3
100
AcDbEntity
8
Room Objects
6
Solid
370
0
62
0
100
AcDbPoint
10
23482.0
20
-35908.0
30
0.0
0
LINE
5
4aa5
100
AcDbEntity
8
Room Objects
6
Solid
370
0
62
0
100
AcDbLine
10
23482.0
20
-35908.0
30
0.0
11
23384.0
21
-35886.0
31
0.0
0
POINT
5
4aa7
100
AcDbEntity
8
Room Objects
6
Solid
370
0
62
0
100
AcDbPoint
10
23384.0
20
-35886.0
30
0.0
0
LINE
5
4aa9
100
AcDbEntity
8
Room Objects
6
Solid
370
0
62
0
100
AcDbLine
10
23384.0
20
-35886.0
30
0.0
11
23442.0
21
-35622.0
31
0.0
0
HATCH
5
4abd
100
AcDbEntity
8
Room Objects
6
Solid
370
0
62
5
100
AcDbHatch
10
0
20
0
30
0
210
0
220
0
230
1
2
FILL_19133
70
1
71
0
91
1
92
0
93
8
72
1
10
25646.0
20
-35841.0
11
25646.0
21
-35841.0
72
1
10
25646.0
20
-35841.0
11
25549.0
21
-35820.0
72
1
10
25549.0
20
-35820.0
11
25549.0
21
-35820.0
72
1
10
25549.0
20
-35820.0
11
25607.0
21
-35556.0
72
1
10
25607.0
20
-35556.0
11
25607.0
21
-35556.0
72
1
10
25607.0
20
-35556.0
11
25705.0
21
-35578.0
72
1
10
25705.0
20
-35578.0
11
25705.0
21
-35578.0
72
1
10
25705.0
20
-35578.0
11
25646.0
21
-35841.0
97
0
75
0
76
1
98
0
0
POINT
5
4abf
100
AcDbEntity
8
Room Objects
6
Solid
370
0
62
0
100
AcDbPoint
10
25646.0
20
-35841.0
30
0.0
0
LINE
5
4ac1
100
AcDbEntity
8
Room Objects
6
Solid
370
0
62
0
100
AcDbLine
10
25646.0
20
-35841.0
30
0.0
11
25549.0
21
-35820.0
31
0.0
0
POINT
5
4ac3
100
AcDbEntity
8
Room Objects
6
Solid
370
0
62
0
100
AcDbPoint
10
25549.0
20
-35820.0
30
0.0
0
LINE
5
4ac5
100
AcDbEntity
8
Room Objects
6
Solid
370
0
62
0
100
AcDbLine
10
25549.0
20
-35820.0
30
0.0
11
25607.0
21
-35556.0
31
0.0
0
POINT
5
4ac7
100
AcDbEntity
8
Room Objects
6
Solid
370
0
62
0
100
AcDbPoint
10
25607.0
20
-35556.0
30
0.0
0
LINE
5
4ac9
100
AcDbEntity
8
Room Objects
6
Solid
370
0
62
0
100
AcDbLine
10
25607.0
20
-35556.0
30
0.0
11
25705.0
21
-35578.0
31
0.0
0
POINT
5
4acb
100
AcDbEntity
8
Room Objects
6
Solid
370
0
62
0
100
AcDbPoint
10
25705.0
20
-35578.0
30
0.0
0
LINE
5
4acd
100
AcDbEntity
8
Room Objects
6
Solid
370
0
62
0
100
AcDbLine
10
25705.0
20
-35578.0
30
0.0
11
25646.0
21
-35841.0
31
0.0
0
HATCH
5
4ae1
100
AcDbEntity
8
Room Objects
6
Solid
370
0
62
5
100
AcDbHatch
10
0
20
0
30
0
210
0
220
0
230
1
2
FILL_19169
70
1
71
0
91
1
92
0
93
8
72
1
10
23297.0
20
-46514.0
11
23297.0
21
-46514.0
72
1
10
23297.0
20
-46514.0
11
23199.0
21
-46493.0
72
1
10
23199.0
20
-46493.0
11
23199.0
21
-46493.0
72
1
10
23199.0
20
-46493.0
11
23257.0
21
-46229.0
72
1
10
23257.0
20
-46229.0
11
23257.0
21
-46229.0
72
1
10
23257.0
20
-46229.0
11
23355.0
21
-46251.0
72
1
10
23355.0
20
-46251.0
11
23355.0
21
-46251.0
72
1
10
23355.0
20
-46251.0
11
23297.0
21
-46514.0
97
0
75
0
76
1
98
0
0
POINT
5
4ae3
100
AcDbEntity
8
Room Objects
6
Solid
370
0
62
0
100
AcDbPoint
10
23297.0
20
-46514.0
30
0.0
0
LINE
5
4ae5
100
AcDbEntity
8
Room Objects
6
Solid
370
0
62
0
100
AcDbLine
10
23297.0
20
-46514.0
30
0.0
11
23199.0
21
-46493.0
31
0.0
0
POINT
5
4ae7
100
AcDbEntity
8
Room Objects
6
Solid
370
0
62
0
100
AcDbPoint
10
23199.0
20
-46493.0
30
0.0
0
LINE
5
4ae9
100
AcDbEntity
8
Room Objects
6
Solid
370
0
62
0
100
AcDbLine
10
23199.0
20
-46493.0
30
0.0
11
23257.0
21
-46229.0
31
0.0
0
POINT
5
4aeb
100
AcDbEntity
8
Room Objects
6
Solid
370
0
62
0
100
AcDbPoint
10
23257.0
20
-46229.0
30
0.0
0
LINE
5
4aed
100
AcDbEntity
8
Room Objects
6
Solid
370
0
62
0
100
AcDbLine
10
23257.0
20
-46229.0
30
0.0
11
23355.0
21
-46251.0
31
0.0
0
POINT
5
4aef
100
AcDbEntity
8
Room Objects
6
Solid
370
0
62
0
100
AcDbPoint
10
23355.0
20
-46251.0
30
0.0
0
LINE
5
4af1
100
AcDbEntity
8
Room Objects
6
Solid
370
0
62
0
100
AcDbLine
10
23355.0
20
-46251.0
30
0.0
11
23297.0
21
-46514.0
31
0.0
0
HATCH
5
4b05
100
AcDbEntity
8
Room Objects
6
Solid
370
0
62
5
100
AcDbHatch
10
0
20
0
30
0
210
0
220
0
230
1
2
FILL_19205
70
1
71
0
91
1
92
0
93
8
72
1
10
20456.0
20
-49649.0
11
20456.0
21
-49649.0
72
1
10
20456.0
20
-49649.0
11
20359.0
21
-49627.0
72
1
10
20359.0
20
-49627.0
11
20359.0
21
-49627.0
72
1
10
20359.0
20
-49627.0
11
20423.0
21
-49334.0
72
1
10
20423.0
20
-49334.0
11
20423.0
21
-49334.0
72
1
10
20423.0
20
-49334.0
11
20521.0
21
-49356.0
72
1
10
20521.0
20
-49356.0
11
20521.0
21
-49356.0
72
1
10
20521.0
20
-49356.0
11
20456.0
21
-49649.0
97
0
75
0
76
1
98
0
0
POINT
5
4b07
100
AcDbEntity
8
Room Objects
6
Solid
370
0
62
0
100
AcDbPoint
10
20456.0
20
-49649.0
30
0.0
0
LINE
5
4b09
100
AcDbEntity
8
Room Objects
6
Solid
370
0
62
0
100
AcDbLine
10
20456.0
20
-49649.0
30
0.0
11
20359.0
21
-49627.0
31
0.0
0
POINT
5
4b0b
100
AcDbEntity
8
Room Objects
6
Solid
370
0
62
0
100
AcDbPoint
10
20359.0
20
-49627.0
30
0.0
0
LINE
5
4b0d
100
AcDbEntity
8
Room Objects
6
Solid
370
0
62
0
100
AcDbLine
10
20359.0
20
-49627.0
30
0.0
11
20423.0
21
-49334.0
31
0.0
0
POINT
5
4b0f
100
AcDbEntity
8
Room Objects
6
Solid
370
0
62
0
100
AcDbPoint
10
20423.0
20
-49334.0
30
0.0
0
LINE
5
4b11
100
AcDbEntity
8
Room Objects
6
Solid
370
0
62
0
100
AcDbLine
10
20423.0
20
-49334.0
30
0.0
11
20521.0
21
-49356.0
31
0.0
0
POINT
5
4b13
100
AcDbEntity
8
Room Objects
6
Solid
370
0
62
0
100
AcDbPoint
10
20521.0
20
-49356.0
30
0.0
0
LINE
5
4b15
100
AcDbEntity
8
Room Objects
6
Solid
370
0
62
0
100
AcDbLine
10
20521.0
20
-49356.0
30
0.0
11
20456.0
21
-49649.0
31
0.0
0
HATCH
5
4b23
100
AcDbEntity
8
Room Objects
6
Solid
370
0
62
5
100
AcDbHatch
10
0
20
0
30
0
210
0
220
0
230
1
2
FILL_19235
70
1
71
0
91
1
92
0
93
5
72
1
10
112729.0
20
-104445.0
11
112779.0
21
-104359.0
72
1
10
112779.0
20
-104359.0
11
113012.0
21
-104495.0
72
1
10
113012.0
20
-104495.0
11
113012.0
21
-104495.0
72
1
10
113012.0
20
-104495.0
11
112962.0
21
-104581.0
72
1
10
112962.0
20
-104581.0
11
112729.0
21
-104445.0
97
0
75
0
76
1
98
0
0
LINE
5
4b25
100
AcDbEntity
8
Room Objects
6
Solid
370
0
62
0
100
AcDbLine
10
112729.0
20
-104445.0
30
0.0
11
112779.0
21
-104359.0
31
0.0
0
LINE
5
4b27
100
AcDbEntity
8
Room Objects
6
Solid
370
0
62
0
100
AcDbLine
10
112779.0
20
-104359.0
30
0.0
11
113012.0
21
-104495.0
31
0.0
0
POINT
5
4b29
100
AcDbEntity
8
Room Objects
6
Solid
370
0
62
0
100
AcDbPoint
10
113012.0
20
-104495.0
30
0.0
0
LINE
5
4b2b
100
AcDbEntity
8
Room Objects
6
Solid
370
0
62
0
100
AcDbLine
10
113012.0
20
-104495.0
30
0.0
11
112962.0
21
-104581.0
31
0.0
0
LINE
5
4b2d
100
AcDbEntity
8
Room Objects
6
Solid
370
0
62
0
100
AcDbLine
10
112962.0
20
-104581.0
30
0.0
11
112729.0
21
-104445.0
31
0.0
0
HATCH
5
4b3b
100
AcDbEntity
8
Room Objects
6
Solid
370
0
62
5
100
AcDbHatch
10
0
20
0
30
0
210
0
220
0
230
1
2
FILL_19259
70
1
71
0
91
1
92
0
93
5
72
1
10
112127.0
20
-106526.0
11
112178.0
21
-106440.0
72
1
10
112178.0
20
-106440.0
11
112411.0
21
-106576.0
72
1
10
112411.0
20
-106576.0
11
112411.0
21
-106576.0
72
1
10
112411.0
20
-106576.0
11
112361.0
21
-106662.0
72
1
10
112361.0
20
-106662.0
11
112127.0
21
-106526.0
97
0
75
0
76
1
98
0
0
LINE
5
4b3d
100
AcDbEntity
8
Room Objects
6
Solid
370
0
62
0
100
AcDbLine
10
112127.0
20
-106526.0
30
0.0
11
112178.0
21
-106440.0
31
0.0
0
LINE
5
4b3f
100
AcDbEntity
8
Room Objects
6
Solid
370
0
62
0
100
AcDbLine
10
112178.0
20
-106440.0
30
0.0
11
112411.0
21
-106576.0
31
0.0
0
POINT
5
4b41
100
AcDbEntity
8
Room Objects
6
Solid
370
0
62
0
100
AcDbPoint
10
112411.0
20
-106576.0
30
0.0
0
LINE
5
4b43
100
AcDbEntity
8
Room Objects
6
Solid
370
0
62
0
100
AcDbLine
10
112411.0
20
-106576.0
30
0.0
11
112361.0
21
-106662.0
31
0.0
0
LINE
5
4b45
100
AcDbEntity
8
Room Objects
6
Solid
370
0
62
0
100
AcDbLine
10
112361.0
20
-106662.0
30
0.0
11
112127.0
21
-106526.0
31
0.0
0
HATCH
5
4b53
100
AcDbEntity
8
Room Objects
6
Solid
370
0
62
5
100
AcDbHatch
10
0
20
0
30
0
210
0
220
0
230
1
2
FILL_19283
70
1
71
0
91
1
92
0
93
5
72
1
10
105836.0
20
-102853.0
11
105886.0
21
-102766.0
72
1
10
105886.0
20
-102766.0
11
106119.0
21
-102902.0
72
1
10
106119.0
20
-102902.0
11
106119.0
21
-102902.0
72
1
10
106119.0
20
-102902.0
11
106069.0
21
-102989.0
72
1
10
106069.0
20
-102989.0
11
105836.0
21
-102853.0
97
0
75
0
76
1
98
0
0
LINE
5
4b55
100
AcDbEntity
8
Room Objects
6
Solid
370
0
62
0
100
AcDbLine
10
105836.0
20
-102853.0
30
0.0
11
105886.0
21
-102766.0
31
0.0
0
LINE
5
4b57
100
AcDbEntity
8
Room Objects
6
Solid
370
0
62
0
100
AcDbLine
10
105886.0
20
-102766.0
30
0.0
11
106119.0
21
-102902.0
31
0.0
0
POINT
5
4b59
100
AcDbEntity
8
Room Objects
6
Solid
370
0
62
0
100
AcDbPoint
10
106119.0
20
-102902.0
30
0.0
0
LINE
5
4b5b
100
AcDbEntity
8
Room Objects
6
Solid
370
0
62
0
100
AcDbLine
10
106119.0
20
-102902.0
30
0.0
11
106069.0
21
-102989.0
31
0.0
0
LINE
5
4b5d
100
AcDbEntity
8
Room Objects
6
Solid
370
0
62
0
100
AcDbLine
10
106069.0
20
-102989.0
30
0.0
11
105836.0
21
-102853.0
31
0.0
0
HATCH
5
4b6b
100
AcDbEntity
8
Room Objects
6
Solid
370
0
62
5
100
AcDbHatch
10
0
20
0
30
0
210
0
220
0
230
1
2
FILL_19307
70
1
71
0
91
1
92
0
93
5
72
1
10
99544.0
20
-99179.0
11
99594.0
21
-99093.0
72
1
10
99594.0
20
-99093.0
11
99828.0
21
-99229.0
72
1
10
99828.0
20
-99229.0
11
99828.0
21
-99229.0
72
1
10
99828.0
20
-99229.0
11
99778.0
21
-99316.0
72
1
10
99778.0
20
-99316.0
11
99544.0
21
-99179.0
97
0
75
0
76
1
98
0
0
LINE
5
4b6d
100
AcDbEntity
8
Room Objects
6
Solid
370
0
62
0
100
AcDbLine
10
99544.0
20
-99179.0
30
0.0
11
99594.0
21
-99093.0
31
0.0
0
LINE
5
4b6f
100
AcDbEntity
8
Room Objects
6
Solid
370
0
62
0
100
AcDbLine
10
99594.0
20
-99093.0
30
0.0
11
99828.0
21
-99229.0
31
0.0
0
POINT
5
4b71
100
AcDbEntity
8
Room Objects
6
Solid
370
0
62
0
100
AcDbPoint
10
99828.0
20
-99229.0
30
0.0
0
LINE
5
4b73
100
AcDbEntity
8
Room Objects
6
Solid
370
0
62
0
100
AcDbLine
10
99828.0
20
-99229.0
30
0.0
11
99778.0
21
-99316.0
31
0.0
0
LINE
5
4b75
100
AcDbEntity
8
Room Objects
6
Solid
370
0
62
0
100
AcDbLine
10
99778.0
20
-99316.0
30
0.0
11
99544.0
21
-99179.0
31
0.0
0
HATCH
5
4b83
100
AcDbEntity
8
Room Objects
6
Solid
370
0
62
5
100
AcDbHatch
10
0
20
0
30
0
210
0
220
0
230
1
2
FILL_19331
70
1
71
0
91
1
92
0
93
5
72
1
10
100603.0
20
-97366.0
11
100654.0
21
-97280.0
72
1
10
100654.0
20
-97280.0
11
100887.0
21
-97416.0
72
1
10
100887.0
20
-97416.0
11
100887.0
21
-97416.0
72
1
10
100887.0
20
-97416.0
11
100836.0
21
-97502.0
72
1
10
100836.0
20
-97502.0
11
100603.0
21
-97366.0
97
0
75
0
76
1
98
0
0
LINE
5
4b85
100
AcDbEntity
8
Room Objects
6
Solid
370
0
62
0
100
AcDbLine
10
100603.0
20
-97366.0
30
0.0
11
100654.0
21
-97280.0
31
0.0
0
LINE
5
4b87
100
AcDbEntity
8
Room Objects
6
Solid
370
0
62
0
100
AcDbLine
10
100654.0
20
-97280.0
30
0.0
11
100887.0
21
-97416.0
31
0.0
0
POINT
5
4b89
100
AcDbEntity
8
Room Objects
6
Solid
370
0
62
0
100
AcDbPoint
10
100887.0
20
-97416.0
30
0.0
0
LINE
5
4b8b
100
AcDbEntity
8
Room Objects
6
Solid
370
0
62
0
100
AcDbLine
10
100887.0
20
-97416.0
30
0.0
11
100836.0
21
-97502.0
31
0.0
0
LINE
5
4b8d
100
AcDbEntity
8
Room Objects
6
Solid
370
0
62
0
100
AcDbLine
10
100836.0
20
-97502.0
30
0.0
11
100603.0
21
-97366.0
31
0.0
0
HATCH
5
4b9b
100
AcDbEntity
8
Room Objects
6
Solid
370
0
62
5
100
AcDbHatch
10
0
20
0
30
0
210
0
220
0
230
1
2
FILL_19355
70
1
71
0
91
1
92
0
93
5
72
1
10
57109.0
20
-99353.0
11
57246.0
21
-99119.0
72
1
10
57246.0
20
-99119.0
11
57332.0
21
-99169.0
72
1
10
57332.0
20
-99169.0
11
57332.0
21
-99169.0
72
1
10
57332.0
20
-99169.0
11
57196.0
21
-99404.0
72
1
10
57196.0
20
-99404.0
11
57109.0
21
-99353.0
97
0
75
0
76
1
98
0
0
LINE
5
4b9d
100
AcDbEntity
8
Room Objects
6
Solid
370
0
62
0
100
AcDbLine
10
57109.0
20
-99353.0
30
0.0
11
57246.0
21
-99119.0
31
0.0
0
LINE
5
4b9f
100
AcDbEntity
8
Room Objects
6
Solid
370
0
62
0
100
AcDbLine
10
57246.0
20
-99119.0
30
0.0
11
57332.0
21
-99169.0
31
0.0
0
POINT
5
4ba1
100
AcDbEntity
8
Room Objects
6
Solid
370
0
62
0
100
AcDbPoint
10
57332.0
20
-99169.0
30
0.0
0
LINE
5
4ba3
100
AcDbEntity
8
Room Objects
6
Solid
370
0
62
0
100
AcDbLine
10
57332.0
20
-99169.0
30
0.0
11
57196.0
21
-99404.0
31
0.0
0
LINE
5
4ba5
100
AcDbEntity
8
Room Objects
6
Solid
370
0
62
0
100
AcDbLine
10
57196.0
20
-99404.0
30
0.0
11
57109.0
21
-99353.0
31
0.0
0
HATCH
5
4bb3
100
AcDbEntity
8
Room Objects
6
Solid
370
0
62
5
100
AcDbHatch
10
0
20
0
30
0
210
0
220
0
230
1
2
FILL_19379
70
1
71
0
91
1
92
0
93
5
72
1
10
57426.0
20
-102976.0
11
57562.0
21
-102743.0
72
1
10
57562.0
20
-102743.0
11
57648.0
21
-102793.0
72
1
10
57648.0
20
-102793.0
11
57648.0
21
-102793.0
72
1
10
57648.0
20
-102793.0
11
57512.0
21
-103026.0
72
1
10
57512.0
20
-103026.0
11
57426.0
21
-102976.0
97
0
75
0
76
1
98
0
0
LINE
5
4bb5
100
AcDbEntity
8
Room Objects
6
Solid
370
0
62
0
100
AcDbLine
10
57426.0
20
-102976.0
30
0.0
11
57562.0
21
-102743.0
31
0.0
0
LINE
5
4bb7
100
AcDbEntity
8
Room Objects
6
Solid
370
0
62
0
100
AcDbLine
10
57562.0
20
-102743.0
30
0.0
11
57648.0
21
-102793.0
31
0.0
0
POINT
5
4bb9
100
AcDbEntity
8
Room Objects
6
Solid
370
0
62
0
100
AcDbPoint
10
57648.0
20
-102793.0
30
0.0
0
LINE
5
4bbb
100
AcDbEntity
8
Room Objects
6
Solid
370
0
62
0
100
AcDbLine
10
57648.0
20
-102793.0
30
0.0
11
57512.0
21
-103026.0
31
0.0
0
LINE
5
4bbd
100
AcDbEntity
8
Room Objects
6
Solid
370
0
62
0
100
AcDbLine
10
57512.0
20
-103026.0
30
0.0
11
57426.0
21
-102976.0
31
0.0
0
HATCH
5
4bcb
100
AcDbEntity
8
Room Objects
6
Solid
370
0
62
5
100
AcDbHatch
10
0
20
0
30
0
210
0
220
0
230
1
2
FILL_19403
70
1
71
0
91
1
92
0
93
5
72
1
10
53897.0
20
-109021.0
11
54033.0
21
-108788.0
72
1
10
54033.0
20
-108788.0
11
54119.0
21
-108838.0
72
1
10
54119.0
20
-108838.0
11
54119.0
21
-108838.0
72
1
10
54119.0
20
-108838.0
11
53983.0
21
-109071.0
72
1
10
53983.0
20
-109071.0
11
53897.0
21
-109021.0
97
0
75
0
76
1
98
0
0
LINE
5
4bcd
100
AcDbEntity
8
Room Objects
6
Solid
370
0
62
0
100
AcDbLine
10
53897.0
20
-109021.0
30
0.0
11
54033.0
21
-108788.0
31
0.0
0
LINE
5
4bcf
100
AcDbEntity
8
Room Objects
6
Solid
370
0
62
0
100
AcDbLine
10
54033.0
20
-108788.0
30
0.0
11
54119.0
21
-108838.0
31
0.0
0
POINT
5
4bd1
100
AcDbEntity
8
Room Objects
6
Solid
370
0
62
0
100
AcDbPoint
10
54119.0
20
-108838.0
30
0.0
0
LINE
5
4bd3
100
AcDbEntity
8
Room Objects
6
Solid
370
0
62
0
100
AcDbLine
10
54119.0
20
-108838.0
30
0.0
11
53983.0
21
-109071.0
31
0.0
0
LINE
5
4bd5
100
AcDbEntity
8
Room Objects
6
Solid
370
0
62
0
100
AcDbLine
10
53983.0
20
-109071.0
30
0.0
11
53897.0
21
-109021.0
31
0.0
0
HATCH
5
4be3
100
AcDbEntity
8
Room Objects
6
Solid
370
0
62
5
100
AcDbHatch
10
0
20
0
30
0
210
0
220
0
230
1
2
FILL_19427
70
1
71
0
91
1
92
0
93
5
72
1
10
50319.0
20
-110984.0
11
50455.0
21
-110751.0
72
1
10
50455.0
20
-110751.0
11
50541.0
21
-110801.0
72
1
10
50541.0
20
-110801.0
11
50541.0
21
-110801.0
72
1
10
50541.0
20
-110801.0
11
50405.0
21
-111034.0
72
1
10
50405.0
20
-111034.0
11
50319.0
21
-110984.0
97
0
75
0
76
1
98
0
0
LINE
5
4be5
100
AcDbEntity
8
Room Objects
6
Solid
370
0
62
0
100
AcDbLine
10
50319.0
20
-110984.0
30
0.0
11
50455.0
21
-110751.0
31
0.0
0
LINE
5
4be7
100
AcDbEntity
8
Room Objects
6
Solid
370
0
62
0
100
AcDbLine
10
50455.0
20
-110751.0
30
0.0
11
50541.0
21
-110801.0
31
0.0
0
POINT
5
4be9
100
AcDbEntity
8
Room Objects
6
Solid
370
0
62
0
100
AcDbPoint
10
50541.0
20
-110801.0
30
0.0
0
LINE
5
4beb
100
AcDbEntity
8
Room Objects
6
Solid
370
0
62
0
100
AcDbLine
10
50541.0
20
-110801.0
30
0.0
11
50405.0
21
-111034.0
31
0.0
0
LINE
5
4bed
100
AcDbEntity
8
Room Objects
6
Solid
370
0
62
0
100
AcDbLine
10
50405.0
20
-111034.0
30
0.0
11
50319.0
21
-110984.0
31
0.0
0
HATCH
5
4bff
100
AcDbEntity
8
Room Objects
6
Solid
370
0
62
5
100
AcDbHatch
10
0
20
0
30
0
210
0
220
0
230
1
2
FILL_19455
70
1
71
0
91
1
92
0
93
7
72
1
10
85904.0
20
-54453.0
11
85954.0
21
-54366.0
72
1
10
85954.0
20
-54366.0
11
85954.0
21
-54366.0
72
1
10
85954.0
20
-54366.0
11
85954.0
21
-54366.0
72
1
10
85954.0
20
-54366.0
11
86213.0
21
-54518.0
72
1
10
86213.0
20
-54518.0
11
86213.0
21
-54518.0
72
1
10
86213.0
20
-54518.0
11
86163.0
21
-54604.0
72
1
10
86163.0
20
-54604.0
11
85904.0
21
-54453.0
97
0
75
0
76
1
98
0
0
LINE
5
4c01
100
AcDbEntity
8
Room Objects
6
Solid
370
0
62
0
100
AcDbLine
10
85904.0
20
-54453.0
30
0.0
11
85954.0
21
-54366.0
31
0.0
0
POINT
5
4c03
100
AcDbEntity
8
Room Objects
6
Solid
370
0
62
0
100
AcDbPoint
10
85954.0
20
-54366.0
30
0.0
0
POINT
5
4c05
100
AcDbEntity
8
Room Objects
6
Solid
370
0
62
0
100
AcDbPoint
10
85954.0
20
-54366.0
30
0.0
0
LINE
5
4c07
100
AcDbEntity
8
Room Objects
6
Solid
370
0
62
0
100
AcDbLine
10
85954.0
20
-54366.0
30
0.0
11
86213.0
21
-54518.0
31
0.0
0
POINT
5
4c09
100
AcDbEntity
8
Room Objects
6
Solid
370
0
62
0
100
AcDbPoint
10
86213.0
20
-54518.0
30
0.0
0
LINE
5
4c0b
100
AcDbEntity
8
Room Objects
6
Solid
370
0
62
0
100
AcDbLine
10
86213.0
20
-54518.0
30
0.0
11
86163.0
21
-54604.0
31
0.0
0
LINE
5
4c0d
100
AcDbEntity
8
Room Objects
6
Solid
370
0
62
0
100
AcDbLine
10
86163.0
20
-54604.0
30
0.0
11
85904.0
21
-54453.0
31
0.0
0
HATCH
5
4c1b
100
AcDbEntity
8
Room Objects
6
Solid
370
0
62
5
100
AcDbHatch
10
0
20
0
30
0
210
0
220
0
230
1
2
FILL_19483
70
1
71
0
91
1
92
0
93
5
72
1
10
91763.0
20
-57873.0
11
91814.0
21
-57787.0
72
1
10
91814.0
20
-57787.0
11
92048.0
21
-57924.0
72
1
10
92048.0
20
-57924.0
11
92048.0
21
-57924.0
72
1
10
92048.0
20
-57924.0
11
91997.0
21
-58010.0
72
1
10
91997.0
20
-58010.0
11
91763.0
21
-57873.0
97
0
75
0
76
1
98
0
0
LINE
5
4c1d
100
AcDbEntity
8
Room Objects
6
Solid
370
0
62
0
100
AcDbLine
10
91763.0
20
-57873.0
30
0.0
11
91814.0
21
-57787.0
31
0.0
0
LINE
5
4c1f
100
AcDbEntity
8
Room Objects
6
Solid
370
0
62
0
100
AcDbLine
10
91814.0
20
-57787.0
30
0.0
11
92048.0
21
-57924.0
31
0.0
0
POINT
5
4c21
100
AcDbEntity
8
Room Objects
6
Solid
370
0
62
0
100
AcDbPoint
10
92048.0
20
-57924.0
30
0.0
0
LINE
5
4c23
100
AcDbEntity
8
Room Objects
6
Solid
370
0
62
0
100
AcDbLine
10
92048.0
20
-57924.0
30
0.0
11
91997.0
21
-58010.0
31
0.0
0
LINE
5
4c25
100
AcDbEntity
8
Room Objects
6
Solid
370
0
62
0
100
AcDbLine
10
91997.0
20
-58010.0
30
0.0
11
91763.0
21
-57873.0
31
0.0
0
HATCH
5
4c33
100
AcDbEntity
8
Room Objects
6
Solid
370
0
62
5
100
AcDbHatch
10
0
20
0
30
0
210
0
220
0
230
1
2
FILL_19507
70
1
71
0
91
1
92
0
93
5
72
1
10
90704.0
20
-59687.0
11
90755.0
21
-59601.0
72
1
10
90755.0
20
-59601.0
11
90988.0
21
-59737.0
72
1
10
90988.0
20
-59737.0
11
90988.0
21
-59737.0
72
1
10
90988.0
20
-59737.0
11
90938.0
21
-59823.0
72
1
10
90938.0
20
-59823.0
11
90704.0
21
-59687.0
97
0
75
0
76
1
98
0
0
LINE
5
4c35
100
AcDbEntity
8
Room Objects
6
Solid
370
0
62
0
100
AcDbLine
10
90704.0
20
-59687.0
30
0.0
11
90755.0
21
-59601.0
31
0.0
0
LINE
5
4c37
100
AcDbEntity
8
Room Objects
6
Solid
370
0
62
0
100
AcDbLine
10
90755.0
20
-59601.0
30
0.0
11
90988.0
21
-59737.0
31
0.0
0
POINT
5
4c39
100
AcDbEntity
8
Room Objects
6
Solid
370
0
62
0
100
AcDbPoint
10
90988.0
20
-59737.0
30
0.0
0
LINE
5
4c3b
100
AcDbEntity
8
Room Objects
6
Solid
370
0
62
0
100
AcDbLine
10
90988.0
20
-59737.0
30
0.0
11
90938.0
21
-59823.0
31
0.0
0
LINE
5
4c3d
100
AcDbEntity
8
Room Objects
6
Solid
370
0
62
0
100
AcDbLine
10
90938.0
20
-59823.0
30
0.0
11
90704.0
21
-59687.0
31
0.0
0
HATCH
5
4c4b
100
AcDbEntity
8
Room Objects
6
Solid
370
0
62
5
100
AcDbHatch
10
0
20
0
30
0
210
0
220
0
230
1
2
FILL_19531
70
1
71
0
91
1
92
0
93
5
72
1
10
84871.0
20
-56281.0
11
84921.0
21
-56195.0
72
1
10
84921.0
20
-56195.0
11
85155.0
21
-56331.0
72
1
10
85155.0
20
-56331.0
11
85155.0
21
-56331.0
72
1
10
85155.0
20
-56331.0
11
85104.0
21
-56417.0
72
1
10
85104.0
20
-56417.0
11
84871.0
21
-56281.0
97
0
75
0
76
1
98
0
0
LINE
5
4c4d
100
AcDbEntity
8
Room Objects
6
Solid
370
0
62
0
100
AcDbLine
10
84871.0
20
-56281.0
30
0.0
11
84921.0
21
-56195.0
31
0.0
0
LINE
5
4c4f
100
AcDbEntity
8
Room Objects
6
Solid
370
0
62
0
100
AcDbLine
10
84921.0
20
-56195.0
30
0.0
11
85155.0
21
-56331.0
31
0.0
0
POINT
5
4c51
100
AcDbEntity
8
Room Objects
6
Solid
370
0
62
0
100
AcDbPoint
10
85155.0
20
-56331.0
30
0.0
0
LINE
5
4c53
100
AcDbEntity
8
Room Objects
6
Solid
370
0
62
0
100
AcDbLine
10
85155.0
20
-56331.0
30
0.0
11
85104.0
21
-56417.0
31
0.0
0
LINE
5
4c55
100
AcDbEntity
8
Room Objects
6
Solid
370
0
62
0
100
AcDbLine
10
85104.0
20
-56417.0
30
0.0
11
84871.0
21
-56281.0
31
0.0
0
HATCH
5
4c63
100
AcDbEntity
8
Room Objects
6
Solid
370
0
62
5
100
AcDbHatch
10
0
20
0
30
0
210
0
220
0
230
1
2
FILL_19555
70
1
71
0
91
1
92
0
93
5
72
1
10
78579.0
20
-52608.0
11
78630.0
21
-52522.0
72
1
10
78630.0
20
-52522.0
11
78863.0
21
-52658.0
72
1
10
78863.0
20
-52658.0
11
78863.0
21
-52658.0
72
1
10
78863.0
20
-52658.0
11
78812.0
21
-52744.0
72
1
10
78812.0
20
-52744.0
11
78579.0
21
-52608.0
97
0
75
0
76
1
98
0
0
LINE
5
4c65
100
AcDbEntity
8
Room Objects
6
Solid
370
0
62
0
100
AcDbLine
10
78579.0
20
-52608.0
30
0.0
11
78630.0
21
-52522.0
31
0.0
0
LINE
5
4c67
100
AcDbEntity
8
Room Objects
6
Solid
370
0
62
0
100
AcDbLine
10
78630.0
20
-52522.0
30
0.0
11
78863.0
21
-52658.0
31
0.0
0
POINT
5
4c69
100
AcDbEntity
8
Room Objects
6
Solid
370
0
62
0
100
AcDbPoint
10
78863.0
20
-52658.0
30
0.0
0
LINE
5
4c6b
100
AcDbEntity
8
Room Objects
6
Solid
370
0
62
0
100
AcDbLine
10
78863.0
20
-52658.0
30
0.0
11
78812.0
21
-52744.0
31
0.0
0
LINE
5
4c6d
100
AcDbEntity
8
Room Objects
6
Solid
370
0
62
0
100
AcDbLine
10
78812.0
20
-52744.0
30
0.0
11
78579.0
21
-52608.0
31
0.0
0
HATCH
5
4c7b
100
AcDbEntity
8
Room Objects
6
Solid
370
0
62
5
100
AcDbHatch
10
0
20
0
30
0
210
0
220
0
230
1
2
FILL_19579
70
1
71
0
91
1
92
0
93
5
72
1
10
76493.0
20
-48958.0
11
76543.0
21
-48872.0
72
1
10
76543.0
20
-48872.0
11
76776.0
21
-49008.0
72
1
10
76776.0
20
-49008.0
11
76776.0
21
-49008.0
72
1
10
76776.0
20
-49008.0
11
76726.0
21
-49094.0
72
1
10
76726.0
20
-49094.0
11
76493.0
21
-48958.0
97
0
75
0
76
1
98
0
0
LINE
5
4c7d
100
AcDbEntity
8
Room Objects
6
Solid
370
0
62
0
100
AcDbLine
10
76493.0
20
-48958.0
30
0.0
11
76543.0
21
-48872.0
31
0.0
0
LINE
5
4c7f
100
AcDbEntity
8
Room Objects
6
Solid
370
0
62
0
100
AcDbLine
10
76543.0
20
-48872.0
30
0.0
11
76776.0
21
-49008.0
31
0.0
0
POINT
5
4c81
100
AcDbEntity
8
Room Objects
6
Solid
370
0
62
0
100
AcDbPoint
10
76776.0
20
-49008.0
30
0.0
0
LINE
5
4c83
100
AcDbEntity
8
Room Objects
6
Solid
370
0
62
0
100
AcDbLine
10
76776.0
20
-49008.0
30
0.0
11
76726.0
21
-49094.0
31
0.0
0
LINE
5
4c85
100
AcDbEntity
8
Room Objects
6
Solid
370
0
62
0
100
AcDbLine
10
76726.0
20
-49094.0
30
0.0
11
76493.0
21
-48958.0
31
0.0
0
TEXT
5
4c8a
100
AcDbEntity
8
Legend
6
Solid
370
0
62
7
100
AcDbText
1
2 этаж
7
isocpeur
10
155367.0
20
-0.0
30
0.0
11
155367.0
21
-0.0
31
0.0
40
1093.5
50
0.0
51
0.0
100
AcDbText
0
TEXT
5
4c8d
100
AcDbEntity
8
Legend
6
Solid
370
0
62
7
100
AcDbText
1
Объекты
7
isocpeur
10
155367.0
20
2000.0
30
0.0
11
155367.0
21
2000.0
31
0.0
40
1093.5
50
0.0
51
0.0
100
AcDbText
0
LINE
5
4c91
100
AcDbEntity
8
Border
6
Solid
370
35
62
1
100
AcDbLine
10
155367.0
20
4000.0
30
0.0
11
156867.0
21
4000.0
31
0.0
0
LINE
5
4c93
100
AcDbEntity
8
Border
6
Solid
370
35
62
1
100
AcDbLine
10
156867.0
20
4000.0
30
0.0
11
156867.0
21
5000.0
31
0.0
0
LINE
5
4c95
100
AcDbEntity
8
Border
6
Solid
370
35
62
1
100
AcDbLine
10
156867.0
20
5000.0
30
0.0
11
155367.0
21
5000.0
31
0.0
0
LINE
5
4c97
100
AcDbEntity
8
Border
6
Solid
370
35
62
1
100
AcDbLine
10
155367.0
20
5000.0
30
0.0
11
155367.0
21
4000.0
31
0.0
0
TEXT
5
4c9a
100
AcDbEntity
8
Border
6
Solid
370
35
62
7
100
AcDbText
1
Граница участка
7
isocpeur
10
157367.0
20
4000.0
30
0.0
11
157367.0
21
4000.0
31
0.0
40
1093.5
50
0.0
51
0.0
100
AcDbText
0
HATCH
5
4ca6
100
AcDbEntity
8
Windows
6
Solid
370
35
62
5
100
AcDbHatch
10
0
20
0
30
0
210
0
220
0
230
1
2
FILL_19622
70
1
71
0
91
1
92
0
93
4
72
1
10
155367.0
20
6000.0
11
156867.0
21
6000.0
72
1
10
156867.0
20
6000.0
11
156867.0
21
7000.0
72
1
10
156867.0
20
7000.0
11
155367.0
21
7000.0
72
1
10
155367.0
20
7000.0
11
155367.0
21
6000.0
97
0
75
0
76
1
98
0
0
LINE
5
4ca8
100
AcDbEntity
8
Windows
6
Solid
370
0
62
5
100
AcDbLine
10
155367.0
20
6000.0
30
0.0
11
156867.0
21
6000.0
31
0.0
0
LINE
5
4caa
100
AcDbEntity
8
Windows
6
Solid
370
0
62
5
100
AcDbLine
10
156867.0
20
6000.0
30
0.0
11
156867.0
21
7000.0
31
0.0
0
LINE
5
4cac
100
AcDbEntity
8
Windows
6
Solid
370
0
62
5
100
AcDbLine
10
156867.0
20
7000.0
30
0.0
11
155367.0
21
7000.0
31
0.0
0
LINE
5
4cae
100
AcDbEntity
8
Windows
6
Solid
370
0
62
5
100
AcDbLine
10
155367.0
20
7000.0
30
0.0
11
155367.0
21
6000.0
31
0.0
0
TEXT
5
4cb1
100
AcDbEntity
8
Windows
6
Solid
370
0
62
7
100
AcDbText
1
Окна
7
isocpeur
10
157367.0
20
6000.0
30
0.0
11
157367.0
21
6000.0
31
0.0
40
1093.5
50
0.0
51
0.0
100
AcDbText
0
HATCH
5
4cbd
100
AcDbEntity
8
Outer Walls
6
Solid
370
0
62
47
100
AcDbHatch
10
0
20
0
30
0
210
0
220
0
230
1
2
FILL_19645
70
1
71
0
91
1
92
0
93
4
72
1
10
155367.0
20
8000.0
11
156867.0
21
8000.0
72
1
10
156867.0
20
8000.0
11
156867.0
21
9000.0
72
1
10
156867.0
20
9000.0
11
155367.0
21
9000.0
72
1
10
155367.0
20
9000.0
11
155367.0
21
8000.0
97
0
75
0
76
1
98
0
0
LINE
5
4cbf
100
AcDbEntity
8
Outer Walls
6
Solid
370
35
62
47
100
AcDbLine
10
155367.0
20
8000.0
30
0.0
11
156867.0
21
8000.0
31
0.0
0
LINE
5
4cc1
100
AcDbEntity
8
Outer Walls
6
Solid
370
35
62
47
100
AcDbLine
10
156867.0
20
8000.0
30
0.0
11
156867.0
21
9000.0
31
0.0
0
LINE
5
4cc3
100
AcDbEntity
8
Outer Walls
6
Solid
370
35
62
47
100
AcDbLine
10
156867.0
20
9000.0
30
0.0
11
155367.0
21
9000.0
31
0.0
0
LINE
5
4cc5
100
AcDbEntity
8
Outer Walls
6
Solid
370
35
62
47
100
AcDbLine
10
155367.0
20
9000.0
30
0.0
11
155367.0
21
8000.0
31
0.0
0
TEXT
5
4cc8
100
AcDbEntity
8
Outer Walls
6
Solid
370
35
62
7
100
AcDbText
1
Внешние стены
7
isocpeur
10
157367.0
20
8000.0
30
0.0
11
157367.0
21
8000.0
31
0.0
40
1093.5
50
0.0
51
0.0
100
AcDbText
0
HATCH
5
4cd4
100
AcDbEntity
8
Inner Walls
6
Solid
370
35
62
47
100
AcDbHatch
10
0
20
0
30
0
210
0
220
0
230
1
2
FILL_19668
70
1
71
0
91
1
92
0
93
4
72
1
10
155367.0
20
10000.0
11
156867.0
21
10000.0
72
1
10
156867.0
20
10000.0
11
156867.0
21
11000.0
72
1
10
156867.0
20
11000.0
11
155367.0
21
11000.0
72
1
10
155367.0
20
11000.0
11
155367.0
21
10000.0
97
0
75
0
76
1
98
0
0
LINE
5
4cd6
100
AcDbEntity
8
Inner Walls
6
Solid
370
15
62
47
100
AcDbLine
10
155367.0
20
10000.0
30
0.0
11
156867.0
21
10000.0
31
0.0
0
LINE
5
4cd8
100
AcDbEntity
8
Inner Walls
6
Solid
370
15
62
47
100
AcDbLine
10
156867.0
20
10000.0
30
0.0
11
156867.0
21
11000.0
31
0.0
0
LINE
5
4cda
100
AcDbEntity
8
Inner Walls
6
Solid
370
15
62
47
100
AcDbLine
10
156867.0
20
11000.0
30
0.0
11
155367.0
21
11000.0
31
0.0
0
LINE
5
4cdc
100
AcDbEntity
8
Inner Walls
6
Solid
370
15
62
47
100
AcDbLine
10
155367.0
20
11000.0
30
0.0
11
155367.0
21
10000.0
31
0.0
0
TEXT
5
4cdf
100
AcDbEntity
8
Inner Walls
6
Solid
370
15
62
7
100
AcDbText
1
Внутренние стены
7
isocpeur
10
157367.0
20
10000.0
30
0.0
11
157367.0
21
10000.0
31
0.0
40
1093.5
50
0.0
51
0.0
100
AcDbText
0
HATCH
5
4ceb
100
AcDbEntity
8
Room Walls
6
Solid
370
15
62
47
100
AcDbHatch
10
0
20
0
30
0
210
0
220
0
230
1
2
FILL_19691
70
1
71
0
91
1
92
0
93
4
72
1
10
155367.0
20
12000.0
11
156867.0
21
12000.0
72
1
10
156867.0
20
12000.0
11
156867.0
21
13000.0
72
1
10
156867.0
20
13000.0
11
155367.0
21
13000.0
72
1
10
155367.0
20
13000.0
11
155367.0
21
12000.0
97
0
75
0
76
1
98
0
0
LINE
5
4ced
100
AcDbEntity
8
Room Walls
6
Solid
370
9
62
47
100
AcDbLine
10
155367.0
20
12000.0
30
0.0
11
156867.0
21
12000.0
31
0.0
0
LINE
5
4cef
100
AcDbEntity
8
Room Walls
6
Solid
370
9
62
47
100
AcDbLine
10
156867.0
20
12000.0
30
0.0
11
156867.0
21
13000.0
31
0.0
0
LINE
5
4cf1
100
AcDbEntity
8
Room Walls
6
Solid
370
9
62
47
100
AcDbLine
10
156867.0
20
13000.0
30
0.0
11
155367.0
21
13000.0
31
0.0
0
LINE
5
4cf3
100
AcDbEntity
8
Room Walls
6
Solid
370
9
62
47
100
AcDbLine
10
155367.0
20
13000.0
30
0.0
11
155367.0
21
12000.0
31
0.0
0
TEXT
5
4cf6
100
AcDbEntity
8
Room Walls
6
Solid
370
9
62
7
100
AcDbText
1
Межкомнатные стены
7
isocpeur
10
157367.0
20
12000.0
30
0.0
11
157367.0
21
12000.0
31
0.0
40
1093.5
50
0.0
51
0.0
100
AcDbText
0
HATCH
5
4d02
100
AcDbEntity
8
Room Objects
6
Solid
370
9
62
5
100
AcDbHatch
10
0
20
0
30
0
210
0
220
0
230
1
2
FILL_19714
70
1
71
0
91
1
92
0
93
4
72
1
10
155367.0
20
14000.0
11
156867.0
21
14000.0
72
1
10
156867.0
20
14000.0
11
156867.0
21
15000.0
72
1
10
156867.0
20
15000.0
11
155367.0
21
15000.0
72
1
10
155367.0
20
15000.0
11
155367.0
21
14000.0
97
0
75
0
76
1
98
0
0
LINE
5
4d04
100
AcDbEntity
8
Room Objects
6
Solid
370
0
62
0
100
AcDbLine
10
155367.0
20
14000.0
30
0.0
11
156867.0
21
14000.0
31
0.0
0
LINE
5
4d06
100
AcDbEntity
8
Room Objects
6
Solid
370
0
62
0
100
AcDbLine
10
156867.0
20
14000.0
30
0.0
11
156867.0
21
15000.0
31
0.0
0
LINE
5
4d08
100
AcDbEntity
8
Room Objects
6
Solid
370
0
62
0
100
AcDbLine
10
156867.0
20
15000.0
30
0.0
11
155367.0
21
15000.0
31
0.0
0
LINE
5
4d0a
100
AcDbEntity
8
Room Objects
6
Solid
370
0
62
0
100
AcDbLine
10
155367.0
20
15000.0
30
0.0
11
155367.0
21
14000.0
31
0.0
0
TEXT
5
4d0d
100
AcDbEntity
8
Room Objects
6
Solid
370
0
62
7
100
AcDbText
1
Слаботочный шкаф встроенного исполнения
7
isocpeur
10
157367.0
20
14000.0
30
0.0
11
157367.0
21
14000.0
31
0.0
40
1093.5
50
0.0
51
0.0
100
AcDbText
0
HATCH
5
4d19
100
AcDbEntity
8
Service Area
6
Solid
370
0
62
254
100
AcDbHatch
10
0
20
0
30
0
210
0
220
0
230
1
2
FILL_19737
70
1
71
0
91
1
92
0
93
4
72
1
10
155367.0
20
16000.0
11
156867.0
21
16000.0
72
1
10
156867.0
20
16000.0
11
156867.0
21
17000.0
72
1
10
156867.0
20
17000.0
11
155367.0
21
17000.0
72
1
10
155367.0
20
17000.0
11
155367.0
21
16000.0
97
0
75
0
76
1
98
0
0
LINE
5
4d1b
100
AcDbEntity
8
Service Area
6
Solid
370
0
62
254
100
AcDbLine
10
155367.0
20
16000.0
30
0.0
11
156867.0
21
16000.0
31
0.0
0
LINE
5
4d1d
100
AcDbEntity
8
Service Area
6
Solid
370
0
62
254
100
AcDbLine
10
156867.0
20
16000.0
30
0.0
11
156867.0
21
17000.0
31
0.0
0
LINE
5
4d1f
100
AcDbEntity
8
Service Area
6
Solid
370
0
62
254
100
AcDbLine
10
156867.0
20
17000.0
30
0.0
11
155367.0
21
17000.0
31
0.0
0
LINE
5
4d21
100
AcDbEntity
8
Service Area
6
Solid
370
0
62
254
100
AcDbLine
10
155367.0
20
17000.0
30
0.0
11
155367.0
21
16000.0
31
0.0
0
TEXT
5
4d24
100
AcDbEntity
8
Service Area
6
Solid
370
0
62
7
100
AcDbText
1
МОП
7
isocpeur
10
157367.0
20
16000.0
30
0.0
11
157367.0
21
16000.0
31
0.0
40
1093.5
50
0.0
51
0.0
100
AcDbText
0
HATCH
5
4d30
100
AcDbEntity
8
One-Bedroom Apartment
6
Solid
370
0
62
250
100
AcDbHatch
10
0
20
0
30
0
210
0
220
0
230
1
2
FILL_19760
70
1
71
0
91
1
92
0
93
4
72
1
10
155367.0
20
18000.0
11
156867.0
21
18000.0
72
1
10
156867.0
20
18000.0
11
156867.0
21
19000.0
72
1
10
156867.0
20
19000.0
11
155367.0
21
19000.0
72
1
10
155367.0
20
19000.0
11
155367.0
21
18000.0
97
0
75
0
76
1
98
0
0
LINE
5
4d32
100
AcDbEntity
8
One-Bedroom Apartment
6
Solid
370
25
62
250
100
AcDbLine
10
155367.0
20
18000.0
30
0.0
11
156867.0
21
18000.0
31
0.0
0
LINE
5
4d34
100
AcDbEntity
8
One-Bedroom Apartment
6
Solid
370
25
62
250
100
AcDbLine
10
156867.0
20
18000.0
30
0.0
11
156867.0
21
19000.0
31
0.0
0
LINE
5
4d36
100
AcDbEntity
8
One-Bedroom Apartment
6
Solid
370
25
62
250
100
AcDbLine
10
156867.0
20
19000.0
30
0.0
11
155367.0
21
19000.0
31
0.0
0
LINE
5
4d38
100
AcDbEntity
8
One-Bedroom Apartment
6
Solid
370
25
62
250
100
AcDbLine
10
155367.0
20
19000.0
30
0.0
11
155367.0
21
18000.0
31
0.0
0
TEXT
5
4d3b
100
AcDbEntity
8
One-Bedroom Apartment
6
Solid
370
25
62
7
100
AcDbText
1
Однокомнатные квартиры
7
isocpeur
10
157367.0
20
18000.0
30
0.0
11
157367.0
21
18000.0
31
0.0
40
1093.5
50
0.0
51
0.0
100
AcDbText
0
HATCH
5
4d47
100
AcDbEntity
8
Two-Bedroom Apartment
6
Solid
370
25
62
151
100
AcDbHatch
10
0
20
0
30
0
210
0
220
0
230
1
2
FILL_19783
70
1
71
0
91
1
92
0
93
4
72
1
10
155367.0
20
20000.0
11
156867.0
21
20000.0
72
1
10
156867.0
20
20000.0
11
156867.0
21
21000.0
72
1
10
156867.0
20
21000.0
11
155367.0
21
21000.0
72
1
10
155367.0
20
21000.0
11
155367.0
21
20000.0
97
0
75
0
76
1
98
0
0
LINE
5
4d49
100
AcDbEntity
8
Two-Bedroom Apartment
6
Solid
370
25
62
151
100
AcDbLine
10
155367.0
20
20000.0
30
0.0
11
156867.0
21
20000.0
31
0.0
0
LINE
5
4d4b
100
AcDbEntity
8
Two-Bedroom Apartment
6
Solid
370
25
62
151
100
AcDbLine
10
156867.0
20
20000.0
30
0.0
11
156867.0
21
21000.0
31
0.0
0
LINE
5
4d4d
100
AcDbEntity
8
Two-Bedroom Apartment
6
Solid
370
25
62
151
100
AcDbLine
10
156867.0
20
21000.0
30
0.0
11
155367.0
21
21000.0
31
0.0
0
LINE
5
4d4f
100
AcDbEntity
8
Two-Bedroom Apartment
6
Solid
370
25
62
151
100
AcDbLine
10
155367.0
20
21000.0
30
0.0
11
155367.0
21
20000.0
31
0.0
0
TEXT
5
4d52
100
AcDbEntity
8
Two-Bedroom Apartment
6
Solid
370
25
62
7
100
AcDbText
1
Двухкомнатные квартиры
7
isocpeur
10
157367.0
20
20000.0
30
0.0
11
157367.0
21
20000.0
31
0.0
40
1093.5
50
0.0
51
0.0
100
AcDbText
0
HATCH
5
4d5e
100
AcDbEntity
8
Studio Apartment
6
Solid
370
25
62
252
100
AcDbHatch
10
0
20
0
30
0
210
0
220
0
230
1
2
FILL_19806
70
1
71
0
91
1
92
0
93
4
72
1
10
155367.0
20
22000.0
11
156867.0
21
22000.0
72
1
10
156867.0
20
22000.0
11
156867.0
21
23000.0
72
1
10
156867.0
20
23000.0
11
155367.0
21
23000.0
72
1
10
155367.0
20
23000.0
11
155367.0
21
22000.0
97
0
75
0
76
1
98
0
0
LINE
5
4d60
100
AcDbEntity
8
Studio Apartment
6
Solid
370
25
62
252
100
AcDbLine
10
155367.0
20
22000.0
30
0.0
11
156867.0
21
22000.0
31
0.0
0
LINE
5
4d62
100
AcDbEntity
8
Studio Apartment
6
Solid
370
25
62
252
100
AcDbLine
10
156867.0
20
22000.0
30
0.0
11
156867.0
21
23000.0
31
0.0
0
LINE
5
4d64
100
AcDbEntity
8
Studio Apartment
6
Solid
370
25
62
252
100
AcDbLine
10
156867.0
20
23000.0
30
0.0
11
155367.0
21
23000.0
31
0.0
0
LINE
5
4d66
100
AcDbEntity
8
Studio Apartment
6
Solid
370
25
62
252
100
AcDbLine
10
155367.0
20
23000.0
30
0.0
11
155367.0
21
22000.0
31
0.0
0
TEXT
5
4d69
100
AcDbEntity
8
Studio Apartment
6
Solid
370
25
62
7
100
AcDbText
1
Студии
7
isocpeur
10
157367.0
20
22000.0
30
0.0
11
157367.0
21
22000.0
31
0.0
40
1093.5
50
0.0
51
0.0
100
AcDbText
0
CIRCLE
5
4d6b
100
AcDbEntity
8
Studio Apartment
6
Solid
370
25
62
7
100
AcDbCircle
10
19791.0
20
-35044.0
30
0.0
40
600.0
0
TEXT
5
4d6e
100
AcDbEntity
8
Studio Apartment
6
Solid
370
25
62
7
100
AcDbText
1
1.1
7
Dialog.plain
10
19491.0
20
-35194.0
30
0.0
11
19491.0
21
-35194.0
31
0.0
40
291.609375
50
0.0
51
0.0
100
AcDbText
0
TEXT
5
4d71
100
AcDbEntity
8
Studio Apartment
6
Solid
370
25
62
7
100
AcDbText
1
22.59
7
Dialog.plain
10
20691.0
20
-34944.0
30
0.0
11
20691.0
21
-34944.0
31
0.0
40
291.609375
50
0.0
51
0.0
100
AcDbText
0
TEXT
5
4d74
100
AcDbEntity
8
Studio Apartment
6
Solid
370
25
62
7
100
AcDbText
1
45.17
7
Dialog.plain
10
20691.0
20
-35544.0
30
0.0
11
20691.0
21
-35544.0
31
0.0
40
291.609375
50
0.0
51
0.0
100
AcDbText
0
LINE
5
4d76
100
AcDbEntity
8
Studio Apartment
6
Solid
370
25
62
7
100
AcDbLine
10
20691.0
20
-35094.0
30
0.0
11
21691.0
21
-35094.0
31
0.0
0
CIRCLE
5
4d78
100
AcDbEntity
8
Studio Apartment
6
Solid
370
25
62
7
100
AcDbCircle
10
25008.0
20
-30680.0
30
0.0
40
600.0
0
TEXT
5
4d7b
100
AcDbEntity
8
Studio Apartment
6
Solid
370
25
62
7
100
AcDbText
1
1.4
7
Dialog.plain
10
24708.0
20
-30830.0
30
0.0
11
24708.0
21
-30830.0
31
0.0
40
291.609375
50
0.0
51
0.0
100
AcDbText
0
TEXT
5
4d7e
100
AcDbEntity
8
Studio Apartment
6
Solid
370
25
62
7
100
AcDbText
1
26.23
7
Dialog.plain
10
25908.0
20
-30580.0
30
0.0
11
25908.0
21
-30580.0
31
0.0
40
291.609375
50
0.0
51
0.0
100
AcDbText
0
TEXT
5
4d81
100
AcDbEntity
8
Studio Apartment
6
Solid
370
25
62
7
100
AcDbText
1
52.46
7
Dialog.plain
10
25908.0
20
-31180.0
30
0.0
11
25908.0
21
-31180.0
31
0.0
40
291.609375
50
0.0
51
0.0
100
AcDbText
0
LINE
5
4d83
100
AcDbEntity
8
Studio Apartment
6
Solid
370
25
62
7
100
AcDbLine
10
25908.0
20
-30730.0
30
0.0
11
26908.0
21
-30730.0
31
0.0
0
CIRCLE
5
4d85
100
AcDbEntity
8
Studio Apartment
6
Solid
370
25
62
7
100
AcDbCircle
10
27402.0
20
-38699.0
30
0.0
40
600.0
0
TEXT
5
4d88
100
AcDbEntity
8
Studio Apartment
6
Solid
370
25
62
7
100
AcDbText
1
2.1
7
Dialog.plain
10
27102.0
20
-38849.0
30
0.0
11
27102.0
21
-38849.0
31
0.0
40
291.609375
50
0.0
51
0.0
100
AcDbText
0
TEXT
5
4d8b
100
AcDbEntity
8
Studio Apartment
6
Solid
370
25
62
7
100
AcDbText
1
38.94
7
Dialog.plain
10
28302.0
20
-38599.0
30
0.0
11
28302.0
21
-38599.0
31
0.0
40
291.609375
50
0.0
51
0.0
100
AcDbText
0
TEXT
5
4d8e
100
AcDbEntity
8
Studio Apartment
6
Solid
370
25
62
7
100
AcDbText
1
67.76
7
Dialog.plain
10
28302.0
20
-39199.0
30
0.0
11
28302.0
21
-39199.0
31
0.0
40
291.609375
50
0.0
51
0.0
100
AcDbText
0
LINE
5
4d90
100
AcDbEntity
8
Studio Apartment
6
Solid
370
25
62
7
100
AcDbLine
10
28302.0
20
-38749.0
30
0.0
11
29302.0
21
-38749.0
31
0.0
0
CIRCLE
5
4d92
100
AcDbEntity
8
Studio Apartment
6
Solid
370
25
62
7
100
AcDbCircle
10
25448.0
20
-47593.0
30
0.0
40
600.0
0
TEXT
5
4d95
100
AcDbEntity
8
Studio Apartment
6
Solid
370
25
62
7
100
AcDbText
1
1.1
7
Dialog.plain
10
25148.0
20
-47743.0
30
0.0
11
25148.0
21
-47743.0
31
0.0
40
291.609375
50
0.0
51
0.0
100
AcDbText
0
TEXT
5
4d98
100
AcDbEntity
8
Studio Apartment
6
Solid
370
25
62
7
100
AcDbText
1
22.59
7
Dialog.plain
10
26348.0
20
-47493.0
30
0.0
11
26348.0
21
-47493.0
31
0.0
40
291.609375
50
0.0
51
0.0
100
AcDbText
0
TEXT
5
4d9b
100
AcDbEntity
8
Studio Apartment
6
Solid
370
25
62
7
100
AcDbText
1
45.17
7
Dialog.plain
10
26348.0
20
-48093.0
30
0.0
11
26348.0
21
-48093.0
31
0.0
40
291.609375
50
0.0
51
0.0
100
AcDbText
0
LINE
5
4d9d
100
AcDbEntity
8
Studio Apartment
6
Solid
370
25
62
7
100
AcDbLine
10
26348.0
20
-47643.0
30
0.0
11
27348.0
21
-47643.0
31
0.0
0
CIRCLE
5
4d9f
100
AcDbEntity
8
Studio Apartment
6
Solid
370
25
62
7
100
AcDbCircle
10
20319.0
20
-51976.0
30
0.0
40
600.0
0
TEXT
5
4da2
100
AcDbEntity
8
Studio Apartment
6
Solid
370
25
62
7
100
AcDbText
1
1.4
7
Dialog.plain
10
20019.0
20
-52126.0
30
0.0
11
20019.0
21
-52126.0
31
0.0
40
291.609375
50
0.0
51
0.0
100
AcDbText
0
TEXT
5
4da5
100
AcDbEntity
8
Studio Apartment
6
Solid
370
25
62
7
100
AcDbText
1
26.23
7
Dialog.plain
10
21219.0
20
-51876.0
30
0.0
11
21219.0
21
-51876.0
31
0.0
40
291.609375
50
0.0
51
0.0
100
AcDbText
0
TEXT
5
4da8
100
AcDbEntity
8
Studio Apartment
6
Solid
370
25
62
7
100
AcDbText
1
52.46
7
Dialog.plain
10
21219.0
20
-52476.0
30
0.0
11
21219.0
21
-52476.0
31
0.0
40
291.609375
50
0.0
51
0.0
100
AcDbText
0
LINE
5
4daa
100
AcDbEntity
8
Studio Apartment
6
Solid
370
25
62
7
100
AcDbLine
10
21219.0
20
-52026.0
30
0.0
11
22219.0
21
-52026.0
31
0.0
0
CIRCLE
5
4dac
100
AcDbEntity
8
Studio Apartment
6
Solid
370
25
62
7
100
AcDbCircle
10
16930.0
20
-47609.0
30
0.0
40
600.0
0
TEXT
5
4daf
100
AcDbEntity
8
Studio Apartment
6
Solid
370
25
62
7
100
AcDbText
1
0.2
7
Dialog.plain
10
16630.0
20
-47759.0
30
0.0
11
16630.0
21
-47759.0
31
0.0
40
291.609375
50
0.0
51
0.0
100
AcDbText
0
TEXT
5
4db2
100
AcDbEntity
8
Studio Apartment
6
Solid
370
25
62
7
100
AcDbText
1
14.68
7
Dialog.plain
10
17830.0
20
-47509.0
30
0.0
11
17830.0
21
-47509.0
31
0.0
40
291.609375
50
0.0
51
0.0
100
AcDbText
0
TEXT
5
4db5
100
AcDbEntity
8
Studio Apartment
6
Solid
370
25
62
7
100
AcDbText
1
22.59
7
Dialog.plain
10
17830.0
20
-48109.0
30
0.0
11
17830.0
21
-48109.0
31
0.0
40
291.609375
50
0.0
51
0.0
100
AcDbText
0
LINE
5
4db7
100
AcDbEntity
8
Studio Apartment
6
Solid
370
25
62
7
100
AcDbLine
10
17830.0
20
-47659.0
30
0.0
11
18830.0
21
-47659.0
31
0.0
0
CIRCLE
5
4db9
100
AcDbEntity
8
Studio Apartment
6
Solid
370
25
62
7
100
AcDbCircle
10
113940.0
20
-102238.0
30
0.0
40
600.0
0
TEXT
5
4dbc
100
AcDbEntity
8
Studio Apartment
6
Solid
370
25
62
7
100
AcDbText
1
1.1
7
Dialog.plain
10
113640.0
20
-102388.0
30
0.0
11
113640.0
21
-102388.0
31
0.0
40
291.609375
50
0.0
51
0.0
100
AcDbText
0
TEXT
5
4dbf
100
AcDbEntity
8
Studio Apartment
6
Solid
370
25
62
7
100
AcDbText
1
22.59
7
Dialog.plain
10
114840.0
20
-102138.0
30
0.0
11
114840.0
21
-102138.0
31
0.0
40
291.609375
50
0.0
51
0.0
100
AcDbText
0
TEXT
5
4dc2
100
AcDbEntity
8
Studio Apartment
6
Solid
370
25
62
7
100
AcDbText
1
45.17
7
Dialog.plain
10
114840.0
20
-102738.0
30
0.0
11
114840.0
21
-102738.0
31
0.0
40
291.609375
50
0.0
51
0.0
100
AcDbText
0
LINE
5
4dc4
100
AcDbEntity
8
Studio Apartment
6
Solid
370
25
62
7
100
AcDbLine
10
114840.0
20
-102288.0
30
0.0
11
115840.0
21
-102288.0
31
0.0
0
CIRCLE
5
4dc6
100
AcDbEntity
8
Studio Apartment
6
Solid
370
25
62
7
100
AcDbCircle
10
116540.0
20
-108464.0
30
0.0
40
600.0
0
TEXT
5
4dc9
100
AcDbEntity
8
Studio Apartment
6
Solid
370
25
62
7
100
AcDbText
1
1.4
7
Dialog.plain
10
116240.0
20
-108614.0
30
0.0
11
116240.0
21
-108614.0
31
0.0
40
291.609375
50
0.0
51
0.0
100
AcDbText
0
TEXT
5
4dcc
100
AcDbEntity
8
Studio Apartment
6
Solid
370
25
62
7
100
AcDbText
1
26.23
7
Dialog.plain
10
117440.0
20
-108364.0
30
0.0
11
117440.0
21
-108364.0
31
0.0
40
291.609375
50
0.0
51
0.0
100
AcDbText
0
TEXT
5
4dcf
100
AcDbEntity
8
Studio Apartment
6
Solid
370
25
62
7
100
AcDbText
1
52.46
7
Dialog.plain
10
117440.0
20
-108964.0
30
0.0
11
117440.0
21
-108964.0
31
0.0
40
291.609375
50
0.0
51
0.0
100
AcDbText
0
LINE
5
4dd1
100
AcDbEntity
8
Studio Apartment
6
Solid
370
25
62
7
100
AcDbLine
10
117440.0
20
-108514.0
30
0.0
11
118440.0
21
-108514.0
31
0.0
0
CIRCLE
5
4dd3
100
AcDbEntity
8
Studio Apartment
6
Solid
370
25
62
7
100
AcDbCircle
10
109699.0
20
-109283.0
30
0.0
40
600.0
0
TEXT
5
4dd6
100
AcDbEntity
8
Studio Apartment
6
Solid
370
25
62
7
100
AcDbText
1
1.1
7
Dialog.plain
10
109399.0
20
-109433.0
30
0.0
11
109399.0
21
-109433.0
31
0.0
40
291.609375
50
0.0
51
0.0
100
AcDbText
0
TEXT
5
4dd9
100
AcDbEntity
8
Studio Apartment
6
Solid
370
25
62
7
100
AcDbText
1
22.59
7
Dialog.plain
10
110599.0
20
-109183.0
30
0.0
11
110599.0
21
-109183.0
31
0.0
40
291.609375
50
0.0
51
0.0
100
AcDbText
0
TEXT
5
4ddc
100
AcDbEntity
8
Studio Apartment
6
Solid
370
25
62
7
100
AcDbText
1
45.17
7
Dialog.plain
10
110599.0
20
-109783.0
30
0.0
11
110599.0
21
-109783.0
31
0.0
40
291.609375
50
0.0
51
0.0
100
AcDbText
0
LINE
5
4dde
100
AcDbEntity
8
Studio Apartment
6
Solid
370
25
62
7
100
AcDbLine
10
110599.0
20
-109333.0
30
0.0
11
111599.0
21
-109333.0
31
0.0
0
CIRCLE
5
4de0
100
AcDbEntity
8
Studio Apartment
6
Solid
370
25
62
7
100
AcDbCircle
10
103407.0
20
-105610.0
30
0.0
40
600.0
0
TEXT
5
4de3
100
AcDbEntity
8
Studio Apartment
6
Solid
370
25
62
7
100
AcDbText
1
1.1
7
Dialog.plain
10
103107.0
20
-105760.0
30
0.0
11
103107.0
21
-105760.0
31
0.0
40
291.609375
50
0.0
51
0.0
100
AcDbText
0
TEXT
5
4de6
100
AcDbEntity
8
Studio Apartment
6
Solid
370
25
62
7
100
AcDbText
1
22.59
7
Dialog.plain
10
104307.0
20
-105510.0
30
0.0
11
104307.0
21
-105510.0
31
0.0
40
291.609375
50
0.0
51
0.0
100
AcDbText
0
TEXT
5
4de9
100
AcDbEntity
8
Studio Apartment
6
Solid
370
25
62
7
100
AcDbText
1
45.17
7
Dialog.plain
10
104307.0
20
-106110.0
30
0.0
11
104307.0
21
-106110.0
31
0.0
40
291.609375
50
0.0
51
0.0
100
AcDbText
0
LINE
5
4deb
100
AcDbEntity
8
Studio Apartment
6
Solid
370
25
62
7
100
AcDbLine
10
104307.0
20
-105660.0
30
0.0
11
105307.0
21
-105660.0
31
0.0
0
CIRCLE
5
4ded
100
AcDbEntity
8
Studio Apartment
6
Solid
370
25
62
7
100
AcDbCircle
10
97138.0
20
-101633.0
30
0.0
40
600.0
0
TEXT
5
4df0
100
AcDbEntity
8
Studio Apartment
6
Solid
370
25
62
7
100
AcDbText
1
1.2
7
Dialog.plain
10
96838.0
20
-101783.0
30
0.0
11
96838.0
21
-101783.0
31
0.0
40
291.609375
50
0.0
51
0.0
100
AcDbText
0
TEXT
5
4df3
100
AcDbEntity
8
Studio Apartment
6
Solid
370
25
62
7
100
AcDbText
1
26.23
7
Dialog.plain
10
98038.0
20
-101533.0
30
0.0
11
98038.0
21
-101533.0
31
0.0
40
291.609375
50
0.0
51
0.0
100
AcDbText
0
TEXT
5
4df6
100
AcDbEntity
8
Studio Apartment
6
Solid
370
25
62
7
100
AcDbText
1
48.81
7
Dialog.plain
10
98038.0
20
-102133.0
30
0.0
11
98038.0
21
-102133.0
31
0.0
40
291.609375
50
0.0
51
0.0
100
AcDbText
0
LINE
5
4df8
100
AcDbEntity
8
Studio Apartment
6
Solid
370
25
62
7
100
AcDbLine
10
98038.0
20
-101683.0
30
0.0
11
99038.0
21
-101683.0
31
0.0
0
CIRCLE
5
4dfa
100
AcDbEntity
8
Studio Apartment
6
Solid
370
25
62
7
100
AcDbCircle
10
101008.0
20
-95004.0
30
0.0
40
600.0
0
TEXT
5
4dfd
100
AcDbEntity
8
Studio Apartment
6
Solid
370
25
62
7
100
AcDbText
1
1.2
7
Dialog.plain
10
100708.0
20
-95154.0
30
0.0
11
100708.0
21
-95154.0
31
0.0
40
291.609375
50
0.0
51
0.0
100
AcDbText
0
TEXT
5
4e00
100
AcDbEntity
8
Studio Apartment
6
Solid
370
25
62
7
100
AcDbText
1
26.23
7
Dialog.plain
10
101908.0
20
-94904.0
30
0.0
11
101908.0
21
-94904.0
31
0.0
40
291.609375
50
0.0
51
0.0
100
AcDbText
0
TEXT
5
4e03
100
AcDbEntity
8
Studio Apartment
6
Solid
370
25
62
7
100
AcDbText
1
48.81
7
Dialog.plain
10
101908.0
20
-95504.0
30
0.0
11
101908.0
21
-95504.0
31
0.0
40
291.609375
50
0.0
51
0.0
100
AcDbText
0
LINE
5
4e05
100
AcDbEntity
8
Studio Apartment
6
Solid
370
25
62
7
100
AcDbLine
10
101908.0
20
-95054.0
30
0.0
11
102908.0
21
-95054.0
31
0.0
0
CIRCLE
5
4e07
100
AcDbEntity
8
Studio Apartment
6
Solid
370
25
62
7
100
AcDbCircle
10
55136.0
20
-97408.0
30
0.0
40
600.0
0
TEXT
5
4e0a
100
AcDbEntity
8
Studio Apartment
6
Solid
370
25
62
7
100
AcDbText
1
2.3
7
Dialog.plain
10
54836.0
20
-97558.0
30
0.0
11
54836.0
21
-97558.0
31
0.0
40
291.609375
50
0.0
51
0.0
100
AcDbText
0
TEXT
5
4e0d
100
AcDbEntity
8
Studio Apartment
6
Solid
370
25
62
7
100
AcDbText
1
48.51
7
Dialog.plain
10
56036.0
20
-97308.0
30
0.0
11
56036.0
21
-97308.0
31
0.0
40
291.609375
50
0.0
51
0.0
100
AcDbText
0
TEXT
5
4e10
100
AcDbEntity
8
Studio Apartment
6
Solid
370
25
62
7
100
AcDbText
1
83.13
7
Dialog.plain
10
56036.0
20
-97908.0
30
0.0
11
56036.0
21
-97908.0
31
0.0
40
291.609375
50
0.0
51
0.0
100
AcDbText
0
LINE
5
4e12
100
AcDbEntity
8
Studio Apartment
6
Solid
370
25
62
7
100
AcDbLine
10
56036.0
20
-97458.0
30
0.0
11
57036.0
21
-97458.0
31
0.0
0
CIRCLE
5
4e14
100
AcDbEntity
8
Studio Apartment
6
Solid
370
25
62
7
100
AcDbCircle
10
59725.0
20
-105220.0
30
0.0
40
600.0
0
TEXT
5
4e17
100
AcDbEntity
8
Studio Apartment
6
Solid
370
25
62
7
100
AcDbText
1
1.3
7
Dialog.plain
10
59425.0
20
-105370.0
30
0.0
11
59425.0
21
-105370.0
31
0.0
40
291.609375
50
0.0
51
0.0
100
AcDbText
0
TEXT
5
4e1a
100
AcDbEntity
8
Studio Apartment
6
Solid
370
25
62
7
100
AcDbText
1
25.37
7
Dialog.plain
10
60625.0
20
-105120.0
30
0.0
11
60625.0
21
-105120.0
31
0.0
40
291.609375
50
0.0
51
0.0
100
AcDbText
0
TEXT
5
4e1d
100
AcDbEntity
8
Studio Apartment
6
Solid
370
25
62
7
100
AcDbText
1
50.75
7
Dialog.plain
10
60625.0
20
-105720.0
30
0.0
11
60625.0
21
-105720.0
31
0.0
40
291.609375
50
0.0
51
0.0
100
AcDbText
0
LINE
5
4e1f
100
AcDbEntity
8
Studio Apartment
6
Solid
370
25
62
7
100
AcDbLine
10
60625.0
20
-105270.0
30
0.0
11
61625.0
21
-105270.0
31
0.0
0
CIRCLE
5
4e21
100
AcDbEntity
8
Studio Apartment
6
Solid
370
25
62
7
100
AcDbCircle
10
56196.0
20
-111265.0
30
0.0
40
600.0
0
TEXT
5
4e24
100
AcDbEntity
8
Studio Apartment
6
Solid
370
25
62
7
100
AcDbText
1
1.3
7
Dialog.plain
10
55896.0
20
-111415.0
30
0.0
11
55896.0
21
-111415.0
31
0.0
40
291.609375
50
0.0
51
0.0
100
AcDbText
0
TEXT
5
4e27
100
AcDbEntity
8
Studio Apartment
6
Solid
370
25
62
7
100
AcDbText
1
25.38
7
Dialog.plain
10
57096.0
20
-111165.0
30
0.0
11
57096.0
21
-111165.0
31
0.0
40
291.609375
50
0.0
51
0.0
100
AcDbText
0
TEXT
5
4e2a
100
AcDbEntity
8
Studio Apartment
6
Solid
370
25
62
7
100
AcDbText
1
50.75
7
Dialog.plain
10
57096.0
20
-111765.0
30
0.0
11
57096.0
21
-111765.0
31
0.0
40
291.609375
50
0.0
51
0.0
100
AcDbText
0
LINE
5
4e2c
100
AcDbEntity
8
Studio Apartment
6
Solid
370
25
62
7
100
AcDbLine
10
57096.0
20
-111315.0
30
0.0
11
58096.0
21
-111315.0
31
0.0
0
CIRCLE
5
4e2e
100
AcDbEntity
8
Studio Apartment
6
Solid
370
25
62
7
100
AcDbCircle
10
46868.0
20
-109931.0
30
0.0
40
600.0
0
TEXT
5
4e31
100
AcDbEntity
8
Studio Apartment
6
Solid
370
25
62
7
100
AcDbText
1
2.3
7
Dialog.plain
10
46568.0
20
-110081.0
30
0.0
11
46568.0
21
-110081.0
31
0.0
40
291.609375
50
0.0
51
0.0
100
AcDbText
0
TEXT
5
4e34
100
AcDbEntity
8
Studio Apartment
6
Solid
370
25
62
7
100
AcDbText
1
48.51
7
Dialog.plain
10
47768.0
20
-109831.0
30
0.0
11
47768.0
21
-109831.0
31
0.0
40
291.609375
50
0.0
51
0.0
100
AcDbText
0
TEXT
5
4e37
100
AcDbEntity
8
Studio Apartment
6
Solid
370
25
62
7
100
AcDbText
1
83.13
7
Dialog.plain
10
47768.0
20
-110431.0
30
0.0
11
47768.0
21
-110431.0
31
0.0
40
291.609375
50
0.0
51
0.0
100
AcDbText
0
LINE
5
4e39
100
AcDbEntity
8
Studio Apartment
6
Solid
370
25
62
7
100
AcDbLine
10
47768.0
20
-109981.0
30
0.0
11
48768.0
21
-109981.0
31
0.0
0
CIRCLE
5
4e3b
100
AcDbEntity
8
Studio Apartment
6
Solid
370
25
62
7
100
AcDbCircle
10
88197.0
20
-52791.0
30
0.0
40
600.0
0
TEXT
5
4e3e
100
AcDbEntity
8
Studio Apartment
6
Solid
370
25
62
7
100
AcDbText
1
0.1
7
Dialog.plain
10
87897.0
20
-52941.0
30
0.0
11
87897.0
21
-52941.0
31
0.0
40
291.609375
50
0.0
51
0.0
100
AcDbText
0
TEXT
5
4e41
100
AcDbEntity
8
Studio Apartment
6
Solid
370
25
62
7
100
AcDbText
1
16.94
7
Dialog.plain
10
89097.0
20
-52691.0
30
0.0
11
89097.0
21
-52691.0
31
0.0
40
291.609375
50
0.0
51
0.0
100
AcDbText
0
TEXT
5
4e44
100
AcDbEntity
8
Studio Apartment
6
Solid
370
25
62
7
100
AcDbText
1
22.59
7
Dialog.plain
10
89097.0
20
-53291.0
30
0.0
11
89097.0
21
-53291.0
31
0.0
40
291.609375
50
0.0
51
0.0
100
AcDbText
0
LINE
5
4e46
100
AcDbEntity
8
Studio Apartment
6
Solid
370
25
62
7
100
AcDbLine
10
89097.0
20
-52841.0
30
0.0
11
90097.0
21
-52841.0
31
0.0
0
CIRCLE
5
4e48
100
AcDbEntity
8
Studio Apartment
6
Solid
370
25
62
7
100
AcDbCircle
10
92953.0
20
-55970.0
30
0.0
40
600.0
0
TEXT
5
4e4b
100
AcDbEntity
8
Studio Apartment
6
Solid
370
25
62
7
100
AcDbText
1
1.2
7
Dialog.plain
10
92653.0
20
-56120.0
30
0.0
11
92653.0
21
-56120.0
31
0.0
40
291.609375
50
0.0
51
0.0
100
AcDbText
0
TEXT
5
4e4e
100
AcDbEntity
8
Studio Apartment
6
Solid
370
25
62
7
100
AcDbText
1
26.23
7
Dialog.plain
10
93853.0
20
-55870.0
30
0.0
11
93853.0
21
-55870.0
31
0.0
40
291.609375
50
0.0
51
0.0
100
AcDbText
0
TEXT
5
4e51
100
AcDbEntity
8
Studio Apartment
6
Solid
370
25
62
7
100
AcDbText
1
48.81
7
Dialog.plain
10
93853.0
20
-56470.0
30
0.0
11
93853.0
21
-56470.0
31
0.0
40
291.609375
50
0.0
51
0.0
100
AcDbText
0
LINE
5
4e53
100
AcDbEntity
8
Studio Apartment
6
Solid
370
25
62
7
100
AcDbLine
10
93853.0
20
-56020.0
30
0.0
11
94853.0
21
-56020.0
31
0.0
0
CIRCLE
5
4e55
100
AcDbEntity
8
Studio Apartment
6
Solid
370
25
62
7
100
AcDbCircle
10
89083.0
20
-62599.0
30
0.0
40
600.0
0
TEXT
5
4e58
100
AcDbEntity
8
Studio Apartment
6
Solid
370
25
62
7
100
AcDbText
1
1.2
7
Dialog.plain
10
88783.0
20
-62749.0
30
0.0
11
88783.0
21
-62749.0
31
0.0
40
291.609375
50
0.0
51
0.0
100
AcDbText
0
TEXT
5
4e5b
100
AcDbEntity
8
Studio Apartment
6
Solid
370
25
62
7
100
AcDbText
1
26.23
7
Dialog.plain
10
89983.0
20
-62499.0
30
0.0
11
89983.0
21
-62499.0
31
0.0
40
291.609375
50
0.0
51
0.0
100
AcDbText
0
TEXT
5
4e5e
100
AcDbEntity
8
Studio Apartment
6
Solid
370
25
62
7
100
AcDbText
1
48.81
7
Dialog.plain
10
89983.0
20
-63099.0
30
0.0
11
89983.0
21
-63099.0
31
0.0
40
291.609375
50
0.0
51
0.0
100
AcDbText
0
LINE
5
4e60
100
AcDbEntity
8
Studio Apartment
6
Solid
370
25
62
7
100
AcDbLine
10
89983.0
20
-62649.0
30
0.0
11
90983.0
21
-62649.0
31
0.0
0
CIRCLE
5
4e62
100
AcDbEntity
8
Studio Apartment
6
Solid
370
25
62
7
100
AcDbCircle
10
82443.0
20
-59039.0
30
0.0
40
600.0
0
TEXT
5
4e65
100
AcDbEntity
8
Studio Apartment
6
Solid
370
25
62
7
100
AcDbText
1
1.1
7
Dialog.plain
10
82143.0
20
-59189.0
30
0.0
11
82143.0
21
-59189.0
31
0.0
40
291.609375
50
0.0
51
0.0
100
AcDbText
0
TEXT
5
4e68
100
AcDbEntity
8
Studio Apartment
6
Solid
370
25
62
7
100
AcDbText
1
22.59
7
Dialog.plain
10
83343.0
20
-58939.0
30
0.0
11
83343.0
21
-58939.0
31
0.0
40
291.609375
50
0.0
51
0.0
100
AcDbText
0
TEXT
5
4e6b
100
AcDbEntity
8
Studio Apartment
6
Solid
370
25
62
7
100
AcDbText
1
45.17
7
Dialog.plain
10
83343.0
20
-59539.0
30
0.0
11
83343.0
21
-59539.0
31
0.0
40
291.609375
50
0.0
51
0.0
100
AcDbText
0
LINE
5
4e6d
100
AcDbEntity
8
Studio Apartment
6
Solid
370
25
62
7
100
AcDbLine
10
83343.0
20
-59089.0
30
0.0
11
84343.0
21
-59089.0
31
0.0
0
CIRCLE
5
4e6f
100
AcDbEntity
8
Studio Apartment
6
Solid
370
25
62
7
100
AcDbCircle
10
74513.0
20
-54189.0
30
0.0
40
600.0
0
TEXT
5
4e72
100
AcDbEntity
8
Studio Apartment
6
Solid
370
25
62
7
100
AcDbText
1
2.2
7
Dialog.plain
10
74213.0
20
-54339.0
30
0.0
11
74213.0
21
-54339.0
31
0.0
40
291.609375
50
0.0
51
0.0
100
AcDbText
0
TEXT
5
4e75
100
AcDbEntity
8
Studio Apartment
6
Solid
370
25
62
7
100
AcDbText
1
42.58
7
Dialog.plain
10
75413.0
20
-54089.0
30
0.0
11
75413.0
21
-54089.0
31
0.0
40
291.609375
50
0.0
51
0.0
100
AcDbText
0
TEXT
5
4e78
100
AcDbEntity
8
Studio Apartment
6
Solid
370
25
62
7
100
AcDbText
1
71.40
7
Dialog.plain
10
75413.0
20
-54689.0
30
0.0
11
75413.0
21
-54689.0
31
0.0
40
291.609375
50
0.0
51
0.0
100
AcDbText
0
LINE
5
4e7a
100
AcDbEntity
8
Studio Apartment
6
Solid
370
25
62
7
100
AcDbLine
10
75413.0
20
-54239.0
30
0.0
11
76413.0
21
-54239.0
31
0.0
0
CIRCLE
5
4e7c
100
AcDbEntity
8
Studio Apartment
6
Solid
370
25
62
7
100
AcDbCircle
10
76897.0
20
-46596.0
30
0.0
40
600.0
0
TEXT
5
4e7f
100
AcDbEntity
8
Studio Apartment
6
Solid
370
25
62
7
100
AcDbText
1
1.2
7
Dialog.plain
10
76597.0
20
-46746.0
30
0.0
11
76597.0
21
-46746.0
31
0.0
40
291.609375
50
0.0
51
0.0
100
AcDbText
0
TEXT
5
4e82
100
AcDbEntity
8
Studio Apartment
6
Solid
370
25
62
7
100
AcDbText
1
26.23
7
Dialog.plain
10
77797.0
20
-46496.0
30
0.0
11
77797.0
21
-46496.0
31
0.0
40
291.609375
50
0.0
51
0.0
100
AcDbText
0
TEXT
5
4e85
100
AcDbEntity
8
Studio Apartment
6
Solid
370
25
62
7
100
AcDbText
1
48.81
7
Dialog.plain
10
77797.0
20
-47096.0
30
0.0
11
77797.0
21
-47096.0
31
0.0
40
291.609375
50
0.0
51
0.0
100
AcDbText
0
LINE
5
4e87
100
AcDbEntity
8
Studio Apartment
6
Solid
370
25
62
7
100
AcDbLine
10
77797.0
20
-46646.0
30
0.0
11
78797.0
21
-46646.0
31
0.0
0
ENDSEC
0
SECTION
2
OBJECTS
0
DICTIONARY
5
17
330
0
100
AcDbDictionary
281
1
3
ACAD_GROUP
350
18
0
DICTIONARY
5
18
330
17
100
AcDbDictionary
281
1
0
ENDSEC
0
EOF
