{"features":[{"geometry":{"type":"Polygon","coordinates":[[[37.58592979,55.86931474],[37.58615547,55.86928951],[37.58607601,55.86906481],[37.58585033,55.86909004],[37.58592979,55.86931474]]]},"properties":{"type":"block"},"type":"Feature"},{"geometry":{"type":"Polygon","coordinates":[[[37.58713866,55.86865038],[37.58725059,55.86876342],[37.58760657,55.86865197],[37.58749465,55.86853894],[37.58713866,55.86865038]]]},"properties":{"type":"block"},"type":"Feature"},{"geometry":{"type":"Polygon","coordinates":[[[37.58649142,55.8687343],[37.58672176,55.86866219],[37.58655854,55.86849735],[37.5863282,55.86856946],[37.58649142,55.8687343]]]},"properties":{"type":"block"},"type":"Feature"},{"geometry":{"type":"Polygon","coordinates":[[[37.58720562,55.86908237],[37.5870937,55.86896933],[37.58673771,55.86908078],[37.58684963,55.86919381],[37.58720562,55.86908237]]]},"properties":{"type":"block"},"type":"Feature"},{"geometry":{"type":"Polygon","coordinates":[[[37.58592979,55.86931474],[37.58615547,55.86928951],[37.58607601,55.86906481],[37.58585033,55.86909004],[37.58592979,55.86931474]]]},"properties":{"type":"section"},"type":"Feature"},{"geometry":{"type":"Polygon","coordinates":[[[37.58713866,55.86865038],[37.58725059,55.86876342],[37.58760657,55.86865197],[37.58749465,55.86853894],[37.58713866,55.86865038]]]},"properties":{"type":"section"},"type":"Feature"},{"geometry":{"type":"Polygon","coordinates":[[[37.58649142,55.8687343],[37.58672176,55.86866219],[37.58655854,55.86849735],[37.5863282,55.86856946],[37.58649142,55.8687343]]]},"properties":{"type":"section"},"type":"Feature"},{"geometry":{"type":"Polygon","coordinates":[[[37.58720562,55.86908237],[37.5870937,55.86896933],[37.58673771,55.86908078],[37.58684963,55.86919381],[37.58720562,55.86908237]]]},"properties":{"type":"section"},"type":"Feature"},{"geometry":{"type":"Polygon","coordinates":[[[37.58589574,55.86921844],[37.58590709,55.86925054],[37.58591844,55.86928264],[37.58601561,55.86927178],[37.5860156,55.86927177],[37.58600426,55.86923968],[37.5859929,55.86920758],[37.58596634,55.86921055],[37.5859679,55.86921495],[37.5859679,55.86921497],[37.5859679,55.86921499],[37.58596789,55.86921501],[37.58596787,55.86921502],[37.58596785,55.86921504],[37.58596783,55.86921505],[37.5859678,55.86921505],[37.58596777,55.86921506],[37.58594591,55.8692175],[37.58594588,55.86921751],[37.58594585,55.8692175],[37.58594582,55.8692175],[37.58594579,55.86921749],[37.58594577,55.86921748],[37.58594575,55.86921747],[37.58594573,55.86921745],[37.58594572,55.86921743],[37.58594416,55.86921303],[37.58594416,55.86921303],[37.58589574,55.86921844]]]},"properties":{"type":"apartment","rooms":1,"totalArea":45.17142857288753,"livingArea":22.585714440021512,"apartmentType":1},"type":"Feature"},{"geometry":{"type":"Polygon","coordinates":[[[37.58595567,55.86924511],[37.58594432,55.86921301],[37.58589731,55.86921827],[37.58589701,55.86921832],[37.58589673,55.8692184],[37.58589649,55.86921851],[37.58589629,55.86921865],[37.58589614,55.8692188],[37.58589605,55.86921897],[37.58589602,55.86921915],[37.58589605,55.86921932],[37.58590678,55.86924966],[37.58590687,55.86924983],[37.58590702,55.86924998],[37.58590722,55.86925012],[37.58590746,55.86925023],[37.58590773,55.86925032],[37.58590803,55.86925037],[37.58590835,55.86925038],[37.58590866,55.86925037],[37.58595567,55.86924511]]]},"properties":{"type":"room","subtype":"apartment","roomType":"KITCHEN","area":11.288464262493033},"type":"Feature"},{"geometry":{"type":"Polygon","coordinates":[[[37.58595,55.86922906],[37.58595567,55.86924511],[37.58600269,55.86923985],[37.58600299,55.8692398],[37.58600326,55.86923972],[37.58600351,55.86923961],[37.5860037,55.86923947],[37.58600385,55.86923932],[37.58600394,55.86923915],[37.58600397,55.86923897],[37.58600394,55.8692388],[37.58599858,55.86922363],[37.58595,55.86922906]]]},"properties":{"type":"room","subtype":"apartment","roomType":"HALL","area":5.6442321415494305},"type":"Feature"},{"geometry":{"type":"Polygon","coordinates":[[[37.58596618,55.86921057],[37.58597186,55.86922662],[37.58599858,55.86922363],[37.58599322,55.86920846],[37.58599312,55.86920829],[37.58599298,55.86920814],[37.58599278,55.869208],[37.58599254,55.86920789],[37.58599226,55.8692078],[37.58599196,55.86920775],[37.58599165,55.86920774],[37.58599134,55.86920775],[37.58596618,55.86921057]]]},"properties":{"type":"room","subtype":"apartment","roomType":"BATHROOM","area":3.1033393307786827},"type":"Feature"},{"geometry":{"type":"Polygon","coordinates":[[[37.58596774,55.86921497],[37.58594588,55.86921742],[37.58595,55.86922906],[37.58597186,55.86922662],[37.58596774,55.86921497]]]},"properties":{"type":"room","subtype":"apartment","roomType":"TOILET","area":1.8433928473309198},"type":"Feature"},{"geometry":{"type":"Polygon","coordinates":[[[37.58601561,55.86927178],[37.58591844,55.86928264],[37.58590709,55.86925054],[37.58590709,55.86925054],[37.58600426,55.86923968],[37.5860156,55.86927177],[37.58601561,55.86927178]]]},"properties":{"type":"room","subtype":"apartment","roomType":"BEDROOM","area":22.585714440021512},"type":"Feature"},{"geometry":{"type":"Polygon","coordinates":[[[37.5858961,55.86928397],[37.58591804,55.86928152],[37.58590749,55.86925167],[37.58588555,55.86925412],[37.5858961,55.86928397]]]},"properties":{"type":"room","subtype":"apartment","roomType":"BALCONY","area":4.7422566720980734},"type":"Feature"},{"geometry":{"type":"Polygon","coordinates":[[[37.58599915,55.86923906],[37.58600385,55.86923853],[37.58600301,55.86923615],[37.58599831,55.86923668],[37.58599915,55.86923906]]]},"properties":{"type":"room_object","subtype":"room","roomObjectType":"ELECTRICAL_BOX"},"type":"Feature"},{"geometry":{"type":"Polygon","coordinates":[[[37.58591844,55.86928264],[37.58592979,55.86931474],[37.58598605,55.86930845],[37.58598605,55.86930845],[37.5859845,55.86930405],[37.58598449,55.86930403],[37.5859845,55.86930401],[37.58598451,55.86930399],[37.58598452,55.86930398],[37.58598454,55.86930396],[37.58598456,55.86930395],[37.58598459,55.86930395],[37.58598462,55.86930394],[37.58601001,55.8693011],[37.58601004,55.8693011],[37.58601007,55.8693011],[37.5860101,55.86930111],[37.58601013,55.86930112],[37.58601015,55.86930113],[37.58601017,55.86930114],[37.58601019,55.86930116],[37.5860102,55.86930117],[37.58601176,55.86930558],[37.58601176,55.86930558],[37.58604263,55.86930213],[37.58615547,55.86928951],[37.58614411,55.86925741],[37.58591844,55.86928264]]]},"properties":{"type":"apartment","rooms":1,"totalArea":52.4571847070134,"livingArea":26.228571666617952,"apartmentType":1},"type":"Feature"},{"geometry":{"type":"Polygon","coordinates":[[[37.58597486,55.86927633],[37.58592001,55.86928247],[37.58591971,55.86928252],[37.58591943,55.8692826],[37.58591919,55.86928271],[37.58591899,55.86928285],[37.58591884,55.869283],[37.58591875,55.86928317],[37.58591872,55.86928335],[37.58591875,55.86928352],[37.58592948,55.86931386],[37.58592957,55.86931403],[37.58592972,55.86931418],[37.58592992,55.86931432],[37.58593016,55.86931443],[37.58593044,55.86931452],[37.58593074,55.86931457],[37.58593105,55.86931458],[37.58593136,55.86931457],[37.58598621,55.86930843],[37.58597486,55.86927633]]]},"properties":{"type":"room","subtype":"apartment","roomType":"KITCHEN","area":13.10989275872414},"type":"Feature"},{"geometry":{"type":"Polygon","coordinates":[[[37.58603695,55.86928608],[37.58603159,55.86927091],[37.5860315,55.86927074],[37.58603135,55.86927058],[37.58603115,55.86927045],[37.58603091,55.86927034],[37.58603063,55.86927025],[37.58603033,55.8692702],[37.58603002,55.86927018],[37.58602971,55.8692702],[37.58597486,55.86927633],[37.58598054,55.86929238],[37.58603695,55.86928608]]]},"properties":{"type":"room","subtype":"apartment","roomType":"HALL","area":6.554946470267338},"type":"Feature"},{"geometry":{"type":"Polygon","coordinates":[[[37.5860116,55.8693056],[37.58604106,55.8693023],[37.58604136,55.86930225],[37.58604164,55.86930217],[37.58604188,55.86930206],[37.58604208,55.86930192],[37.58604223,55.86930176],[37.58604232,55.8693016],[37.58604235,55.86930142],[37.58604232,55.86930125],[37.58603695,55.86928608],[37.58600592,55.86928955],[37.5860116,55.8693056]]]},"properties":{"type":"room","subtype":"apartment","roomType":"BATHROOM","area":3.6042321601739213},"type":"Feature"},{"geometry":{"type":"Polygon","coordinates":[[[37.58601004,55.86930119],[37.58600592,55.86928955],[37.58598054,55.86929238],[37.58598465,55.86930403],[37.58601004,55.86930119]]]},"properties":{"type":"room","subtype":"apartment","roomType":"TOILET","area":2.1407142388737244},"type":"Feature"},{"geometry":{"type":"Polygon","coordinates":[[[37.58603128,55.86927003],[37.58604263,55.86930213],[37.58615547,55.86928951],[37.58615547,55.86928951],[37.58614411,55.86925741],[37.58603128,55.86927003],[37.58603128,55.86927003]]]},"properties":{"type":"room","subtype":"apartment","roomType":"BEDROOM","area":26.228571666617952},"type":"Feature"},{"geometry":{"type":"Polygon","coordinates":[[[37.58590723,55.86931543],[37.58592917,55.86931298],[37.58591884,55.86928377],[37.5858969,55.86928622],[37.58590723,55.86931543]]]},"properties":{"type":"room","subtype":"apartment","roomType":"BALCONY","area":4.641128216219117},"type":"Feature"},{"geometry":{"type":"Polygon","coordinates":[[[37.58602425,55.86920407],[37.5860356,55.86923617],[37.58604695,55.86926827],[37.58604695,55.86926827],[37.58607351,55.86926531],[37.58607351,55.8692653],[37.58607195,55.86926089],[37.58607195,55.86926088],[37.58607195,55.86926086],[37.58607196,55.86926084],[37.58607197,55.86926083],[37.58607199,55.86926081],[37.58607202,55.8692608],[37.58607205,55.86926079],[37.58607208,55.86926079],[37.58609394,55.86925835],[37.58609397,55.86925834],[37.586094,55.86925835],[37.58609403,55.86925835],[37.58609406,55.86925836],[37.58609408,55.86925837],[37.5860941,55.86925838],[37.58609412,55.8692584],[37.58609413,55.86925842],[37.58609568,55.86926282],[37.58609568,55.86926283],[37.58614411,55.86925741],[37.58613276,55.86922531],[37.58612141,55.86919321],[37.58611006,55.86916111],[37.5860129,55.86917197],[37.58602425,55.86920407]]]},"properties":{"type":"apartment","rooms":2,"totalArea":67.75714270173181,"livingArea":38.93775006647719,"apartmentType":2},"type":"Feature"},{"geometry":{"type":"Polygon","coordinates":[[[37.58609553,55.86926284],[37.58614255,55.86925759],[37.58614285,55.86925754],[37.58614312,55.86925745],[37.58614337,55.86925734],[37.58614356,55.8692572],[37.58614371,55.86925705],[37.5861438,55.86925688],[37.58614383,55.86925671],[37.5861438,55.86925653],[37.58613307,55.86922619],[37.58613298,55.86922602],[37.58613284,55.86922587],[37.58613264,55.86922573],[37.5861324,55.86922562],[37.58613212,55.86922554],[37.58613182,55.86922549],[37.58613151,55.86922547],[37.5861312,55.86922549],[37.58608419,55.86923074],[37.58609553,55.86926284]]]},"properties":{"type":"room","subtype":"apartment","roomType":"KITCHEN","area":11.287690676796357},"type":"Feature"},{"geometry":{"type":"Polygon","coordinates":[[[37.58604127,55.86925222],[37.58608986,55.86924679],[37.58608419,55.86923074],[37.58603717,55.869236],[37.58603687,55.86923605],[37.58603659,55.86923613],[37.58603635,55.86923625],[37.58603615,55.86923638],[37.586036,55.86923654],[37.58603591,55.86923671],[37.58603588,55.86923688],[37.58603591,55.86923706],[37.58604127,55.86925222]]]},"properties":{"type":"room","subtype":"apartment","roomType":"HALL","area":5.6424301476684},"type":"Feature"},{"geometry":{"type":"Polygon","coordinates":[[[37.58606799,55.86924923],[37.58604127,55.86925222],[37.58604664,55.86926738],[37.58604673,55.86926755],[37.58604687,55.86926771],[37.58604707,55.86926784],[37.58604731,55.86926796],[37.58604759,55.86926804],[37.58604789,55.86926809],[37.5860482,55.86926811],[37.58604851,55.86926809],[37.58607366,55.86926528],[37.58606799,55.86924923]]]},"properties":{"type":"room","subtype":"apartment","roomType":"BATHROOM","area":3.102936376495884},"type":"Feature"},{"geometry":{"type":"Polygon","coordinates":[[[37.58606799,55.86924923],[37.58607211,55.86926088],[37.58609397,55.86925843],[37.58608986,55.86924679],[37.58606799,55.86924923]]]},"properties":{"type":"room","subtype":"apartment","roomType":"TOILET","area":1.8432806912990354},"type":"Feature"},{"geometry":{"type":"Polygon","coordinates":[[[37.58605105,55.86920108],[37.5860624,55.86923318],[37.5861312,55.86922549],[37.5861315,55.86922544],[37.58613177,55.86922535],[37.58613201,55.86922524],[37.58613221,55.8692251],[37.58613236,55.86922495],[37.58613245,55.86922478],[37.58613248,55.86922461],[37.58613245,55.86922443],[37.58612172,55.86919409],[37.58612163,55.86919392],[37.58612148,55.86919377],[37.58612129,55.86919363],[37.58612104,55.86919352],[37.58612077,55.86919344],[37.58612047,55.86919339],[37.58612016,55.86919337],[37.58611984,55.86919339],[37.58605105,55.86920108]]]},"properties":{"type":"room","subtype":"apartment","roomType":"BEDROOM","area":16.35203593934052},"type":"Feature"},{"geometry":{"type":"Polygon","coordinates":[[[37.58612141,55.86919321],[37.58611006,55.86916111],[37.5860129,55.86917197],[37.5860129,55.86917197],[37.58602425,55.86920407],[37.58612141,55.86919321],[37.58612141,55.86919321]]]},"properties":{"type":"room","subtype":"apartment","roomType":"BEDROOM","area":22.58571412713667},"type":"Feature"},{"geometry":{"type":"Polygon","coordinates":[[[37.58602578,55.86920381],[37.58602577,55.86920381],[37.58602547,55.86920386],[37.58602544,55.86920387],[37.58602516,55.86920395],[37.58602514,55.86920396],[37.58602489,55.86920408],[37.58602487,55.86920409],[37.58602467,55.86920422],[37.58602466,55.86920424],[37.58602451,55.86920439],[37.5860245,55.86920441],[37.58602441,55.86920458],[37.5860244,55.8692046],[37.58602437,55.86920477],[37.58602437,55.86920479],[37.5860244,55.86920496],[37.5860244,55.86920497],[37.58603513,55.86923531],[37.58603513,55.86923532],[37.58603522,55.86923549],[37.58603524,55.8692355],[37.58603538,55.86923566],[37.5860354,55.86923567],[37.5860356,55.86923581],[37.58603562,55.86923582],[37.58603586,55.86923593],[37.58603589,55.86923594],[37.58603617,55.86923603],[37.5860362,55.86923603],[37.5860365,55.86923609],[37.58603653,55.86923609],[37.58603684,55.86923611],[37.58603687,55.86923611],[37.58603718,55.86923609],[37.5860372,55.86923609],[37.58606243,55.86923327],[37.58606246,55.86923326],[37.58606249,55.86923325],[37.58606251,55.86923324],[37.58606253,55.86923323],[37.58606254,55.86923321],[37.58606255,55.8692332],[37.58606256,55.86923318],[37.58606255,55.86923316],[37.5860512,55.86920106],[37.58605119,55.86920104],[37.58605118,55.86920103],[37.58605116,55.86920101],[37.58605113,55.869201],[37.58605111,55.869201],[37.58605108,55.86920099],[37.58605105,55.86920099],[37.58605101,55.86920099],[37.58602578,55.86920381]]]},"properties":{"type":"room","subtype":"apartment","roomType":"CORRIDOR","area":6.331398882574679},"type":"Feature"},{"geometry":{"type":"Polygon","coordinates":[[[37.58614375,55.86919188],[37.58612181,55.86919434],[37.58613236,55.86922419],[37.5861543,55.86922173],[37.58614375,55.86919188]]]},"properties":{"type":"room","subtype":"apartment","roomType":"BALCONY","area":4.7422566720980734},"type":"Feature"},{"geometry":{"type":"Polygon","coordinates":[[[37.58604071,55.86923679],[37.586036,55.86923732],[37.58603684,55.8692397],[37.58604155,55.86923917],[37.58604071,55.86923679]]]},"properties":{"type":"room_object","subtype":"room","roomObjectType":"ELECTRICAL_BOX"},"type":"Feature"},{"geometry":{"type":"Polygon","coordinates":[[[37.58600154,55.86913987],[37.5860129,55.86917197],[37.58603946,55.869169],[37.5860379,55.8691646],[37.5860379,55.86916458],[37.5860379,55.86916456],[37.58603791,55.86916455],[37.58603793,55.86916453],[37.58603794,55.86916452],[37.58603797,55.86916451],[37.586038,55.8691645],[37.58603803,55.86916449],[37.58605989,55.86916205],[37.58605992,55.86916205],[37.58605995,55.86916205],[37.58605998,55.86916205],[37.58606001,55.86916206],[37.58606003,55.86916207],[37.58606005,55.86916209],[37.58606007,55.8691621],[37.58606008,55.86916212],[37.58606163,55.86916653],[37.58611006,55.86916111],[37.58609871,55.86912901],[37.58608736,55.86909691],[37.58599019,55.86910777],[37.5859902,55.86910778],[37.58600154,55.86913987]]]},"properties":{"type":"apartment","rooms":1,"totalArea":45.171428726963946,"livingArea":22.58571428629972,"apartmentType":1},"type":"Feature"},{"geometry":{"type":"Polygon","coordinates":[[[37.58605013,55.86913444],[37.58606148,55.86916654],[37.58610849,55.86916129],[37.58610879,55.86916124],[37.58610907,55.86916115],[37.58610931,55.86916104],[37.58610951,55.8691609],[37.58610966,55.86916075],[37.58610975,55.86916058],[37.58610978,55.86916041],[37.58610975,55.86916023],[37.58609902,55.86912989],[37.58609893,55.86912972],[37.58609878,55.86912957],[37.58609858,55.86912943],[37.58609834,55.86912932],[37.58609806,55.86912924],[37.58609776,55.86912919],[37.58609745,55.86912917],[37.58609714,55.86912919],[37.58605013,55.86913444]]]},"properties":{"type":"room","subtype":"apartment","roomType":"KITCHEN","area":11.28846447472207},"type":"Feature"},{"geometry":{"type":"Polygon","coordinates":[[[37.58600722,55.86915592],[37.5860558,55.86915049],[37.58605013,55.86913444],[37.58600311,55.8691397],[37.58600281,55.86913975],[37.58600254,55.86913983],[37.58600229,55.86913995],[37.58600209,55.86914008],[37.58600195,55.86914024],[37.58600186,55.86914041],[37.58600183,55.86914058],[37.58600186,55.86914076],[37.58600722,55.86915592]]]},"properties":{"type":"room","subtype":"apartment","roomType":"HALL","area":5.644232163775902},"type":"Feature"},{"geometry":{"type":"Polygon","coordinates":[[[37.58603962,55.86916899],[37.58603394,55.86915294],[37.58600722,55.86915592],[37.58601258,55.86917109],[37.58601268,55.86917126],[37.58601282,55.86917142],[37.58601302,55.86917155],[37.58601326,55.86917167],[37.58601354,55.86917175],[37.58601384,55.8691718],[37.58601415,55.86917182],[37.58601446,55.8691718],[37.58603962,55.86916899]]]},"properties":{"type":"room","subtype":"apartment","roomType":"BATHROOM","area":3.1033393666201885},"type":"Feature"},{"geometry":{"type":"Polygon","coordinates":[[[37.5860558,55.86915049],[37.58603394,55.86915294],[37.58603806,55.86916458],[37.58605992,55.86916214],[37.5860558,55.86915049]]]},"properties":{"type":"room","subtype":"apartment","roomType":"TOILET","area":1.843392886282996},"type":"Feature"},{"geometry":{"type":"Polygon","coordinates":[[[37.58609871,55.86912901],[37.58608736,55.86909691],[37.58599019,55.86910777],[37.5859902,55.86910778],[37.58600154,55.86913987],[37.58609871,55.86912901],[37.58609871,55.86912901]]]},"properties":{"type":"room","subtype":"apartment","roomType":"BEDROOM","area":22.58571428629972},"type":"Feature"},{"geometry":{"type":"Polygon","coordinates":[[[37.58612105,55.86912768],[37.58609911,55.86913014],[37.58610966,55.86915999],[37.5861316,55.86915753],[37.58612105,55.86912768]]]},"properties":{"type":"room","subtype":"apartment","roomType":"BALCONY","area":4.7422566720980734},"type":"Feature"},{"geometry":{"type":"Polygon","coordinates":[[[37.58600665,55.86914049],[37.58600195,55.86914102],[37.58600279,55.8691434],[37.58600749,55.86914287],[37.58600665,55.86914049]]]},"properties":{"type":"room_object","subtype":"room","roomObjectType":"ELECTRICAL_BOX"},"type":"Feature"},{"geometry":{"type":"Polygon","coordinates":[[[37.58585033,55.86909004],[37.58586169,55.86912214],[37.58597452,55.86910953],[37.58608736,55.86909691],[37.58607601,55.86906481],[37.58596317,55.86907743],[37.5859323,55.86908088],[37.5859323,55.86908088],[37.58593386,55.86908528],[37.58593386,55.8690853],[37.58593386,55.86908532],[37.58593385,55.86908534],[37.58593383,55.86908535],[37.58593381,55.86908536],[37.58593379,55.86908538],[37.58593376,55.86908538],[37.58593373,55.86908539],[37.58590834,55.86908823],[37.58590831,55.86908823],[37.58590828,55.86908823],[37.58590825,55.86908822],[37.58590822,55.86908821],[37.5859082,55.8690882],[37.58590818,55.86908819],[37.58590816,55.86908817],[37.58590815,55.86908816],[37.5859066,55.86908375],[37.5859066,55.86908375],[37.58585033,55.86909004]]]},"properties":{"type":"apartment","rooms":1,"totalArea":52.45714285903843,"livingArea":26.228571192298745,"apartmentType":1},"type":"Feature"},{"geometry":{"type":"Polygon","coordinates":[[[37.5859181,55.86911583],[37.58590675,55.86908373],[37.5858519,55.86908987],[37.5858516,55.86908992],[37.58585133,55.86909],[37.58585108,55.86909011],[37.58585088,55.86909025],[37.58585074,55.8690904],[37.58585065,55.86909057],[37.58585062,55.86909075],[37.58585065,55.86909092],[37.58586137,55.86912126],[37.58586147,55.86912143],[37.58586161,55.86912158],[37.58586181,55.86912172],[37.58586205,55.86912183],[37.58586233,55.86912191],[37.58586263,55.86912197],[37.58586294,55.86912198],[37.58586325,55.86912197],[37.5859181,55.86911583]]]},"properties":{"type":"room","subtype":"apartment","roomType":"KITCHEN","area":13.10989311756392},"type":"Feature"},{"geometry":{"type":"Polygon","coordinates":[[[37.58591243,55.86909978],[37.5859181,55.86911583],[37.58597295,55.8691097],[37.58597325,55.86910965],[37.58597353,55.86910957],[37.58597377,55.86910946],[37.58597397,55.86910932],[37.58597412,55.86910916],[37.58597421,55.869109],[37.58597424,55.86910882],[37.58597421,55.86910865],[37.58596885,55.86909348],[37.58591243,55.86909978]]]},"properties":{"type":"room","subtype":"apartment","roomType":"HALL","area":6.554946556921169},"type":"Feature"},{"geometry":{"type":"Polygon","coordinates":[[[37.58593214,55.8690809],[37.58593782,55.86909695],[37.58596885,55.86909348],[37.58596348,55.86907831],[37.58596339,55.86907814],[37.58596324,55.86907798],[37.58596304,55.86907785],[37.5859628,55.86907774],[37.58596253,55.86907765],[37.58596223,55.8690776],[37.58596191,55.86907758],[37.5859616,55.8690776],[37.58593214,55.8690809]]]},"properties":{"type":"room","subtype":"apartment","roomType":"BATHROOM","area":3.604232158887638},"type":"Feature"},{"geometry":{"type":"Polygon","coordinates":[[[37.5859337,55.8690853],[37.58590831,55.86908814],[37.58591243,55.86909978],[37.58593782,55.86909695],[37.5859337,55.8690853]]]},"properties":{"type":"room","subtype":"apartment","roomType":"TOILET","area":2.1407142913767627},"type":"Feature"},{"geometry":{"type":"Polygon","coordinates":[[[37.58596317,55.86907743],[37.58597452,55.86910953],[37.58608736,55.86909691],[37.58608736,55.86909691],[37.58607601,55.86906481],[37.58596317,55.86907743],[37.58596317,55.86907743]]]},"properties":{"type":"room","subtype":"apartment","roomType":"BEDROOM","area":26.228571192298745},"type":"Feature"},{"geometry":{"type":"Polygon","coordinates":[[[37.58583935,55.86912347],[37.58586129,55.86912102],[37.58585096,55.8690918],[37.58582902,55.86909426],[37.58583935,55.86912347]]]},"properties":{"type":"room","subtype":"apartment","roomType":"BALCONY","area":4.641128397873837},"type":"Feature"},{"geometry":{"type":"Polygon","coordinates":[[[37.58586169,55.86912214],[37.58587304,55.86915424],[37.58593604,55.8691472],[37.58593448,55.86914279],[37.58593448,55.86914277],[37.58593448,55.86914276],[37.58593449,55.86914274],[37.5859345,55.86914272],[37.58593452,55.86914271],[37.58593455,55.8691427],[37.58593457,55.86914269],[37.5859346,55.86914269],[37.58596861,55.86913888],[37.58596861,55.86913888],[37.58595885,55.86911129],[37.58595885,55.86911128],[37.58586169,55.86912214],[37.58586169,55.86912214]]]},"properties":{"type":"apartment","rooms":0,"totalArea":22.58571428647157,"livingArea":14.68071429504165,"apartmentType":-1},"type":"Feature"},{"geometry":{"type":"Polygon","coordinates":[[[37.58586169,55.86912214],[37.58587304,55.86915424],[37.58593619,55.86914718],[37.58592484,55.86911508],[37.58586169,55.86912214],[37.58586169,55.86912214]]]},"properties":{"type":"room","subtype":"apartment","roomType":"STUDIO","area":14.68071429504165},"type":"Feature"},{"geometry":{"type":"Polygon","coordinates":[[[37.58596864,55.86913897],[37.58596453,55.86912733],[37.58593052,55.86913113],[37.58593464,55.86914277],[37.58596864,55.86913897]]]},"properties":{"type":"room","subtype":"apartment","roomType":"JOINT_BATHROOM","area":2.8674999928308647},"type":"Feature"},{"geometry":{"type":"Polygon","coordinates":[[[37.58593052,55.86913113],[37.58596453,55.86912733],[37.58595885,55.86911129],[37.58595885,55.86911128],[37.58592484,55.86911508],[37.58593052,55.86913113]]]},"properties":{"type":"room","subtype":"apartment","roomType":"HALL","area":3.9525000088459974},"type":"Feature"},{"geometry":{"type":"Polygon","coordinates":[[[37.5858507,55.86915557],[37.58587264,55.86915312],[37.58586208,55.86912327],[37.58584014,55.86912572],[37.5858507,55.86915557]]]},"properties":{"type":"room","subtype":"apartment","roomType":"BALCONY","area":4.7422566131444865},"type":"Feature"},{"geometry":{"type":"Polygon","coordinates":[[[37.58595916,55.86911217],[37.58595446,55.86911269],[37.5859554,55.86911534],[37.5859601,55.86911481],[37.58595916,55.86911217]]]},"properties":{"type":"room_object","subtype":"room","roomObjectType":"ELECTRICAL_BOX"},"type":"Feature"},{"geometry":{"type":"Polygon","coordinates":[[[37.58587255,55.86921737],[37.58589449,55.86921492],[37.58587428,55.86915777],[37.58585234,55.86916022],[37.58587255,55.86921737]]]},"properties":{"type":"balcony","area":9.079999997572664,"subtype":"service"},"type":"Feature"},{"geometry":{"type":"Polygon","coordinates":[[[37.58587304,55.86915424],[37.58588439,55.86918634],[37.58598155,55.86917548],[37.58598155,55.86917548],[37.5859702,55.86914338],[37.58587304,55.86915424],[37.58587304,55.86915424]]]},"properties":{"type":"ladder","area":22.58571413287912,"subtype":"service"},"type":"Feature"},{"geometry":{"type":"Polygon","coordinates":[[[37.5859314,55.86918109],[37.58588439,55.86918634],[37.58588439,55.86918634],[37.58589574,55.86921844],[37.5859929,55.86920758],[37.5859881,55.86919398],[37.58598026,55.86919486],[37.58596302,55.86919679],[37.58593795,55.86919959],[37.5859314,55.86918109]]]},"properties":{"type":"corridor","area":15.865714440861241,"subtype":"service"},"type":"Feature"},{"geometry":{"type":"Polygon","coordinates":[[[37.58597372,55.86917635],[37.58598026,55.86919486],[37.5859881,55.86919398],[37.58598155,55.86917548],[37.58597372,55.86917635]]]},"properties":{"type":"heating_meter","area":1.0499999930078279,"subtype":"service"},"type":"Feature"},{"geometry":{"type":"Polygon","coordinates":[[[37.58595648,55.86917828],[37.58596302,55.86919679],[37.58598026,55.86919486],[37.58597372,55.86917635],[37.58595648,55.86917828]]]},"properties":{"type":"elevator","area":2.310000000396335,"subtype":"service"},"type":"Feature"},{"geometry":{"type":"Polygon","coordinates":[[[37.5859314,55.86918109],[37.58593795,55.86919959],[37.58596302,55.86919679],[37.58595648,55.86917828],[37.5859314,55.86918109]]]},"properties":{"type":"elevator","area":3.359999999102797,"subtype":"service"},"type":"Feature"},{"geometry":{"type":"Polygon","coordinates":[[[37.5860156,55.86927177],[37.58604695,55.86926827],[37.5859902,55.86910778],[37.58595885,55.86911129],[37.5860156,55.86927177]]]},"properties":{"type":"corridor","area":36.42457070806324,"subtype":"service"},"type":"Feature"},{"geometry":{"type":"Polygon","coordinates":[[[37.58596774,55.86921497],[37.58596618,55.86921057],[37.58594432,55.86921301],[37.58594588,55.86921742],[37.58596774,55.86921497]]]},"properties":{"type":"ventilation","area":0.6975000002508756,"subtype":"service"},"type":"Feature"},{"geometry":{"type":"Polygon","coordinates":[[[37.58598465,55.86930403],[37.58598621,55.86930843],[37.5860116,55.8693056],[37.58601004,55.86930119],[37.58598465,55.86930403]]]},"properties":{"type":"ventilation","area":0.8100000125905118,"subtype":"service"},"type":"Feature"},{"geometry":{"type":"Polygon","coordinates":[[[37.58607211,55.86926088],[37.58607366,55.86926528],[37.58609553,55.86926284],[37.58609397,55.86925843],[37.58607211,55.86926088]]]},"properties":{"type":"ventilation","area":0.6975000208453854,"subtype":"service"},"type":"Feature"},{"geometry":{"type":"Polygon","coordinates":[[[37.58603806,55.86916458],[37.58603962,55.86916899],[37.58606148,55.86916654],[37.58605992,55.86916214],[37.58603806,55.86916458]]]},"properties":{"type":"ventilation","area":0.6974999993663087,"subtype":"service"},"type":"Feature"},{"geometry":{"type":"Polygon","coordinates":[[[37.5859337,55.8690853],[37.58593214,55.8690809],[37.58590675,55.86908373],[37.58590831,55.86908814],[37.5859337,55.8690853]]]},"properties":{"type":"ventilation","area":0.809999987997603,"subtype":"service"},"type":"Feature"},{"geometry":{"type":"Polygon","coordinates":[[[37.58596864,55.86913897],[37.58593464,55.86914277],[37.58593619,55.86914718],[37.5859702,55.86914338],[37.58596864,55.86913897]]]},"properties":{"type":"ventilation","area":1.084999991217082,"subtype":"service"},"type":"Feature"},{"geometry":{"type":"Polygon","coordinates":[[[37.58745667,55.86863514],[37.58740582,55.86865107],[37.58741899,55.86866437],[37.58742597,55.86866219],[37.587426,55.86866218],[37.58742603,55.86866217],[37.58742606,55.86866217],[37.58742609,55.86866218],[37.58742612,55.86866218],[37.58742615,55.86866219],[37.58742617,55.86866221],[37.58742619,55.86866222],[37.58743703,55.86867317],[37.58743704,55.86867319],[37.58743705,55.8686732],[37.58743705,55.86867322],[37.58743705,55.86867324],[37.58743703,55.86867325],[37.58743702,55.86867327],[37.587437,55.86867328],[37.58743697,55.86867329],[37.58742999,55.86867548],[37.58745401,55.86869973],[37.58745401,55.86869973],[37.58750486,55.86868381],[37.58755572,55.86866789],[37.58750753,55.86861922],[37.58750751,55.86861923],[37.58745667,55.86863514]]]},"properties":{"type":"apartment","rooms":1,"totalArea":45.1714285682251,"livingArea":22.58571428333741,"apartmentType":1},"type":"Feature"},{"geometry":{"type":"Polygon","coordinates":[[[37.58742991,55.8686754],[37.58745323,55.86869895],[37.58745341,55.86869909],[37.58745363,55.86869922],[37.5874539,55.86869931],[37.58745419,55.86869938],[37.5874545,55.86869941],[37.58745481,55.8686994],[37.58745512,55.86869937],[37.5874554,55.8686993],[37.58750347,55.86868425],[37.58750372,55.86868415],[37.58750394,55.86868402],[37.58750411,55.86868387],[37.58750423,55.86868371],[37.58750428,55.86868354],[37.58750428,55.86868336],[37.58750421,55.86868319],[37.58750409,55.86868303],[37.58748077,55.86865948],[37.58742991,55.8686754]]]},"properties":{"type":"room","subtype":"apartment","roomType":"KITCHEN","area":11.28846437027702},"type":"Feature"},{"geometry":{"type":"Polygon","coordinates":[[[37.58748077,55.86865948],[37.58745745,55.86863593],[37.58745727,55.86863578],[37.58745705,55.86863566],[37.58745678,55.86863557],[37.58745649,55.8686355],[37.58745618,55.86863547],[37.58745587,55.86863547],[37.58745556,55.86863551],[37.58745528,55.86863558],[37.58743124,55.8686431],[37.58745534,55.86866744],[37.58748077,55.86865948]]]},"properties":{"type":"room","subtype":"apartment","roomType":"HALL","area":5.6442321632109325},"type":"Feature"},{"geometry":{"type":"Polygon","coordinates":[[[37.58741907,55.86866445],[37.5874445,55.86865649],[37.58743124,55.8686431],[37.58740721,55.86865063],[37.58740696,55.86865073],[37.58740674,55.86865086],[37.58740657,55.868651],[37.58740645,55.86865117],[37.5874064,55.86865134],[37.5874064,55.86865152],[37.58740647,55.86865169],[37.58740659,55.86865185],[37.58741907,55.86866445]]]},"properties":{"type":"room","subtype":"apartment","roomType":"BATHROOM","area":3.1033393476059787},"type":"Feature"},{"geometry":{"type":"Polygon","coordinates":[[[37.58742605,55.86866226],[37.58743689,55.86867321],[37.58745534,55.86866744],[37.5874445,55.86865649],[37.58742605,55.86866226]]]},"properties":{"type":"room","subtype":"apartment","roomType":"TOILET","area":1.8433928552833556},"type":"Feature"},{"geometry":{"type":"Polygon","coordinates":[[[37.58755572,55.86866789],[37.58755572,55.86866789],[37.58750753,55.86861922],[37.58750751,55.86861923],[37.58745667,55.86863514],[37.58745667,55.86863514],[37.58750486,55.86868381],[37.58755572,55.86866789]]]},"properties":{"type":"room","subtype":"apartment","roomType":"BEDROOM","area":22.58571428333741},"type":"Feature"},{"geometry":{"type":"Polygon","coordinates":[[[37.58751396,55.86869536],[37.58750308,55.86868437],[37.58745579,55.86869917],[37.58746667,55.86871016],[37.58751396,55.86869536]]]},"properties":{"type":"room","subtype":"apartment","roomType":"BALCONY","area":4.742256609675136},"type":"Feature"},{"geometry":{"type":"Polygon","coordinates":[[[37.58745719,55.86863807],[37.58745486,55.86863571],[37.58745109,55.86863689],[37.58745342,55.86863925],[37.58745719,55.86863807]]]},"properties":{"type":"room_object","subtype":"room","roomObjectType":"ELECTRICAL_BOX"},"type":"Feature"},{"geometry":{"type":"Polygon","coordinates":[[[37.58749975,55.86861137],[37.58755572,55.86866789],[37.58755572,55.86866789],[37.58760657,55.86865197],[37.58755061,55.86859545],[37.5875353,55.86857999],[37.5875353,55.86857999],[37.58752832,55.86858217],[37.58752829,55.86858218],[37.58752826,55.86858219],[37.58752823,55.86858219],[37.5875282,55.86858218],[37.58752817,55.86858218],[37.58752814,55.86858217],[37.58752812,55.86858215],[37.5875281,55.86858214],[37.58751551,55.86856942],[37.5875155,55.86856941],[37.58751549,55.86856939],[37.58751549,55.86856937],[37.58751549,55.86856935],[37.58751551,55.86856934],[37.58751552,55.86856932],[37.58751554,55.86856931],[37.58751557,55.8685693],[37.58752255,55.86856712],[37.58752255,55.86856712],[37.58749465,55.86853894],[37.58749465,55.86853894],[37.58744379,55.86855486],[37.58749975,55.86861137]]]},"properties":{"type":"apartment","rooms":1,"totalArea":52.45714286158997,"livingArea":26.228571087299446,"apartmentType":1},"type":"Feature"},{"geometry":{"type":"Polygon","coordinates":[[[37.58747177,55.86858312],[37.58752263,55.86856719],[37.58749542,55.86853972],[37.58749524,55.86853958],[37.58749502,55.86853945],[37.58749476,55.86853936],[37.58749446,55.86853929],[37.58749416,55.86853926],[37.58749384,55.86853927],[37.58749354,55.8685393],[37.58749325,55.86853937],[37.58744519,55.86855442],[37.58744493,55.86855452],[37.58744471,55.86855465],[37.58744454,55.86855479],[37.58744443,55.86855496],[37.58744437,55.86855513],[37.58744438,55.86855531],[37.58744444,55.86855548],[37.58744457,55.86855564],[37.58747177,55.86858312]]]},"properties":{"type":"room","subtype":"apartment","roomType":"KITCHEN","area":13.109893198846338},"type":"Feature"},{"geometry":{"type":"Polygon","coordinates":[[[37.5874972,55.86857515],[37.58747177,55.86858312],[37.58749898,55.86861059],[37.58749916,55.86861073],[37.58749938,55.86861086],[37.58749964,55.86861095],[37.58749994,55.86861102],[37.58750024,55.86861105],[37.58750056,55.86861104],[37.58750086,55.86861101],[37.58750115,55.86861094],[37.58752518,55.86860341],[37.5874972,55.86857515]]]},"properties":{"type":"room","subtype":"apartment","roomType":"HALL","area":6.554946595186783},"type":"Feature"},{"geometry":{"type":"Polygon","coordinates":[[[37.58753522,55.86857991],[37.58750979,55.86858787],[37.58752518,55.86860341],[37.58754921,55.86859589],[37.58754947,55.86859579],[37.58754969,55.86859566],[37.58754986,55.86859551],[37.58754997,55.86859535],[37.58755003,55.86859518],[37.58755002,55.868595],[37.58754996,55.86859483],[37.58754983,55.86859467],[37.58753522,55.86857991]]]},"properties":{"type":"room","subtype":"apartment","roomType":"BATHROOM","area":3.6042321500035603},"type":"Feature"},{"geometry":{"type":"Polygon","coordinates":[[[37.58751565,55.86856938],[37.5874972,55.86857515],[37.58750979,55.86858787],[37.58752824,55.8685821],[37.58751565,55.86856938]]]},"properties":{"type":"room","subtype":"apartment","roomType":"TOILET","area":2.1407142609834824},"type":"Feature"},{"geometry":{"type":"Polygon","coordinates":[[[37.58749975,55.86861137],[37.58749975,55.86861137],[37.58755061,55.86859545],[37.58755061,55.86859545],[37.58755061,55.86859545],[37.58760657,55.86865197],[37.58755572,55.86866789],[37.58755572,55.86866789],[37.58749975,55.86861137]]]},"properties":{"type":"room","subtype":"apartment","roomType":"BEDROOM","area":26.228571087299446},"type":"Feature"},{"geometry":{"type":"Polygon","coordinates":[[[37.58761466,55.86866383],[37.58760378,55.86865284],[37.5875575,55.86866733],[37.58756838,55.86867832],[37.58761466,55.86866383]]]},"properties":{"type":"room","subtype":"apartment","roomType":"BALCONY","area":4.641128172987431},"type":"Feature"},{"geometry":{"type":"Polygon","coordinates":[[[37.58739294,55.86857078],[37.58734208,55.8685867],[37.58739027,55.86863537],[37.58739027,55.86863537],[37.58744113,55.86861945],[37.58749198,55.86860352],[37.58747881,55.86859022],[37.5874788,55.86859022],[37.58747182,55.86859241],[37.58747179,55.86859242],[37.58747176,55.86859242],[37.58747173,55.86859242],[37.5874717,55.86859242],[37.58747167,55.86859241],[37.58747164,55.8685924],[37.58747162,55.86859239],[37.5874716,55.86859237],[37.58746076,55.86858142],[37.58746075,55.86858141],[37.58746074,55.86858139],[37.58746074,55.86858137],[37.58746075,55.86858136],[37.58746076,55.86858134],[37.58746078,55.86858132],[37.5874608,55.86858131],[37.58746082,55.8685813],[37.5874678,55.86857912],[37.58746781,55.86857911],[37.58744379,55.86855486],[37.58739294,55.86857078]]]},"properties":{"type":"apartment","rooms":1,"totalArea":45.17142856837297,"livingArea":22.58571428487866,"apartmentType":1},"type":"Feature"},{"geometry":{"type":"Polygon","coordinates":[[[37.58739433,55.86857034],[37.58739407,55.86857044],[37.58739386,55.86857057],[37.58739369,55.86857072],[37.58739357,55.86857088],[37.58739352,55.86857105],[37.58739352,55.86857123],[37.58739359,55.8685714],[37.58739371,55.86857156],[37.58741703,55.86859511],[37.58746788,55.8685792],[37.58744457,55.86855564],[37.58744439,55.8685555],[37.58744416,55.86855537],[37.5874439,55.86855528],[37.58744361,55.86855521],[37.5874433,55.86855518],[37.58744299,55.86855519],[37.58744268,55.86855522],[37.58744239,55.86855529],[37.58739433,55.86857034]]]},"properties":{"type":"room","subtype":"apartment","roomType":"KITCHEN","area":11.287688451267886},"type":"Feature"},{"geometry":{"type":"Polygon","coordinates":[[[37.58744245,55.86858715],[37.58741703,55.86859511],[37.58744035,55.86861866],[37.58744053,55.86861881],[37.58744075,55.86861893],[37.58744102,55.86861902],[37.58744131,55.86861909],[37.58744162,55.86861912],[37.58744193,55.86861912],[37.58744224,55.86861908],[37.58744252,55.86861901],[37.58746654,55.86861149],[37.58744245,55.86858715]]]},"properties":{"type":"room","subtype":"apartment","roomType":"HALL","area":5.6424247050828455},"type":"Feature"},{"geometry":{"type":"Polygon","coordinates":[[[37.58747872,55.86859015],[37.58745329,55.8685981],[37.58746654,55.86861149],[37.58749057,55.86860397],[37.58749083,55.86860387],[37.58749105,55.86860374],[37.58749122,55.86860359],[37.58749133,55.86860343],[37.58749139,55.86860325],[37.58749138,55.86860308],[37.58749132,55.86860291],[37.58749119,55.86860274],[37.58747872,55.86859015]]]},"properties":{"type":"room","subtype":"apartment","roomType":"BATHROOM","area":3.1029352097648237},"type":"Feature"},{"geometry":{"type":"Polygon","coordinates":[[[37.58745329,55.8685981],[37.58747174,55.86859233],[37.5874609,55.86858138],[37.58744245,55.86858715],[37.58745329,55.8685981]]]},"properties":{"type":"room","subtype":"apartment","roomType":"TOILET","area":1.8432803849859858},"type":"Feature"},{"geometry":{"type":"Polygon","coordinates":[[[37.58744113,55.86861945],[37.58744113,55.86861945],[37.58739027,55.86863537],[37.58739027,55.86863537],[37.58734208,55.8685867],[37.58734208,55.8685867],[37.58739294,55.86857078],[37.58739294,55.86857078],[37.58744113,55.86861945]]]},"properties":{"type":"room","subtype":"apartment","roomType":"BEDROOM","area":22.58571428487866},"type":"Feature"},{"geometry":{"type":"Polygon","coordinates":[[[37.58738384,55.86855923],[37.58739472,55.86857022],[37.58744201,55.86855542],[37.58743113,55.86854443],[37.58738384,55.86855923]]]},"properties":{"type":"room","subtype":"apartment","roomType":"BALCONY","area":4.742234950145254},"type":"Feature"},{"geometry":{"type":"Polygon","coordinates":[[[37.58744061,55.86861652],[37.58744294,55.86861888],[37.58744671,55.8686177],[37.58744438,55.86861534],[37.58744061,55.86861652]]]},"properties":{"type":"room_object","subtype":"room","roomObjectType":"ELECTRICAL_BOX"},"type":"Feature"},{"geometry":{"type":"Polygon","coordinates":[[[37.58729123,55.86860262],[37.58724037,55.86861854],[37.58728856,55.86866721],[37.58728856,55.86866721],[37.58733942,55.86865129],[37.58739027,55.86863537],[37.5873771,55.86862206],[37.5873771,55.86862206],[37.58737012,55.86862425],[37.58737009,55.86862425],[37.58737006,55.86862426],[37.58737003,55.86862426],[37.58737,55.86862425],[37.58736997,55.86862425],[37.58736994,55.86862424],[37.58736992,55.86862423],[37.5873699,55.86862421],[37.58735906,55.86861326],[37.58735904,55.86861325],[37.58735904,55.86861323],[37.58735904,55.86861321],[37.58735904,55.86861319],[37.58735905,55.86861318],[37.58735907,55.86861316],[37.58735909,55.86861315],[37.58735912,55.86861314],[37.5873661,55.86861095],[37.58734208,55.8685867],[37.58729123,55.86860262]]]},"properties":{"type":"apartment","rooms":1,"totalArea":45.1714285676382,"livingArea":22.585714284615918,"apartmentType":1},"type":"Feature"},{"geometry":{"type":"Polygon","coordinates":[[[37.58736618,55.86861103],[37.58734286,55.86858748],[37.58734268,55.86858734],[37.58734245,55.86858722],[37.58734219,55.86858712],[37.5873419,55.86858706],[37.58734159,55.86858703],[37.58734128,55.86858703],[37.58734097,55.86858707],[37.58734068,55.86858714],[37.58729262,55.86860218],[37.58729236,55.86860228],[37.58729215,55.86860241],[37.58729198,55.86860256],[37.58729186,55.86860272],[37.58729181,55.86860289],[37.58729181,55.86860307],[37.58729188,55.86860324],[37.587292,55.8686034],[37.58731532,55.86862695],[37.58736618,55.86861103]]]},"properties":{"type":"room","subtype":"apartment","roomType":"KITCHEN","area":11.288464366023385},"type":"Feature"},{"geometry":{"type":"Polygon","coordinates":[[[37.58734075,55.86861899],[37.58731532,55.86862695],[37.58733864,55.8686505],[37.58733882,55.86865065],[37.58733904,55.86865077],[37.58733931,55.86865086],[37.5873396,55.86865093],[37.58733991,55.86865096],[37.58734022,55.86865096],[37.58734053,55.86865092],[37.58734081,55.86865085],[37.58736484,55.86864333],[37.58734075,55.86861899]]]},"properties":{"type":"room","subtype":"apartment","roomType":"HALL","area":5.644232163981376},"type":"Feature"},{"geometry":{"type":"Polygon","coordinates":[[[37.58737702,55.86862198],[37.58735159,55.86862994],[37.58736484,55.86864333],[37.58738888,55.8686358],[37.58738913,55.8686357],[37.58738935,55.86863558],[37.58738952,55.86863543],[37.58738964,55.86863526],[37.58738969,55.86863509],[37.58738969,55.86863491],[37.58738962,55.86863474],[37.58738949,55.86863458],[37.58737702,55.86862198]]]},"properties":{"type":"room","subtype":"apartment","roomType":"BATHROOM","area":3.1033393480293094},"type":"Feature"},{"geometry":{"type":"Polygon","coordinates":[[[37.58737004,55.86862417],[37.5873592,55.86861322],[37.58734075,55.86861899],[37.58735159,55.86862994],[37.58737004,55.86862417]]]},"properties":{"type":"room","subtype":"apartment","roomType":"TOILET","area":1.8433928553561796},"type":"Feature"},{"geometry":{"type":"Polygon","coordinates":[[[37.58729123,55.86860262],[37.58724037,55.86861854],[37.58724037,55.86861854],[37.58728856,55.86866721],[37.58728856,55.86866721],[37.58733942,55.86865129],[37.58733942,55.86865129],[37.58729123,55.86860262],[37.58729123,55.86860262]]]},"properties":{"type":"room","subtype":"apartment","roomType":"BEDROOM","area":22.585714284615918},"type":"Feature"},{"geometry":{"type":"Polygon","coordinates":[[[37.58728213,55.86859107],[37.58729301,55.86860206],[37.5873403,55.86858726],[37.58732942,55.86857627],[37.58728213,55.86859107]]]},"properties":{"type":"room","subtype":"apartment","roomType":"BALCONY","area":4.742256611249606},"type":"Feature"},{"geometry":{"type":"Polygon","coordinates":[[[37.5873389,55.86864836],[37.58734123,55.86865072],[37.587345,55.86864954],[37.58734267,55.86864718],[37.5873389,55.86864836]]]},"properties":{"type":"room_object","subtype":"room","roomObjectType":"ELECTRICAL_BOX"},"type":"Feature"},{"geometry":{"type":"Polygon","coordinates":[[[37.58718952,55.86863446],[37.58713866,55.86865038],[37.58719462,55.8687069],[37.58719462,55.8687069],[37.58724548,55.86869098],[37.58723772,55.86868312],[37.58728856,55.86866721],[37.58727538,55.8686539],[37.5872684,55.86865609],[37.58726838,55.86865609],[37.58726835,55.8686561],[37.58726831,55.8686561],[37.58726828,55.86865609],[37.58726825,55.86865609],[37.58726823,55.86865608],[37.58726821,55.86865607],[37.58726819,55.86865605],[37.58725734,55.8686451],[37.58725733,55.86864509],[37.58725732,55.86864507],[37.58725732,55.86864505],[37.58725733,55.86864503],[37.58725734,55.86864502],[37.58725736,55.868645],[37.58725738,55.86864499],[37.5872574,55.86864498],[37.58726439,55.86864279],[37.58726439,55.86864279],[37.58724037,55.86861854],[37.58718952,55.86863446]]]},"properties":{"type":"apartment","rooms":1,"totalArea":48.81478537695592,"livingArea":26.228571087320056,"apartmentType":1},"type":"Feature"},{"geometry":{"type":"Polygon","coordinates":[[[37.58726446,55.86864287],[37.58724115,55.86861933],[37.58724097,55.86861918],[37.58724074,55.86861906],[37.58724048,55.86861896],[37.58724019,55.8686189],[37.58723988,55.86861887],[37.58723957,55.86861887],[37.58723926,55.86861891],[37.58723897,55.86861898],[37.58719091,55.86863402],[37.58719065,55.86863412],[37.58719044,55.86863425],[37.58719027,55.8686344],[37.58719015,55.86863456],[37.5871901,55.86863474],[37.5871901,55.86863491],[37.58719017,55.86863508],[37.58719029,55.86863525],[37.58721361,55.8686588],[37.58726446,55.86864287]]]},"properties":{"type":"room","subtype":"apartment","roomType":"KITCHEN","area":11.288464413478989},"type":"Feature"},{"geometry":{"type":"Polygon","coordinates":[[[37.58726315,55.86867516],[37.58723904,55.86865083],[37.58721361,55.8686588],[37.58723693,55.86868234],[37.58723711,55.86868249],[37.58723733,55.86868261],[37.5872376,55.86868271],[37.58723789,55.86868277],[37.5872382,55.8686828],[37.58723851,55.8686828],[37.58723881,55.86868276],[37.5872391,55.86868269],[37.58726315,55.86867516]]]},"properties":{"type":"room","subtype":"apartment","roomType":"HALL","area":5.646039619668719},"type":"Feature"},{"geometry":{"type":"Polygon","coordinates":[[[37.58724989,55.86866178],[37.58726315,55.86867516],[37.58728717,55.86866765],[37.58728742,55.86866754],[37.58728764,55.86866742],[37.58728781,55.86866727],[37.58728792,55.86866711],[37.58728798,55.86866693],[37.58728798,55.86866676],[37.58728791,55.86866658],[37.58728778,55.86866642],[37.58727531,55.86865382],[37.58724989,55.86866178]]]},"properties":{"type":"room","subtype":"apartment","roomType":"BATHROOM","area":3.102273682444897},"type":"Feature"},{"geometry":{"type":"Polygon","coordinates":[[[37.58724989,55.86866178],[37.58726833,55.86865601],[37.58725748,55.86864506],[37.58723904,55.86865083],[37.58724989,55.86866178]]]},"properties":{"type":"room","subtype":"apartment","roomType":"TOILET","area":1.8424940565762824},"type":"Feature"},{"geometry":{"type":"Polygon","coordinates":[[[37.58724548,55.86869098],[37.58718952,55.86863446],[37.58718952,55.86863446],[37.58713866,55.86865038],[37.58719462,55.8687069],[37.58719462,55.8687069],[37.58719462,55.8687069],[37.58724548,55.86869098],[37.58724548,55.86869098]]]},"properties":{"type":"room","subtype":"apartment","roomType":"BEDROOM","area":26.228571087320056},"type":"Feature"},{"geometry":{"type":"Polygon","coordinates":[[[37.58718042,55.86862291],[37.5871913,55.8686339],[37.58723859,55.8686191],[37.58722771,55.86860811],[37.58718042,55.86862291]]]},"properties":{"type":"room","subtype":"apartment","roomType":"BALCONY","area":4.742256611193748},"type":"Feature"},{"geometry":{"type":"Polygon","coordinates":[[[37.58723719,55.86868021],[37.58723952,55.86868256],[37.5872433,55.86868138],[37.58724097,55.86867902],[37.58723719,55.86868021]]]},"properties":{"type":"room_object","subtype":"room","roomObjectType":"ELECTRICAL_BOX"},"type":"Feature"},{"geometry":{"type":"Polygon","coordinates":[[[37.58725327,55.86869882],[37.58724548,55.86869098],[37.58719462,55.8687069],[37.58725059,55.86876342],[37.58725059,55.86876342],[37.58730144,55.8687475],[37.5873523,55.86873157],[37.58732828,55.86870732],[37.58732828,55.86870732],[37.5873213,55.86870951],[37.58732127,55.86870951],[37.58732124,55.86870952],[37.58732121,55.86870952],[37.58732118,55.86870951],[37.58732115,55.86870951],[37.58732112,55.8687095],[37.5873211,55.86870949],[37.58732108,55.86870947],[37.58731024,55.86869852],[37.58731023,55.8686985],[37.58731022,55.86869849],[37.58731022,55.86869847],[37.58731023,55.86869845],[37.58731024,55.86869844],[37.58731026,55.86869842],[37.58731028,55.86869841],[37.58731031,55.8686984],[37.58731728,55.86869621],[37.58730411,55.86868291],[37.58730411,55.86868291],[37.58725327,55.86869882]]]},"properties":{"type":"apartment","rooms":1,"totalArea":48.814786049648404,"livingArea":26.228571772748154,"apartmentType":1},"type":"Feature"},{"geometry":{"type":"Polygon","coordinates":[[[37.58727735,55.86872316],[37.58730066,55.86874671],[37.58730084,55.86874686],[37.58730107,55.86874698],[37.58730133,55.86874707],[37.58730162,55.86874714],[37.58730193,55.86874717],[37.58730224,55.86874717],[37.58730255,55.86874713],[37.58730284,55.86874706],[37.5873509,55.86873201],[37.58735116,55.86873191],[37.58735138,55.86873178],[37.58735155,55.86873164],[37.58735166,55.86873147],[37.58735172,55.8687313],[37.58735171,55.86873112],[37.58735164,55.86873095],[37.58735152,55.86873079],[37.5873282,55.86870724],[37.58727735,55.86872316]]]},"properties":{"type":"room","subtype":"apartment","roomType":"KITCHEN","area":11.287688455851837},"type":"Feature"},{"geometry":{"type":"Polygon","coordinates":[[[37.58727869,55.86869086],[37.58725466,55.86869839],[37.5872544,55.86869849],[37.58725419,55.86869861],[37.58725402,55.86869876],[37.5872539,55.86869893],[37.58725385,55.8686991],[37.58725385,55.86869928],[37.58725392,55.86869945],[37.58725404,55.86869961],[37.58727735,55.86872316],[37.58730278,55.8687152],[37.58727869,55.86869086]]]},"properties":{"type":"room","subtype":"apartment","roomType":"HALL","area":5.643715608769222},"type":"Feature"},{"geometry":{"type":"Polygon","coordinates":[[[37.58727869,55.86869086],[37.58729194,55.86870425],[37.58731736,55.86869629],[37.58730488,55.86868369],[37.58730471,55.86868355],[37.58730448,55.86868343],[37.58730422,55.86868333],[37.58730393,55.86868327],[37.58730362,55.86868323],[37.5873033,55.86868324],[37.587303,55.86868327],[37.58730271,55.86868334],[37.58727869,55.86869086]]]},"properties":{"type":"room","subtype":"apartment","roomType":"BATHROOM","area":3.102273670300878},"type":"Feature"},{"geometry":{"type":"Polygon","coordinates":[[[37.58732122,55.86870943],[37.58731038,55.86869848],[37.58729194,55.86870425],[37.58730278,55.8687152],[37.58732122,55.86870943]]]},"properties":{"type":"room","subtype":"apartment","roomType":"TOILET","area":1.8428079532611512},"type":"Feature"},{"geometry":{"type":"Polygon","coordinates":[[[37.58730144,55.8687475],[37.58724548,55.86869098],[37.58719462,55.8687069],[37.58719462,55.8687069],[37.58725059,55.86876342],[37.58725059,55.86876342],[37.58725059,55.86876342],[37.58730144,55.8687475],[37.58730144,55.8687475]]]},"properties":{"type":"room","subtype":"apartment","roomType":"BEDROOM","area":26.228571772748154},"type":"Feature"},{"geometry":{"type":"Polygon","coordinates":[[[37.58731054,55.86875904],[37.58729966,55.86874805],[37.58725338,55.86876254],[37.58726426,55.86877353],[37.58731054,55.86875904]]]},"properties":{"type":"room","subtype":"apartment","roomType":"BALCONY","area":4.641128436524454},"type":"Feature"},{"geometry":{"type":"Polygon","coordinates":[[[37.58725508,55.86869826],[37.58725741,55.86870061],[37.58726118,55.86869943],[37.58725885,55.86869708],[37.58725508,55.86869826]]]},"properties":{"type":"room_object","subtype":"room","roomObjectType":"ELECTRICAL_BOX"},"type":"Feature"},{"geometry":{"type":"Polygon","coordinates":[[[37.58745931,55.86871247],[37.58744842,55.86870148],[37.58735788,55.86872983],[37.58736876,55.86874082],[37.58745931,55.86871247]]]},"properties":{"type":"balcony","area":9.080000002281263,"subtype":"service"},"type":"Feature"},{"geometry":{"type":"Polygon","coordinates":[[[37.58740315,55.86871565],[37.58740315,55.86871565],[37.5873523,55.86873157],[37.5873523,55.86873157],[37.58730411,55.86868291],[37.58730411,55.86868291],[37.58735496,55.86866699],[37.58735496,55.86866699],[37.58740315,55.86871565]]]},"properties":{"type":"ladder","area":22.58571428477628,"subtype":"service"},"type":"Feature"},{"geometry":{"type":"Polygon","coordinates":[[[37.58740315,55.86871565],[37.58745401,55.86869973],[37.58745401,55.86869973],[37.58740582,55.86865107],[37.58740582,55.86865107],[37.58738428,55.86865781],[37.58738816,55.86866173],[37.58739671,55.86867037],[37.58740915,55.86868293],[37.58737983,55.86869211],[37.58740315,55.86871565]]]},"properties":{"type":"corridor","area":15.865714313113772,"subtype":"service"},"type":"Feature"},{"geometry":{"type":"Polygon","coordinates":[[[37.58735885,55.86867091],[37.58738816,55.86866173],[37.58738428,55.86865781],[37.58735496,55.86866699],[37.58735496,55.86866699],[37.58735885,55.86867091]]]},"properties":{"type":"heating_meter","area":1.0499999688954393,"subtype":"service"},"type":"Feature"},{"geometry":{"type":"Polygon","coordinates":[[[37.5873674,55.86867955],[37.58739671,55.86867037],[37.58738816,55.86866173],[37.58735885,55.86867091],[37.5873674,55.86867955]]]},"properties":{"type":"elevator","area":2.3100000010799673,"subtype":"service"},"type":"Feature"},{"geometry":{"type":"Polygon","coordinates":[[[37.58737983,55.86869211],[37.58740915,55.86868293],[37.58739671,55.86867037],[37.5873674,55.86867955],[37.58737983,55.86869211]]]},"properties":{"type":"elevator","area":3.3599999984160838,"subtype":"service"},"type":"Feature"},{"geometry":{"type":"Polygon","coordinates":[[[37.58723772,55.86868312],[37.58725327,55.86869882],[37.58750751,55.86861923],[37.58749197,55.86860353],[37.58723772,55.86868312]]]},"properties":{"type":"corridor","area":36.42457143256276,"subtype":"service"},"type":"Feature"},{"geometry":{"type":"Polygon","coordinates":[[[37.58743689,55.86867321],[37.58742605,55.86866226],[37.58741907,55.86866445],[37.58742991,55.8686754],[37.58743689,55.86867321]]]},"properties":{"type":"ventilation","area":0.697499999786789,"subtype":"service"},"type":"Feature"},{"geometry":{"type":"Polygon","coordinates":[[[37.58751565,55.86856938],[37.58752824,55.8685821],[37.58753522,55.86857991],[37.58752263,55.86856719],[37.58751565,55.86856938]]]},"properties":{"type":"ventilation","area":0.8100000163296679,"subtype":"service"},"type":"Feature"},{"geometry":{"type":"Polygon","coordinates":[[[37.58747174,55.86859233],[37.58747872,55.86859015],[37.58746788,55.8685792],[37.5874609,55.86858138],[37.58747174,55.86859233]]]},"properties":{"type":"ventilation","area":0.6975000221973092,"subtype":"service"},"type":"Feature"},{"geometry":{"type":"Polygon","coordinates":[[[37.58737004,55.86862417],[37.58737702,55.86862198],[37.58736618,55.86861103],[37.5873592,55.86861322],[37.58737004,55.86862417]]]},"properties":{"type":"ventilation","area":0.6975000003308017,"subtype":"service"},"type":"Feature"},{"geometry":{"type":"Polygon","coordinates":[[[37.58725748,55.86864506],[37.58726833,55.86865601],[37.58727531,55.86865382],[37.58726446,55.86864287],[37.58725748,55.86864506]]]},"properties":{"type":"ventilation","area":0.6976569615152125,"subtype":"service"},"type":"Feature"},{"geometry":{"type":"Polygon","coordinates":[[[37.58731038,55.86869848],[37.58732122,55.86870943],[37.5873282,55.86870724],[37.58731736,55.86869629],[37.58731038,55.86869848]]]},"properties":{"type":"ventilation","area":0.6973430860909565,"subtype":"service"},"type":"Feature"},{"geometry":{"type":"Polygon","coordinates":[[[37.58646421,55.86870683],[37.58649142,55.8687343],[37.58649142,55.8687343],[37.58660659,55.86869825],[37.58672176,55.86866219],[37.58669456,55.86863472],[37.58669456,55.86863472],[37.58657939,55.86867077],[37.58656542,55.86867513],[37.58653822,55.86864767],[37.58653822,55.86864767],[37.58651053,55.86865634],[37.58651442,55.86866026],[37.58651443,55.86866028],[37.58651443,55.8686603],[37.58651444,55.86866031],[37.58651443,55.86866033],[37.58651442,55.86866035],[37.5865144,55.86866036],[37.58651438,55.86866037],[37.58651435,55.86866038],[37.58649158,55.86866751],[37.58649155,55.86866752],[37.58649152,55.86866752],[37.58649149,55.86866752],[37.58649146,55.86866752],[37.58649143,55.86866752],[37.5864914,55.86866751],[37.58649138,55.86866749],[37.58649136,55.86866748],[37.58648748,55.86866355],[37.58648748,55.86866355],[37.58643701,55.86867935],[37.58646421,55.86870683]]]},"properties":{"type":"apartment","rooms":2,"totalArea":83.12549916038932,"livingArea":48.514357178241305,"apartmentType":2},"type":"Feature"},{"geometry":{"type":"Polygon","coordinates":[[[37.58646344,55.86870604],[37.58646362,55.86870619],[37.58646384,55.86870631],[37.5864641,55.8687064],[37.5864644,55.86870647],[37.5864647,55.8687065],[37.58646502,55.8687065],[37.58646532,55.86870646],[37.58646561,55.86870639],[37.58651482,55.86869098],[37.58648762,55.86866351],[37.58643841,55.86867892],[37.58643815,55.86867902],[37.58643793,55.86867914],[37.58643776,55.86867929],[37.58643765,55.86867945],[37.58643759,55.86867963],[37.5864376,55.8686798],[37.58643766,55.86867998],[37.58643779,55.86868014],[37.58646344,55.86870604]]]},"properties":{"type":"room","subtype":"apartment","roomType":"KITCHEN","area":12.683107229873505},"type":"Feature"},{"geometry":{"type":"Polygon","coordinates":[[[37.58655183,55.8686614],[37.58650122,55.86867725],[37.58651482,55.86869098],[37.58656403,55.86867558],[37.58656429,55.86867548],[37.58656451,55.86867535],[37.58656468,55.8686752],[37.58656479,55.86867504],[37.58656485,55.86867487],[37.58656484,55.86867469],[37.58656477,55.86867452],[37.58656465,55.86867436],[37.58655183,55.8686614]]]},"properties":{"type":"room","subtype":"apartment","roomType":"HALL","area":6.341553636530979},"type":"Feature"},{"geometry":{"type":"Polygon","coordinates":[[[37.58655183,55.8686614],[37.586539,55.86864845],[37.58653882,55.86864831],[37.5865386,55.86864819],[37.58653833,55.86864809],[37.58653804,55.86864803],[37.58653773,55.86864799],[37.58653742,55.868648],[37.58653711,55.86864803],[37.58653683,55.8686481],[37.58651039,55.86865638],[37.58652399,55.86867012],[37.58655183,55.8686614]]]},"properties":{"type":"room","subtype":"apartment","roomType":"BATHROOM","area":3.486866094047527},"type":"Feature"},{"geometry":{"type":"Polygon","coordinates":[[[37.58651428,55.86866031],[37.5864915,55.86866744],[37.58650122,55.86867725],[37.58652399,55.86867012],[37.58651428,55.86866031]]]},"properties":{"type":"room","subtype":"apartment","roomType":"TOILET","area":2.039062501176421},"type":"Feature"},{"geometry":{"type":"Polygon","coordinates":[[[37.58656977,55.86870977],[37.58654257,55.8686823],[37.58646561,55.86870639],[37.58646535,55.86870649],[37.58646514,55.86870662],[37.58646497,55.86870676],[37.58646485,55.86870693],[37.5864648,55.8687071],[37.5864648,55.86870728],[37.58646487,55.86870745],[37.58646499,55.86870761],[37.58649064,55.86873352],[37.58649082,55.86873366],[37.58649104,55.86873378],[37.58649131,55.86873388],[37.5864916,55.86873394],[37.58649191,55.86873397],[37.58649222,55.86873397],[37.58649253,55.86873393],[37.58649281,55.86873386],[37.58656977,55.86870977]]]},"properties":{"type":"room","subtype":"apartment","roomType":"BEDROOM","area":19.639357641403464},"type":"Feature"},{"geometry":{"type":"Polygon","coordinates":[[[37.58657939,55.86867077],[37.58660659,55.86869825],[37.58660659,55.86869825],[37.58660659,55.86869825],[37.58672176,55.86866219],[37.58669456,55.86863472],[37.58669456,55.86863472],[37.58669456,55.86863472],[37.58657939,55.86867077]]]},"properties":{"type":"room","subtype":"apartment","roomType":"BEDROOM","area":28.87499953683784},"type":"Feature"},{"geometry":{"type":"Polygon","coordinates":[[[37.58654249,55.86868222],[37.58654246,55.86868223],[37.58654244,55.86868224],[37.58654242,55.86868226],[37.58654241,55.86868227],[37.58654241,55.86868229],[37.58654241,55.86868231],[37.58654242,55.86868233],[37.58654243,55.86868234],[37.58656963,55.86870982],[37.58656965,55.86870983],[37.58656967,55.86870984],[37.5865697,55.86870985],[37.58656973,55.86870986],[37.58656976,55.86870986],[37.58656979,55.86870986],[37.58656982,55.86870986],[37.58656985,55.86870985],[37.58660527,55.86869876],[37.58660529,55.86869876],[37.58660554,55.86869866],[37.58660557,55.86869864],[37.58660579,55.86869852],[37.5866058,55.8686985],[37.58660597,55.86869836],[37.58660599,55.86869834],[37.5866061,55.86869818],[37.58660611,55.86869816],[37.58660617,55.86869799],[37.58660617,55.86869797],[37.58660617,55.86869779],[37.58660616,55.86869777],[37.5866061,55.8686976],[37.58660609,55.86869759],[37.58660596,55.86869742],[37.58660595,55.86869742],[37.5865803,55.86867151],[37.5865803,55.86867151],[37.58658012,55.86867136],[37.5865801,55.86867135],[37.58657987,55.86867122],[37.58657985,55.86867121],[37.58657958,55.86867112],[37.58657956,55.86867111],[37.58657926,55.86867105],[37.58657923,55.86867104],[37.58657893,55.86867101],[37.5865789,55.86867101],[37.58657858,55.86867101],[37.58657855,55.86867101],[37.58657825,55.86867105],[37.58657822,55.86867106],[37.58657793,55.86867113],[37.58657791,55.86867113],[37.58654249,55.86868222]]]},"properties":{"type":"room","subtype":"apartment","roomType":"CORRIDOR","area":9.349056065759532},"type":"Feature"},{"geometry":{"type":"Polygon","coordinates":[[[37.58647032,55.86873885],[37.58648986,55.86873273],[37.58646521,55.86870783],[37.58644566,55.86871395],[37.58647032,55.86873885]]]},"properties":{"type":"room","subtype":"apartment","roomType":"BALCONY","area":4.4411284603706385},"type":"Feature"},{"geometry":{"type":"Polygon","coordinates":[[[37.58656023,55.86867543],[37.58656442,55.86867412],[37.58656231,55.86867199],[37.58655812,55.86867331],[37.58656023,55.86867543]]]},"properties":{"type":"room_object","subtype":"room","roomObjectType":"ELECTRICAL_BOX"},"type":"Feature"},{"geometry":{"type":"Polygon","coordinates":[[[37.58656614,55.86863893],[37.58659334,55.86866639],[37.58659335,55.8686664],[37.58662104,55.86865773],[37.58661716,55.86865381],[37.58661714,55.86865379],[37.58661714,55.86865377],[37.58661714,55.86865376],[37.58661714,55.86865374],[37.58661715,55.86865372],[37.58661717,55.86865371],[37.58661719,55.86865369],[37.58661722,55.86865368],[37.58663999,55.86864655],[37.58664002,55.86864655],[37.58664005,55.86864654],[37.58664008,55.86864654],[37.58664011,55.86864655],[37.58664014,55.86864655],[37.58664017,55.86864656],[37.58664019,55.86864658],[37.58664021,55.86864659],[37.58664409,55.86865051],[37.58664409,55.86865051],[37.58669456,55.86863472],[37.58666736,55.86860724],[37.58664015,55.86857977],[37.58664015,55.86857977],[37.58653894,55.86861145],[37.58656614,55.86863893]]]},"properties":{"type":"apartment","rooms":1,"totalArea":50.7499998499871,"livingArea":25.374999846417282,"apartmentType":1},"type":"Feature"},{"geometry":{"type":"Polygon","coordinates":[[[37.58661675,55.86862308],[37.58664395,55.86865056],[37.58669316,55.86863515],[37.58669342,55.86863505],[37.58669364,55.86863493],[37.58669381,55.86863478],[37.58669392,55.86863461],[37.58669398,55.86863444],[37.58669397,55.86863426],[37.58669391,55.86863409],[37.58669378,55.86863393],[37.58666813,55.86860803],[37.58666796,55.86860788],[37.58666773,55.86860776],[37.58666747,55.86860766],[37.58666718,55.8686076],[37.58666687,55.86860757],[37.58666655,55.86860757],[37.58666625,55.86860761],[37.58666596,55.86860768],[37.58661675,55.86862308]]]},"properties":{"type":"room","subtype":"apartment","roomType":"KITCHEN","area":12.683107229249872},"type":"Feature"},{"geometry":{"type":"Polygon","coordinates":[[[37.58657975,55.86865266],[37.58663035,55.86863682],[37.58661675,55.86862308],[37.58656754,55.86863849],[37.58656728,55.86863859],[37.58656707,55.86863872],[37.5865669,55.86863887],[37.58656678,55.86863903],[37.58656672,55.8686392],[37.58656673,55.86863938],[37.5865668,55.86863955],[37.58656692,55.86863971],[37.58657975,55.86865266]]]},"properties":{"type":"room","subtype":"apartment","roomType":"HALL","area":6.341553641359363},"type":"Feature"},{"geometry":{"type":"Polygon","coordinates":[[[37.58662118,55.86865769],[37.58660758,55.86864395],[37.58657975,55.86865266],[37.58659257,55.86866562],[37.58659275,55.86866576],[37.58659297,55.86866588],[37.58659324,55.86866598],[37.58659353,55.86866604],[37.58659384,55.86866607],[37.58659415,55.86866607],[37.58659446,55.86866603],[37.58659474,55.86866596],[37.58662118,55.86865769]]]},"properties":{"type":"room","subtype":"apartment","roomType":"BATHROOM","area":3.4868660880976354},"type":"Feature"},{"geometry":{"type":"Polygon","coordinates":[[[37.58660758,55.86864395],[37.5866173,55.86865376],[37.58664007,55.86864663],[37.58663035,55.86863682],[37.58660758,55.86864395]]]},"properties":{"type":"room","subtype":"apartment","roomType":"TOILET","area":2.039062496346769},"type":"Feature"},{"geometry":{"type":"Polygon","coordinates":[[[37.58656614,55.86863893],[37.58656614,55.86863893],[37.58653894,55.86861145],[37.58653894,55.86861145],[37.58664015,55.86857977],[37.58664015,55.86857977],[37.58666736,55.86860724],[37.58656614,55.86863893],[37.58656614,55.86863893]]]},"properties":{"type":"room","subtype":"apartment","roomType":"BEDROOM","area":25.374999846417282},"type":"Feature"},{"geometry":{"type":"Polygon","coordinates":[[[37.58668789,55.86860213],[37.58666835,55.86860824],[37.58669357,55.86863371],[37.58671311,55.86862759],[37.58668789,55.86860213]]]},"properties":{"type":"room","subtype":"apartment","roomType":"BALCONY","area":4.542256613603043},"type":"Feature"},{"geometry":{"type":"Polygon","coordinates":[[[37.58657134,55.86863864],[37.58656715,55.86863995],[37.58656925,55.86864207],[37.58657344,55.86864076],[37.58657134,55.86863864]]]},"properties":{"type":"room_object","subtype":"room","roomObjectType":"ELECTRICAL_BOX"},"type":"Feature"},{"geometry":{"type":"Polygon","coordinates":[[[37.58651174,55.86858398],[37.58653894,55.86861145],[37.58653894,55.86861145],[37.58656663,55.86860278],[37.58656275,55.86859886],[37.58656274,55.86859884],[37.58656273,55.86859883],[37.58656273,55.86859881],[37.58656273,55.86859879],[37.58656275,55.86859877],[37.58656276,55.86859876],[37.58656278,55.86859875],[37.58656281,55.86859874],[37.58658558,55.86859161],[37.58658561,55.8685916],[37.58658564,55.8685916],[37.58658567,55.8685916],[37.5865857,55.8685916],[37.58658573,55.86859161],[37.58658576,55.86859162],[37.58658578,55.86859163],[37.5865858,55.86859164],[37.58658969,55.86859557],[37.58664015,55.86857977],[37.58661295,55.86855229],[37.58658574,55.86852482],[37.58658574,55.86852482],[37.58648453,55.86855651],[37.58651174,55.86858398]]]},"properties":{"type":"apartment","rooms":1,"totalArea":50.75000000539433,"livingArea":25.37500000642754,"apartmentType":1},"type":"Feature"},{"geometry":{"type":"Polygon","coordinates":[[[37.58658955,55.86859561],[37.58663876,55.86858021],[37.58663901,55.8685801],[37.58663923,55.86857998],[37.5866394,55.86857983],[37.58663952,55.86857967],[37.58663957,55.86857949],[37.58663957,55.86857932],[37.5866395,55.86857914],[37.58663938,55.86857898],[37.58661373,55.86855308],[37.58661355,55.86855293],[37.58661332,55.86855281],[37.58661306,55.86855272],[37.58661277,55.86855265],[37.58661246,55.86855262],[37.58661215,55.86855262],[37.58661184,55.86855266],[37.58661155,55.86855273],[37.58656234,55.86856814],[37.58658955,55.86859561]]]},"properties":{"type":"room","subtype":"apartment","roomType":"KITCHEN","area":12.683107221863132},"type":"Feature"},{"geometry":{"type":"Polygon","coordinates":[[[37.58657594,55.86858187],[37.58656234,55.86856814],[37.58651313,55.86858354],[37.58651287,55.86858364],[37.58651266,55.86858377],[37.58651249,55.86858392],[37.58651237,55.86858408],[37.58651232,55.86858425],[37.58651232,55.86858443],[37.58651239,55.8685846],[37.58651251,55.86858476],[37.58652534,55.86859772],[37.58657594,55.86858187]]]},"properties":{"type":"room","subtype":"apartment","roomType":"HALL","area":6.341553647808829},"type":"Feature"},{"geometry":{"type":"Polygon","coordinates":[[[37.58655317,55.868589],[37.58652534,55.86859772],[37.58653816,55.86861067],[37.58653834,55.86861081],[37.58653857,55.86861094],[37.58653883,55.86861103],[37.58653912,55.8686111],[37.58653943,55.86861113],[37.58653974,55.86861112],[37.58654005,55.86861109],[37.58654034,55.86861102],[37.58656677,55.86860274],[37.58655317,55.868589]]]},"properties":{"type":"room","subtype":"apartment","roomType":"BATHROOM","area":3.4868660826362827},"type":"Feature"},{"geometry":{"type":"Polygon","coordinates":[[[37.58658566,55.86859169],[37.58657594,55.86858187],[37.58655317,55.868589],[37.58656289,55.86859882],[37.58658566,55.86859169]]]},"properties":{"type":"room","subtype":"apartment","roomType":"TOILET","area":2.0390624971336577},"type":"Feature"},{"geometry":{"type":"Polygon","coordinates":[[[37.58651174,55.86858398],[37.58648454,55.86855651],[37.58648454,55.86855651],[37.58648454,55.86855651],[37.58648453,55.86855651],[37.58658574,55.86852482],[37.58658574,55.86852482],[37.58661295,55.86855229],[37.58661295,55.86855229],[37.58651174,55.86858398],[37.58651174,55.86858398]]]},"properties":{"type":"room","subtype":"apartment","roomType":"BEDROOM","area":25.37500000642754},"type":"Feature"},{"geometry":{"type":"Polygon","coordinates":[[[37.58660628,55.8685197],[37.58658674,55.86852582],[37.58661196,55.86855129],[37.5866315,55.86854517],[37.58660628,55.8685197]]]},"properties":{"type":"room","subtype":"apartment","roomType":"BALCONY","area":4.542256613500953},"type":"Feature"},{"geometry":{"type":"Polygon","coordinates":[[[37.58651693,55.86858369],[37.58651275,55.868585],[37.58651485,55.86858712],[37.58651903,55.86858581],[37.58651693,55.86858369]]]},"properties":{"type":"room_object","subtype":"room","roomObjectType":"ELECTRICAL_BOX"},"type":"Feature"},{"geometry":{"type":"Polygon","coordinates":[[[37.5863554,55.86859693],[37.5863826,55.86862441],[37.5863826,55.86862441],[37.58643307,55.86860861],[37.58643307,55.86860861],[37.58642918,55.86860468],[37.58642917,55.86860467],[37.58642916,55.86860465],[37.58642916,55.86860463],[37.58642917,55.86860461],[37.58642918,55.8686046],[37.5864292,55.86860458],[37.58642922,55.86860457],[37.58642924,55.86860456],[37.58645202,55.86859743],[37.58645205,55.86859743],[37.58645208,55.86859742],[37.58645211,55.86859742],[37.58645214,55.86859742],[37.58645217,55.86859743],[37.58645219,55.86859744],[37.58645222,55.86859745],[37.58645223,55.86859747],[37.58645612,55.86860139],[37.58648382,55.86859272],[37.58645662,55.86856525],[37.58647057,55.86856088],[37.58658574,55.86852482],[37.58655854,55.86849735],[37.58655854,55.86849735],[37.58644337,55.8685334],[37.5863282,55.86856946],[37.5863554,55.86859693]]]},"properties":{"type":"apartment","rooms":2,"totalArea":83.12549970577305,"livingArea":48.51435731917712,"apartmentType":2},"type":"Feature"},{"geometry":{"type":"Polygon","coordinates":[[[37.58643321,55.86860856],[37.58640601,55.86858109],[37.5863568,55.86859649],[37.58635654,55.86859659],[37.58635632,55.86859672],[37.58635615,55.86859687],[37.58635604,55.86859703],[37.58635598,55.86859721],[37.58635599,55.86859738],[37.58635605,55.86859755],[37.58635618,55.86859772],[37.58638183,55.86862362],[37.586382,55.86862376],[37.58638223,55.86862389],[37.58638249,55.86862398],[37.58638278,55.86862405],[37.58638309,55.86862408],[37.58638341,55.86862408],[37.58638371,55.86862404],[37.586384,55.86862397],[37.58643321,55.86860856]]]},"properties":{"type":"room","subtype":"apartment","roomType":"KITCHEN","area":12.682200734143581},"type":"Feature"},{"geometry":{"type":"Polygon","coordinates":[[[37.5864574,55.86856604],[37.58645722,55.86856589],[37.58645699,55.86856577],[37.58645673,55.86856568],[37.58645644,55.86856561],[37.58645613,55.86856558],[37.58645582,55.86856558],[37.58645551,55.86856562],[37.58645522,55.86856569],[37.58640601,55.86858109],[37.58641961,55.86859483],[37.58647022,55.86857899],[37.5864574,55.86856604]]]},"properties":{"type":"room","subtype":"apartment","roomType":"HALL","area":6.3410934631937295},"type":"Feature"},{"geometry":{"type":"Polygon","coordinates":[[[37.58644239,55.8685877],[37.58645598,55.86860143],[37.58648242,55.86859316],[37.58648268,55.86859306],[37.58648289,55.86859293],[37.58648306,55.86859278],[37.58648318,55.86859262],[37.58648323,55.86859244],[37.58648323,55.86859227],[37.58648316,55.8685921],[37.58648304,55.86859194],[37.58647022,55.86857899],[37.58644239,55.8685877]]]},"properties":{"type":"room","subtype":"apartment","roomType":"BATHROOM","area":3.4854959484451085},"type":"Feature"},{"geometry":{"type":"Polygon","coordinates":[[[37.58642932,55.86860464],[37.5864521,55.86859751],[37.58644239,55.8685877],[37.58641961,55.86859483],[37.58642932,55.86860464]]]},"properties":{"type":"room","subtype":"apartment","roomType":"TOILET","area":2.0383598698427434},"type":"Feature"},{"geometry":{"type":"Polygon","coordinates":[[[37.58643375,55.8685724],[37.58640655,55.86854493],[37.58632959,55.86856902],[37.58632933,55.86856912],[37.58632912,55.86856925],[37.58632895,55.8685694],[37.58632883,55.86856956],[37.58632878,55.86856973],[37.58632878,55.86856991],[37.58632885,55.86857008],[37.58632897,55.86857024],[37.58635462,55.86859615],[37.5863548,55.86859629],[37.58635503,55.86859641],[37.58635529,55.86859651],[37.58635558,55.86859657],[37.58635589,55.8685966],[37.5863562,55.8685966],[37.58635651,55.86859656],[37.5863568,55.86859649],[37.58643375,55.8685724]]]},"properties":{"type":"room","subtype":"apartment","roomType":"BEDROOM","area":19.639356702006342},"type":"Feature"},{"geometry":{"type":"Polygon","coordinates":[[[37.58647057,55.86856088],[37.58644337,55.8685334],[37.58655854,55.86849735],[37.58655854,55.86849735],[37.58655854,55.86849735],[37.58658574,55.86852482],[37.58658574,55.86852482],[37.58647057,55.86856088],[37.58647057,55.86856088]]]},"properties":{"type":"room","subtype":"apartment","roomType":"BEDROOM","area":28.87500061717078},"type":"Feature"},{"geometry":{"type":"Polygon","coordinates":[[[37.58640647,55.86854485],[37.58640644,55.86854486],[37.58640642,55.86854487],[37.58640641,55.86854489],[37.58640639,55.8685449],[37.58640639,55.86854492],[37.58640639,55.86854494],[37.5864064,55.86854496],[37.58640641,55.86854497],[37.58643361,55.86857245],[37.58643363,55.86857246],[37.58643365,55.86857247],[37.58643368,55.86857248],[37.58643371,55.86857249],[37.58643374,55.86857249],[37.58643377,55.86857249],[37.5864338,55.86857249],[37.58643383,55.86857248],[37.58646925,55.86856139],[37.58646927,55.86856139],[37.58646952,55.86856129],[37.58646955,55.86856128],[37.58646977,55.86856115],[37.58646979,55.86856113],[37.58646996,55.86856099],[37.58646997,55.86856097],[37.58647008,55.86856081],[37.58647009,55.86856079],[37.58647015,55.86856062],[37.58647015,55.8685606],[37.58647015,55.86856042],[37.58647014,55.86856041],[37.58647008,55.86856023],[37.58647007,55.86856022],[37.58646994,55.86856006],[37.58646993,55.86856005],[37.58644429,55.86853414],[37.58644428,55.86853414],[37.5864441,55.86853399],[37.58644408,55.86853398],[37.58644385,55.86853386],[37.58644383,55.86853384],[37.58644357,55.86853375],[37.58644354,55.86853374],[37.58644325,55.86853368],[37.58644322,55.86853367],[37.58644291,55.86853364],[37.58644288,55.86853364],[37.58644256,55.86853364],[37.58644253,55.86853364],[37.58644223,55.86853368],[37.5864422,55.86853369],[37.58644191,55.86853376],[37.58644189,55.86853376],[37.58640647,55.86854485]]]},"properties":{"type":"room","subtype":"apartment","roomType":"CORRIDOR","area":9.349055919068515},"type":"Feature"},{"geometry":{"type":"Polygon","coordinates":[[[37.58633486,55.86860205],[37.58635441,55.86859593],[37.58632975,55.86857103],[37.58631021,55.86857715],[37.58633486,55.86860205]]]},"properties":{"type":"room","subtype":"apartment","roomType":"BALCONY","area":4.441128097873422},"type":"Feature"},{"geometry":{"type":"Polygon","coordinates":[[[37.58645763,55.86856627],[37.58645344,55.86856759],[37.58645554,55.86856971],[37.58645973,55.86856839],[37.58645763,55.86856627]]]},"properties":{"type":"room_object","subtype":"room","roomObjectType":"ELECTRICAL_BOX"},"type":"Feature"},{"geometry":{"type":"Polygon","coordinates":[[[37.58641436,55.86868233],[37.5864339,55.86867621],[37.58638571,55.86862755],[37.58636617,55.86863366],[37.58641436,55.86868233]]]},"properties":{"type":"balcony","area":8.680000050583558,"subtype":"service"},"type":"Feature"},{"geometry":{"type":"Polygon","coordinates":[[[37.58640981,55.86865188],[37.5863826,55.86862441],[37.5863826,55.86862441],[37.58648382,55.86859272],[37.58648382,55.86859272],[37.58651102,55.86862019],[37.58651102,55.86862019],[37.58640981,55.86865188],[37.58640981,55.86865188]]]},"properties":{"type":"ladder","area":25.37499999955554,"subtype":"service"},"type":"Feature"},{"geometry":{"type":"Polygon","coordinates":[[[37.58644401,55.86864117],[37.58640981,55.86865188],[37.58640981,55.86865188],[37.58643701,55.86867935],[37.58643701,55.86867935],[37.58643701,55.86867935],[37.58653822,55.86864767],[37.58651102,55.86862019],[37.58652734,55.86863668],[37.58652036,55.86863886],[37.58650501,55.86864367],[37.58648267,55.86865066],[37.58646033,55.86865766],[37.58644401,55.86864117]]]},"properties":{"type":"corridor","area":15.29500015093276,"subtype":"service"},"type":"Feature"},{"geometry":{"type":"Polygon","coordinates":[[[37.58650404,55.86862238],[37.58652036,55.86863886],[37.58652734,55.86863668],[37.58651102,55.86862019],[37.58650404,55.86862238]]]},"properties":{"type":"heating_meter","area":1.050000000075178,"subtype":"service"},"type":"Feature"},{"geometry":{"type":"Polygon","coordinates":[[[37.58648868,55.86862719],[37.58650501,55.86864367],[37.58652036,55.86863886],[37.58650404,55.86862238],[37.58648868,55.86862719]]]},"properties":{"type":"elevator","area":2.310000000439567,"subtype":"service"},"type":"Feature"},{"geometry":{"type":"Polygon","coordinates":[[[37.58646635,55.86863418],[37.58648267,55.86865066],[37.58650501,55.86864367],[37.58648868,55.86862719],[37.58646635,55.86863418]]]},"properties":{"type":"elevator","area":3.360000000599765,"subtype":"service"},"type":"Feature"},{"geometry":{"type":"Polygon","coordinates":[[[37.58644401,55.86864117],[37.58646033,55.86865766],[37.58648267,55.86865066],[37.58646635,55.86863418],[37.58644401,55.86864117]]]},"properties":{"type":"elevator","area":3.360000000494202,"subtype":"service"},"type":"Feature"},{"geometry":{"type":"Polygon","coordinates":[[[37.58656542,55.86867513],[37.58659334,55.86866639],[37.58648454,55.86855651],[37.58645662,55.86856525],[37.58656542,55.86867513]]]},"properties":{"type":"corridor","area":27.996004597193092,"subtype":"service"},"type":"Feature"},{"geometry":{"type":"Polygon","coordinates":[[[37.58651039,55.86865638],[37.58648762,55.86866351],[37.5864915,55.86866744],[37.58651428,55.86866031],[37.58651039,55.86865638]]]},"properties":{"type":"ventilation","area":0.8156250011503537,"subtype":"service"},"type":"Feature"},{"geometry":{"type":"Polygon","coordinates":[[[37.58664007,55.86864663],[37.5866173,55.86865376],[37.58662118,55.86865769],[37.58664395,55.86865056],[37.58664007,55.86864663]]]},"properties":{"type":"ventilation","area":0.81562500065526,"subtype":"service"},"type":"Feature"},{"geometry":{"type":"Polygon","coordinates":[[[37.58658566,55.86859169],[37.58656289,55.86859882],[37.58656677,55.86860274],[37.58658955,55.86859561],[37.58658566,55.86859169]]]},"properties":{"type":"ventilation","area":0.8156250013198274,"subtype":"service"},"type":"Feature"},{"geometry":{"type":"Polygon","coordinates":[[[37.5864521,55.86859751],[37.58642932,55.86860464],[37.58643321,55.86860856],[37.58645598,55.86860143],[37.5864521,55.86859751]]]},"properties":{"type":"ventilation","area":0.8154416143150325,"subtype":"service"},"type":"Feature"},{"geometry":{"type":"Polygon","coordinates":[[[37.5870486,55.86906777],[37.58700487,55.86908146],[37.58700487,55.86908146],[37.58705306,55.86913013],[37.58705306,55.86913013],[37.58710391,55.86911421],[37.58710391,55.86911421],[37.58706785,55.86907779],[37.58706785,55.86907779],[37.58706087,55.86907997],[37.58706084,55.86907998],[37.58706081,55.86907998],[37.58706078,55.86907998],[37.58706074,55.86907998],[37.58706072,55.86907998],[37.58706069,55.86907997],[37.58706067,55.86907995],[37.58706065,55.86907994],[37.5870486,55.86906777],[37.5870486,55.86906777]]]},"properties":{"type":"apartment","rooms":0,"totalArea":22.58571428487866,"livingArea":16.939285733209594,"apartmentType":-1},"type":"Feature"},{"geometry":{"type":"Polygon","coordinates":[[[37.58710391,55.86911421],[37.58706777,55.86907771],[37.58701691,55.86909363],[37.58705306,55.86913013],[37.58705306,55.86913013],[37.58710391,55.86911421],[37.58710391,55.86911421]]]},"properties":{"type":"room","subtype":"apartment","roomType":"STUDIO","area":16.939285733209594},"type":"Feature"},{"geometry":{"type":"Polygon","coordinates":[[[37.58704234,55.86908567],[37.58706079,55.8690799],[37.58704874,55.86906773],[37.58703029,55.8690735],[37.58704234,55.86908567]]]},"properties":{"type":"room","subtype":"apartment","roomType":"JOINT_BATHROOM","area":2.0482142656081477},"type":"Feature"},{"geometry":{"type":"Polygon","coordinates":[[[37.58704234,55.86908567],[37.58703029,55.8690735],[37.58700487,55.86908146],[37.58700487,55.86908146],[37.58701691,55.86909363],[37.58704234,55.86908567]]]},"properties":{"type":"room","subtype":"apartment","roomType":"HALL","area":2.8232142991724127},"type":"Feature"},{"geometry":{"type":"Polygon","coordinates":[[[37.58711301,55.86912576],[37.58710213,55.86911477],[37.58705484,55.86912957],[37.58706572,55.86914056],[37.58711301,55.86912576]]]},"properties":{"type":"room","subtype":"apartment","roomType":"BALCONY","area":4.742256609675136},"type":"Feature"},{"geometry":{"type":"Polygon","coordinates":[[[37.58700626,55.86908103],[37.58700859,55.86908338],[37.58701278,55.86908207],[37.58701045,55.86907972],[37.58700626,55.86908103]]]},"properties":{"type":"room_object","subtype":"room","roomObjectType":"ELECTRICAL_BOX"},"type":"Feature"},{"geometry":{"type":"Polygon","coordinates":[[[37.58705572,55.86906554],[37.5870689,55.86907885],[37.58707587,55.86907667],[37.5870759,55.86907666],[37.58707593,55.86907665],[37.58707597,55.86907665],[37.587076,55.86907666],[37.58707603,55.86907666],[37.58707605,55.86907667],[37.58707607,55.86907669],[37.58707609,55.8690767],[37.58708694,55.86908765],[37.58708695,55.86908767],[37.58708696,55.86908768],[37.58708696,55.8690877],[37.58708695,55.86908772],[37.58708694,55.86908773],[37.58708692,55.86908775],[37.5870869,55.86908776],[37.58708688,55.86908777],[37.5870799,55.86908996],[37.5870799,55.86908996],[37.58710391,55.86911421],[37.58720562,55.86908237],[37.58714966,55.86902585],[37.58714966,55.86902585],[37.5870988,55.86904177],[37.58710656,55.86904963],[37.58705572,55.86906554]]]},"properties":{"type":"apartment","rooms":1,"totalArea":48.81478537807571,"livingArea":26.228571087299446,"apartmentType":1},"type":"Feature"},{"geometry":{"type":"Polygon","coordinates":[[[37.58713067,55.86907395],[37.58707982,55.86908988],[37.58710313,55.86911343],[37.58710331,55.86911357],[37.58710354,55.86911369],[37.5871038,55.86911379],[37.58710409,55.86911385],[37.5871044,55.86911388],[37.58710471,55.86911388],[37.58710502,55.86911384],[37.58710531,55.86911377],[37.58715337,55.86909873],[37.58715363,55.86909863],[37.58715385,55.8690985],[37.58715402,55.86909835],[37.58715413,55.86909819],[37.58715419,55.86909801],[37.58715418,55.86909784],[37.58715412,55.86909767],[37.58715399,55.86909751],[37.58713067,55.86907395]]]},"properties":{"type":"room","subtype":"apartment","roomType":"KITCHEN","area":11.288464413639852},"type":"Feature"},{"geometry":{"type":"Polygon","coordinates":[[[37.58710524,55.86908192],[37.58713067,55.86907395],[37.58710735,55.86905041],[37.58710718,55.86905026],[37.58710695,55.86905014],[37.58710669,55.86905004],[37.5871064,55.86904998],[37.58710609,55.86904995],[37.58710577,55.86904995],[37.58710547,55.86904999],[37.58710518,55.86905006],[37.58708114,55.86905759],[37.58710524,55.86908192]]]},"properties":{"type":"room","subtype":"apartment","roomType":"HALL","area":5.646039613693052},"type":"Feature"},{"geometry":{"type":"Polygon","coordinates":[[[37.58709439,55.86907097],[37.58708114,55.86905759],[37.58705712,55.86906511],[37.58705686,55.86906521],[37.58705664,55.86906533],[37.58705647,55.86906548],[37.58705636,55.86906565],[37.5870563,55.86906582],[37.58705631,55.86906599],[37.58705637,55.86906617],[37.5870565,55.86906633],[37.58706898,55.86907893],[37.58709439,55.86907097]]]},"properties":{"type":"room","subtype":"apartment","roomType":"BATHROOM","area":3.10227368488694},"type":"Feature"},{"geometry":{"type":"Polygon","coordinates":[[[37.58707595,55.86907674],[37.5870868,55.86908769],[37.58710524,55.86908192],[37.58709439,55.86907097],[37.58707595,55.86907674]]]},"properties":{"type":"room","subtype":"apartment","roomType":"TOILET","area":1.8428079394474097},"type":"Feature"},{"geometry":{"type":"Polygon","coordinates":[[[37.5870988,55.86904177],[37.5870988,55.86904177],[37.58714966,55.86902585],[37.58714966,55.86902585],[37.58714966,55.86902585],[37.58720562,55.86908237],[37.58715477,55.86909829],[37.58715477,55.86909829],[37.5870988,55.86904177]]]},"properties":{"type":"room","subtype":"apartment","roomType":"BEDROOM","area":26.228571087299446},"type":"Feature"},{"geometry":{"type":"Polygon","coordinates":[[[37.58716387,55.86910984],[37.58715298,55.86909885],[37.5871057,55.86911365],[37.58711658,55.86912464],[37.58716387,55.86910984]]]},"properties":{"type":"room","subtype":"apartment","roomType":"BALCONY","area":4.742256611334498},"type":"Feature"},{"geometry":{"type":"Polygon","coordinates":[[[37.58710709,55.86905255],[37.58710476,55.86905019],[37.58710098,55.86905137],[37.58710331,55.86905373],[37.58710709,55.86905255]]]},"properties":{"type":"room_object","subtype":"room","roomObjectType":"ELECTRICAL_BOX"},"type":"Feature"},{"geometry":{"type":"Polygon","coordinates":[[[37.58699198,55.86900118],[37.587016,55.86902543],[37.587016,55.86902543],[37.58702298,55.86902324],[37.58702301,55.86902324],[37.58702304,55.86902323],[37.58702307,55.86902323],[37.58702311,55.86902324],[37.58702313,55.86902324],[37.58702316,55.86902325],[37.58702318,55.86902326],[37.5870232,55.86902328],[37.58703404,55.86903423],[37.58703405,55.86903425],[37.58703406,55.86903426],[37.58703406,55.86903428],[37.58703406,55.8690343],[37.58703404,55.86903431],[37.58703403,55.86903433],[37.58703401,55.86903434],[37.58703398,55.86903435],[37.587027,55.86903654],[37.58704018,55.86904984],[37.58704018,55.86904984],[37.58709102,55.86903393],[37.5870988,55.86904177],[37.58714966,55.86902585],[37.5870937,55.86896933],[37.5870937,55.86896933],[37.58704284,55.86898526],[37.58699198,55.86900118]]]},"properties":{"type":"apartment","rooms":1,"totalArea":48.81478604961556,"livingArea":26.22857177251373,"apartmentType":1},"type":"Feature"},{"geometry":{"type":"Polygon","coordinates":[[[37.58706693,55.86900959],[37.58704362,55.86898604],[37.58704344,55.8689859],[37.58704321,55.86898577],[37.58704295,55.86898568],[37.58704266,55.86898561],[37.58704235,55.86898558],[37.58704204,55.86898559],[37.58704173,55.86898562],[37.58704144,55.86898569],[37.58699338,55.86900074],[37.58699312,55.86900084],[37.58699291,55.86900097],[37.58699274,55.86900111],[37.58699262,55.86900128],[37.58699257,55.86900145],[37.58699257,55.86900163],[37.58699264,55.8690018],[37.58699276,55.86900196],[37.58701608,55.86902551],[37.58706693,55.86900959]]]},"properties":{"type":"room","subtype":"apartment","roomType":"KITCHEN","area":11.287688459117383},"type":"Feature"},{"geometry":{"type":"Polygon","coordinates":[[[37.58706693,55.86900959],[37.5870415,55.86901755],[37.58706559,55.86904189],[37.58708962,55.86903436],[37.58708988,55.86903426],[37.5870901,55.86903414],[37.58709027,55.86903399],[37.58709038,55.86903383],[37.58709044,55.86903365],[37.58709043,55.86903348],[37.58709037,55.8690333],[37.58709024,55.86903314],[37.58706693,55.86900959]]]},"properties":{"type":"room","subtype":"apartment","roomType":"HALL","area":5.64371560830968},"type":"Feature"},{"geometry":{"type":"Polygon","coordinates":[[[37.58705234,55.8690285],[37.58702692,55.86903646],[37.5870394,55.86904906],[37.58703958,55.8690492],[37.5870398,55.86904933],[37.58704007,55.86904942],[37.58704036,55.86904949],[37.58704067,55.86904952],[37.58704098,55.86904951],[37.58704128,55.86904948],[37.58704157,55.86904941],[37.58706559,55.86904189],[37.58705234,55.8690285]]]},"properties":{"type":"room","subtype":"apartment","roomType":"BATHROOM","area":3.102273667875893},"type":"Feature"},{"geometry":{"type":"Polygon","coordinates":[[[37.5870339,55.86903427],[37.58705234,55.8690285],[37.5870415,55.86901755],[37.58702306,55.86902332],[37.5870339,55.86903427]]]},"properties":{"type":"room","subtype":"apartment","roomType":"TOILET","area":1.842494081587997},"type":"Feature"},{"geometry":{"type":"Polygon","coordinates":[[[37.58704284,55.86898526],[37.58704284,55.86898526],[37.5870937,55.86896933],[37.5870937,55.86896933],[37.5870937,55.86896933],[37.58714966,55.86902585],[37.58714966,55.86902585],[37.5870988,55.86904177],[37.58704284,55.86898526]]]},"properties":{"type":"room","subtype":"apartment","roomType":"BEDROOM","area":26.22857177251373},"type":"Feature"},{"geometry":{"type":"Polygon","coordinates":[[[37.58703374,55.86897371],[37.58704462,55.8689847],[37.5870909,55.86897021],[37.58708002,55.86895922],[37.58703374,55.86897371]]]},"properties":{"type":"room","subtype":"apartment","roomType":"BALCONY","area":4.641128436524454},"type":"Feature"},{"geometry":{"type":"Polygon","coordinates":[[[37.5870892,55.8690345],[37.58708687,55.86903214],[37.5870831,55.86903332],[37.58708543,55.86903568],[37.5870892,55.8690345]]]},"properties":{"type":"room_object","subtype":"room","roomObjectType":"ELECTRICAL_BOX"},"type":"Feature"},{"geometry":{"type":"Polygon","coordinates":[[[37.58689027,55.86903302],[37.58693846,55.86908169],[37.58693846,55.86908169],[37.58698932,55.86906576],[37.58704018,55.86904984],[37.587027,55.86903654],[37.587027,55.86903654],[37.58702002,55.86903872],[37.58701999,55.86903873],[37.58701996,55.86903873],[37.58701993,55.86903874],[37.5870199,55.86903873],[37.58701987,55.86903873],[37.58701984,55.86903872],[37.58701982,55.8690387],[37.5870198,55.86903869],[37.58700896,55.86902774],[37.58700895,55.86902772],[37.58700894,55.86902771],[37.58700894,55.86902769],[37.58700895,55.86902767],[37.58700896,55.86902765],[37.58700897,55.86902764],[37.587009,55.86902763],[37.58700902,55.86902762],[37.587016,55.86902543],[37.587016,55.86902543],[37.58699198,55.86900118],[37.58699198,55.86900118],[37.58694113,55.8690171],[37.58689027,55.86903302]]]},"properties":{"type":"apartment","rooms":1,"totalArea":45.17142856789641,"livingArea":22.58571428300869,"apartmentType":1},"type":"Feature"},{"geometry":{"type":"Polygon","coordinates":[[[37.58696522,55.86904143],[37.58701608,55.86902551],[37.58699276,55.86900196],[37.58699258,55.86900182],[37.58699236,55.86900169],[37.5869921,55.8690016],[37.5869918,55.86900153],[37.5869915,55.8690015],[37.58699118,55.86900151],[37.58699088,55.86900154],[37.58699059,55.86900161],[37.58694253,55.86901666],[37.58694227,55.86901676],[37.58694205,55.86901689],[37.58694188,55.86901704],[37.58694177,55.8690172],[37.58694171,55.86901737],[37.58694172,55.86901755],[37.58694178,55.86901772],[37.58694191,55.86901788],[37.58696522,55.86904143]]]},"properties":{"type":"room","subtype":"apartment","roomType":"KITCHEN","area":11.288464363088337},"type":"Feature"},{"geometry":{"type":"Polygon","coordinates":[[[37.58699065,55.86903347],[37.58696522,55.86904143],[37.58698854,55.86906498],[37.58698872,55.86906512],[37.58698895,55.86906525],[37.58698921,55.86906534],[37.5869895,55.86906541],[37.58698981,55.86906544],[37.58699012,55.86906544],[37.58699043,55.8690654],[37.58699072,55.86906533],[37.58701475,55.8690578],[37.58699065,55.86903347]]]},"properties":{"type":"room","subtype":"apartment","roomType":"HALL","area":5.644232161959231},"type":"Feature"},{"geometry":{"type":"Polygon","coordinates":[[[37.58702692,55.86903646],[37.5870015,55.86904442],[37.58701475,55.8690578],[37.58703878,55.86905028],[37.58703904,55.86905018],[37.58703925,55.86905005],[37.58703942,55.86904991],[37.58703954,55.86904974],[37.58703959,55.86904957],[37.58703959,55.86904939],[37.58703952,55.86904922],[37.5870394,55.86904906],[37.58702692,55.86903646]]]},"properties":{"type":"room","subtype":"apartment","roomType":"BATHROOM","area":3.103339350852884},"type":"Feature"},{"geometry":{"type":"Polygon","coordinates":[[[37.58701994,55.86903865],[37.5870091,55.8690277],[37.58699065,55.86903347],[37.5870015,55.86904442],[37.58701994,55.86903865]]]},"properties":{"type":"room","subtype":"apartment","roomType":"TOILET","area":1.8433928576777148},"type":"Feature"},{"geometry":{"type":"Polygon","coordinates":[[[37.58689027,55.86903302],[37.58689027,55.86903302],[37.58693846,55.86908169],[37.58693846,55.86908169],[37.58698932,55.86906576],[37.58698932,55.86906576],[37.58694113,55.8690171],[37.58689027,55.86903302]]]},"properties":{"type":"room","subtype":"apartment","roomType":"BEDROOM","area":22.58571428300869},"type":"Feature"},{"geometry":{"type":"Polygon","coordinates":[[[37.58688118,55.86902147],[37.58689206,55.86903246],[37.58693935,55.86901766],[37.58692846,55.86900667],[37.58688118,55.86902147]]]},"properties":{"type":"room","subtype":"apartment","roomType":"BALCONY","area":4.742256611249606},"type":"Feature"},{"geometry":{"type":"Polygon","coordinates":[[[37.5869888,55.86906284],[37.58699113,55.8690652],[37.5869949,55.86906402],[37.58699257,55.86906166],[37.5869888,55.86906284]]]},"properties":{"type":"room_object","subtype":"room","roomObjectType":"ELECTRICAL_BOX"},"type":"Feature"},{"geometry":{"type":"Polygon","coordinates":[[[37.58678856,55.86906486],[37.58673771,55.86908078],[37.58679367,55.8691373],[37.58679367,55.8691373],[37.58684452,55.86912138],[37.58683677,55.86911352],[37.58688761,55.86909761],[37.58693846,55.86908169],[37.58692529,55.86906838],[37.58692529,55.86906838],[37.58691831,55.86907057],[37.58691828,55.86907057],[37.58691825,55.86907058],[37.58691822,55.86907058],[37.58691819,55.86907057],[37.58691816,55.86907057],[37.58691813,55.86907056],[37.58691811,55.86907055],[37.58691809,55.86907053],[37.58690725,55.86905958],[37.58690724,55.86905956],[37.58690723,55.86905955],[37.58690723,55.86905953],[37.58690723,55.86905951],[37.58690725,55.8690595],[37.58690726,55.86905948],[37.58690728,55.86905947],[37.58690731,55.86905946],[37.58691429,55.86905727],[37.58689027,55.86903302],[37.58689027,55.86903302],[37.58683942,55.86904894],[37.58678856,55.86906486]]]},"properties":{"type":"apartment","rooms":2,"totalArea":71.40049966137161,"livingArea":42.58104123875211,"apartmentType":2},"type":"Feature"},{"geometry":{"type":"Polygon","coordinates":[[[37.58686351,55.86907327],[37.58691437,55.86905735],[37.58689105,55.8690338],[37.58689087,55.86903366],[37.58689065,55.86903354],[37.58689038,55.86903344],[37.58689009,55.86903338],[37.58688978,55.86903334],[37.58688947,55.86903335],[37.58688916,55.86903338],[37.58688888,55.86903345],[37.58684081,55.8690485],[37.58684056,55.8690486],[37.58684034,55.86904873],[37.58684017,55.86904888],[37.58684005,55.86904904],[37.58684,55.86904921],[37.58684,55.86904939],[37.58684007,55.86904956],[37.58684019,55.86904972],[37.58686351,55.86907327]]]},"properties":{"type":"room","subtype":"apartment","roomType":"KITCHEN","area":11.288464363515228},"type":"Feature"},{"geometry":{"type":"Polygon","coordinates":[[[37.58691304,55.86908965],[37.58688894,55.86906531],[37.58686351,55.86907327],[37.58688683,55.86909682],[37.58688701,55.86909697],[37.58688723,55.86909709],[37.5868875,55.86909718],[37.58688779,55.86909725],[37.5868881,55.86909728],[37.58688841,55.86909728],[37.58688872,55.86909724],[37.586889,55.86909717],[37.58691304,55.86908965]]]},"properties":{"type":"room","subtype":"apartment","roomType":"HALL","area":5.644232167623432},"type":"Feature"},{"geometry":{"type":"Polygon","coordinates":[[[37.58689978,55.86907626],[37.58691304,55.86908965],[37.58693707,55.86908212],[37.58693733,55.86908202],[37.58693754,55.8690819],[37.58693771,55.86908175],[37.58693783,55.86908158],[37.58693788,55.86908141],[37.58693788,55.86908123],[37.58693781,55.86908106],[37.58693769,55.8690809],[37.58692521,55.8690683],[37.58689978,55.86907626]]]},"properties":{"type":"room","subtype":"apartment","roomType":"BATHROOM","area":3.103339347988399},"type":"Feature"},{"geometry":{"type":"Polygon","coordinates":[[[37.58691823,55.86907049],[37.58690739,55.86905954],[37.58688894,55.86906531],[37.58689978,55.86907626],[37.58691823,55.86907049]]]},"properties":{"type":"room","subtype":"apartment","roomType":"TOILET","area":1.8433928554642873},"type":"Feature"},{"geometry":{"type":"Polygon","coordinates":[[[37.58687432,55.86908418],[37.58684019,55.86904972],[37.58684002,55.86904958],[37.58683979,55.86904946],[37.58683953,55.86904936],[37.58683924,55.8690493],[37.58683893,55.86904926],[37.58683861,55.86904927],[37.58683831,55.86904931],[37.58683802,55.86904938],[37.58678996,55.86906442],[37.5867897,55.86906452],[37.58678948,55.86906465],[37.58678931,55.8690648],[37.5867892,55.86906496],[37.58678914,55.86906513],[37.58678915,55.86906531],[37.58678921,55.86906548],[37.58678934,55.86906564],[37.58682346,55.86910011],[37.58687432,55.86908418]]]},"properties":{"type":"room","subtype":"apartment","roomType":"BEDROOM","area":16.352470151432048},"type":"Feature"},{"geometry":{"type":"Polygon","coordinates":[[[37.58684452,55.86912138],[37.58678856,55.86906486],[37.58678856,55.86906486],[37.58673771,55.86908078],[37.58679367,55.8691373],[37.58679367,55.8691373],[37.58679367,55.8691373],[37.58684452,55.86912138],[37.58684452,55.86912138]]]},"properties":{"type":"room","subtype":"apartment","roomType":"BEDROOM","area":26.228571087320056},"type":"Feature"},{"geometry":{"type":"Polygon","coordinates":[[[37.58682339,55.86910003],[37.58682336,55.86910004],[37.58682334,55.86910005],[37.58682332,55.86910007],[37.58682331,55.86910008],[37.5868233,55.8691001],[37.58682331,55.86910012],[37.58682331,55.86910013],[37.58682332,55.86910015],[37.58683584,55.86911279],[37.58683584,55.86911279],[37.58683602,55.86911294],[37.58683604,55.86911295],[37.58683627,55.86911307],[37.58683629,55.86911308],[37.58683656,55.86911318],[37.58683658,55.86911319],[37.58683687,55.86911325],[37.5868369,55.86911326],[37.58683721,55.86911329],[37.58683724,55.86911329],[37.58683756,55.86911329],[37.58683759,55.86911329],[37.58683789,55.86911325],[37.58683792,55.86911324],[37.58683821,55.86911317],[37.58683823,55.86911317],[37.58688629,55.86909812],[37.5868863,55.86909812],[37.58688656,55.86909802],[37.58688658,55.86909801],[37.5868868,55.86909788],[37.58688682,55.86909786],[37.58688699,55.86909772],[37.58688701,55.8690977],[37.58688712,55.86909754],[37.58688713,55.86909752],[37.58688718,55.86909735],[37.58688719,55.86909733],[37.58688718,55.86909715],[37.58688718,55.86909714],[37.58688711,55.86909696],[37.5868871,55.86909695],[37.58688698,55.86909679],[37.58688697,55.86909678],[37.58687445,55.86908414],[37.58687444,55.86908412],[37.58687441,55.86908411],[37.58687439,55.8690841],[37.58687436,55.8690841],[37.58687433,55.86908409],[37.5868743,55.86908409],[37.58687427,55.8690841],[37.58687424,55.8690841],[37.58682339,55.86910003]]]},"properties":{"type":"room","subtype":"apartment","roomType":"CORRIDOR","area":6.330962128326238},"type":"Feature"},{"geometry":{"type":"Polygon","coordinates":[[[37.58672962,55.86906892],[37.5867405,55.86907991],[37.58678678,55.86906542],[37.5867759,55.86905443],[37.58672962,55.86906892]]]},"properties":{"type":"room","subtype":"apartment","roomType":"BALCONY","area":4.641128172917055},"type":"Feature"},{"geometry":{"type":"Polygon","coordinates":[[[37.58688709,55.86909468],[37.58688942,55.86909704],[37.58689319,55.86909586],[37.58689086,55.8690935],[37.58688709,55.86909468]]]},"properties":{"type":"room_object","subtype":"room","roomObjectType":"ELECTRICAL_BOX"},"type":"Feature"},{"geometry":{"type":"Polygon","coordinates":[[[37.58684452,55.86912138],[37.58679367,55.8691373],[37.58684963,55.86919381],[37.58684963,55.86919381],[37.58690049,55.86917789],[37.58695134,55.86916197],[37.58692733,55.86913772],[37.58692733,55.86913772],[37.58692035,55.8691399],[37.58692032,55.86913991],[37.58692029,55.86913992],[37.58692026,55.86913992],[37.58692023,55.86913991],[37.5869202,55.86913991],[37.58692017,55.8691399],[37.58692015,55.86913988],[37.58692013,55.86913987],[37.58690929,55.86912892],[37.58690928,55.8691289],[37.58690927,55.86912889],[37.58690927,55.86912887],[37.58690928,55.86912885],[37.58690929,55.86912883],[37.58690931,55.86912882],[37.58690933,55.86912881],[37.58690935,55.8691288],[37.58691633,55.86912661],[37.58690315,55.86911331],[37.58690315,55.86911331],[37.58685231,55.86912922],[37.58684452,55.86912138]]]},"properties":{"type":"apartment","rooms":1,"totalArea":48.814786049648404,"livingArea":26.22857177274815,"apartmentType":1},"type":"Feature"},{"geometry":{"type":"Polygon","coordinates":[[[37.5868764,55.86915356],[37.58689971,55.86917711],[37.58689989,55.86917725],[37.58690011,55.86917738],[37.58690038,55.86917747],[37.58690067,55.86917754],[37.58690098,55.86917757],[37.58690129,55.86917756],[37.5869016,55.86917753],[37.58690188,55.86917746],[37.58694995,55.86916241],[37.58695021,55.86916231],[37.58695042,55.86916218],[37.58695059,55.86916204],[37.58695071,55.86916187],[37.58695076,55.8691617],[37.58695076,55.86916152],[37.58695069,55.86916135],[37.58695057,55.86916119],[37.58692725,55.86913764],[37.5868764,55.86915356]]]},"properties":{"type":"room","subtype":"apartment","roomType":"KITCHEN","area":11.28768845553118},"type":"Feature"},{"geometry":{"type":"Polygon","coordinates":[[[37.58690183,55.8691456],[37.58687774,55.86912126],[37.58685371,55.86912878],[37.58685345,55.86912889],[37.58685323,55.86912901],[37.58685306,55.86912916],[37.58685295,55.86912932],[37.58685289,55.8691295],[37.5868529,55.86912967],[37.58685296,55.86912985],[37.58685309,55.86913001],[37.5868764,55.86915356],[37.58690183,55.8691456]]]},"properties":{"type":"room","subtype":"apartment","roomType":"HALL","area":5.643715607939916},"type":"Feature"},{"geometry":{"type":"Polygon","coordinates":[[[37.58691641,55.86912669],[37.58690393,55.86911409],[37.58690375,55.86911395],[37.58690353,55.86911382],[37.58690326,55.86911373],[37.58690297,55.86911366],[37.58690266,55.86911363],[37.58690235,55.86911364],[37.58690204,55.86911367],[37.58690176,55.86911374],[37.58687774,55.86912126],[37.58689099,55.86913465],[37.58691641,55.86912669]]]},"properties":{"type":"room","subtype":"apartment","roomType":"BATHROOM","area":3.1022736708604306},"type":"Feature"},{"geometry":{"type":"Polygon","coordinates":[[[37.58690943,55.86912888],[37.58689099,55.86913465],[37.58690183,55.8691456],[37.58692027,55.86913983],[37.58690943,55.86912888]]]},"properties":{"type":"room","subtype":"apartment","roomType":"TOILET","area":1.8428079548120126},"type":"Feature"},{"geometry":{"type":"Polygon","coordinates":[[[37.58684452,55.86912138],[37.58679367,55.8691373],[37.58679367,55.8691373],[37.58684963,55.86919381],[37.58684963,55.86919381],[37.58684963,55.86919381],[37.58690049,55.86917789],[37.58690049,55.86917789],[37.58684452,55.86912138]]]},"properties":{"type":"room","subtype":"apartment","roomType":"BEDROOM","area":26.22857177274815},"type":"Feature"},{"geometry":{"type":"Polygon","coordinates":[[[37.58696044,55.86917352],[37.58694956,55.86916253],[37.58690227,55.86917734],[37.58691315,55.86918833],[37.58696044,55.86917352]]]},"properties":{"type":"room","subtype":"apartment","roomType":"BALCONY","area":4.74223495007488},"type":"Feature"},{"geometry":{"type":"Polygon","coordinates":[[[37.58685413,55.86912865],[37.58685646,55.86913101],[37.58686023,55.86912983],[37.5868579,55.86912747],[37.58685413,55.86912865]]]},"properties":{"type":"room_object","subtype":"room","roomObjectType":"ELECTRICAL_BOX"},"type":"Feature"},{"geometry":{"type":"Polygon","coordinates":[[[37.58705835,55.86914287],[37.58704747,55.86913188],[37.58695693,55.86916023],[37.58696781,55.86917121],[37.58705835,55.86914287]]]},"properties":{"type":"balcony","area":9.080000002281263,"subtype":"service"},"type":"Feature"},{"geometry":{"type":"Polygon","coordinates":[[[37.5870022,55.86914605],[37.5870022,55.86914605],[37.58695134,55.86916197],[37.58695134,55.86916197],[37.58690315,55.86911331],[37.58690315,55.86911331],[37.58695401,55.86909738],[37.58695401,55.86909738],[37.5870022,55.86914605]]]},"properties":{"type":"ladder","area":22.58571428477628,"subtype":"service"},"type":"Feature"},{"geometry":{"type":"Polygon","coordinates":[[[37.58697888,55.8691225],[37.5870022,55.86914605],[37.58705306,55.86913013],[37.58705306,55.86913013],[37.58700487,55.86908146],[37.58700487,55.86908146],[37.58698333,55.86908821],[37.58698721,55.86909213],[37.58699576,55.86910077],[37.5870082,55.86911333],[37.58697888,55.8691225]]]},"properties":{"type":"corridor","area":15.86571431311377,"subtype":"service"},"type":"Feature"},{"geometry":{"type":"Polygon","coordinates":[[[37.5869579,55.86910131],[37.58698721,55.86909213],[37.58698333,55.86908821],[37.58695401,55.86909738],[37.58695401,55.86909738],[37.5869579,55.86910131]]]},"properties":{"type":"heating_meter","area":1.0499999688954393,"subtype":"service"},"type":"Feature"},{"geometry":{"type":"Polygon","coordinates":[[[37.58696645,55.86910994],[37.58699576,55.86910077],[37.58698721,55.86909213],[37.5869579,55.86910131],[37.58696645,55.86910994]]]},"properties":{"type":"elevator","area":2.3100000010799673,"subtype":"service"},"type":"Feature"},{"geometry":{"type":"Polygon","coordinates":[[[37.58697888,55.8691225],[37.5870082,55.86911333],[37.58699576,55.86910077],[37.58696645,55.86910994],[37.58697888,55.8691225]]]},"properties":{"type":"elevator","area":3.3599999984160838,"subtype":"service"},"type":"Feature"},{"geometry":{"type":"Polygon","coordinates":[[[37.58710656,55.86904963],[37.58709102,55.86903393],[37.58683677,55.86911352],[37.58685231,55.86912922],[37.58710656,55.86904963]]]},"properties":{"type":"corridor","area":36.42457143256276,"subtype":"service"},"type":"Feature"},{"geometry":{"type":"Polygon","coordinates":[[[37.58706079,55.8690799],[37.58706777,55.86907771],[37.58705572,55.86906554],[37.58705572,55.86906554],[37.58704874,55.86906773],[37.58706079,55.8690799]]]},"properties":{"type":"ventilation","area":0.7749999875121638,"subtype":"service"},"type":"Feature"},{"geometry":{"type":"Polygon","coordinates":[[[37.5870868,55.86908769],[37.58707595,55.86907674],[37.58706898,55.86907893],[37.58707982,55.86908988],[37.5870868,55.86908769]]]},"properties":{"type":"ventilation","area":0.6973430816687746,"subtype":"service"},"type":"Feature"},{"geometry":{"type":"Polygon","coordinates":[[[37.5870339,55.86903427],[37.58702306,55.86902332],[37.58701608,55.86902551],[37.58702692,55.86903646],[37.5870339,55.86903427]]]},"properties":{"type":"ventilation","area":0.6976569571393025,"subtype":"service"},"type":"Feature"},{"geometry":{"type":"Polygon","coordinates":[[[37.5870091,55.8690277],[37.58701994,55.86903865],[37.58702692,55.86903646],[37.58701608,55.86902551],[37.5870091,55.8690277]]]},"properties":{"type":"ventilation","area":0.6975000004302729,"subtype":"service"},"type":"Feature"},{"geometry":{"type":"Polygon","coordinates":[[[37.58690739,55.86905954],[37.58691823,55.86907049],[37.58692521,55.8690683],[37.58691437,55.86905735],[37.58690739,55.86905954]]]},"properties":{"type":"ventilation","area":0.6975000004710491,"subtype":"service"},"type":"Feature"},{"geometry":{"type":"Polygon","coordinates":[[[37.58692027,55.86913983],[37.58692725,55.86913764],[37.58691641,55.86912669],[37.58690943,55.86912888],[37.58692027,55.86913983]]]},"properties":{"type":"ventilation","area":0.6973430848619319,"subtype":"service"},"type":"Feature"}],"type":"FeatureCollection"}