{"features":[{"geometry":{"type":"Polygon","coordinates":[[[37.61770252,55.75993218],[37.61769487,55.75992976],[37.61748431,55.7601413],[37.61771357,55.76021386],[37.61792414,55.76000232],[37.6179165,55.7599999],[37.61823702,55.75967789],[37.61826898,55.759688],[37.61863629,55.75931899],[37.61861197,55.75931129],[37.61877574,55.75914676],[37.6189395,55.75898223],[37.61871024,55.75890967],[37.61838271,55.75923873],[37.6183584,55.75923104],[37.61799108,55.75960006],[37.61802304,55.75961017],[37.61770252,55.75993218]]]},"properties":{"type":"block"},"type":"Feature"},{"geometry":{"type":"Polygon","coordinates":[[[37.61845909,55.76007764],[37.61845349,55.76007603],[37.61825799,55.76029211],[37.61849218,55.76035948],[37.61868768,55.76014339],[37.61868208,55.76014178],[37.6190074,55.75978219],[37.61903784,55.75979095],[37.61937887,55.759414],[37.61933913,55.75940256],[37.61952593,55.75919608],[37.61921935,55.75910789],[37.61911509,55.75922314],[37.61921728,55.75925254],[37.61913474,55.75934377],[37.619095,55.75933234],[37.61875397,55.7597093],[37.61878442,55.75971805],[37.61845909,55.76007764]]]},"properties":{"type":"block"},"type":"Feature"},{"geometry":{"type":"Polygon","coordinates":[[[37.6168891,55.760024],[37.61711837,55.76009656],[37.61732893,55.75988502],[37.61732345,55.75988328],[37.61767384,55.75953127],[37.61788012,55.75932404],[37.61789186,55.75932776],[37.61812269,55.75909585],[37.61811644,55.75909387],[37.618327,55.75888233],[37.61809774,55.75880977],[37.61788718,55.75902131],[37.61788093,55.75901933],[37.61765009,55.75925124],[37.61766183,55.75925496],[37.61710516,55.7598142],[37.61709967,55.75981246],[37.6168891,55.760024]]]},"properties":{"type":"block"},"type":"Feature"},{"geometry":{"type":"Polygon","coordinates":[[[37.61792414,55.76000232],[37.61769487,55.75992976],[37.61748431,55.7601413],[37.61771357,55.76021386],[37.61792414,55.76000232]]]},"properties":{"type":"section"},"type":"Feature"},{"geometry":{"type":"Polygon","coordinates":[[[37.61823702,55.75967789],[37.61802304,55.75961017],[37.61770252,55.75993218],[37.6179165,55.7599999],[37.61823702,55.75967789]]]},"properties":{"type":"section"},"type":"Feature"},{"geometry":{"type":"Polygon","coordinates":[[[37.61863629,55.75931899],[37.6183584,55.75923104],[37.61799108,55.75960006],[37.61826898,55.759688],[37.61863629,55.75931899]]]},"properties":{"type":"section"},"type":"Feature"},{"geometry":{"type":"Polygon","coordinates":[[[37.61877574,55.75914676],[37.61854648,55.7590742],[37.61838271,55.75923873],[37.61861197,55.75931129],[37.61877574,55.75914676]]]},"properties":{"type":"section"},"type":"Feature"},{"geometry":{"type":"Polygon","coordinates":[[[37.6189395,55.75898223],[37.61871024,55.75890967],[37.61854648,55.7590742],[37.61877574,55.75914676],[37.6189395,55.75898223]]]},"properties":{"type":"section"},"type":"Feature"},{"geometry":{"type":"Polygon","coordinates":[[[37.61868768,55.76014339],[37.61845349,55.76007603],[37.61825799,55.76029211],[37.61849218,55.76035948],[37.61868768,55.76014339]]]},"properties":{"type":"section"},"type":"Feature"},{"geometry":{"type":"Polygon","coordinates":[[[37.6190074,55.75978219],[37.61878442,55.75971805],[37.61845909,55.76007764],[37.61868208,55.76014178],[37.6190074,55.75978219]]]},"properties":{"type":"section"},"type":"Feature"},{"geometry":{"type":"Polygon","coordinates":[[[37.61937887,55.759414],[37.619095,55.75933234],[37.61875397,55.7597093],[37.61903784,55.75979095],[37.61937887,55.759414]]]},"properties":{"type":"section"},"type":"Feature"},{"geometry":{"type":"Polygon","coordinates":[[[37.61952593,55.75919608],[37.61921935,55.75910789],[37.61911509,55.75922314],[37.61921728,55.75925254],[37.61913474,55.75934377],[37.61933913,55.75940256],[37.61952593,55.75919608]]]},"properties":{"type":"section"},"type":"Feature"},{"geometry":{"type":"Polygon","coordinates":[[[37.61788718,55.75902131],[37.61811644,55.75909387],[37.618327,55.75888233],[37.61809774,55.75880977],[37.61788718,55.75902131]]]},"properties":{"type":"section"},"type":"Feature"},{"geometry":{"type":"Polygon","coordinates":[[[37.61765009,55.75925124],[37.61789186,55.75932776],[37.61812269,55.75909585],[37.61788093,55.75901933],[37.61765009,55.75925124]]]},"properties":{"type":"section"},"type":"Feature"},{"geometry":{"type":"Polygon","coordinates":[[[37.61745556,55.75946219],[37.61767384,55.75953127],[37.61788012,55.75932404],[37.61766183,55.75925496],[37.61745556,55.75946219]]]},"properties":{"type":"section"},"type":"Feature"},{"geometry":{"type":"Polygon","coordinates":[[[37.61710516,55.7598142],[37.61732345,55.75988328],[37.61767384,55.75953127],[37.61745556,55.75946219],[37.61710516,55.7598142]]]},"properties":{"type":"section"},"type":"Feature"},{"geometry":{"type":"Polygon","coordinates":[[[37.6168891,55.760024],[37.61711837,55.76009656],[37.61732893,55.75988502],[37.61709967,55.75981246],[37.6168891,55.760024]]]},"properties":{"type":"section"},"type":"Feature"},{"geometry":{"type":"Polygon","coordinates":[[[37.61774444,55.76004976],[37.61784518,55.76008165],[37.6178715,55.7600552],[37.61779608,55.76003134],[37.61779218,55.76003525],[37.61779217,55.76003527],[37.61779214,55.76003528],[37.61779212,55.76003529],[37.61779209,55.7600353],[37.61779206,55.7600353],[37.61779203,55.7600353],[37.617792,55.7600353],[37.61779197,55.76003529],[37.61776678,55.76002732],[37.61774444,55.76004976]]]},"properties":{"type":"apartment","rooms":0,"totalArea":24.46874999798437,"livingArea":18.35156252537169,"apartmentType":999990},"type":"Feature"},{"geometry":{"type":"Polygon","coordinates":[[[37.61776962,55.76005774],[37.61784518,55.76008165],[37.6178715,55.7600552],[37.61779594,55.76003129],[37.61776962,55.76005774]]]},"properties":{"type":"room","subtype":"apartment","roomType":"STUDIO","area":18.35156252537169},"type":"Feature"},{"geometry":{"type":"Polygon","coordinates":[[[37.61776686,55.76002724],[37.6177576,55.76003654],[37.61778278,55.76004451],[37.61779204,55.76003521],[37.61776686,55.76002724]]]},"properties":{"type":"room","subtype":"apartment","roomType":"JOINT_BATHROOM","area":2.1523437578261566},"type":"Feature"},{"geometry":{"type":"Polygon","coordinates":[[[37.61774444,55.76004976],[37.61776962,55.76005774],[37.61778278,55.76004451],[37.6177576,55.76003654],[37.61774444,55.76004976]]]},"properties":{"type":"room","subtype":"apartment","roomType":"HALL","area":3.058593705578929},"type":"Feature"},{"geometry":{"type":"Polygon","coordinates":[[[37.61788995,55.76006236],[37.6178705,55.7600562],[37.61784617,55.76008064],[37.61786563,55.7600868],[37.61788995,55.76006236]]]},"properties":{"type":"room","subtype":"apartment","roomType":"BALCONY","area":4.367256610545809},"type":"Feature"},{"geometry":{"type":"Polygon","coordinates":[[[37.61774522,55.76004898],[37.61774939,55.7600503],[37.61775173,55.76004795],[37.61774756,55.76004663],[37.61774522,55.76004898]]]},"properties":{"type":"room_object","subtype":"room","roomObjectType":"ELECTRICAL_BOX"},"type":"Feature"},{"geometry":{"type":"Polygon","coordinates":[[[37.61777076,55.76002332],[37.6178715,55.7600552],[37.61789782,55.76002876],[37.6178224,55.76000489],[37.6178185,55.76000881],[37.61781848,55.76000883],[37.61781846,55.76000884],[37.61781843,55.76000885],[37.61781841,55.76000885],[37.61781837,55.76000886],[37.61781834,55.76000886],[37.61781831,55.76000885],[37.61781828,55.76000885],[37.6177931,55.76000088],[37.6177931,55.76000088],[37.61777076,55.76002332],[37.61777076,55.76002332]]]},"properties":{"type":"apartment","rooms":0,"totalArea":24.468749998553974,"livingArea":18.351722692227675,"apartmentType":999990},"type":"Feature"},{"geometry":{"type":"Polygon","coordinates":[[[37.61779595,55.76003129],[37.6178715,55.7600552],[37.61789782,55.76002876],[37.61782226,55.76000485],[37.61779595,55.76003129]]]},"properties":{"type":"room","subtype":"apartment","roomType":"STUDIO","area":18.351722692227675},"type":"Feature"},{"geometry":{"type":"Polygon","coordinates":[[[37.61779318,55.7600008],[37.61778391,55.76001011],[37.6178091,55.76001808],[37.61781836,55.76000877],[37.61779318,55.7600008]]]},"properties":{"type":"room","subtype":"apartment","roomType":"JOINT_BATHROOM","area":2.153425856544224},"type":"Feature"},{"geometry":{"type":"Polygon","coordinates":[[[37.61778391,55.76001011],[37.61777076,55.76002332],[37.61777076,55.76002332],[37.61779595,55.76003129],[37.6178091,55.76001808],[37.61778391,55.76001011]]]},"properties":{"type":"room","subtype":"apartment","roomType":"HALL","area":3.057247654098611},"type":"Feature"},{"geometry":{"type":"Polygon","coordinates":[[[37.61791627,55.76003592],[37.61789682,55.76002976],[37.61787249,55.7600542],[37.61789195,55.76006036],[37.61791627,55.76003592]]]},"properties":{"type":"room","subtype":"apartment","roomType":"BALCONY","area":4.367256610545809},"type":"Feature"},{"geometry":{"type":"Polygon","coordinates":[[[37.61777154,55.76002254],[37.61777571,55.76002386],[37.61777805,55.76002151],[37.61777388,55.76002019],[37.61777154,55.76002254]]]},"properties":{"type":"room_object","subtype":"room","roomObjectType":"ELECTRICAL_BOX"},"type":"Feature"},{"geometry":{"type":"Polygon","coordinates":[[[37.61780951,55.75996604],[37.61769487,55.75992976],[37.61766855,55.7599562],[37.61778319,55.75999248],[37.61789782,55.76002876],[37.61792414,55.76000232],[37.61786696,55.75998422],[37.61786306,55.75998814],[37.61786304,55.75998816],[37.61786302,55.75998817],[37.617863,55.75998818],[37.61786297,55.75998818],[37.61786294,55.75998819],[37.6178629,55.75998819],[37.61786287,55.75998818],[37.61786284,55.75998818],[37.61783705,55.75998001],[37.61783703,55.75998],[37.61783701,55.75997999],[37.61783699,55.75997998],[37.61783698,55.75997996],[37.61783697,55.75997994],[37.61783697,55.75997992],[37.61783698,55.75997991],[37.61783699,55.75997989],[37.61784089,55.75997597],[37.61784089,55.75997597],[37.61780951,55.75996604]]]},"properties":{"type":"apartment","rooms":1,"totalArea":55.68749999944303,"livingArea":27.843749249922517,"apartmentType":999991},"type":"Feature"},{"geometry":{"type":"Polygon","coordinates":[[[37.6178405,55.76001062],[37.61789643,55.76002832],[37.61789671,55.76002839],[37.61789702,55.76002843],[37.61789733,55.76002843],[37.61789764,55.7600284],[37.61789793,55.76002834],[37.61789819,55.76002824],[37.61789842,55.76002812],[37.6178986,55.76002798],[37.61792336,55.7600031],[37.61792348,55.76000294],[37.61792355,55.76000277],[37.61792356,55.76000259],[37.6179235,55.76000242],[37.61792339,55.76000226],[37.61792322,55.76000211],[37.61792301,55.76000198],[37.61792275,55.76000188],[37.61786682,55.75998418],[37.6178405,55.76001062]]]},"properties":{"type":"room","subtype":"apartment","roomType":"KITCHEN","area":13.917482786528996},"type":"Feature"},{"geometry":{"type":"Polygon","coordinates":[[[37.61779635,55.75997926],[37.61778397,55.7599917],[37.61778384,55.75999186],[37.61778377,55.75999203],[37.61778377,55.75999221],[37.61778382,55.75999238],[37.61778393,55.75999255],[37.6177841,55.75999269],[37.61778432,55.75999282],[37.61778457,55.75999292],[37.6178405,55.76001062],[37.61785366,55.7599974],[37.61779635,55.75997926]]]},"properties":{"type":"room","subtype":"apartment","roomType":"HALL","area":6.958740973377194},"type":"Feature"},{"geometry":{"type":"Polygon","coordinates":[[[37.61782787,55.75998924],[37.61784103,55.75997602],[37.6178109,55.75996648],[37.61781061,55.75996641],[37.6178103,55.75996637],[37.61780999,55.75996637],[37.61780968,55.7599664],[37.61780939,55.75996646],[37.61780913,55.75996656],[37.61780891,55.75996668],[37.61780873,55.75996682],[37.61779635,55.75997926],[37.61782787,55.75998924]]]},"properties":{"type":"room","subtype":"apartment","roomType":"BATHROOM","area":3.8263194169590746},"type":"Feature"},{"geometry":{"type":"Polygon","coordinates":[[[37.61786292,55.7599881],[37.61783713,55.75997993],[37.61782787,55.75998924],[37.61785366,55.7599974],[37.61786292,55.7599881]]]},"properties":{"type":"room","subtype":"apartment","roomType":"TOILET","area":2.2042970214147113},"type":"Feature"},{"geometry":{"type":"Polygon","coordinates":[[[37.61778319,55.75999248],[37.61780951,55.75996604],[37.61780951,55.75996604],[37.61769487,55.75992976],[37.61766855,55.7599562],[37.61766855,55.7599562],[37.61778319,55.75999248]]]},"properties":{"type":"room","subtype":"apartment","roomType":"BEDROOM","area":27.843749249922517},"type":"Feature"},{"geometry":{"type":"Polygon","coordinates":[[[37.6176501,55.75994905],[37.61766955,55.7599552],[37.61769331,55.75993133],[37.61767386,55.75992517],[37.6176501,55.75994905]]]},"properties":{"type":"room","subtype":"apartment","roomType":"BALCONY","area":4.266128054131565},"type":"Feature"},{"geometry":{"type":"Polygon","coordinates":[[[37.61781236,55.76000172],[37.6178147,55.75999937],[37.61780776,55.75999717],[37.61780542,55.75999952],[37.61781236,55.76000172]]]},"properties":{"type":"room_object","subtype":"room","roomObjectType":"ELECTRICAL_BOX"},"type":"Feature"},{"geometry":{"type":"Polygon","coordinates":[[[37.61758959,55.76003553],[37.61769033,55.76006741],[37.61771665,55.76004097],[37.61774297,55.76001453],[37.61776928,55.75998809],[37.61776929,55.75998809],[37.61774173,55.75997936],[37.61774173,55.75997936],[37.61773783,55.75998328],[37.61773781,55.75998329],[37.61773779,55.75998331],[37.61773776,55.75998332],[37.61773773,55.75998332],[37.6177377,55.75998332],[37.61773767,55.75998332],[37.61773764,55.75998332],[37.61773761,55.75998331],[37.61771494,55.75997614],[37.61771492,55.75997613],[37.6177149,55.75997612],[37.61771488,55.7599761],[37.61771487,55.75997609],[37.61771486,55.75997607],[37.61771486,55.75997605],[37.61771487,55.75997603],[37.61771488,55.75997602],[37.61771878,55.7599721],[37.61766855,55.7599562],[37.61764223,55.75998265],[37.61761591,55.76000909],[37.61758959,55.76003553]]]},"properties":{"type":"apartment","rooms":2,"totalArea":73.40624999737051,"livingArea":42.984669770103565,"apartmentType":999992},"type":"Feature"},{"geometry":{"type":"Polygon","coordinates":[[[37.6176926,55.75999859],[37.61771892,55.75997214],[37.61766994,55.75995664],[37.61766966,55.75995657],[37.61766935,55.75995654],[37.61766904,55.75995653],[37.61766873,55.75995656],[37.61766844,55.75995663],[37.61766818,55.75995672],[37.61766795,55.75995684],[37.61766777,55.75995699],[37.61764301,55.75998186],[37.61764289,55.75998202],[37.61764282,55.7599822],[37.61764281,55.75998237],[37.61764287,55.75998255],[37.61764298,55.75998271],[37.61764315,55.75998286],[37.61764337,55.75998299],[37.61764362,55.75998309],[37.6176926,55.75999859]]]},"properties":{"type":"room","subtype":"apartment","roomType":"KITCHEN","area":12.2299822234449},"type":"Feature"},{"geometry":{"type":"Polygon","coordinates":[[[37.61775613,55.76000131],[37.61770576,55.75998537],[37.6176926,55.75999859],[37.61774158,55.76001409],[37.61774187,55.76001416],[37.61774217,55.7600142],[37.61774248,55.7600142],[37.61774279,55.76001417],[37.61774308,55.76001411],[37.61774335,55.76001401],[37.61774357,55.76001389],[37.61774375,55.76001374],[37.61775613,55.76000131]]]},"properties":{"type":"room","subtype":"apartment","roomType":"HALL","area":6.114991149675187},"type":"Feature"},{"geometry":{"type":"Polygon","coordinates":[[[37.61772843,55.75999254],[37.61775613,55.76000131],[37.61776851,55.75998887],[37.61776864,55.75998871],[37.6177687,55.75998854],[37.61776871,55.75998836],[37.61776866,55.75998819],[37.61776854,55.75998802],[37.61776837,55.75998787],[37.61776816,55.75998775],[37.6177679,55.75998765],[37.61774159,55.75997932],[37.61772843,55.75999254]]]},"properties":{"type":"room","subtype":"apartment","roomType":"BATHROOM","area":3.362256704436535},"type":"Feature"},{"geometry":{"type":"Polygon","coordinates":[[[37.61773769,55.75998324],[37.61771502,55.75997606],[37.61770576,55.75998537],[37.61772843,55.75999254],[37.61773769,55.75998324]]]},"properties":{"type":"room","subtype":"apartment","roomType":"TOILET","area":1.9371093726471653},"type":"Feature"},{"geometry":{"type":"Polygon","coordinates":[[[37.61771848,55.76000678],[37.61764362,55.75998309],[37.61764334,55.75998302],[37.61764303,55.75998298],[37.61764272,55.75998297],[37.61764241,55.759983],[37.61764212,55.75998307],[37.61764186,55.75998316],[37.61764163,55.75998329],[37.61764145,55.75998343],[37.61761669,55.76000831],[37.61761657,55.76000847],[37.6176165,55.76000864],[37.61761649,55.76000881],[37.61761655,55.76000899],[37.61761666,55.76000915],[37.61761683,55.7600093],[37.61761704,55.76000943],[37.6176173,55.76000953],[37.61769216,55.76003322],[37.61771848,55.76000678]]]},"properties":{"type":"room","subtype":"apartment","roomType":"BEDROOM","area":18.515919771452385},"type":"Feature"},{"geometry":{"type":"Polygon","coordinates":[[[37.61758959,55.76003553],[37.61769033,55.76006741],[37.61771665,55.76004097],[37.61761591,55.76000909],[37.61758959,55.76003553]]]},"properties":{"type":"room","subtype":"apartment","roomType":"BEDROOM","area":24.46874999865118},"type":"Feature"},{"geometry":{"type":"Polygon","coordinates":[[[37.61769202,55.76003318],[37.61769201,55.76003319],[37.617692,55.76003321],[37.617692,55.76003323],[37.61769201,55.76003324],[37.61769202,55.76003326],[37.61769203,55.76003328],[37.61769206,55.76003329],[37.61769208,55.7600333],[37.61771518,55.76004061],[37.6177152,55.76004061],[37.61771548,55.76004068],[37.61771551,55.76004069],[37.61771582,55.76004073],[37.61771585,55.76004073],[37.61771616,55.76004073],[37.61771619,55.76004073],[37.6177165,55.7600407],[37.61771653,55.7600407],[37.61771682,55.76004063],[37.61771685,55.76004062],[37.61771711,55.76004053],[37.61771713,55.76004052],[37.61771736,55.7600404],[37.61771738,55.76004038],[37.61771756,55.76004024],[37.61771757,55.76004023],[37.61774233,55.76001536],[37.61774234,55.76001535],[37.61774246,55.76001519],[37.61774247,55.76001517],[37.61774254,55.760015],[37.61774254,55.76001498],[37.61774255,55.7600148],[37.61774255,55.76001479],[37.61774249,55.76001461],[37.61774248,55.7600146],[37.61774237,55.76001443],[37.61774236,55.76001442],[37.61774219,55.76001427],[37.61774217,55.76001425],[37.61774195,55.76001413],[37.61774193,55.76001412],[37.61774167,55.76001401],[37.61774166,55.76001401],[37.61771856,55.7600067],[37.61771853,55.76000669],[37.6177185,55.76000669],[37.61771847,55.76000669],[37.61771844,55.76000669],[37.61771841,55.7600067],[37.61771838,55.76000671],[37.61771836,55.76000672],[37.61771834,55.76000673],[37.61769202,55.76003318]]]},"properties":{"type":"room","subtype":"apartment","roomType":"CORRIDOR","area":6.046243466127891},"type":"Feature"},{"geometry":{"type":"Polygon","coordinates":[[[37.61762378,55.75997549],[37.61764323,55.75998165],[37.61766756,55.75995721],[37.6176481,55.75995105],[37.61762378,55.75997549]]]},"properties":{"type":"room","subtype":"apartment","roomType":"BALCONY","area":4.367256610584269},"type":"Feature"},{"geometry":{"type":"Polygon","coordinates":[[[37.61757113,55.76002837],[37.61759059,55.76003453],[37.61761492,55.76001009],[37.61759546,55.76000393],[37.61757113,55.76002837]]]},"properties":{"type":"room","subtype":"apartment","roomType":"BALCONY","area":4.367256610545809},"type":"Feature"},{"geometry":{"type":"Polygon","coordinates":[[[37.61773982,55.76001219],[37.61774398,55.76001351],[37.61774609,55.76001139],[37.61774192,55.76001007],[37.61773982,55.76001219]]]},"properties":{"type":"room_object","subtype":"room","roomObjectType":"ELECTRICAL_BOX"},"type":"Feature"},{"geometry":{"type":"Polygon","coordinates":[[[37.61756327,55.76006197],[37.61753695,55.76008842],[37.61763769,55.7601203],[37.61763769,55.7601203],[37.61766401,55.76009385],[37.61769033,55.76006741],[37.61766276,55.76005869],[37.61765886,55.76006261],[37.61765885,55.76006262],[37.61765882,55.76006263],[37.6176588,55.76006264],[37.61765877,55.76006265],[37.61765874,55.76006265],[37.61765871,55.76006265],[37.61765868,55.76006265],[37.61765865,55.76006264],[37.61763598,55.76005547],[37.61763596,55.76005546],[37.61763593,55.76005544],[37.61763592,55.76005543],[37.61763591,55.76005541],[37.6176359,55.7600554],[37.6176359,55.76005538],[37.61763591,55.76005536],[37.61763592,55.76005534],[37.61763982,55.76005143],[37.61763982,55.76005143],[37.61758959,55.76003553],[37.61756327,55.76006197]]]},"properties":{"type":"apartment","rooms":1,"totalArea":48.937500160089876,"livingArea":24.46874865961918,"apartmentType":999991},"type":"Feature"},{"geometry":{"type":"Polygon","coordinates":[[[37.61761364,55.76007791],[37.61763996,55.76005147],[37.61759098,55.76003597],[37.61759069,55.7600359],[37.61759039,55.76003586],[37.61759008,55.76003586],[37.61758977,55.76003589],[37.61758948,55.76003595],[37.61758921,55.76003605],[37.61758899,55.76003617],[37.61758881,55.76003631],[37.61756405,55.76006119],[37.61756392,55.76006135],[37.61756386,55.76006152],[37.61756385,55.7600617],[37.6175639,55.76006187],[37.61756402,55.76006204],[37.61756419,55.76006218],[37.6175644,55.76006231],[37.61756466,55.76006241],[37.61761364,55.76007791]]]},"properties":{"type":"room","subtype":"apartment","roomType":"KITCHEN","area":12.229983268532001},"type":"Feature"},{"geometry":{"type":"Polygon","coordinates":[[[37.61767717,55.76008063],[37.6176268,55.76006469],[37.61761364,55.76007791],[37.61766262,55.76009341],[37.6176629,55.76009349],[37.61766321,55.76009352],[37.61766352,55.76009353],[37.61766383,55.7600935],[37.61766412,55.76009343],[37.61766438,55.76009334],[37.61766461,55.76009322],[37.61766479,55.76009307],[37.61767717,55.76008063]]]},"properties":{"type":"room","subtype":"apartment","roomType":"HALL","area":6.114991660614904},"type":"Feature"},{"geometry":{"type":"Polygon","coordinates":[[[37.61767717,55.76008063],[37.61768955,55.7600682],[37.61768967,55.76006803],[37.61768974,55.76006786],[37.61768975,55.76006769],[37.61768969,55.76006751],[37.61768958,55.76006735],[37.61768941,55.7600672],[37.61768919,55.76006707],[37.61768894,55.76006697],[37.61766263,55.76005864],[37.61764946,55.76007187],[37.61767717,55.76008063]]]},"properties":{"type":"room","subtype":"apartment","roomType":"BATHROOM","area":3.3622566279406936},"type":"Feature"},{"geometry":{"type":"Polygon","coordinates":[[[37.61763606,55.76005539],[37.6176268,55.76006469],[37.61764946,55.76007187],[37.61765873,55.76006256],[37.61763606,55.76005539]]]},"properties":{"type":"room","subtype":"apartment","roomType":"TOILET","area":1.937109331780866},"type":"Feature"},{"geometry":{"type":"Polygon","coordinates":[[[37.61766401,55.76009385],[37.61756327,55.76006197],[37.61753695,55.76008842],[37.61753695,55.76008842],[37.61763769,55.7601203],[37.61763769,55.7601203],[37.61766401,55.76009385],[37.61766401,55.76009385]]]},"properties":{"type":"room","subtype":"apartment","roomType":"BEDROOM","area":24.46874865961918},"type":"Feature"},{"geometry":{"type":"Polygon","coordinates":[[[37.61754481,55.76005482],[37.61756427,55.76006097],[37.61758859,55.76003653],[37.61756914,55.76003038],[37.61754481,55.76005482]]]},"properties":{"type":"room","subtype":"apartment","roomType":"BALCONY","area":4.367257120735774},"type":"Feature"},{"geometry":{"type":"Polygon","coordinates":[[[37.61766085,55.76009152],[37.61766502,55.76009284],[37.61766713,55.76009072],[37.61766296,55.7600894],[37.61766085,55.76009152]]]},"properties":{"type":"room_object","subtype":"room","roomObjectType":"ELECTRICAL_BOX"},"type":"Feature"},{"geometry":{"type":"Polygon","coordinates":[[[37.61761137,55.76014673],[37.61761137,55.76014673],[37.61763371,55.76012429],[37.61763371,55.76012429],[37.61760852,55.76011632],[37.6176085,55.76011631],[37.61760848,55.7601163],[37.61760846,55.76011628],[37.61760845,55.76011627],[37.61760844,55.76011625],[37.61760844,55.76011623],[37.61760845,55.76011622],[37.61760846,55.7601162],[37.61761236,55.76011228],[37.61761236,55.76011228],[37.61753695,55.76008842],[37.61753695,55.76008842],[37.61751063,55.76011486],[37.61751063,55.76011486],[37.61761137,55.76014674],[37.61761137,55.76014673]]]},"properties":{"type":"apartment","rooms":0,"totalArea":24.468750000078316,"livingArea":18.351722471856977,"apartmentType":999990},"type":"Feature"},{"geometry":{"type":"Polygon","coordinates":[[[37.6176125,55.76011233],[37.61753695,55.76008842],[37.61753695,55.76008842],[37.61751063,55.76011486],[37.61751063,55.76011486],[37.61758618,55.76013877],[37.6176125,55.76011233]]]},"properties":{"type":"room","subtype":"apartment","roomType":"STUDIO","area":18.351722471856977},"type":"Feature"},{"geometry":{"type":"Polygon","coordinates":[[[37.6176086,55.76011624],[37.61759935,55.76012554],[37.61762453,55.76013351],[37.61763379,55.76012421],[37.6176086,55.76011624]]]},"properties":{"type":"room","subtype":"apartment","roomType":"JOINT_BATHROOM","area":2.150924156131635},"type":"Feature"},{"geometry":{"type":"Polygon","coordinates":[[[37.61762453,55.76013351],[37.61759935,55.76012554],[37.61758618,55.76013877],[37.61761137,55.76014674],[37.61761137,55.76014673],[37.61761137,55.76014673],[37.61762453,55.76013351]]]},"properties":{"type":"room","subtype":"apartment","roomType":"HALL","area":3.0597779441354023},"type":"Feature"},{"geometry":{"type":"Polygon","coordinates":[[[37.61749217,55.7601077],[37.61751162,55.76011386],[37.61753595,55.76008942],[37.6175165,55.76008326],[37.61749217,55.7601077]]]},"properties":{"type":"room","subtype":"apartment","roomType":"BALCONY","area":4.367238091596727},"type":"Feature"},{"geometry":{"type":"Polygon","coordinates":[[[37.61760798,55.76014463],[37.61761215,55.76014595],[37.61761449,55.7601436],[37.61761032,55.76014228],[37.61760798,55.76014463]]]},"properties":{"type":"room_object","subtype":"room","roomObjectType":"ELECTRICAL_BOX"},"type":"Feature"},{"geometry":{"type":"Polygon","coordinates":[[[37.61748431,55.7601413],[37.61754148,55.7601594],[37.61754538,55.76015548],[37.6175454,55.76015546],[37.61754542,55.76015545],[37.61754545,55.76015544],[37.61754548,55.76015544],[37.61754551,55.76015543],[37.61754554,55.76015543],[37.61754557,55.76015544],[37.6175456,55.76015544],[37.61757139,55.76016361],[37.61757142,55.76016362],[37.61757144,55.76016363],[37.61757146,55.76016364],[37.61757147,55.76016366],[37.61757147,55.76016368],[37.61757147,55.7601637],[37.61757147,55.76016371],[37.61757145,55.76016373],[37.61756755,55.76016765],[37.61756755,55.76016765],[37.61759894,55.76017758],[37.61771357,55.76021386],[37.61773989,55.76018742],[37.61762526,55.76015114],[37.61751063,55.76011486],[37.61751063,55.76011486],[37.61748431,55.7601413]]]},"properties":{"type":"apartment","rooms":1,"totalArea":55.68749999968444,"livingArea":27.84374941125537,"apartmentType":999991},"type":"Feature"},{"geometry":{"type":"Polygon","coordinates":[[[37.61748509,55.76014052],[37.61748496,55.76014068],[37.61748489,55.76014085],[37.61748489,55.76014103],[37.61748494,55.7601412],[37.61748506,55.76014136],[37.61748522,55.76014151],[37.61748544,55.76014164],[37.6174857,55.76014174],[37.61754162,55.76015944],[37.61756794,55.760133],[37.61751202,55.7601153],[37.61751173,55.76011523],[37.61751143,55.76011519],[37.61751111,55.76011519],[37.61751081,55.76011522],[37.61751052,55.76011528],[37.61751025,55.76011537],[37.61751003,55.7601155],[37.61750985,55.76011564],[37.61748509,55.76014052]]]},"properties":{"type":"room","subtype":"apartment","roomType":"KITCHEN","area":13.917482667587402},"type":"Feature"},{"geometry":{"type":"Polygon","coordinates":[[[37.61755478,55.76014622],[37.6176121,55.76016436],[37.61762448,55.76015192],[37.61762461,55.76015176],[37.61762467,55.76015159],[37.61762468,55.76015141],[37.61762462,55.76015124],[37.61762451,55.76015107],[37.61762434,55.76015092],[37.61762413,55.7601508],[37.61762387,55.7601507],[37.61756794,55.760133],[37.61755478,55.76014622]]]},"properties":{"type":"room","subtype":"apartment","roomType":"HALL","area":6.958741000251652},"type":"Feature"},{"geometry":{"type":"Polygon","coordinates":[[[37.61758058,55.76015438],[37.61756742,55.7601676],[37.61759755,55.76017714],[37.61759784,55.76017721],[37.61759814,55.76017725],[37.61759845,55.76017725],[37.61759876,55.76017722],[37.61759905,55.76017716],[37.61759931,55.76017706],[37.61759954,55.76017694],[37.61759972,55.7601768],[37.6176121,55.76016436],[37.61758058,55.76015438]]]},"properties":{"type":"room","subtype":"apartment","roomType":"BATHROOM","area":3.8263193810169733},"type":"Feature"},{"geometry":{"type":"Polygon","coordinates":[[[37.61754552,55.76015552],[37.61757131,55.76016368],[37.61758058,55.76015438],[37.61755478,55.76014622],[37.61754552,55.76015552]]]},"properties":{"type":"room","subtype":"apartment","roomType":"TOILET","area":2.2042969919336555},"type":"Feature"},{"geometry":{"type":"Polygon","coordinates":[[[37.61759894,55.76017758],[37.61771357,55.76021386],[37.61773989,55.76018742],[37.61762526,55.76015114],[37.61762526,55.76015114],[37.61759894,55.76017758],[37.61759894,55.76017758]]]},"properties":{"type":"room","subtype":"apartment","roomType":"BEDROOM","area":27.84374941125537},"type":"Feature"},{"geometry":{"type":"Polygon","coordinates":[[[37.61746641,55.76013358],[37.61748587,55.76013973],[37.61750963,55.76011586],[37.61749018,55.7601097],[37.61746641,55.76013358]]]},"properties":{"type":"room","subtype":"apartment","roomType":"BALCONY","area":4.266128503594958},"type":"Feature"},{"geometry":{"type":"Polygon","coordinates":[[[37.61776621,55.76016097],[37.6176908,55.76013711],[37.6176908,55.76013711],[37.6176869,55.76014102],[37.61768688,55.76014104],[37.61768686,55.76014105],[37.61768683,55.76014106],[37.61768681,55.76014107],[37.61768678,55.76014107],[37.61768674,55.76014107],[37.61768671,55.76014107],[37.61768668,55.76014106],[37.6176615,55.76013309],[37.61763916,55.76015553],[37.61763916,55.76015553],[37.61773989,55.76018742],[37.61773989,55.76018742],[37.61776621,55.76016097]]]},"properties":{"type":"apartment","rooms":0,"totalArea":24.46874999872514,"livingArea":18.35172251561387,"apartmentType":999990},"type":"Feature"},{"geometry":{"type":"Polygon","coordinates":[[[37.61769066,55.76013706],[37.61766434,55.7601635],[37.61773989,55.76018742],[37.61773989,55.76018742],[37.61776621,55.76016097],[37.61769066,55.76013706]]]},"properties":{"type":"room","subtype":"apartment","roomType":"STUDIO","area":18.35172251561387},"type":"Feature"},{"geometry":{"type":"Polygon","coordinates":[[[37.6176775,55.76015028],[37.61768676,55.76014098],[37.61766158,55.76013301],[37.61765232,55.76014231],[37.6176775,55.76015028]]]},"properties":{"type":"room","subtype":"apartment","roomType":"JOINT_BATHROOM","area":2.151150688209962},"type":"Feature"},{"geometry":{"type":"Polygon","coordinates":[[[37.61765232,55.76014231],[37.61763916,55.76015553],[37.61763916,55.76015553],[37.61766434,55.7601635],[37.6176775,55.76015028],[37.61765232,55.76014231]]]},"properties":{"type":"room","subtype":"apartment","roomType":"HALL","area":3.0597779160681737},"type":"Feature"},{"geometry":{"type":"Polygon","coordinates":[[[37.61778467,55.76016813],[37.61776522,55.76016197],[37.61774089,55.76018641],[37.61776034,55.76019257],[37.61778467,55.76016813]]]},"properties":{"type":"room","subtype":"apartment","roomType":"BALCONY","area":4.3672380913373745},"type":"Feature"},{"geometry":{"type":"Polygon","coordinates":[[[37.61763994,55.76015474],[37.61764411,55.76015606],[37.61764645,55.76015371],[37.61764228,55.76015239],[37.61763994,55.76015474]]]},"properties":{"type":"room_object","subtype":"room","roomObjectType":"ELECTRICAL_BOX"},"type":"Feature"},{"geometry":{"type":"Polygon","coordinates":[[[37.61779253,55.76013453],[37.61771712,55.76011066],[37.61771322,55.76011458],[37.6177132,55.7601146],[37.61771318,55.76011461],[37.61771315,55.76011462],[37.61771313,55.76011462],[37.61771309,55.76011463],[37.61771306,55.76011463],[37.61771303,55.76011462],[37.617713,55.76011462],[37.61768782,55.76010665],[37.61768782,55.76010665],[37.61766548,55.76012909],[37.61776621,55.76016097],[37.61776621,55.76016097],[37.61779253,55.76013453],[37.61779253,55.76013453]]]},"properties":{"type":"apartment","rooms":0,"totalArea":24.46875133869058,"livingArea":18.35156372445666,"apartmentType":999990},"type":"Feature"},{"geometry":{"type":"Polygon","coordinates":[[[37.61771698,55.76011062],[37.61769066,55.76013706],[37.61776621,55.76016097],[37.61776621,55.76016097],[37.61779253,55.76013453],[37.61779253,55.76013453],[37.61771698,55.76011062]]]},"properties":{"type":"room","subtype":"apartment","roomType":"STUDIO","area":18.35156372445666},"type":"Feature"},{"geometry":{"type":"Polygon","coordinates":[[[37.6176879,55.76010657],[37.61767864,55.76011587],[37.61770382,55.76012384],[37.61771308,55.76011454],[37.6176879,55.76010657]]]},"properties":{"type":"room","subtype":"apartment","roomType":"JOINT_BATHROOM","area":2.15234398853467},"type":"Feature"},{"geometry":{"type":"Polygon","coordinates":[[[37.61770382,55.76012384],[37.61767864,55.76011587],[37.61766548,55.76012909],[37.61769066,55.76013706],[37.61770382,55.76012384]]]},"properties":{"type":"room","subtype":"apartment","roomType":"HALL","area":3.058593645951881},"type":"Feature"},{"geometry":{"type":"Polygon","coordinates":[[[37.61781099,55.76014169],[37.61779154,55.76013553],[37.61776721,55.76015997],[37.61778666,55.76016613],[37.61781099,55.76014169]]]},"properties":{"type":"room","subtype":"apartment","roomType":"BALCONY","area":4.367257067668006},"type":"Feature"},{"geometry":{"type":"Polygon","coordinates":[[[37.61766626,55.76012831],[37.61767042,55.76012963],[37.61767276,55.76012728],[37.6176686,55.76012596],[37.61766626,55.76012831]]]},"properties":{"type":"room_object","subtype":"room","roomObjectType":"ELECTRICAL_BOX"},"type":"Feature"},{"geometry":{"type":"Polygon","coordinates":[[[37.61786151,55.76009094],[37.61784206,55.76008478],[37.61779565,55.7601314],[37.61781511,55.76013755],[37.61786151,55.76009094]]]},"properties":{"type":"balcony","area":8.329999483515682,"subtype":"service"},"type":"Feature"},{"geometry":{"type":"Polygon","coordinates":[[[37.6176918,55.76010265],[37.61779253,55.76013453],[37.61781886,55.76010809],[37.61771812,55.76007621],[37.6176918,55.76010265],[37.6176918,55.76010265]]]},"properties":{"type":"ladder","area":24.468748497347764,"subtype":"service"},"type":"Feature"},{"geometry":{"type":"Polygon","coordinates":[[[37.61778481,55.76009731],[37.61781886,55.76010809],[37.61784518,55.76008165],[37.61774444,55.76004976],[37.61771812,55.76007621],[37.6177345,55.76005975],[37.61774144,55.76006195],[37.61775673,55.76006679],[37.61777896,55.76007383],[37.61780119,55.76008086],[37.61778481,55.76009731]]]},"properties":{"type":"corridor","area":14.388749997745347,"subtype":"service"},"type":"Feature"},{"geometry":{"type":"Polygon","coordinates":[[[37.61772507,55.76007841],[37.61774144,55.76006195],[37.6177345,55.76005975],[37.61771812,55.76007621],[37.61772507,55.76007841]]]},"properties":{"type":"heating_meter","area":1.0500000001243543,"subtype":"service"},"type":"Feature"},{"geometry":{"type":"Polygon","coordinates":[[[37.61774035,55.76008324],[37.61775673,55.76006679],[37.61774144,55.76006195],[37.61772507,55.76007841],[37.61774035,55.76008324]]]},"properties":{"type":"elevator","area":2.3099999996529723,"subtype":"service"},"type":"Feature"},{"geometry":{"type":"Polygon","coordinates":[[[37.61776258,55.76009028],[37.61777896,55.76007383],[37.61775673,55.76006679],[37.61774035,55.76008324],[37.61776258,55.76009028]]]},"properties":{"type":"elevator","area":3.360000000995022,"subtype":"service"},"type":"Feature"},{"geometry":{"type":"Polygon","coordinates":[[[37.61778481,55.76009731],[37.61780119,55.76008086],[37.61777896,55.76007383],[37.61776258,55.76009028],[37.61778481,55.76009731]]]},"properties":{"type":"elevator","area":3.359999998861783,"subtype":"service"},"type":"Feature"},{"geometry":{"type":"Polygon","coordinates":[[[37.61779707,55.75999689],[37.61776928,55.75998809],[37.61761137,55.76014673],[37.61763916,55.76015553],[37.61779707,55.75999689]]]},"properties":{"type":"corridor","area":40.49599819530667,"subtype":"service"},"type":"Feature"},{"geometry":{"type":"Polygon","coordinates":[[[37.61776686,55.76002724],[37.61779204,55.76003521],[37.61779594,55.76003129],[37.61777076,55.76002332],[37.61776686,55.76002724]]]},"properties":{"type":"ventilation","area":0.9062500112450025,"subtype":"service"},"type":"Feature"},{"geometry":{"type":"Polygon","coordinates":[[[37.61779318,55.7600008],[37.61781836,55.76000877],[37.61782226,55.76000485],[37.61779708,55.75999688],[37.61779707,55.75999689],[37.61779707,55.75999689],[37.61779318,55.7600008]]]},"properties":{"type":"ventilation","area":0.9063537933074753,"subtype":"service"},"type":"Feature"},{"geometry":{"type":"Polygon","coordinates":[[[37.61783713,55.75997993],[37.61786292,55.7599881],[37.61786682,55.75998418],[37.61784103,55.75997602],[37.61783713,55.75997993]]]},"properties":{"type":"ventilation","area":0.9281250006157175,"subtype":"service"},"type":"Feature"},{"geometry":{"type":"Polygon","coordinates":[[[37.61771502,55.75997606],[37.61773769,55.75998324],[37.61774159,55.75997932],[37.61771892,55.75997214],[37.61771502,55.75997606]]]},"properties":{"type":"ventilation","area":0.8156250003978959,"subtype":"service"},"type":"Feature"},{"geometry":{"type":"Polygon","coordinates":[[[37.61765873,55.76006256],[37.61766263,55.76005864],[37.61763996,55.76005147],[37.61763606,55.76005539],[37.61765873,55.76006256]]]},"properties":{"type":"ventilation","area":0.8156250587342053,"subtype":"service"},"type":"Feature"},{"geometry":{"type":"Polygon","coordinates":[[[37.6176086,55.76011624],[37.61763379,55.76012421],[37.61763769,55.7601203],[37.61763769,55.7601203],[37.6176125,55.76011233],[37.6176086,55.76011624]]]},"properties":{"type":"ventilation","area":0.9063254264435182,"subtype":"service"},"type":"Feature"},{"geometry":{"type":"Polygon","coordinates":[[[37.61756742,55.7601676],[37.61757131,55.76016368],[37.61754552,55.76015552],[37.61754162,55.76015944],[37.61756742,55.7601676]]]},"properties":{"type":"ventilation","area":0.9281250005390649,"subtype":"service"},"type":"Feature"},{"geometry":{"type":"Polygon","coordinates":[[[37.61768676,55.76014098],[37.61769066,55.76013706],[37.61766548,55.76012909],[37.61766548,55.76012909],[37.61766158,55.76013301],[37.61768676,55.76014098]]]},"properties":{"type":"ventilation","area":0.9060988764693159,"subtype":"service"},"type":"Feature"},{"geometry":{"type":"Polygon","coordinates":[[[37.6176879,55.76010657],[37.61771308,55.76011454],[37.61771698,55.76011062],[37.6176918,55.76010265],[37.6176879,55.76010657]]]},"properties":{"type":"ventilation","area":0.9062499792308811,"subtype":"service"},"type":"Feature"},{"geometry":{"type":"Polygon","coordinates":[[[37.61801037,55.7597826],[37.61803584,55.75979066],[37.61803584,55.75979066],[37.61803974,55.75978674],[37.61803975,55.75978673],[37.61803978,55.75978671],[37.6180398,55.7597867],[37.61803983,55.7597867],[37.61803986,55.75978669],[37.61803989,55.75978669],[37.61803992,55.7597867],[37.61803995,55.75978671],[37.6180609,55.75979333],[37.61806093,55.75979334],[37.61806095,55.75979336],[37.61806096,55.75979337],[37.61806097,55.75979339],[37.61806098,55.75979341],[37.61806098,55.75979342],[37.61806097,55.75979344],[37.61806096,55.75979346],[37.61805706,55.75979737],[37.61810347,55.75981206],[37.61813018,55.75978523],[37.61815689,55.75975839],[37.6180638,55.75972893],[37.61803709,55.75975577],[37.61801037,55.7597826]]]},"properties":{"type":"apartment","rooms":1,"totalArea":45.89500000141132,"livingArea":22.947498757780714,"apartmentType":999991},"type":"Feature"},{"geometry":{"type":"Polygon","coordinates":[[[37.61805692,55.75979733],[37.61810208,55.75981162],[37.61810237,55.75981169],[37.61810267,55.75981173],[37.61810298,55.75981173],[37.61810329,55.7598117],[37.61810358,55.75981164],[37.61810385,55.75981154],[37.61810407,55.75981142],[37.61810425,55.75981128],[37.6181294,55.75978601],[37.61812953,55.75978585],[37.61812959,55.75978568],[37.6181296,55.7597855],[37.61812954,55.75978533],[37.61812943,55.75978516],[37.61812926,55.75978502],[37.61812905,55.75978489],[37.61812879,55.75978479],[37.61808363,55.7597705],[37.61805692,55.75979733]]]},"properties":{"type":"room","subtype":"apartment","roomType":"KITCHEN","area":11.469358089490244},"type":"Feature"},{"geometry":{"type":"Polygon","coordinates":[[[37.61802373,55.75976918],[37.61807028,55.75978391],[37.61808363,55.7597705],[37.61803847,55.7597562],[37.61803819,55.75975613],[37.61803788,55.7597561],[37.61803757,55.75975609],[37.61803726,55.75975612],[37.61803697,55.75975619],[37.61803671,55.75975628],[37.61803648,55.7597564],[37.61803631,55.75975655],[37.61802373,55.75976918]]]},"properties":{"type":"room","subtype":"apartment","roomType":"HALL","area":5.7346785492368},"type":"Feature"},{"geometry":{"type":"Polygon","coordinates":[[[37.61803598,55.7597907],[37.61804933,55.75977728],[37.61802373,55.75976918],[37.61801115,55.75978182],[37.61801103,55.75978198],[37.61801096,55.75978215],[37.61801096,55.75978233],[37.61801101,55.7597825],[37.61801112,55.75978266],[37.61801129,55.75978281],[37.61801151,55.75978294],[37.61801176,55.75978304],[37.61803598,55.7597907]]]},"properties":{"type":"room","subtype":"apartment","roomType":"BATHROOM","area":3.153085092136071},"type":"Feature"},{"geometry":{"type":"Polygon","coordinates":[[[37.61803988,55.75978678],[37.61806082,55.75979341],[37.61807028,55.75978391],[37.61804933,55.75977728],[37.61803988,55.75978678]]]},"properties":{"type":"room","subtype":"apartment","roomType":"TOILET","area":1.8278439660399848},"type":"Feature"},{"geometry":{"type":"Polygon","coordinates":[[[37.61813018,55.75978523],[37.61803709,55.75975577],[37.61803709,55.75975577],[37.6180638,55.75972893],[37.61815689,55.75975839],[37.61813018,55.75978523]]]},"properties":{"type":"room","subtype":"apartment","roomType":"BEDROOM","area":22.947498757780714},"type":"Feature"},{"geometry":{"type":"Polygon","coordinates":[[[37.61814864,55.75979238],[37.61812918,55.75978623],[37.61810447,55.75981106],[37.61812392,55.75981722],[37.61814864,55.75979238]]]},"properties":{"type":"room","subtype":"apartment","roomType":"BALCONY","area":4.4372570668076685},"type":"Feature"},{"geometry":{"type":"Polygon","coordinates":[[[37.61804024,55.7597581],[37.61803607,55.75975678],[37.61803397,55.7597589],[37.61803813,55.75976022],[37.61804024,55.7597581]]]},"properties":{"type":"room_object","subtype":"room","roomObjectType":"ELECTRICAL_BOX"},"type":"Feature"},{"geometry":{"type":"Polygon","coordinates":[[[37.6180638,55.75972893],[37.6180638,55.75972893],[37.61815689,55.75975839],[37.6181836,55.75973156],[37.61811392,55.75970951],[37.61811392,55.75970951],[37.61811002,55.75971342],[37.61811,55.75971344],[37.61810998,55.75971345],[37.61810995,55.75971346],[37.61810992,55.75971347],[37.61810989,55.75971347],[37.61810986,55.75971347],[37.61810983,55.75971347],[37.6181098,55.75971346],[37.61808653,55.75970609],[37.6180638,55.75972893]]]},"properties":{"type":"apartment","rooms":0,"totalArea":22.947501243266636,"livingArea":17.21062614017405,"apartmentType":999990},"type":"Feature"},{"geometry":{"type":"Polygon","coordinates":[[[37.61811378,55.75970946],[37.61808707,55.7597363],[37.61815689,55.75975839],[37.6181836,55.75973156],[37.61811378,55.75970946]]]},"properties":{"type":"room","subtype":"apartment","roomType":"STUDIO","area":17.21062614017405},"type":"Feature"},{"geometry":{"type":"Polygon","coordinates":[[[37.61808661,55.75970601],[37.61807715,55.75971551],[37.61810042,55.75972288],[37.61810988,55.75971338],[37.61808661,55.75970601]]]},"properties":{"type":"room","subtype":"apartment","roomType":"JOINT_BATHROOM","area":2.03093745866316},"type":"Feature"},{"geometry":{"type":"Polygon","coordinates":[[[37.61807715,55.75971551],[37.6180638,55.75972893],[37.6180638,55.75972893],[37.61808707,55.7597363],[37.61810042,55.75972288],[37.61807715,55.75971551]]]},"properties":{"type":"room","subtype":"apartment","roomType":"HALL","area":2.868437691053821},"type":"Feature"},{"geometry":{"type":"Polygon","coordinates":[[[37.61820206,55.75973872],[37.6181826,55.75973256],[37.61815789,55.75975739],[37.61817734,55.75976355],[37.61820206,55.75973872]]]},"properties":{"type":"room","subtype":"apartment","roomType":"BALCONY","area":4.437257066707114},"type":"Feature"},{"geometry":{"type":"Polygon","coordinates":[[[37.61806458,55.75972815],[37.61806874,55.75972947],[37.61807108,55.75972712],[37.61806691,55.7597258],[37.61806458,55.75972815]]]},"properties":{"type":"room_object","subtype":"room","roomObjectType":"ELECTRICAL_BOX"},"type":"Feature"},{"geometry":{"type":"Polygon","coordinates":[[[37.61799633,55.75963701],[37.61810332,55.75967087],[37.61811721,55.75967527],[37.61809051,55.7597021],[37.61811597,55.75971016],[37.61811987,55.75970624],[37.61811989,55.75970623],[37.61811991,55.75970621],[37.61811993,55.7597062],[37.61811996,55.7597062],[37.61811999,55.75970619],[37.61812003,55.7597062],[37.61812006,55.7597062],[37.61812008,55.75970621],[37.61814103,55.75971283],[37.61814106,55.75971284],[37.61814108,55.75971286],[37.6181411,55.75971287],[37.61814111,55.75971289],[37.61814111,55.7597129],[37.61814111,55.75971292],[37.61814111,55.75971294],[37.61814109,55.75971296],[37.6181372,55.75971687],[37.6181372,55.75971687],[37.6181836,55.75973156],[37.61823702,55.75967789],[37.61813003,55.75964403],[37.61802304,55.75961017],[37.61799633,55.75963701]]]},"properties":{"type":"apartment","rooms":2,"totalArea":75.69299812590812,"livingArea":43.9897321860403,"apartmentType":999992},"type":"Feature"},{"geometry":{"type":"Polygon","coordinates":[[[37.61813706,55.75971683],[37.61818221,55.75973112],[37.6181825,55.75973119],[37.6181828,55.75973123],[37.61818311,55.75973123],[37.61818342,55.7597312],[37.61818371,55.75973114],[37.61818398,55.75973104],[37.6181842,55.75973092],[37.61818438,55.75973078],[37.61820953,55.75970551],[37.61820966,55.75970535],[37.61820972,55.75970518],[37.61820973,55.759705],[37.61820968,55.75970483],[37.61820956,55.75970466],[37.61820939,55.75970451],[37.61820918,55.75970439],[37.61820892,55.75970429],[37.61816376,55.75969],[37.61813706,55.75971683]]]},"properties":{"type":"room","subtype":"apartment","roomType":"KITCHEN","area":11.468519063411712},"type":"Feature"},{"geometry":{"type":"Polygon","coordinates":[[[37.6181504,55.75970341],[37.61816376,55.75969],[37.6181186,55.75967571],[37.61811831,55.75967564],[37.61811801,55.7596756],[37.61811769,55.7596756],[37.61811739,55.75967563],[37.6181171,55.75967569],[37.61811683,55.75967579],[37.61811661,55.75967591],[37.61811643,55.75967605],[37.61810385,55.75968869],[37.6181504,55.75970341]]]},"properties":{"type":"room","subtype":"apartment","roomType":"HALL","area":5.73421077688741},"type":"Feature"},{"geometry":{"type":"Polygon","coordinates":[[[37.61812946,55.75969679],[37.61810385,55.75968869],[37.61809129,55.75970131],[37.61809116,55.75970147],[37.61809109,55.75970165],[37.61809109,55.75970182],[37.61809114,55.759702],[37.61809125,55.75970216],[37.61809142,55.75970231],[37.61809164,55.75970244],[37.6180919,55.75970254],[37.61811611,55.7597102],[37.61812946,55.75969679]]]},"properties":{"type":"room","subtype":"apartment","roomType":"BATHROOM","area":3.151853564256},"type":"Feature"},{"geometry":{"type":"Polygon","coordinates":[[[37.61812001,55.75970628],[37.61814095,55.75971291],[37.6181504,55.75970341],[37.61812946,55.75969679],[37.61812001,55.75970628]]]},"properties":{"type":"room","subtype":"apartment","roomType":"TOILET","area":1.8272033138562396},"type":"Feature"},{"geometry":{"type":"Polygon","coordinates":[[[37.61813882,55.7596821],[37.61820892,55.75970429],[37.61820921,55.75970436],[37.61820951,55.75970439],[37.61820982,55.7597044],[37.61821013,55.75970437],[37.61821042,55.7597043],[37.61821069,55.75970421],[37.61821091,55.75970409],[37.61821109,55.75970394],[37.61823624,55.75967867],[37.61823637,55.75967851],[37.61823643,55.75967834],[37.61823644,55.75967817],[37.61823639,55.75967799],[37.61823627,55.75967783],[37.6182361,55.75967768],[37.61823589,55.75967755],[37.61823563,55.75967745],[37.61816553,55.75965527],[37.61813882,55.7596821]]]},"properties":{"type":"room","subtype":"apartment","roomType":"BEDROOM","area":17.61723288473765},"type":"Feature"},{"geometry":{"type":"Polygon","coordinates":[[[37.61799633,55.75963701],[37.61810332,55.75967087],[37.61813003,55.75964403],[37.61813003,55.75964403],[37.61802304,55.75961017],[37.61799633,55.75963701]]]},"properties":{"type":"room","subtype":"apartment","roomType":"BEDROOM","area":26.372499301302646},"type":"Feature"},{"geometry":{"type":"Polygon","coordinates":[[[37.61810396,55.75967004],[37.61810396,55.75967005],[37.61810383,55.75967021],[37.61810382,55.75967022],[37.61810375,55.7596704],[37.61810375,55.75967041],[37.61810374,55.75967059],[37.61810375,55.75967061],[37.6181038,55.75967078],[37.61810381,55.7596708],[37.61810392,55.75967096],[37.61810394,55.75967098],[37.6181041,55.75967113],[37.61810412,55.75967114],[37.61810434,55.75967127],[37.61810436,55.75967128],[37.61810462,55.75967138],[37.61810463,55.75967138],[37.61813874,55.75968218],[37.61813877,55.75968219],[37.6181388,55.75968219],[37.61813883,55.75968219],[37.61813887,55.75968219],[37.61813889,55.75968218],[37.61813892,55.75968217],[37.61813894,55.75968216],[37.61813896,55.75968214],[37.61816567,55.75965531],[37.61816568,55.75965529],[37.61816569,55.75965528],[37.61816569,55.75965526],[37.61816569,55.75965524],[37.61816567,55.75965523],[37.61816566,55.75965521],[37.61816564,55.7596552],[37.61816561,55.75965519],[37.6181315,55.75964439],[37.61813148,55.75964439],[37.6181312,55.75964432],[37.61813117,55.75964431],[37.61813086,55.75964427],[37.61813083,55.75964427],[37.61813052,55.75964427],[37.61813049,55.75964427],[37.61813018,55.7596443],[37.61813015,55.75964431],[37.61812986,55.75964437],[37.61812983,55.75964438],[37.61812957,55.75964447],[37.61812955,55.75964448],[37.61812932,55.75964461],[37.6181293,55.75964462],[37.61812912,55.75964476],[37.61812911,55.75964477],[37.61810396,55.75967004]]]},"properties":{"type":"room","subtype":"apartment","roomType":"CORRIDOR","area":8.8655310454071},"type":"Feature"},{"geometry":{"type":"Polygon","coordinates":[[[37.61797788,55.75962985],[37.61799733,55.759636],[37.61802148,55.75961174],[37.61800203,55.75960558],[37.61797788,55.75962985]]]},"properties":{"type":"room","subtype":"apartment","roomType":"BALCONY","area":4.336128055026938},"type":"Feature"},{"geometry":{"type":"Polygon","coordinates":[[[37.61812036,55.75967761],[37.61811619,55.75967629],[37.61811409,55.7596784],[37.61811826,55.75967972],[37.61812036,55.75967761]]]},"properties":{"type":"room_object","subtype":"room","roomObjectType":"ELECTRICAL_BOX"},"type":"Feature"},{"geometry":{"type":"Polygon","coordinates":[[[37.61796962,55.75966384],[37.61806272,55.7596933],[37.61808544,55.75967047],[37.61808544,55.75967047],[37.61806217,55.75966311],[37.61806215,55.7596631],[37.61806212,55.75966308],[37.61806211,55.75966307],[37.6180621,55.75966305],[37.61806209,55.75966304],[37.61806209,55.75966302],[37.6180621,55.759663],[37.61806211,55.75966298],[37.61806602,55.75965906],[37.61799633,55.75963701],[37.61796962,55.75966384]]]},"properties":{"type":"apartment","rooms":0,"totalArea":22.947501249999974,"livingArea":17.21080806092985,"apartmentType":999990},"type":"Feature"},{"geometry":{"type":"Polygon","coordinates":[[[37.61803944,55.75968594],[37.61806616,55.7596591],[37.61799633,55.75963701],[37.61796962,55.75966384],[37.61803944,55.75968594]]]},"properties":{"type":"room","subtype":"apartment","roomType":"STUDIO","area":17.21080806092985},"type":"Feature"},{"geometry":{"type":"Polygon","coordinates":[[[37.61805279,55.75967253],[37.61807606,55.75967989],[37.61808552,55.75967039],[37.61806225,55.75966303],[37.61805279,55.75967253]]]},"properties":{"type":"room","subtype":"apartment","roomType":"JOINT_BATHROOM","area":2.0304299286119694},"type":"Feature"},{"geometry":{"type":"Polygon","coordinates":[[[37.61807606,55.75967989],[37.61805279,55.75967253],[37.61803944,55.75968594],[37.61806272,55.7596933],[37.61807606,55.75967989]]]},"properties":{"type":"room","subtype":"apartment","roomType":"HALL","area":2.8672260689451403},"type":"Feature"},{"geometry":{"type":"Polygon","coordinates":[[[37.61795117,55.75965668],[37.61797062,55.75966284],[37.61799534,55.75963801],[37.61797588,55.75963185],[37.61795117,55.75965668]]]},"properties":{"type":"room","subtype":"apartment","roomType":"BALCONY","area":4.437237048307893},"type":"Feature"},{"geometry":{"type":"Polygon","coordinates":[[[37.61805933,55.7596912],[37.6180635,55.75969252],[37.61806584,55.75969017],[37.61806167,55.75968885],[37.61805933,55.7596912]]]},"properties":{"type":"room_object","subtype":"room","roomObjectType":"ELECTRICAL_BOX"},"type":"Feature"},{"geometry":{"type":"Polygon","coordinates":[[[37.61786278,55.75977118],[37.61793163,55.75979297],[37.61793163,55.75979297],[37.61793553,55.75978905],[37.61793555,55.75978903],[37.61793557,55.75978902],[37.61793559,55.75978901],[37.61793562,55.75978901],[37.61793565,55.759789],[37.61793569,55.759789],[37.61793572,55.75978901],[37.61793574,55.75978901],[37.61795985,55.75979664],[37.61798259,55.7597738],[37.6180093,55.75974697],[37.61803601,55.75972014],[37.61805796,55.75969808],[37.61805796,55.75969808],[37.61801141,55.75968335],[37.61801139,55.75968334],[37.61801136,55.75968333],[37.61801135,55.75968331],[37.61801134,55.7596833],[37.61801133,55.75968328],[37.61801133,55.75968326],[37.61801134,55.75968324],[37.61801135,55.75968323],[37.61801603,55.75967853],[37.61796962,55.75966384],[37.61794291,55.75969067],[37.6179162,55.75971751],[37.61788949,55.75974434],[37.61786278,55.75977118]]]},"properties":{"type":"apartment","rooms":3,"totalArea":91.79000000141822,"livingArea":51.002197943380125,"apartmentType":999993},"type":"Feature"},{"geometry":{"type":"Polygon","coordinates":[[[37.61798946,55.75970541],[37.61801617,55.75967857],[37.61797101,55.75966428],[37.61797072,55.75966421],[37.61797042,55.75966417],[37.61797011,55.75966417],[37.6179698,55.7596642],[37.61796951,55.75966426],[37.61796925,55.75966436],[37.61796902,55.75966448],[37.61796884,55.75966462],[37.61794369,55.75968989],[37.61794357,55.75969005],[37.6179435,55.75969022],[37.61794349,55.7596904],[37.61794355,55.75969057],[37.61794366,55.75969074],[37.61794383,55.75969089],[37.61794404,55.75969101],[37.6179443,55.75969111],[37.61798946,55.75970541]]]},"properties":{"type":"room","subtype":"apartment","roomType":"KITCHEN","area":11.469356358319219},"type":"Feature"},{"geometry":{"type":"Polygon","coordinates":[[[37.61804936,55.75970672],[37.61800281,55.75969199],[37.61798946,55.75970541],[37.61803462,55.7597197],[37.6180349,55.75971977],[37.61803521,55.75971981],[37.61803552,55.75971981],[37.61803583,55.75971978],[37.61803612,55.75971971],[37.61803638,55.75971962],[37.61803661,55.7597195],[37.61803679,55.75971935],[37.61804936,55.75970672]]]},"properties":{"type":"room","subtype":"apartment","roomType":"HALL","area":5.734678502571379},"type":"Feature"},{"geometry":{"type":"Polygon","coordinates":[[[37.61805804,55.759698],[37.61801149,55.75968327],[37.61800281,55.75969199],[37.61804936,55.75970672],[37.61805804,55.759698]]]},"properties":{"type":"room","subtype":"apartment","roomType":"JOINT_BATHROOM","area":3.726874848332174},"type":"Feature"},{"geometry":{"type":"Polygon","coordinates":[[[37.61798519,55.75973934],[37.6180119,55.75971251],[37.6179443,55.75969111],[37.61794401,55.75969104],[37.61794371,55.759691],[37.6179434,55.759691],[37.61794309,55.75969103],[37.6179428,55.7596911],[37.61794254,55.75969119],[37.61794231,55.75969131],[37.61794213,55.75969146],[37.61791698,55.75971672],[37.61791685,55.75971689],[37.61791679,55.75971706],[37.61791678,55.75971723],[37.61791684,55.75971741],[37.61791695,55.75971757],[37.61791712,55.75971772],[37.61791733,55.75971785],[37.61791759,55.75971795],[37.61798519,55.75973934]]]},"properties":{"type":"room","subtype":"apartment","roomType":"LIVING_ROOM","area":17.00073338250877},"type":"Feature"},{"geometry":{"type":"Polygon","coordinates":[[[37.61798519,55.75973934],[37.61791759,55.75971795],[37.6179173,55.75971788],[37.617917,55.75971784],[37.61791669,55.75971784],[37.61791638,55.75971787],[37.61791609,55.75971793],[37.61791582,55.75971802],[37.6179156,55.75971815],[37.61791542,55.75971829],[37.61789027,55.75974356],[37.61789014,55.75974372],[37.61789008,55.75974389],[37.61789007,55.75974407],[37.61789013,55.75974424],[37.61789024,55.75974441],[37.61789041,55.75974455],[37.61789062,55.75974468],[37.61789088,55.75974478],[37.61795848,55.75976617],[37.61798519,55.75973934]]]},"properties":{"type":"room","subtype":"apartment","roomType":"BEDROOM","area":17.000731172291434},"type":"Feature"},{"geometry":{"type":"Polygon","coordinates":[[[37.61786356,55.75977039],[37.61786343,55.75977055],[37.61786337,55.75977073],[37.61786336,55.7597709],[37.61786342,55.75977108],[37.61786353,55.75977124],[37.6178637,55.75977139],[37.61786391,55.75977151],[37.61786417,55.75977162],[37.61793177,55.75979301],[37.61795848,55.75976617],[37.61789088,55.75974478],[37.61789059,55.75974471],[37.61789029,55.75974467],[37.61788998,55.75974467],[37.61788967,55.7597447],[37.61788938,55.75974476],[37.61788911,55.75974486],[37.61788889,55.75974498],[37.61788871,55.75974513],[37.61786356,55.75977039]]]},"properties":{"type":"room","subtype":"apartment","roomType":"BEDROOM","area":17.000733388579917},"type":"Feature"},{"geometry":{"type":"Polygon","coordinates":[[[37.61793567,55.75978909],[37.61795977,55.75979672],[37.61796923,55.75978722],[37.61794512,55.75977959],[37.61793567,55.75978909]]]},"properties":{"type":"room","subtype":"apartment","roomType":"JOINT_BATHROOM","area":2.1036873617286997},"type":"Feature"},{"geometry":{"type":"Polygon","coordinates":[[[37.61795834,55.75976613],[37.61794498,55.75977955],[37.61794497,55.75977956],[37.61794496,55.75977958],[37.61794496,55.7597796],[37.61794497,55.75977962],[37.61794498,55.75977963],[37.617945,55.75977965],[37.61794502,55.75977966],[37.61794504,55.75977967],[37.61796915,55.7597873],[37.61796918,55.75978731],[37.61796921,55.75978731],[37.61796924,55.75978731],[37.61796927,55.75978731],[37.6179693,55.7597873],[37.61796933,55.75978729],[37.61796935,55.75978728],[37.61796937,55.75978727],[37.61798194,55.75977463],[37.61798195,55.75977462],[37.61798208,55.75977446],[37.61798209,55.75977445],[37.61798215,55.75977427],[37.61798216,55.75977426],[37.61798216,55.75977408],[37.61798216,55.75977406],[37.61798211,55.75977389],[37.6179821,55.75977387],[37.61798198,55.75977371],[37.61798197,55.75977369],[37.61798182,55.75977356],[37.6179821,55.75977357],[37.61798213,55.75977357],[37.61798243,55.75977353],[37.61798246,55.75977353],[37.61798276,55.75977347],[37.61798278,55.75977346],[37.61798305,55.75977336],[37.61798307,55.75977335],[37.6179833,55.75977323],[37.61798332,55.75977322],[37.6179835,55.75977307],[37.6179835,55.75977306],[37.61800865,55.7597478],[37.61800866,55.75974779],[37.61800879,55.75974763],[37.6180088,55.75974761],[37.61800886,55.75974744],[37.61800887,55.75974742],[37.61800887,55.75974725],[37.61800887,55.75974723],[37.61800882,55.75974706],[37.61800881,55.75974704],[37.61800869,55.75974687],[37.61800868,55.75974686],[37.61800853,55.75974673],[37.61800881,55.75974673],[37.61800884,55.75974673],[37.61800914,55.7597467],[37.61800917,55.7597467],[37.61800947,55.75974663],[37.61800949,55.75974662],[37.61800976,55.75974653],[37.61800978,55.75974652],[37.61801001,55.7597464],[37.61801003,55.75974638],[37.61801021,55.75974624],[37.61801021,55.75974623],[37.61803536,55.75972096],[37.61803537,55.75972096],[37.6180355,55.75972079],[37.61803551,55.75972078],[37.61803557,55.75972061],[37.61803558,55.75972059],[37.61803558,55.75972041],[37.61803558,55.75972039],[37.61803553,55.75972022],[37.61803552,55.7597202],[37.61803541,55.75972004],[37.61803539,55.75972002],[37.61803522,55.75971988],[37.6180352,55.75971986],[37.61803499,55.75971974],[37.61803496,55.75971972],[37.61803471,55.75971962],[37.61803469,55.75971962],[37.61801198,55.75971243],[37.61801195,55.75971242],[37.61801192,55.75971242],[37.61801189,55.75971242],[37.61801186,55.75971242],[37.61801183,55.75971243],[37.6180118,55.75971244],[37.61801178,55.75971245],[37.61801176,55.75971246],[37.61798505,55.7597393],[37.61798505,55.7597393],[37.61795834,55.75976613],[37.61795834,55.75976613]]]},"properties":{"type":"room","subtype":"apartment","roomType":"CORRIDOR","area":15.052193224003902},"type":"Feature"},{"geometry":{"type":"Polygon","coordinates":[[[37.61792445,55.75968352],[37.61794391,55.75968967],[37.61796862,55.75966484],[37.61794917,55.75965868],[37.61792445,55.75968352]]]},"properties":{"type":"room","subtype":"apartment","roomType":"BALCONY","area":4.4372561545180975},"type":"Feature"},{"geometry":{"type":"Polygon","coordinates":[[[37.61789774,55.75971035],[37.6179172,55.75971651],[37.61794191,55.75969167],[37.61792246,55.75968552],[37.61789774,55.75971035]]]},"properties":{"type":"room","subtype":"apartment","roomType":"BALCONY","area":4.437257066707114},"type":"Feature"},{"geometry":{"type":"Polygon","coordinates":[[[37.61803285,55.7597178],[37.61803702,55.75971912],[37.61803913,55.759717],[37.61803496,55.75971568],[37.61803285,55.7597178]]]},"properties":{"type":"room_object","subtype":"room","roomObjectType":"ELECTRICAL_BOX"},"type":"Feature"},{"geometry":{"type":"Polygon","coordinates":[[[37.61780936,55.75982484],[37.61778265,55.75985168],[37.61787574,55.75988114],[37.61787574,55.75988114],[37.61790245,55.75985431],[37.61792916,55.75982747],[37.61795587,55.75980064],[37.61793041,55.75979258],[37.61792651,55.7597965],[37.6179265,55.75979651],[37.61792647,55.75979652],[37.61792645,55.75979653],[37.61792642,55.75979654],[37.61792639,55.75979654],[37.61792636,55.75979654],[37.61792632,55.75979654],[37.6179263,55.75979653],[37.61790535,55.7597899],[37.61790532,55.75978989],[37.6179053,55.75978988],[37.61790529,55.75978987],[37.61790527,55.75978985],[37.61790527,55.75978983],[37.61790527,55.75978981],[37.61790528,55.7597898],[37.61790529,55.75978978],[37.61790919,55.75978586],[37.61786278,55.75977118],[37.61783607,55.75979801],[37.61780936,55.75982484]]]},"properties":{"type":"apartment","rooms":2,"totalArea":68.84250015298753,"livingArea":39.94823241174929,"apartmentType":999992},"type":"Feature"},{"geometry":{"type":"Polygon","coordinates":[[[37.61788262,55.75981274],[37.61790933,55.75978591],[37.61786417,55.75977162],[37.61786388,55.75977155],[37.61786358,55.75977151],[37.61786327,55.7597715],[37.61786296,55.75977153],[37.61786267,55.7597716],[37.6178624,55.75977169],[37.61786218,55.75977182],[37.617862,55.75977196],[37.61783685,55.75979723],[37.61783672,55.75979739],[37.61783666,55.75979756],[37.61783665,55.75979774],[37.6178367,55.75979791],[37.61783682,55.75979807],[37.61783699,55.75979822],[37.6178372,55.75979835],[37.61783746,55.75979845],[37.61788262,55.75981274]]]},"properties":{"type":"room","subtype":"apartment","roomType":"KITCHEN","area":11.469357325326461},"type":"Feature"},{"geometry":{"type":"Polygon","coordinates":[[[37.61789597,55.75979932],[37.61788262,55.75981274],[37.61792777,55.75982703],[37.61792806,55.7598271],[37.61792837,55.75982714],[37.61792868,55.75982715],[37.61792899,55.75982711],[37.61792928,55.75982705],[37.61792954,55.75982696],[37.61792977,55.75982683],[37.61792994,55.75982669],[37.61794252,55.75981406],[37.61789597,55.75979932]]]},"properties":{"type":"room","subtype":"apartment","roomType":"HALL","area":5.734678637594439},"type":"Feature"},{"geometry":{"type":"Polygon","coordinates":[[[37.61791692,55.75980595],[37.61794252,55.75981406],[37.61795509,55.75980142],[37.61795522,55.75980126],[37.61795529,55.75980109],[37.61795529,55.75980091],[37.61795524,55.75980074],[37.61795513,55.75980058],[37.61795496,55.75980043],[37.61795474,55.7598003],[37.61795449,55.7598002],[37.61793027,55.75979254],[37.61791692,55.75980595]]]},"properties":{"type":"room","subtype":"apartment","roomType":"BATHROOM","area":3.153084884356283},"type":"Feature"},{"geometry":{"type":"Polygon","coordinates":[[[37.61792637,55.75979645],[37.61790543,55.75978982],[37.61789597,55.75979932],[37.61791692,55.75980595],[37.61792637,55.75979645]]]},"properties":{"type":"room","subtype":"apartment","roomType":"TOILET","area":1.8278437461477977},"type":"Feature"},{"geometry":{"type":"Polygon","coordinates":[[[37.61787835,55.75984668],[37.61790506,55.75981984],[37.61783746,55.75979845],[37.61783717,55.75979838],[37.61783687,55.75979834],[37.61783656,55.75979834],[37.61783625,55.75979837],[37.61783596,55.75979843],[37.61783569,55.75979853],[37.61783547,55.75979865],[37.61783529,55.75979879],[37.61781014,55.75982406],[37.61781001,55.75982422],[37.61780995,55.75982439],[37.61780994,55.75982457],[37.61780999,55.75982474],[37.61781011,55.75982491],[37.61781028,55.75982506],[37.61781049,55.75982518],[37.61781075,55.75982528],[37.61787835,55.75984668]]]},"properties":{"type":"room","subtype":"apartment","roomType":"BEDROOM","area":17.00073116330024},"type":"Feature"},{"geometry":{"type":"Polygon","coordinates":[[[37.61780936,55.75982484],[37.61780936,55.75982484],[37.61778265,55.75985168],[37.61778265,55.75985168],[37.61787574,55.75988114],[37.61787574,55.75988114],[37.61790245,55.75985431],[37.61790245,55.75985431],[37.61780936,55.75982484]]]},"properties":{"type":"room","subtype":"apartment","roomType":"BEDROOM","area":22.947501248449043},"type":"Feature"},{"geometry":{"type":"Polygon","coordinates":[[[37.61787821,55.75984663],[37.61787819,55.75984665],[37.61787819,55.75984667],[37.61787819,55.75984668],[37.61787819,55.7598467],[37.6178782,55.75984672],[37.61787822,55.75984673],[37.61787824,55.75984675],[37.61787827,55.75984676],[37.61790099,55.75985395],[37.617901,55.75985395],[37.61790129,55.75985402],[37.61790132,55.75985403],[37.61790162,55.75985406],[37.61790165,55.75985407],[37.61790196,55.75985407],[37.617902,55.75985407],[37.6179023,55.75985404],[37.61790233,55.75985403],[37.61790262,55.75985397],[37.61790265,55.75985396],[37.61790292,55.75985387],[37.61790294,55.75985385],[37.61790317,55.75985373],[37.61790319,55.75985372],[37.61790336,55.75985357],[37.61790337,55.75985357],[37.61792852,55.7598283],[37.61792853,55.75982829],[37.61792866,55.75982813],[37.61792867,55.75982811],[37.61792873,55.75982794],[37.61792874,55.75982792],[37.61792874,55.75982775],[37.61792874,55.75982773],[37.61792869,55.75982756],[37.61792868,55.75982754],[37.61792856,55.75982738],[37.61792855,55.75982736],[37.61792838,55.75982721],[37.61792836,55.7598272],[37.61792815,55.75982707],[37.61792812,55.75982706],[37.61792787,55.75982696],[37.61792785,55.75982695],[37.61790513,55.75981976],[37.61790511,55.75981976],[37.61790508,55.75981975],[37.61790504,55.75981975],[37.61790501,55.75981976],[37.61790498,55.75981976],[37.61790496,55.75981977],[37.61790494,55.75981978],[37.61790492,55.7598198],[37.61787821,55.75984663]]]},"properties":{"type":"room","subtype":"apartment","roomType":"CORRIDOR","area":6.040630832571239},"type":"Feature"},{"geometry":{"type":"Polygon","coordinates":[[[37.61776419,55.75984452],[37.61778364,55.75985068],[37.61780836,55.75982585],[37.61778891,55.75981969],[37.61776419,55.75984452]]]},"properties":{"type":"room","subtype":"apartment","roomType":"BALCONY","area":4.437257066985143},"type":"Feature"},{"geometry":{"type":"Polygon","coordinates":[[[37.61792601,55.75982513],[37.61793018,55.75982645],[37.61793228,55.75982434],[37.61792812,55.75982302],[37.61792601,55.75982513]]]},"properties":{"type":"room_object","subtype":"room","roomObjectType":"ELECTRICAL_BOX"},"type":"Feature"},{"geometry":{"type":"Polygon","coordinates":[[[37.61778265,55.75985168],[37.61778265,55.75985168],[37.61775594,55.75987851],[37.61775594,55.75987851],[37.61784903,55.75990797],[37.61784903,55.75990797],[37.61787177,55.75988514],[37.61787177,55.75988514],[37.61784849,55.75987777],[37.61784847,55.75987776],[37.61784844,55.75987775],[37.61784843,55.75987773],[37.61784842,55.75987772],[37.61784841,55.7598777],[37.61784841,55.75987768],[37.61784842,55.75987766],[37.61784843,55.75987765],[37.61785233,55.75987373],[37.61778265,55.75985168]]]},"properties":{"type":"apartment","rooms":0,"totalArea":22.947498752999998,"livingArea":17.210623911103074,"apartmentType":999990},"type":"Feature"},{"geometry":{"type":"Polygon","coordinates":[[[37.61785247,55.75987378],[37.61778265,55.75985168],[37.61778265,55.75985168],[37.61775594,55.75987851],[37.61775594,55.75987851],[37.61782576,55.75990061],[37.61785247,55.75987378]]]},"properties":{"type":"room","subtype":"apartment","roomType":"STUDIO","area":17.210623911103074},"type":"Feature"},{"geometry":{"type":"Polygon","coordinates":[[[37.61784857,55.75987769],[37.61783911,55.75988719],[37.61786239,55.75989456],[37.61787184,55.75988506],[37.61784857,55.75987769]]]},"properties":{"type":"room","subtype":"apartment","roomType":"JOINT_BATHROOM","area":2.0309374510352987},"type":"Feature"},{"geometry":{"type":"Polygon","coordinates":[[[37.61786239,55.75989456],[37.61783911,55.75988719],[37.61782576,55.75990061],[37.61784903,55.75990797],[37.61784903,55.75990797],[37.61786239,55.75989456]]]},"properties":{"type":"room","subtype":"apartment","roomType":"HALL","area":2.8684374431047184},"type":"Feature"},{"geometry":{"type":"Polygon","coordinates":[[[37.61773748,55.75987135],[37.61775693,55.75987751],[37.61778165,55.75985268],[37.6177622,55.75984652],[37.61773748,55.75987135]]]},"properties":{"type":"room","subtype":"apartment","roomType":"BALCONY","area":4.437256155874728},"type":"Feature"},{"geometry":{"type":"Polygon","coordinates":[[[37.61784564,55.75990587],[37.61784981,55.75990719],[37.61785215,55.75990484],[37.61784798,55.75990352],[37.61784564,55.75990587]]]},"properties":{"type":"room_object","subtype":"room","roomObjectType":"ELECTRICAL_BOX"},"type":"Feature"},{"geometry":{"type":"Polygon","coordinates":[[[37.61770252,55.75993218],[37.61780951,55.75996604],[37.6179165,55.7599999],[37.61794321,55.75997307],[37.61782233,55.7599348],[37.61784903,55.75990797],[37.61782357,55.75989992],[37.61782357,55.75989992],[37.61781967,55.75990383],[37.61781965,55.75990385],[37.61781963,55.75990386],[37.6178196,55.75990387],[37.61781958,55.75990388],[37.61781954,55.75990388],[37.61781951,55.75990388],[37.61781948,55.75990388],[37.61781945,55.75990387],[37.61779851,55.75989724],[37.61779848,55.75989723],[37.61779846,55.75989722],[37.61779844,55.7598972],[37.61779843,55.75989719],[37.61779843,55.75989717],[37.61779843,55.75989715],[37.61779843,55.75989713],[37.61779845,55.75989712],[37.61780235,55.7598932],[37.61775594,55.75987851],[37.61775594,55.75987851],[37.61772923,55.75990535],[37.61770252,55.75993218]]]},"properties":{"type":"apartment","rooms":2,"totalArea":75.69686404170321,"livingArea":43.989732349208516,"apartmentType":999992},"type":"Feature"},{"geometry":{"type":"Polygon","coordinates":[[[37.61780248,55.75989324],[37.61775733,55.75987895],[37.61775704,55.75987888],[37.61775674,55.75987884],[37.61775642,55.75987884],[37.61775612,55.75987887],[37.61775582,55.75987893],[37.61775556,55.75987903],[37.61775534,55.75987915],[37.61775516,55.7598793],[37.61773001,55.75990456],[37.61772988,55.75990472],[37.61772981,55.7599049],[37.61772981,55.75990507],[37.61772986,55.75990525],[37.61772998,55.75990541],[37.61773014,55.75990556],[37.61773036,55.75990569],[37.61773062,55.75990579],[37.61777577,55.75992008],[37.61780248,55.75989324]]]},"properties":{"type":"room","subtype":"apartment","roomType":"KITCHEN","area":11.469358090883052},"type":"Feature"},{"geometry":{"type":"Polygon","coordinates":[[[37.61783568,55.75992139],[37.61778913,55.75990666],[37.61777577,55.75992008],[37.61782093,55.75993437],[37.61782122,55.75993444],[37.61782152,55.75993448],[37.61782184,55.75993448],[37.61782214,55.75993445],[37.61782243,55.75993439],[37.6178227,55.75993429],[37.61782292,55.75993417],[37.6178231,55.75993403],[37.61783568,55.75992139]]]},"properties":{"type":"room","subtype":"apartment","roomType":"HALL","area":5.734678552483145},"type":"Feature"},{"geometry":{"type":"Polygon","coordinates":[[[37.61781008,55.75991329],[37.61783568,55.75992139],[37.61784825,55.75990876],[37.61784838,55.7599086],[37.61784845,55.75990843],[37.61784845,55.75990825],[37.6178484,55.75990808],[37.61784828,55.75990791],[37.61784812,55.75990776],[37.6178479,55.75990764],[37.61784764,55.75990754],[37.61782343,55.75989987],[37.61781008,55.75991329]]]},"properties":{"type":"room","subtype":"apartment","roomType":"BATHROOM","area":3.1530850980682117},"type":"Feature"},{"geometry":{"type":"Polygon","coordinates":[[[37.61779859,55.75989716],[37.61778913,55.75990666],[37.61781008,55.75991329],[37.61781953,55.75990379],[37.61779859,55.75989716]]]},"properties":{"type":"room","subtype":"apartment","roomType":"TOILET","area":1.827843964760611},"type":"Feature"},{"geometry":{"type":"Polygon","coordinates":[[[37.61780072,55.75992797],[37.61773062,55.75990579],[37.61773033,55.75990572],[37.61773003,55.75990568],[37.61772971,55.75990567],[37.61772941,55.7599057],[37.61772911,55.75990577],[37.61772885,55.75990586],[37.61772863,55.75990599],[37.61772845,55.75990613],[37.6177033,55.7599314],[37.61770317,55.75993156],[37.6177031,55.75993173],[37.6177031,55.75993191],[37.61770315,55.75993208],[37.61770327,55.75993224],[37.61770343,55.75993239],[37.61770365,55.75993252],[37.61770391,55.75993262],[37.617774,55.75995481],[37.61780072,55.75992797]]]},"properties":{"type":"room","subtype":"apartment","roomType":"BEDROOM","area":17.617231628122013},"type":"Feature"},{"geometry":{"type":"Polygon","coordinates":[[[37.61780951,55.75996604],[37.6179165,55.7599999],[37.61794321,55.75997307],[37.61783622,55.75993921],[37.61783622,55.75993921],[37.61780951,55.75996604],[37.61780951,55.75996604]]]},"properties":{"type":"room","subtype":"apartment","roomType":"BEDROOM","area":26.372500721086503},"type":"Feature"},{"geometry":{"type":"Polygon","coordinates":[[[37.61777387,55.75995476],[37.61777385,55.75995478],[37.61777385,55.75995479],[37.61777385,55.75995481],[37.61777385,55.75995483],[37.61777386,55.75995485],[37.61777388,55.75995486],[37.6177739,55.75995487],[37.61777393,55.75995488],[37.61780804,55.75996568],[37.61780805,55.75996568],[37.61780834,55.75996575],[37.61780837,55.75996576],[37.61780867,55.7599658],[37.6178087,55.7599658],[37.61780902,55.7599658],[37.61780905,55.7599658],[37.61780936,55.75996577],[37.61780939,55.75996577],[37.61780968,55.7599657],[37.6178097,55.75996569],[37.61780997,55.7599656],[37.61780999,55.75996559],[37.61781022,55.75996547],[37.61781024,55.75996545],[37.61781042,55.75996531],[37.61781042,55.7599653],[37.61783558,55.75994003],[37.61783558,55.75994003],[37.61783571,55.75993986],[37.61783572,55.75993985],[37.61783579,55.75993968],[37.61783579,55.75993966],[37.6178358,55.75993948],[37.61783579,55.75993946],[37.61783574,55.75993929],[37.61783573,55.75993927],[37.61783562,55.75993911],[37.6178356,55.75993909],[37.61783543,55.75993895],[37.61783541,55.75993893],[37.6178352,55.75993881],[37.61783517,55.75993879],[37.61783492,55.75993869],[37.61783491,55.75993869],[37.61780079,55.75992789],[37.61780076,55.75992789],[37.61780073,55.75992788],[37.6178007,55.75992788],[37.61780067,55.75992788],[37.61780064,55.75992789],[37.61780062,55.7599279],[37.61780059,55.75992791],[37.61780058,55.75992793],[37.61777387,55.75995476]]]},"properties":{"type":"room","subtype":"apartment","roomType":"CORRIDOR","area":8.865530888527385},"type":"Feature"},{"geometry":{"type":"Polygon","coordinates":[[[37.61771077,55.75989819],[37.61773022,55.75990435],[37.61775494,55.75987951],[37.61773549,55.75987336],[37.61771077,55.75989819]]]},"properties":{"type":"room","subtype":"apartment","roomType":"BALCONY","area":4.437257068442328},"type":"Feature"},{"geometry":{"type":"Polygon","coordinates":[[[37.61768462,55.75992446],[37.61770408,55.75993061],[37.61772823,55.75990635],[37.61770878,55.75990019],[37.61768462,55.75992446]]]},"properties":{"type":"room","subtype":"apartment","roomType":"BALCONY","area":4.336128047428233},"type":"Feature"},{"geometry":{"type":"Polygon","coordinates":[[[37.61781917,55.75993247],[37.61782334,55.75993379],[37.61782545,55.75993167],[37.61782128,55.75993035],[37.61781917,55.75993247]]]},"properties":{"type":"room_object","subtype":"room","roomObjectType":"ELECTRICAL_BOX"},"type":"Feature"},{"geometry":{"type":"Polygon","coordinates":[[[37.61787682,55.75991677],[37.61785012,55.7599436],[37.61785011,55.7599436],[37.61787557,55.75995166],[37.61787947,55.75994774],[37.61787949,55.75994773],[37.61787951,55.75994772],[37.61787954,55.75994771],[37.61787957,55.7599477],[37.6178796,55.7599477],[37.61787963,55.7599477],[37.61787966,55.7599477],[37.61787969,55.75994771],[37.61790064,55.75995434],[37.61790066,55.75995435],[37.61790068,55.75995436],[37.6179007,55.75995438],[37.61790071,55.75995439],[37.61790072,55.75995441],[37.61790072,55.75995443],[37.61790071,55.75995445],[37.6179007,55.75995446],[37.6178968,55.75995838],[37.61794321,55.75997307],[37.61794321,55.75997307],[37.61796992,55.75994623],[37.61799663,55.7599194],[37.61802334,55.75989256],[37.61793024,55.7598631],[37.61793024,55.7598631],[37.61790353,55.75988994],[37.61787682,55.75991677]]]},"properties":{"type":"apartment","rooms":2,"totalArea":68.84249875466215,"livingArea":39.94823213122055,"apartmentType":999992},"type":"Feature"},{"geometry":{"type":"Polygon","coordinates":[[[37.61789666,55.75995834],[37.61794182,55.75997263],[37.6179421,55.7599727],[37.61794241,55.75997274],[37.61794272,55.75997274],[37.61794303,55.75997271],[37.61794332,55.75997264],[37.61794358,55.75997255],[37.61794381,55.75997243],[37.61794399,55.75997228],[37.61796914,55.75994702],[37.61796926,55.75994685],[37.61796933,55.75994668],[37.61796934,55.75994651],[37.61796928,55.75994633],[37.61796917,55.75994617],[37.617969,55.75994602],[37.61796878,55.75994589],[37.61796853,55.75994579],[37.61792337,55.7599315],[37.61789666,55.75995834]]]},"properties":{"type":"room","subtype":"apartment","roomType":"KITCHEN","area":11.469356359965122},"type":"Feature"},{"geometry":{"type":"Polygon","coordinates":[[[37.61786347,55.75993019],[37.61791001,55.75994492],[37.61792337,55.7599315],[37.61787821,55.75991721],[37.61787793,55.75991714],[37.61787762,55.7599171],[37.61787731,55.7599171],[37.617877,55.75991713],[37.61787671,55.75991719],[37.61787645,55.75991729],[37.61787622,55.75991741],[37.61787604,55.75991755],[37.61786347,55.75993019]]]},"properties":{"type":"room","subtype":"apartment","roomType":"HALL","area":5.734678341830331},"type":"Feature"},{"geometry":{"type":"Polygon","coordinates":[[[37.61787571,55.75995171],[37.61788907,55.75993829],[37.61786347,55.75993019],[37.61785089,55.75994282],[37.61785077,55.75994298],[37.6178507,55.75994315],[37.61785069,55.75994333],[37.61785075,55.7599435],[37.61785086,55.75994367],[37.61785103,55.75994382],[37.61785124,55.75994394],[37.6178515,55.75994404],[37.61787571,55.75995171]]]},"properties":{"type":"room","subtype":"apartment","roomType":"BATHROOM","area":3.1530848196534613},"type":"Feature"},{"geometry":{"type":"Polygon","coordinates":[[[37.61790056,55.75995442],[37.61791001,55.75994492],[37.61788907,55.75993829],[37.61787961,55.75994779],[37.61790056,55.75995442]]]},"properties":{"type":"room","subtype":"apartment","roomType":"TOILET","area":1.827843685798294},"type":"Feature"},{"geometry":{"type":"Polygon","coordinates":[[[37.61790093,55.7599244],[37.61796853,55.75994579],[37.61796881,55.75994586],[37.61796912,55.7599459],[37.61796943,55.7599459],[37.61796974,55.75994587],[37.61797003,55.75994581],[37.61797029,55.75994572],[37.61797052,55.75994559],[37.6179707,55.75994545],[37.61799585,55.75992018],[37.61799597,55.75992002],[37.61799604,55.75991985],[37.61799605,55.75991967],[37.61799599,55.7599195],[37.61799588,55.75991933],[37.61799571,55.75991919],[37.61799549,55.75991906],[37.61799524,55.75991896],[37.61792764,55.75989757],[37.61790093,55.7599244]]]},"properties":{"type":"room","subtype":"apartment","roomType":"BEDROOM","area":17.000733379249244},"type":"Feature"},{"geometry":{"type":"Polygon","coordinates":[[[37.61790353,55.75988994],[37.61793024,55.7598631],[37.61793024,55.7598631],[37.61802334,55.75989256],[37.61802334,55.75989256],[37.61799663,55.7599194],[37.61799663,55.7599194],[37.61790353,55.75988994],[37.61790353,55.75988994]]]},"properties":{"type":"room","subtype":"apartment","roomType":"BEDROOM","area":22.94749875197131},"type":"Feature"},{"geometry":{"type":"Polygon","coordinates":[[[37.61787746,55.75991594],[37.61787746,55.75991595],[37.61787733,55.75991611],[37.61787732,55.75991613],[37.61787725,55.7599163],[37.61787725,55.75991632],[37.61787724,55.75991649],[37.61787725,55.75991651],[37.6178773,55.75991668],[37.61787731,55.7599167],[37.61787742,55.75991687],[37.61787744,55.75991688],[37.61787761,55.75991703],[37.61787762,55.75991704],[37.61787784,55.75991717],[37.61787786,55.75991718],[37.61787812,55.75991728],[37.61787813,55.75991729],[37.61790085,55.75992448],[37.61790088,55.75992448],[37.61790091,55.75992449],[37.61790094,55.75992449],[37.61790097,55.75992449],[37.617901,55.75992448],[37.61790103,55.75992447],[37.61790105,55.75992446],[37.61790107,55.75992444],[37.61792778,55.75989761],[37.61792779,55.75989759],[37.6179278,55.75989758],[37.6179278,55.75989756],[37.61792779,55.75989754],[37.61792778,55.75989752],[37.61792777,55.75989751],[37.61792774,55.7598975],[37.61792772,55.75989749],[37.617905,55.7598903],[37.61790499,55.75989029],[37.6179047,55.75989022],[37.61790467,55.75989022],[37.61790437,55.75989018],[37.61790433,55.75989018],[37.61790402,55.75989017],[37.61790399,55.75989017],[37.61790368,55.75989021],[37.61790365,55.75989021],[37.61790336,55.75989027],[37.61790333,55.75989028],[37.61790307,55.75989038],[37.61790305,55.75989039],[37.61790282,55.75989051],[37.6179028,55.75989052],[37.61790262,55.75989067],[37.61790261,55.75989068],[37.61787746,55.75991594]]]},"properties":{"type":"room","subtype":"apartment","roomType":"CORRIDOR","area":6.040631114721764},"type":"Feature"},{"geometry":{"type":"Polygon","coordinates":[[[37.61801508,55.75992656],[37.61799563,55.7599204],[37.61797091,55.75994523],[37.61799037,55.75995139],[37.61801508,55.75992656]]]},"properties":{"type":"room","subtype":"apartment","roomType":"BALCONY","area":4.437257068480788},"type":"Feature"},{"geometry":{"type":"Polygon","coordinates":[[[37.61787998,55.75991911],[37.61787581,55.75991779],[37.6178737,55.7599199],[37.61787787,55.75992122],[37.61787998,55.75991911]]]},"properties":{"type":"room_object","subtype":"room","roomObjectType":"ELECTRICAL_BOX"},"type":"Feature"},{"geometry":{"type":"Polygon","coordinates":[[[37.61794966,55.75984359],[37.61793024,55.7598631],[37.61802334,55.75989256],[37.61802334,55.75989256],[37.61804673,55.75986906],[37.61798171,55.75984848],[37.61797781,55.7598524],[37.61797779,55.75985241],[37.61797777,55.75985242],[37.61797774,55.75985243],[37.61797771,55.75985244],[37.61797768,55.75985244],[37.61797765,55.75985244],[37.61797762,55.75985244],[37.61797759,55.75985243],[37.61794966,55.75984359],[37.61794966,55.75984359]]]},"properties":{"type":"apartment","rooms":0,"totalArea":20.099999037957993,"livingArea":14.069999543915586,"apartmentType":999990},"type":"Feature"},{"geometry":{"type":"Polygon","coordinates":[[[37.61798157,55.75984844],[37.61795817,55.75987194],[37.61802334,55.75989256],[37.61802334,55.75989256],[37.61804673,55.75986906],[37.61798157,55.75984844]]]},"properties":{"type":"room","subtype":"apartment","roomType":"STUDIO","area":14.069999543915586},"type":"Feature"},{"geometry":{"type":"Polygon","coordinates":[[[37.61794974,55.75984351],[37.61794194,55.75985135],[37.61796987,55.75986019],[37.61797767,55.75985235],[37.61794974,55.75984351]]]},"properties":{"type":"room","subtype":"apartment","roomType":"JOINT_BATHROOM","area":2.009999936640714},"type":"Feature"},{"geometry":{"type":"Polygon","coordinates":[[[37.61794194,55.75985135],[37.61793024,55.7598631],[37.61795817,55.75987194],[37.61796987,55.75986019],[37.61794194,55.75985135]]]},"properties":{"type":"room","subtype":"apartment","roomType":"HALL","area":3.0149995760416495},"type":"Feature"},{"geometry":{"type":"Polygon","coordinates":[[[37.61806519,55.75987622],[37.61804574,55.75987006],[37.61802433,55.75989156],[37.61804379,55.75989772],[37.61806519,55.75987622]]]},"properties":{"type":"room","subtype":"apartment","roomType":"BALCONY","area":3.842256606216873},"type":"Feature"},{"geometry":{"type":"Polygon","coordinates":[[[37.6181198,55.75982135],[37.61810035,55.7598152],[37.61804985,55.75986593],[37.61806931,55.75987208],[37.6181198,55.75982135]]]},"properties":{"type":"balcony","area":9.064999946376826,"subtype":"service"},"type":"Feature"},{"geometry":{"type":"MultiPolygon","coordinates":[[[[37.61795695,55.75983627],[37.61795364,55.7598396],[37.61804673,55.75986906],[37.61805005,55.75986573],[37.61807676,55.7598389],[37.61798366,55.75980943],[37.61795695,55.75983627]]]]},"properties":{"type":"ladder","area":25.795002061036993,"subtype":"service"},"type":"Feature"},{"geometry":{"type":"Polygon","coordinates":[[[37.61805036,55.75983054],[37.61807676,55.7598389],[37.61810347,55.75981206],[37.61801037,55.7597826],[37.61800004,55.75979298],[37.61800699,55.75979518],[37.61802227,55.75980002],[37.6180445,55.75980705],[37.61806674,55.75981409],[37.61805036,55.75983054]]]},"properties":{"type":"corridor","area":12.867498800088542,"subtype":"service"},"type":"Feature"},{"geometry":{"type":"Polygon","coordinates":[[[37.61799061,55.75981163],[37.61800699,55.75979518],[37.61800004,55.75979298],[37.61798366,55.75980943],[37.61798366,55.75980943],[37.61799061,55.75981163]]]},"properties":{"type":"heating_meter","area":1.049999955952809,"subtype":"service"},"type":"Feature"},{"geometry":{"type":"Polygon","coordinates":[[[37.6180059,55.75981647],[37.61802227,55.75980002],[37.61800699,55.75979518],[37.61799061,55.75981163],[37.6180059,55.75981647]]]},"properties":{"type":"elevator","area":2.3100000008675394,"subtype":"service"},"type":"Feature"},{"geometry":{"type":"Polygon","coordinates":[[[37.61802813,55.7598235],[37.6180445,55.75980705],[37.61802227,55.75980002],[37.6180059,55.75981647],[37.61802813,55.7598235]]]},"properties":{"type":"elevator","area":3.3600000000102503,"subtype":"service"},"type":"Feature"},{"geometry":{"type":"Polygon","coordinates":[[[37.61805036,55.75983054],[37.61806674,55.75981409],[37.6180445,55.75980705],[37.61802813,55.7598235],[37.61805036,55.75983054]]]},"properties":{"type":"elevator","area":3.3600000000301073,"subtype":"service"},"type":"Feature"},{"geometry":{"type":"Polygon","coordinates":[[[37.61811721,55.75967527],[37.61808942,55.75966648],[37.61782233,55.7599348],[37.61785012,55.7599436],[37.61811721,55.75967527]]]},"properties":{"type":"corridor","area":68.49599662890455,"subtype":"service"},"type":"Feature"},{"geometry":{"type":"Polygon","coordinates":[[[37.61803988,55.75978678],[37.61803598,55.7597907],[37.61805692,55.75979733],[37.61806082,55.75979341],[37.61803988,55.75978678]]]},"properties":{"type":"ventilation","area":0.75375000055267,"subtype":"service"},"type":"Feature"},{"geometry":{"type":"Polygon","coordinates":[[[37.61810988,55.75971338],[37.61811378,55.75970946],[37.61809051,55.7597021],[37.61808661,55.75970601],[37.61810988,55.75971338]]]},"properties":{"type":"ventilation","area":0.8374999536990212,"subtype":"service"},"type":"Feature"},{"geometry":{"type":"Polygon","coordinates":[[[37.61814095,55.75971291],[37.61812001,55.75970628],[37.61811611,55.7597102],[37.61813706,55.75971683],[37.61814095,55.75971291]]]},"properties":{"type":"ventilation","area":0.7535806879656763,"subtype":"service"},"type":"Feature"},{"geometry":{"type":"Polygon","coordinates":[[[37.61806225,55.75966303],[37.61808552,55.75967039],[37.61808942,55.75966648],[37.61808943,55.75966647],[37.61806616,55.7596591],[37.61806225,55.75966303]]]},"properties":{"type":"ventilation","area":0.8390371918287066,"subtype":"service"},"type":"Feature"},{"geometry":{"type":"Polygon","coordinates":[[[37.61805804,55.759698],[37.61806194,55.75969409],[37.61806206,55.75969392],[37.61806213,55.75969375],[37.61806214,55.75969358],[37.61806208,55.7596934],[37.61806197,55.75969324],[37.6180618,55.75969309],[37.61806158,55.75969296],[37.61806133,55.75969286],[37.61801617,55.75967857],[37.61801149,55.75968327],[37.61805804,55.759698]]]},"properties":{"type":"ventilation","area":2.0078034941301963,"subtype":"service"},"type":"Feature"},{"geometry":{"type":"Polygon","coordinates":[[[37.61793567,55.75978909],[37.61793177,55.75979301],[37.61795449,55.7598002],[37.61795477,55.75980027],[37.61795508,55.75980031],[37.61795539,55.75980031],[37.6179557,55.75980028],[37.61795599,55.75980022],[37.61795625,55.75980012],[37.61795648,55.7598],[37.61795665,55.75979986],[37.61795977,55.75979672],[37.61793567,55.75978909]]]},"properties":{"type":"ventilation","area":0.8653036486201999,"subtype":"service"},"type":"Feature"},{"geometry":{"type":"Polygon","coordinates":[[[37.61790543,55.75978982],[37.61792637,55.75979645],[37.61793027,55.75979254],[37.61790933,55.75978591],[37.61790543,55.75978982]]]},"properties":{"type":"ventilation","area":0.7537500062651686,"subtype":"service"},"type":"Feature"},{"geometry":{"type":"Polygon","coordinates":[[[37.61784857,55.75987769],[37.61787184,55.75988506],[37.61787574,55.75988114],[37.61785247,55.75987378],[37.61784857,55.75987769]]]},"properties":{"type":"ventilation","area":0.8374999493737726,"subtype":"service"},"type":"Feature"},{"geometry":{"type":"Polygon","coordinates":[[[37.61781953,55.75990379],[37.61782343,55.75989987],[37.61780248,55.75989324],[37.61779859,55.75989716],[37.61781953,55.75990379]]]},"properties":{"type":"ventilation","area":0.7537500003974495,"subtype":"service"},"type":"Feature"},{"geometry":{"type":"Polygon","coordinates":[[[37.61787571,55.75995171],[37.61789666,55.75995834],[37.61790056,55.75995442],[37.61787961,55.75994779],[37.61787571,55.75995171]]]},"properties":{"type":"ventilation","area":0.7537500006931578,"subtype":"service"},"type":"Feature"},{"geometry":{"type":"Polygon","coordinates":[[[37.61795364,55.7598396],[37.61794974,55.75984351],[37.61797767,55.75985235],[37.61798157,55.75984844],[37.61795364,55.7598396]]]},"properties":{"type":"ventilation","area":1.004999982864399,"subtype":"service"},"type":"Feature"},{"geometry":{"type":"Polygon","coordinates":[[[37.61838006,55.7594112],[37.6183578,55.75943357],[37.61842032,55.75945335],[37.61842035,55.75945336],[37.61842037,55.75945338],[37.61842039,55.75945339],[37.6184204,55.75945341],[37.6184204,55.75945342],[37.6184204,55.75945344],[37.6184204,55.75945346],[37.61842038,55.75945348],[37.61841648,55.75945739],[37.61847887,55.75947714],[37.61847887,55.75947714],[37.61850511,55.75945078],[37.61853134,55.75942442],[37.61855758,55.75939806],[37.61858382,55.7593717],[37.61848461,55.75934031],[37.61848149,55.75934344],[37.61848147,55.75934345],[37.61848145,55.75934347],[37.61848142,55.75934348],[37.61848139,55.75934348],[37.61848136,55.75934349],[37.61848133,55.75934349],[37.6184813,55.75934348],[37.61848127,55.75934347],[37.61845557,55.75933534],[37.61843253,55.75935849],[37.61840629,55.75938484],[37.61838006,55.7594112]]]},"properties":{"type":"apartment","rooms":3,"totalArea":121.11428571972317,"livingArea":72.15074884876451,"apartmentType":999993},"type":"Feature"},{"geometry":{"type":"Polygon","coordinates":[[[37.61841635,55.75945735],[37.61847748,55.7594767],[37.61847777,55.75947677],[37.61847807,55.75947681],[37.61847839,55.75947681],[37.61847869,55.75947678],[37.61847898,55.75947671],[37.61847925,55.75947662],[37.61847947,55.7594765],[37.61847965,55.75947635],[37.61850433,55.75945156],[37.61850445,55.7594514],[37.61850452,55.75945123],[37.61850453,55.75945105],[37.61850447,55.75945088],[37.61850436,55.75945071],[37.61850419,55.75945057],[37.61850397,55.75945044],[37.61850372,55.75945034],[37.61844258,55.75943099],[37.61841635,55.75945735]]]},"properties":{"type":"room","subtype":"apartment","roomType":"KITCHEN","area":15.13489408646012},"type":"Feature"},{"geometry":{"type":"Polygon","coordinates":[[[37.61836694,55.75942438],[37.61842946,55.75944417],[37.61844258,55.75943099],[37.61838144,55.75941164],[37.61838116,55.75941157],[37.61838085,55.75941153],[37.61838054,55.75941153],[37.61838023,55.75941156],[37.61837994,55.75941162],[37.61837968,55.75941172],[37.61837945,55.75941184],[37.61837928,55.75941199],[37.61836694,55.75942438]]]},"properties":{"type":"room","subtype":"apartment","roomType":"HALL","area":7.567447121765451},"type":"Feature"},{"geometry":{"type":"Polygon","coordinates":[[[37.61835772,55.75943364],[37.61842024,55.75945343],[37.61842946,55.75944417],[37.61836694,55.75942438],[37.61835772,55.75943364]]]},"properties":{"type":"room","subtype":"apartment","roomType":"JOINT_BATHROOM","area":5.3196430109136426},"type":"Feature"},{"geometry":{"type":"Polygon","coordinates":[[[37.61840576,55.75941934],[37.61850372,55.75945034],[37.618504,55.75945041],[37.61850431,55.75945045],[37.61850462,55.75945045],[37.61850493,55.75945042],[37.61850522,55.75945036],[37.61850548,55.75945026],[37.61850571,55.75945014],[37.61850589,55.75944999],[37.61853056,55.7594252],[37.61853069,55.75942504],[37.61853076,55.75942487],[37.61853076,55.75942469],[37.61853071,55.75942452],[37.6185306,55.75942436],[37.61853043,55.75942421],[37.61853021,55.75942408],[37.61852995,55.75942398],[37.618432,55.75939298],[37.61840576,55.75941934]]]},"properties":{"type":"room","subtype":"apartment","roomType":"LIVING_ROOM","area":24.050248604742787},"type":"Feature"},{"geometry":{"type":"Polygon","coordinates":[[[37.618432,55.75939298],[37.61852995,55.75942398],[37.61853024,55.75942405],[37.61853055,55.75942409],[37.61853086,55.75942409],[37.61853117,55.75942406],[37.61853146,55.759424],[37.61853172,55.7594239],[37.61853195,55.75942378],[37.61853212,55.75942364],[37.6185568,55.75939884],[37.61855693,55.75939868],[37.61855699,55.75939851],[37.618557,55.75939834],[37.61855694,55.75939816],[37.61855683,55.759398],[37.61855666,55.75939785],[37.61855645,55.75939772],[37.61855619,55.75939762],[37.61845823,55.75936662],[37.618432,55.75939298]]]},"properties":{"type":"room","subtype":"apartment","roomType":"BEDROOM","area":24.050250298789287},"type":"Feature"},{"geometry":{"type":"Polygon","coordinates":[[[37.61848447,55.75934026],[37.61845823,55.75936662],[37.61855619,55.75939762],[37.61855648,55.75939769],[37.61855678,55.75939773],[37.61855709,55.75939773],[37.6185574,55.7593977],[37.61855769,55.75939764],[37.61855796,55.75939754],[37.61855818,55.75939742],[37.61855836,55.75939728],[37.61858304,55.75937249],[37.61858316,55.75937232],[37.61858323,55.75937215],[37.61858324,55.75937198],[37.61858318,55.7593718],[37.61858307,55.75937164],[37.6185829,55.75937149],[37.61858268,55.75937136],[37.61858243,55.75937126],[37.61848447,55.75934026]]]},"properties":{"type":"room","subtype":"apartment","roomType":"BEDROOM","area":24.050249945232437},"type":"Feature"},{"geometry":{"type":"Polygon","coordinates":[[[37.61844565,55.75934531],[37.61847135,55.75935344],[37.61848135,55.7593434],[37.61845564,55.75933526],[37.61844565,55.75934531]]]},"properties":{"type":"room","subtype":"apartment","roomType":"JOINT_BATHROOM","area":2.3719642822393947},"type":"Feature"},{"geometry":{"type":"Polygon","coordinates":[[[37.6183807,55.75941037],[37.61838069,55.75941038],[37.61838056,55.75941054],[37.61838055,55.75941056],[37.61838049,55.75941073],[37.61838048,55.75941075],[37.61838048,55.75941093],[37.61838048,55.75941094],[37.61838053,55.75941112],[37.61838054,55.75941113],[37.61838066,55.7594113],[37.61838067,55.75941131],[37.61838084,55.75941146],[37.61838086,55.75941148],[37.61838107,55.7594116],[37.6183811,55.75941161],[37.61838135,55.75941172],[37.61838137,55.75941172],[37.61840568,55.75941942],[37.61840571,55.75941942],[37.61840574,55.75941943],[37.61840577,55.75941943],[37.6184058,55.75941942],[37.61840583,55.75941942],[37.61840586,55.75941941],[37.61840588,55.7594194],[37.6184059,55.75941938],[37.61843214,55.75939302],[37.61843214,55.75939302],[37.61845837,55.75936666],[37.61845837,55.75936666],[37.61847149,55.75935349],[37.6184715,55.75935347],[37.61847151,55.75935345],[37.61847151,55.75935343],[37.6184715,55.75935342],[37.61847149,55.7593534],[37.61847148,55.75935339],[37.61847145,55.75935337],[37.61847143,55.75935336],[37.61844572,55.75934523],[37.6184457,55.75934522],[37.61844567,55.75934522],[37.61844563,55.75934522],[37.6184456,55.75934522],[37.61844557,55.75934523],[37.61844555,55.75934524],[37.61844553,55.75934525],[37.61844551,55.75934526],[37.61843317,55.75935766],[37.61843316,55.75935767],[37.61843304,55.75935783],[37.61843303,55.75935784],[37.61843296,55.75935802],[37.61843296,55.75935803],[37.61843295,55.75935821],[37.61843295,55.75935823],[37.61843301,55.7593584],[37.61843301,55.75935842],[37.61843313,55.75935858],[37.61843314,55.7593586],[37.61843329,55.75935873],[37.61843302,55.75935872],[37.61843299,55.75935872],[37.61843268,55.75935876],[37.61843265,55.75935876],[37.61843236,55.75935882],[37.61843233,55.75935883],[37.61843207,55.75935893],[37.61843204,55.75935894],[37.61843182,55.75935906],[37.6184318,55.75935907],[37.61843162,55.75935922],[37.61843161,55.75935922],[37.61840693,55.75938402],[37.61840693,55.75938402],[37.6184068,55.75938419],[37.61840679,55.7593842],[37.61840672,55.75938437],[37.61840672,55.75938439],[37.61840671,55.75938457],[37.61840672,55.75938459],[37.61840677,55.75938476],[37.61840678,55.75938478],[37.61840689,55.75938494],[37.61840691,55.75938496],[37.61840705,55.75938508],[37.61840678,55.75938508],[37.61840675,55.75938508],[37.61840644,55.75938511],[37.61840641,55.75938512],[37.61840612,55.75938518],[37.61840609,55.75938519],[37.61840583,55.75938529],[37.61840581,55.7593853],[37.61840558,55.75938542],[37.61840556,55.75938543],[37.61840538,55.75938558],[37.61840537,55.75938558],[37.6183807,55.75941037]]]},"properties":{"type":"room","subtype":"apartment","roomType":"CORRIDOR","area":15.755341127729048},"type":"Feature"},{"geometry":{"type":"Polygon","coordinates":[[[37.61852356,55.75945794],[37.61850411,55.75945178],[37.61847987,55.75947614],[37.61849932,55.75948229],[37.61852356,55.75945794]]]},"properties":{"type":"room","subtype":"apartment","roomType":"BALCONY","area":4.352257068219707},"type":"Feature"},{"geometry":{"type":"Polygon","coordinates":[[[37.61857604,55.75940522],[37.61855658,55.75939906],[37.61853234,55.75942342],[37.61855179,55.75942958],[37.61857604,55.75940522]]]},"properties":{"type":"room","subtype":"apartment","roomType":"BALCONY","area":4.352256665981087},"type":"Feature"},{"geometry":{"type":"Polygon","coordinates":[[[37.61838321,55.75941354],[37.61837904,55.75941222],[37.61837694,55.75941434],[37.6183811,55.75941566],[37.61838321,55.75941354]]]},"properties":{"type":"room_object","subtype":"room","roomObjectType":"ELECTRICAL_BOX"},"type":"Feature"},{"geometry":{"type":"Polygon","coordinates":[[[37.61847111,55.75930137],[37.61848499,55.75930578],[37.61845876,55.75933213],[37.61849302,55.75934297],[37.61849691,55.75933905],[37.61849693,55.75933904],[37.61849695,55.75933902],[37.61849698,55.75933902],[37.61849701,55.75933901],[37.61849704,55.75933901],[37.61849707,55.75933901],[37.6184971,55.75933901],[37.61849713,55.75933902],[37.61852527,55.75934792],[37.6185253,55.75934793],[37.61852532,55.75934794],[37.61852533,55.75934796],[37.61852534,55.75934797],[37.61852535,55.75934799],[37.61852535,55.75934801],[37.61852534,55.75934803],[37.61852533,55.75934804],[37.61852143,55.75935196],[37.61852143,55.75935196],[37.61858382,55.7593717],[37.61858382,55.7593717],[37.61861005,55.75934534],[37.61863629,55.75931899],[37.61849734,55.75927501],[37.61847111,55.75930137]]]},"properties":{"type":"apartment","rooms":1,"totalArea":63.92192946842423,"livingArea":33.6428564041484,"apartmentType":999991},"type":"Feature"},{"geometry":{"type":"Polygon","coordinates":[[[37.61854752,55.75932556],[37.61852129,55.75935192],[37.61858243,55.75937126],[37.61858271,55.75937133],[37.61858302,55.75937137],[37.61858333,55.75937138],[37.61858364,55.75937134],[37.61858393,55.75937128],[37.61858419,55.75937119],[37.61858442,55.75937106],[37.6185846,55.75937092],[37.61860927,55.75934613],[37.6186094,55.75934597],[37.61860947,55.75934579],[37.61860947,55.75934562],[37.61860942,55.75934544],[37.6186093,55.75934528],[37.61860914,55.75934513],[37.61860892,55.75934501],[37.61860866,55.7593449],[37.61854752,55.75932556]]]},"properties":{"type":"room","subtype":"apartment","roomType":"KITCHEN","area":15.134894110426426},"type":"Feature"},{"geometry":{"type":"Polygon","coordinates":[[[37.61847188,55.75931895],[37.61853441,55.75933874],[37.61854752,55.75932556],[37.61848639,55.75930621],[37.6184861,55.75930614],[37.6184858,55.7593061],[37.61848549,55.7593061],[37.61848518,55.75930613],[37.61848489,55.75930619],[37.61848462,55.75930629],[37.6184844,55.75930641],[37.61848422,55.75930655],[37.61847188,55.75931895]]]},"properties":{"type":"room","subtype":"apartment","roomType":"HALL","area":7.570414949365713},"type":"Feature"},{"geometry":{"type":"Polygon","coordinates":[[[37.61849316,55.75934301],[37.61850627,55.75932984],[37.61847188,55.75931895],[37.61845954,55.75933134],[37.61845942,55.7593315],[37.61845935,55.75933168],[37.61845935,55.75933185],[37.6184594,55.75933203],[37.61845951,55.75933219],[37.61845968,55.75933234],[37.6184599,55.75933247],[37.61846015,55.75933257],[37.61849316,55.75934301]]]},"properties":{"type":"room","subtype":"apartment","roomType":"BATHROOM","area":4.159266921000348},"type":"Feature"},{"geometry":{"type":"Polygon","coordinates":[[[37.61852519,55.759348],[37.61853441,55.75933874],[37.61850627,55.75932984],[37.61849705,55.7593391],[37.61852519,55.759348]]]},"properties":{"type":"room","subtype":"apartment","roomType":"TOILET","area":2.392939399259335},"type":"Feature"},{"geometry":{"type":"Polygon","coordinates":[[[37.61847111,55.75930137],[37.61849734,55.75927501],[37.61863629,55.75931899],[37.61863629,55.75931899],[37.61861005,55.75934534],[37.61861005,55.75934534],[37.61847111,55.75930137],[37.61847111,55.75930137]]]},"properties":{"type":"room","subtype":"apartment","roomType":"BEDROOM","area":33.6428564041484},"type":"Feature"},{"geometry":{"type":"Polygon","coordinates":[[[37.61865418,55.75932671],[37.61863473,55.75932055],[37.61861105,55.75934434],[37.6186305,55.7593505],[37.61865418,55.75932671]]]},"properties":{"type":"room","subtype":"apartment","roomType":"BALCONY","area":4.251128099054756},"type":"Feature"},{"geometry":{"type":"Polygon","coordinates":[[[37.61848816,55.75930811],[37.61848399,55.75930679],[37.61848187,55.75930891],[37.61848604,55.75931023],[37.61848816,55.75930811]]]},"properties":{"type":"room_object","subtype":"room","roomObjectType":"ELECTRICAL_BOX"},"type":"Feature"},{"geometry":{"type":"Polygon","coordinates":[[[37.61846247,55.75926398],[37.6183584,55.75923104],[37.61833216,55.7592574],[37.61833216,55.7592574],[37.61847111,55.75930137],[37.61847111,55.75930137],[37.61849336,55.75927901],[37.61849336,55.75927901],[37.61845863,55.75926801],[37.6184586,55.759268],[37.61845858,55.75926799],[37.61845856,55.75926798],[37.61845855,55.75926796],[37.61845855,55.75926794],[37.61845855,55.75926793],[37.61845855,55.75926791],[37.61845857,55.75926789],[37.61846247,55.75926398],[37.61846247,55.75926398]]]},"properties":{"type":"apartment","rooms":0,"totalArea":33.64285788920283,"livingArea":25.23214357304196,"apartmentType":999990},"type":"Feature"},{"geometry":{"type":"Polygon","coordinates":[[[37.61833216,55.7592574],[37.61833216,55.7592574],[37.61843637,55.75929038],[37.61846261,55.75926402],[37.6183584,55.75923104],[37.61833216,55.7592574]]]},"properties":{"type":"room","subtype":"apartment","roomType":"STUDIO","area":25.23214357304196},"type":"Feature"},{"geometry":{"type":"Polygon","coordinates":[[[37.61849344,55.75927893],[37.61845871,55.75926794],[37.61844949,55.7592772],[37.61848422,55.75928819],[37.61849344,55.75927893]]]},"properties":{"type":"room","subtype":"apartment","roomType":"JOINT_BATHROOM","area":2.9553570254691985},"type":"Feature"},{"geometry":{"type":"Polygon","coordinates":[[[37.61843637,55.75929038],[37.61847111,55.75930137],[37.61847111,55.75930137],[37.61848422,55.75928819],[37.61844949,55.7592772],[37.61843637,55.75929038]]]},"properties":{"type":"room","subtype":"apartment","roomType":"HALL","area":4.205357281074126},"type":"Feature"},{"geometry":{"type":"Polygon","coordinates":[[[37.6183137,55.75925024],[37.61833316,55.7592564],[37.61835684,55.75923261],[37.61833738,55.75922645],[37.6183137,55.75925024]]]},"properties":{"type":"room","subtype":"apartment","roomType":"BALCONY","area":4.251128511706192},"type":"Feature"},{"geometry":{"type":"Polygon","coordinates":[[[37.61842581,55.75928704],[37.61833216,55.7592574],[37.61833216,55.7592574],[37.61830592,55.75928376],[37.61843097,55.75932333],[37.61843097,55.75932333],[37.61845323,55.75930098],[37.61845323,55.75930098],[37.61842197,55.75929108],[37.61842194,55.75929107],[37.61842192,55.75929106],[37.6184219,55.75929105],[37.61842189,55.75929103],[37.61842188,55.75929101],[37.61842189,55.75929099],[37.61842189,55.75929098],[37.6184219,55.75929096],[37.61842581,55.75928704]]]},"properties":{"type":"apartment","rooms":0,"totalArea":30.27856979893561,"livingArea":22.709054587886722,"apartmentType":999990},"type":"Feature"},{"geometry":{"type":"Polygon","coordinates":[[[37.61839971,55.75931344],[37.61842595,55.75928708],[37.61833216,55.7592574],[37.61833216,55.7592574],[37.61830592,55.75928376],[37.61839971,55.75931344]]]},"properties":{"type":"room","subtype":"apartment","roomType":"STUDIO","area":22.709054587886722},"type":"Feature"},{"geometry":{"type":"Polygon","coordinates":[[[37.61842204,55.75929101],[37.61841283,55.75930026],[37.61844409,55.75931016],[37.6184533,55.7593009],[37.61842204,55.75929101]]]},"properties":{"type":"room","subtype":"apartment","roomType":"JOINT_BATHROOM","area":2.6592926098604366},"type":"Feature"},{"geometry":{"type":"Polygon","coordinates":[[[37.61839971,55.75931344],[37.61843097,55.75932333],[37.61843097,55.75932333],[37.61844409,55.75931016],[37.61841283,55.75930026],[37.61839971,55.75931344]]]},"properties":{"type":"room","subtype":"apartment","roomType":"HALL","area":3.7830713386976162},"type":"Feature"},{"geometry":{"type":"Polygon","coordinates":[[[37.61828747,55.7592766],[37.61830692,55.75928276],[37.61833116,55.7592584],[37.61831171,55.75925224],[37.61828747,55.7592766]]]},"properties":{"type":"room","subtype":"apartment","roomType":"BALCONY","area":4.3522412335426335},"type":"Feature"},{"geometry":{"type":"Polygon","coordinates":[[[37.61842759,55.75932123],[37.61843175,55.75932255],[37.61843409,55.7593202],[37.61842993,55.75931888],[37.61842759,55.75932123]]]},"properties":{"type":"room_object","subtype":"room","roomObjectType":"ELECTRICAL_BOX"},"type":"Feature"},{"geometry":{"type":"Polygon","coordinates":[[[37.61830592,55.75928376],[37.61830592,55.75928376],[37.61827969,55.75931011],[37.61827969,55.75931011],[37.61840474,55.75934969],[37.618427,55.75932733],[37.618427,55.75932733],[37.61839573,55.75931743],[37.61839571,55.75931742],[37.61839569,55.75931741],[37.61839567,55.7593174],[37.61839566,55.75931738],[37.61839565,55.75931736],[37.61839565,55.75931734],[37.61839566,55.75931733],[37.61839567,55.75931731],[37.61839957,55.75931339],[37.61830592,55.75928376]]]},"properties":{"type":"apartment","rooms":0,"totalArea":30.2785716199303,"livingArea":22.70892876744369,"apartmentType":999990},"type":"Feature"},{"geometry":{"type":"Polygon","coordinates":[[[37.61830592,55.75928376],[37.61830592,55.75928376],[37.61827969,55.75931011],[37.61827969,55.75931011],[37.61837348,55.7593398],[37.61839971,55.75931344],[37.61830592,55.75928376]]]},"properties":{"type":"room","subtype":"apartment","roomType":"STUDIO","area":22.70892876744369},"type":"Feature"},{"geometry":{"type":"Polygon","coordinates":[[[37.61839581,55.75931736],[37.61838659,55.75932662],[37.61841786,55.75933651],[37.61842708,55.75932725],[37.61839581,55.75931736]]]},"properties":{"type":"room","subtype":"apartment","roomType":"JOINT_BATHROOM","area":2.6598213986284467},"type":"Feature"},{"geometry":{"type":"Polygon","coordinates":[[[37.61838659,55.75932662],[37.61837348,55.7593398],[37.61840474,55.75934969],[37.61841786,55.75933651],[37.61838659,55.75932662]]]},"properties":{"type":"room","subtype":"apartment","roomType":"HALL","area":3.784821425794472},"type":"Feature"},{"geometry":{"type":"Polygon","coordinates":[[[37.61826123,55.75930296],[37.61828068,55.75930911],[37.61830493,55.75928476],[37.61828547,55.7592786],[37.61826123,55.75930296]]]},"properties":{"type":"room","subtype":"apartment","roomType":"BALCONY","area":4.352256665882091},"type":"Feature"},{"geometry":{"type":"Polygon","coordinates":[[[37.61840135,55.75934759],[37.61840552,55.75934891],[37.61840786,55.75934656],[37.61840369,55.75934524],[37.61840135,55.75934759]]]},"properties":{"type":"room_object","subtype":"room","roomObjectType":"ELECTRICAL_BOX"},"type":"Feature"},{"geometry":{"type":"Polygon","coordinates":[[[37.61837334,55.75933975],[37.61827969,55.75931011],[37.61825345,55.75933647],[37.61825345,55.75933647],[37.6183785,55.75937605],[37.6183785,55.75937605],[37.61840076,55.75935369],[37.61840076,55.75935369],[37.6183695,55.75934379],[37.61836947,55.75934378],[37.61836945,55.75934377],[37.61836943,55.75934375],[37.61836942,55.75934374],[37.61836942,55.75934372],[37.61836942,55.7593437],[37.61836942,55.75934369],[37.61836944,55.75934367],[37.61837334,55.75933975]]]},"properties":{"type":"apartment","rooms":0,"totalArea":30.278571240082584,"livingArea":22.70892842336613,"apartmentType":999990},"type":"Feature"},{"geometry":{"type":"Polygon","coordinates":[[[37.61834724,55.75936616],[37.61837348,55.7593398],[37.61827969,55.75931011],[37.61825345,55.75933647],[37.61825345,55.75933647],[37.61834724,55.75936616]]]},"properties":{"type":"room","subtype":"apartment","roomType":"STUDIO","area":22.70892842336613},"type":"Feature"},{"geometry":{"type":"Polygon","coordinates":[[[37.61836958,55.75934371],[37.61836036,55.75935298],[37.61839162,55.75936287],[37.61840084,55.75935361],[37.61836958,55.75934371]]]},"properties":{"type":"room","subtype":"apartment","roomType":"JOINT_BATHROOM","area":2.659821364986761},"type":"Feature"},{"geometry":{"type":"Polygon","coordinates":[[[37.61836036,55.75935298],[37.61834724,55.75936616],[37.6183785,55.75937605],[37.6183785,55.75937605],[37.61839162,55.75936287],[37.61836036,55.75935298]]]},"properties":{"type":"room","subtype":"apartment","roomType":"HALL","area":3.7848214320226523},"type":"Feature"},{"geometry":{"type":"Polygon","coordinates":[[[37.61823499,55.75932932],[37.61825445,55.75933547],[37.61827869,55.75931112],[37.61825924,55.75930496],[37.61823499,55.75932932]]]},"properties":{"type":"room","subtype":"apartment","roomType":"BALCONY","area":4.3522565579692065},"type":"Feature"},{"geometry":{"type":"Polygon","coordinates":[[[37.61837511,55.75937395],[37.61837928,55.75937527],[37.61838162,55.75937292],[37.61837745,55.7593716],[37.61837511,55.75937395]]]},"properties":{"type":"room_object","subtype":"room","roomObjectType":"ELECTRICAL_BOX"},"type":"Feature"},{"geometry":{"type":"Polygon","coordinates":[[[37.61822721,55.75936283],[37.61820098,55.75938919],[37.61832603,55.75942877],[37.61832603,55.75942877],[37.61835227,55.75940241],[37.6183785,55.75937605],[37.61834425,55.75936521],[37.61834425,55.75936521],[37.61834035,55.75936913],[37.61834033,55.75936914],[37.61834031,55.75936915],[37.61834029,55.75936916],[37.61834026,55.75936917],[37.61834023,55.75936917],[37.61834019,55.75936917],[37.61834016,55.75936917],[37.61834014,55.75936916],[37.618312,55.75936026],[37.61831197,55.75936025],[37.61831195,55.75936023],[37.61831193,55.75936022],[37.61831192,55.7593602],[37.61831192,55.75936019],[37.61831192,55.75936017],[37.61831193,55.75936015],[37.61831194,55.75936013],[37.61831584,55.75935622],[37.61825345,55.75933647],[37.61825345,55.75933647],[37.61822721,55.75936283]]]},"properties":{"type":"apartment","rooms":1,"totalArea":60.55714286085547,"livingArea":30.27856979925055,"apartmentType":999991},"type":"Feature"},{"geometry":{"type":"Polygon","coordinates":[[[37.61828974,55.75938262],[37.61831598,55.75935626],[37.61825484,55.75933691],[37.61825455,55.75933684],[37.61825425,55.7593368],[37.61825394,55.7593368],[37.61825363,55.75933683],[37.61825334,55.7593369],[37.61825307,55.75933699],[37.61825285,55.75933711],[37.61825267,55.75933726],[37.61822799,55.75936205],[37.61822787,55.75936221],[37.6182278,55.75936238],[37.61822779,55.75936256],[37.61822785,55.75936273],[37.61822796,55.75936289],[37.61822813,55.75936304],[37.61822835,55.75936317],[37.6182286,55.75936327],[37.61828974,55.75938262]]]},"properties":{"type":"room","subtype":"apartment","roomType":"KITCHEN","area":15.134894089580085},"type":"Feature"},{"geometry":{"type":"Polygon","coordinates":[[[37.61828974,55.75938262],[37.61835088,55.75940197],[37.61835116,55.75940204],[37.61835147,55.75940208],[37.61835178,55.75940208],[37.61835209,55.75940205],[37.61835238,55.75940199],[37.61835264,55.75940189],[37.61835287,55.75940177],[37.61835305,55.75940162],[37.61836538,55.75938923],[37.61830286,55.75936944],[37.61828974,55.75938262]]]},"properties":{"type":"room","subtype":"apartment","roomType":"HALL","area":7.567446309371222},"type":"Feature"},{"geometry":{"type":"Polygon","coordinates":[[[37.61833099,55.75937835],[37.61836538,55.75938923],[37.61837772,55.75937683],[37.61837785,55.75937667],[37.61837792,55.7593765],[37.61837792,55.75937632],[37.61837787,55.75937615],[37.61837775,55.75937599],[37.61837759,55.75937584],[37.61837737,55.75937571],[37.61837711,55.75937561],[37.61834411,55.75936517],[37.61833099,55.75937835]]]},"properties":{"type":"room","subtype":"apartment","roomType":"BATHROOM","area":4.161107526513879},"type":"Feature"},{"geometry":{"type":"Polygon","coordinates":[[[37.61834021,55.75936908],[37.61831208,55.75936018],[37.61830286,55.75936944],[37.61833099,55.75937835],[37.61834021,55.75936908]]]},"properties":{"type":"room","subtype":"apartment","roomType":"TOILET","area":2.3938395865002273},"type":"Feature"},{"geometry":{"type":"Polygon","coordinates":[[[37.61822721,55.75936283],[37.61822721,55.75936283],[37.61820098,55.75938919],[37.61832603,55.75942877],[37.61832603,55.75942877],[37.61835227,55.75940241],[37.61835227,55.75940241],[37.61822721,55.75936283]]]},"properties":{"type":"room","subtype":"apartment","roomType":"BEDROOM","area":30.27856979925055},"type":"Feature"},{"geometry":{"type":"Polygon","coordinates":[[[37.61820876,55.75935567],[37.61822821,55.75936183],[37.61825245,55.75933747],[37.618233,55.75933132],[37.61820876,55.75935567]]]},"properties":{"type":"room","subtype":"apartment","roomType":"BALCONY","area":4.352257068219707},"type":"Feature"},{"geometry":{"type":"Polygon","coordinates":[[[37.61834911,55.75940007],[37.61835328,55.75940139],[37.61835539,55.75939927],[37.61835122,55.75939795],[37.61834911,55.75940007]]]},"properties":{"type":"room_object","subtype":"room","roomObjectType":"ELECTRICAL_BOX"},"type":"Feature"},{"geometry":{"type":"Polygon","coordinates":[[[37.61829463,55.75941883],[37.61820098,55.75938919],[37.61820098,55.75938919],[37.61817474,55.75941555],[37.61817474,55.75941555],[37.61829979,55.75945512],[37.61832205,55.75943276],[37.61832205,55.75943276],[37.61829079,55.75942287],[37.61829076,55.75942286],[37.61829074,55.75942285],[37.61829073,55.75942283],[37.61829071,55.75942281],[37.61829071,55.7594228],[37.61829071,55.75942278],[37.61829072,55.75942276],[37.61829073,55.75942275],[37.61829463,55.75941883]]]},"properties":{"type":"apartment","rooms":0,"totalArea":30.278571619892997,"livingArea":22.708928767239076,"apartmentType":999990},"type":"Feature"},{"geometry":{"type":"Polygon","coordinates":[[[37.61829477,55.75941887],[37.61820098,55.75938919],[37.61820098,55.75938919],[37.61817474,55.75941555],[37.61817474,55.75941555],[37.61826853,55.75944523],[37.61829477,55.75941887]]]},"properties":{"type":"room","subtype":"apartment","roomType":"STUDIO","area":22.708928767239076},"type":"Feature"},{"geometry":{"type":"Polygon","coordinates":[[[37.61828165,55.75943205],[37.61831291,55.75944195],[37.61832213,55.75943268],[37.61829087,55.75942279],[37.61828165,55.75943205]]]},"properties":{"type":"room","subtype":"apartment","roomType":"JOINT_BATHROOM","area":2.659821402522433},"type":"Feature"},{"geometry":{"type":"Polygon","coordinates":[[[37.61831291,55.75944195],[37.61828165,55.75943205],[37.61826853,55.75944523],[37.61829979,55.75945512],[37.61831291,55.75944195]]]},"properties":{"type":"room","subtype":"apartment","roomType":"HALL","area":3.7848214223672936},"type":"Feature"},{"geometry":{"type":"Polygon","coordinates":[[[37.61815628,55.75940839],[37.61817574,55.75941455],[37.61819998,55.75939019],[37.61818053,55.75938403],[37.61815628,55.75940839]]]},"properties":{"type":"room","subtype":"apartment","roomType":"BALCONY","area":4.352256665882091},"type":"Feature"},{"geometry":{"type":"Polygon","coordinates":[[[37.6182964,55.75945302],[37.61830057,55.75945434],[37.61830291,55.75945199],[37.61829874,55.75945067],[37.6182964,55.75945302]]]},"properties":{"type":"room_object","subtype":"room","roomObjectType":"ELECTRICAL_BOX"},"type":"Feature"},{"geometry":{"type":"Polygon","coordinates":[[[37.6181485,55.75944191],[37.61812227,55.75946827],[37.61824732,55.75950784],[37.61824732,55.75950784],[37.61827356,55.75948148],[37.61829979,55.75945512],[37.61826554,55.75944429],[37.61826554,55.75944429],[37.61826164,55.7594482],[37.61826163,55.75944822],[37.6182616,55.75944823],[37.61826158,55.75944824],[37.61826155,55.75944825],[37.61826152,55.75944825],[37.61826149,55.75944825],[37.61826145,55.75944824],[37.61826143,55.75944824],[37.61823329,55.75943933],[37.61823326,55.75943932],[37.61823324,55.75943931],[37.61823323,55.75943929],[37.61823321,55.75943928],[37.61823321,55.75943926],[37.61823321,55.75943924],[37.61823322,55.75943923],[37.61823323,55.75943921],[37.61823713,55.75943529],[37.61823713,55.75943529],[37.61817474,55.75941555],[37.6181485,55.75944191]]]},"properties":{"type":"apartment","rooms":1,"totalArea":60.55714430202107,"livingArea":30.278573060926057,"apartmentType":999991},"type":"Feature"},{"geometry":{"type":"Polygon","coordinates":[[[37.61821103,55.7594617],[37.61823727,55.75943534],[37.61817613,55.75941599],[37.61817584,55.75941592],[37.61817554,55.75941588],[37.61817523,55.75941588],[37.61817492,55.75941591],[37.61817463,55.75941597],[37.61817437,55.75941607],[37.61817414,55.75941619],[37.61817396,55.75941633],[37.61814928,55.75944112],[37.61814916,55.75944128],[37.61814909,55.75944146],[37.61814908,55.75944163],[37.61814914,55.75944181],[37.61814925,55.75944197],[37.61814942,55.75944212],[37.61814964,55.75944225],[37.61814989,55.75944235],[37.61821103,55.7594617]]]},"properties":{"type":"room","subtype":"apartment","roomType":"KITCHEN","area":15.134892805942432},"type":"Feature"},{"geometry":{"type":"Polygon","coordinates":[[[37.61828667,55.7594683],[37.61822415,55.75944852],[37.61821103,55.7594617],[37.61827217,55.75948104],[37.61827245,55.75948111],[37.61827276,55.75948115],[37.61827307,55.75948116],[37.61827338,55.75948112],[37.61827367,55.75948106],[37.61827393,55.75948097],[37.61827416,55.75948084],[37.61827434,55.7594807],[37.61828667,55.7594683]]]},"properties":{"type":"room","subtype":"apartment","roomType":"HALL","area":7.567446480987569},"type":"Feature"},{"geometry":{"type":"Polygon","coordinates":[[[37.61825229,55.75945742],[37.61828667,55.7594683],[37.61829901,55.75945591],[37.61829914,55.75945575],[37.61829921,55.75945557],[37.61829921,55.7594554],[37.61829916,55.75945523],[37.61829904,55.75945506],[37.61829888,55.75945491],[37.61829866,55.75945479],[37.6182984,55.75945468],[37.6182654,55.75944424],[37.61825229,55.75945742]]]},"properties":{"type":"room","subtype":"apartment","roomType":"BATHROOM","area":4.161107146091283},"type":"Feature"},{"geometry":{"type":"Polygon","coordinates":[[[37.61823337,55.75943925],[37.61822415,55.75944852],[37.61825229,55.75945742],[37.6182615,55.75944816],[37.61823337,55.75943925]]]},"properties":{"type":"room","subtype":"apartment","roomType":"TOILET","area":2.393839265525929},"type":"Feature"},{"geometry":{"type":"Polygon","coordinates":[[[37.61827356,55.75948148],[37.61827356,55.75948148],[37.6181485,55.75944191],[37.6181485,55.75944191],[37.61812227,55.75946827],[37.61812227,55.75946827],[37.61824732,55.75950784],[37.61824732,55.75950784],[37.61827356,55.75948148]]]},"properties":{"type":"room","subtype":"apartment","roomType":"BEDROOM","area":30.278573060926057},"type":"Feature"},{"geometry":{"type":"Polygon","coordinates":[[[37.61813005,55.75943475],[37.6181495,55.75944091],[37.61817374,55.75941655],[37.61815429,55.75941039],[37.61813005,55.75943475]]]},"properties":{"type":"room","subtype":"apartment","roomType":"BALCONY","area":4.3522565579692065},"type":"Feature"},{"geometry":{"type":"Polygon","coordinates":[[[37.6182704,55.75947915],[37.61827457,55.75948046],[37.61827668,55.75947835],[37.61827251,55.75947703],[37.6182704,55.75947915]]]},"properties":{"type":"room_object","subtype":"room","roomObjectType":"ELECTRICAL_BOX"},"type":"Feature"},{"geometry":{"type":"Polygon","coordinates":[[[37.61821592,55.7594979],[37.61812227,55.75946827],[37.61812227,55.75946827],[37.61809603,55.75949462],[37.61822108,55.7595342],[37.61822108,55.7595342],[37.61824334,55.75951184],[37.61824334,55.75951184],[37.61821208,55.75950194],[37.61821205,55.75950193],[37.61821203,55.75950192],[37.61821202,55.75950191],[37.618212,55.75950189],[37.618212,55.75950187],[37.618212,55.75950185],[37.61821201,55.75950184],[37.61821202,55.75950182],[37.61821592,55.7594979]]]},"properties":{"type":"apartment","rooms":0,"totalArea":30.278569799040604,"livingArea":22.70892711893137,"apartmentType":999990},"type":"Feature"},{"geometry":{"type":"Polygon","coordinates":[[[37.61818982,55.75952431],[37.61821606,55.75949795],[37.61812227,55.75946827],[37.61812227,55.75946827],[37.61809603,55.75949462],[37.61818982,55.75952431]]]},"properties":{"type":"room","subtype":"apartment","roomType":"STUDIO","area":22.70892711893137},"type":"Feature"},{"geometry":{"type":"Polygon","coordinates":[[[37.61821216,55.75950186],[37.61820294,55.75951113],[37.6182342,55.75952102],[37.61824342,55.75951176],[37.61821216,55.75950186]]]},"properties":{"type":"room","subtype":"apartment","roomType":"JOINT_BATHROOM","area":2.6598213604814647},"type":"Feature"},{"geometry":{"type":"Polygon","coordinates":[[[37.61820294,55.75951113],[37.61818982,55.75952431],[37.61822108,55.7595342],[37.61822108,55.7595342],[37.6182342,55.75952102],[37.61820294,55.75951113]]]},"properties":{"type":"room","subtype":"apartment","roomType":"HALL","area":3.784821372758673},"type":"Feature"},{"geometry":{"type":"Polygon","coordinates":[[[37.61807757,55.75948747],[37.61809703,55.75949362],[37.61812127,55.75946927],[37.61810182,55.75946311],[37.61807757,55.75948747]]]},"properties":{"type":"room","subtype":"apartment","roomType":"BALCONY","area":4.352256154234942},"type":"Feature"},{"geometry":{"type":"Polygon","coordinates":[[[37.61821769,55.7595321],[37.61822186,55.75953342],[37.6182242,55.75953107],[37.61822003,55.75952975],[37.61821769,55.7595321]]]},"properties":{"type":"room_object","subtype":"room","roomObjectType":"ELECTRICAL_BOX"},"type":"Feature"},{"geometry":{"type":"Polygon","coordinates":[[[37.61806979,55.75952098],[37.61804356,55.75954734],[37.61816861,55.75958692],[37.61816861,55.75958692],[37.61819485,55.75956056],[37.61822108,55.7595342],[37.61818683,55.75952336],[37.61818293,55.75952728],[37.61818292,55.75952729],[37.61818289,55.7595273],[37.61818287,55.75952731],[37.61818284,55.75952732],[37.61818281,55.75952732],[37.61818278,55.75952732],[37.61818275,55.75952732],[37.61818272,55.75952731],[37.61815458,55.75951841],[37.61815455,55.7595184],[37.61815453,55.75951838],[37.61815452,55.75951837],[37.6181545,55.75951835],[37.6181545,55.75951834],[37.6181545,55.75951832],[37.61815451,55.7595183],[37.61815452,55.75951829],[37.61815842,55.75951437],[37.61809603,55.75949462],[37.61809603,55.75949462],[37.61806979,55.75952098]]]},"properties":{"type":"apartment","rooms":1,"totalArea":60.55714286072904,"livingArea":30.278571240255232,"apartmentType":999991},"type":"Feature"},{"geometry":{"type":"Polygon","coordinates":[[[37.61809742,55.75949506],[37.61809713,55.75949499],[37.61809683,55.75949495],[37.61809652,55.75949495],[37.61809621,55.75949498],[37.61809592,55.75949505],[37.61809566,55.75949514],[37.61809543,55.75949526],[37.61809525,55.75949541],[37.61807057,55.7595202],[37.61807045,55.75952036],[37.61807038,55.75952053],[37.61807038,55.75952071],[37.61807043,55.75952088],[37.61807054,55.75952105],[37.61807071,55.75952119],[37.61807093,55.75952132],[37.61807118,55.75952142],[37.61813232,55.75954077],[37.61815856,55.75951441],[37.61809742,55.75949506]]]},"properties":{"type":"room","subtype":"apartment","roomType":"KITCHEN","area":15.13489307466969},"type":"Feature"},{"geometry":{"type":"Polygon","coordinates":[[[37.61820797,55.75954738],[37.61814544,55.75952759],[37.61813232,55.75954077],[37.61819346,55.75956012],[37.61819374,55.75956019],[37.61819405,55.75956023],[37.61819436,55.75956023],[37.61819467,55.7595602],[37.61819496,55.75956014],[37.61819522,55.75956004],[37.61819545,55.75955992],[37.61819563,55.75955978],[37.61820797,55.75954738]]]},"properties":{"type":"room","subtype":"apartment","roomType":"HALL","area":7.567446469387372},"type":"Feature"},{"geometry":{"type":"Polygon","coordinates":[[[37.61818669,55.75952332],[37.61817358,55.7595365],[37.61820797,55.75954738],[37.6182203,55.75953498],[37.61822043,55.75953482],[37.6182205,55.75953465],[37.6182205,55.75953447],[37.61822045,55.7595343],[37.61822033,55.75953414],[37.61822017,55.75953399],[37.61821995,55.75953386],[37.61821969,55.75953376],[37.61818669,55.75952332]]]},"properties":{"type":"room","subtype":"apartment","roomType":"BATHROOM","area":4.16110720421186},"type":"Feature"},{"geometry":{"type":"Polygon","coordinates":[[[37.61814544,55.75952759],[37.61817358,55.7595365],[37.61818279,55.75952723],[37.61815466,55.75951833],[37.61814544,55.75952759]]]},"properties":{"type":"room","subtype":"apartment","roomType":"TOILET","area":2.3938393229779056},"type":"Feature"},{"geometry":{"type":"Polygon","coordinates":[[[37.61819485,55.75956056],[37.61819485,55.75956056],[37.61806979,55.75952098],[37.61804356,55.75954734],[37.61804356,55.75954734],[37.61816861,55.75958692],[37.61816861,55.75958692],[37.61819485,55.75956056]]]},"properties":{"type":"room","subtype":"apartment","roomType":"BEDROOM","area":30.278571240255232},"type":"Feature"},{"geometry":{"type":"Polygon","coordinates":[[[37.6180251,55.75954018],[37.61804455,55.75954634],[37.6180688,55.75952198],[37.61804935,55.75951583],[37.6180251,55.75954018]]]},"properties":{"type":"room","subtype":"apartment","roomType":"BALCONY","area":4.3522565579692065},"type":"Feature"},{"geometry":{"type":"Polygon","coordinates":[[[37.61805134,55.75951382],[37.61807079,55.75951998],[37.61809503,55.75949562],[37.61807558,55.75948947],[37.61805134,55.75951382]]]},"properties":{"type":"room","subtype":"apartment","roomType":"BALCONY","area":4.352256665981087},"type":"Feature"},{"geometry":{"type":"Polygon","coordinates":[[[37.61819169,55.75955822],[37.61819586,55.75955954],[37.61819797,55.75955742],[37.6181938,55.75955611],[37.61819169,55.75955822]]]},"properties":{"type":"room_object","subtype":"room","roomObjectType":"ELECTRICAL_BOX"},"type":"Feature"},{"geometry":{"type":"Polygon","coordinates":[[[37.61804356,55.75954734],[37.61804356,55.75954734],[37.61801732,55.7595737],[37.61801732,55.7595737],[37.61814237,55.75961328],[37.61814238,55.75961327],[37.61814238,55.75961327],[37.61816463,55.75959091],[37.61816463,55.75959091],[37.61813337,55.75958102],[37.61813334,55.75958101],[37.61813332,55.759581],[37.6181333,55.75958098],[37.61813329,55.75958096],[37.61813329,55.75958095],[37.61813329,55.75958093],[37.61813329,55.75958091],[37.61813331,55.7595809],[37.61813721,55.75957698],[37.61813721,55.75957698],[37.61804356,55.75954734]]]},"properties":{"type":"apartment","rooms":0,"totalArea":30.27857306083587,"livingArea":22.709057571887065,"apartmentType":999990},"type":"Feature"},{"geometry":{"type":"Polygon","coordinates":[[[37.61811111,55.75960338],[37.61813734,55.75957702],[37.61804356,55.75954734],[37.61804356,55.75954734],[37.61801732,55.7595737],[37.61801732,55.7595737],[37.61811111,55.75960338]]]},"properties":{"type":"room","subtype":"apartment","roomType":"STUDIO","area":22.709057571887065},"type":"Feature"},{"geometry":{"type":"Polygon","coordinates":[[[37.6181555,55.75960009],[37.61816471,55.75959083],[37.61813345,55.75958094],[37.61812423,55.7595902],[37.6181555,55.75960009]]]},"properties":{"type":"room","subtype":"apartment","roomType":"JOINT_BATHROOM","area":2.658010296144365},"type":"Feature"},{"geometry":{"type":"Polygon","coordinates":[[[37.61811111,55.75960338],[37.61814237,55.75961328],[37.61814238,55.75961327],[37.61814238,55.75961327],[37.6181555,55.75960009],[37.61812423,55.7595902],[37.61811111,55.75960338]]]},"properties":{"type":"room","subtype":"apartment","roomType":"HALL","area":3.7864445247825635},"type":"Feature"},{"geometry":{"type":"Polygon","coordinates":[[[37.61799886,55.75956654],[37.61801832,55.7595727],[37.61804256,55.75954834],[37.61802311,55.75954219],[37.61799886,55.75956654]]]},"properties":{"type":"room","subtype":"apartment","roomType":"BALCONY","area":4.352257068219707},"type":"Feature"},{"geometry":{"type":"Polygon","coordinates":[[[37.61813899,55.75961116],[37.61814316,55.75961248],[37.6181455,55.75961013],[37.61814133,55.75960881],[37.61813899,55.75961116]]]},"properties":{"type":"room_object","subtype":"room","roomObjectType":"ELECTRICAL_BOX"},"type":"Feature"},{"geometry":{"type":"Polygon","coordinates":[[[37.61815627,55.75961767],[37.61815627,55.75961767],[37.61801732,55.7595737],[37.61801732,55.7595737],[37.61799108,55.75960006],[37.61799108,55.75960006],[37.61809516,55.75963299],[37.61809905,55.75962908],[37.61809907,55.75962906],[37.6180991,55.75962905],[37.61809912,55.75962904],[37.61809915,55.75962903],[37.61809918,55.75962903],[37.61809921,55.75962903],[37.61809924,55.75962904],[37.61809927,55.75962904],[37.61813401,55.75964004],[37.61815627,55.75961767]]]},"properties":{"type":"apartment","rooms":0,"totalArea":33.64285639911457,"livingArea":25.23214217555844,"apartmentType":999990},"type":"Feature"},{"geometry":{"type":"Polygon","coordinates":[[[37.61812153,55.75960668],[37.61801732,55.7595737],[37.61801732,55.7595737],[37.61799108,55.75960006],[37.61799108,55.75960006],[37.61809529,55.75963304],[37.61812153,55.75960668]]]},"properties":{"type":"room","subtype":"apartment","roomType":"STUDIO","area":25.23214217555844},"type":"Feature"},{"geometry":{"type":"Polygon","coordinates":[[[37.61813393,55.75964011],[37.61814315,55.75963085],[37.61810841,55.75961986],[37.61809919,55.75962912],[37.61813393,55.75964011]]]},"properties":{"type":"room","subtype":"apartment","roomType":"JOINT_BATHROOM","area":2.9553571007673964},"type":"Feature"},{"geometry":{"type":"Polygon","coordinates":[[[37.61814315,55.75963085],[37.61815627,55.75961767],[37.61815627,55.75961767],[37.61812153,55.75960668],[37.61810841,55.75961986],[37.61814315,55.75963085]]]},"properties":{"type":"room","subtype":"apartment","roomType":"HALL","area":4.205357135386641},"type":"Feature"},{"geometry":{"type":"Polygon","coordinates":[[[37.61797319,55.75959233],[37.61799264,55.75959849],[37.61801632,55.7595747],[37.61799687,55.75956854],[37.61797319,55.75959233]]]},"properties":{"type":"room","subtype":"apartment","roomType":"BALCONY","area":4.251128099054756},"type":"Feature"},{"geometry":{"type":"Polygon","coordinates":[[[37.61816491,55.75965507],[37.61826898,55.759688],[37.61829522,55.75966165],[37.61829522,55.75966165],[37.61815627,55.75961767],[37.61815627,55.75961767],[37.61813401,55.75964004],[37.61816875,55.75965103],[37.61816877,55.75965104],[37.61816879,55.75965105],[37.61816881,55.75965107],[37.61816882,55.75965108],[37.61816883,55.7596511],[37.61816883,55.75965112],[37.61816882,55.75965114],[37.61816881,55.75965115],[37.61816491,55.75965507],[37.61816491,55.75965507]]]},"properties":{"type":"apartment","rooms":0,"totalArea":33.64285788341611,"livingArea":25.232143568633923,"apartmentType":999990},"type":"Feature"},{"geometry":{"type":"Polygon","coordinates":[[[37.61819101,55.75962867],[37.61816477,55.75965502],[37.61826898,55.759688],[37.61829522,55.75966165],[37.61829522,55.75966165],[37.61819101,55.75962867]]]},"properties":{"type":"room","subtype":"apartment","roomType":"STUDIO","area":25.232143568633923},"type":"Feature"},{"geometry":{"type":"Polygon","coordinates":[[[37.61817789,55.75964185],[37.61814315,55.75963085],[37.61813393,55.75964011],[37.61816867,55.75965111],[37.61817789,55.75964185]]]},"properties":{"type":"room","subtype":"apartment","roomType":"JOINT_BATHROOM","area":2.9553570687681234},"type":"Feature"},{"geometry":{"type":"Polygon","coordinates":[[[37.61817789,55.75964185],[37.61819101,55.75962867],[37.61815627,55.75961767],[37.61815627,55.75961767],[37.61814315,55.75963085],[37.61817789,55.75964185]]]},"properties":{"type":"room","subtype":"apartment","roomType":"HALL","area":4.205357287212159},"type":"Feature"},{"geometry":{"type":"Polygon","coordinates":[[[37.61831367,55.7596688],[37.61829422,55.75966265],[37.61827054,55.75968644],[37.61828999,55.75969259],[37.61831367,55.7596688]]]},"properties":{"type":"room","subtype":"apartment","roomType":"BALCONY","area":4.251128511550367},"type":"Feature"},{"geometry":{"type":"Polygon","coordinates":[[[37.61818311,55.75962926],[37.61818545,55.75962691],[37.6181785,55.75962471],[37.61817616,55.75962706],[37.61818311,55.75962926]]]},"properties":{"type":"room_object","subtype":"room","roomObjectType":"ELECTRICAL_BOX"},"type":"Feature"},{"geometry":{"type":"Polygon","coordinates":[[[37.6181964,55.75959571],[37.61817017,55.75962206],[37.61817016,55.75962207],[37.61820441,55.75963291],[37.61820441,55.75963291],[37.61820831,55.75962899],[37.61820833,55.75962898],[37.61820835,55.75962897],[37.61820838,55.75962896],[37.61820841,55.75962895],[37.61820844,55.75962895],[37.61820847,55.75962895],[37.6182085,55.75962895],[37.61820853,55.75962896],[37.61823667,55.75963786],[37.61823669,55.75963787],[37.61823671,55.75963789],[37.61823673,55.7596379],[37.61823674,55.75963792],[37.61823675,55.75963793],[37.61823675,55.75963795],[37.61823674,55.75963797],[37.61823673,55.75963798],[37.61823283,55.7596419],[37.61823283,55.7596419],[37.61829522,55.75966165],[37.61829522,55.75966165],[37.61832145,55.75963529],[37.61834769,55.75960893],[37.61837393,55.75958257],[37.61824887,55.75954299],[37.61824887,55.75954299],[37.61822264,55.75956935],[37.6181964,55.75959571]]]},"properties":{"type":"apartment","rooms":2,"totalArea":90.83571266317743,"livingArea":54.32882153668764,"apartmentType":999992},"type":"Feature"},{"geometry":{"type":"Polygon","coordinates":[[[37.61825893,55.7596155],[37.61823269,55.75964186],[37.61829383,55.75966121],[37.61829411,55.75966128],[37.61829442,55.75966132],[37.61829473,55.75966132],[37.61829504,55.75966129],[37.61829533,55.75966122],[37.61829559,55.75966113],[37.61829582,55.75966101],[37.618296,55.75966086],[37.61832067,55.75963607],[37.6183208,55.75963591],[37.61832087,55.75963574],[37.61832087,55.75963556],[37.61832082,55.75963539],[37.6183207,55.75963522],[37.61832054,55.75963508],[37.61832032,55.75963495],[37.61832006,55.75963485],[37.61825893,55.7596155]]]},"properties":{"type":"room","subtype":"apartment","roomType":"KITCHEN","area":15.134891791886428},"type":"Feature"},{"geometry":{"type":"Polygon","coordinates":[[[37.61824581,55.75962868],[37.61825893,55.7596155],[37.61819779,55.75959615],[37.6181975,55.75959608],[37.6181972,55.75959604],[37.61819689,55.75959604],[37.61819658,55.75959607],[37.61819629,55.75959613],[37.61819602,55.75959623],[37.6181958,55.75959635],[37.61819562,55.7595965],[37.61818328,55.75960889],[37.61824581,55.75962868]]]},"properties":{"type":"room","subtype":"apartment","roomType":"HALL","area":7.567446117160193},"type":"Feature"},{"geometry":{"type":"Polygon","coordinates":[[[37.61821767,55.75961977],[37.61818328,55.75960889],[37.61817094,55.75962129],[37.61817082,55.75962145],[37.61817075,55.75962162],[37.61817074,55.7596218],[37.6181708,55.75962197],[37.61817091,55.75962213],[37.61817108,55.75962228],[37.6181713,55.75962241],[37.61817155,55.75962251],[37.61820455,55.75963295],[37.61821767,55.75961977]]]},"properties":{"type":"room","subtype":"apartment","roomType":"BATHROOM","area":4.161107124066389},"type":"Feature"},{"geometry":{"type":"Polygon","coordinates":[[[37.61820845,55.75962904],[37.61823659,55.75963794],[37.61824581,55.75962868],[37.61821767,55.75961977],[37.61820845,55.75962904]]]},"properties":{"type":"room","subtype":"apartment","roomType":"TOILET","area":2.393839219260415},"type":"Feature"},{"geometry":{"type":"Polygon","coordinates":[[[37.61834691,55.75960971],[37.61834703,55.75960955],[37.6183471,55.75960938],[37.61834711,55.7596092],[37.61834705,55.75960903],[37.61834694,55.75960887],[37.61834677,55.75960872],[37.61834656,55.75960859],[37.6183463,55.75960849],[37.61824834,55.75957749],[37.6182221,55.75960385],[37.61832006,55.75963485],[37.61832035,55.75963492],[37.61832065,55.75963496],[37.61832097,55.75963496],[37.61832127,55.75963493],[37.61832156,55.75963487],[37.61832183,55.75963477],[37.61832205,55.75963465],[37.61832223,55.7596345],[37.61834691,55.75960971]]]},"properties":{"type":"room","subtype":"apartment","roomType":"BEDROOM","area":24.05025029828461},"type":"Feature"},{"geometry":{"type":"Polygon","coordinates":[[[37.61822264,55.75956935],[37.61824887,55.75954299],[37.61824887,55.75954299],[37.61837393,55.75958257],[37.61834769,55.75960893],[37.61822264,55.75956935]]]},"properties":{"type":"room","subtype":"apartment","roomType":"BEDROOM","area":30.27857123840303},"type":"Feature"},{"geometry":{"type":"Polygon","coordinates":[[[37.61824848,55.75957753],[37.61824849,55.75957752],[37.6182485,55.7595775],[37.6182485,55.75957748],[37.61824849,55.75957746],[37.61824848,55.75957745],[37.61824847,55.75957743],[37.61824845,55.75957742],[37.61824842,55.75957741],[37.6182241,55.75956971],[37.61822409,55.75956971],[37.6182238,55.75956964],[37.61822377,55.75956963],[37.61822347,55.7595696],[37.61822344,55.75956959],[37.61822313,55.75956959],[37.61822309,55.75956959],[37.61822279,55.75956962],[37.61822276,55.75956963],[37.61822247,55.75956969],[37.61822244,55.7595697],[37.61822217,55.75956979],[37.61822215,55.75956981],[37.61822192,55.75956993],[37.6182219,55.75956994],[37.61822173,55.75957009],[37.61822172,55.75957009],[37.61819704,55.75959488],[37.61819703,55.75959489],[37.61819691,55.75959505],[37.6181969,55.75959507],[37.61819683,55.75959524],[37.61819683,55.75959526],[37.61819682,55.75959544],[37.61819682,55.75959545],[37.61819688,55.75959563],[37.61819689,55.75959564],[37.618197,55.75959581],[37.61819701,55.75959582],[37.61819718,55.75959597],[37.6181972,55.75959599],[37.61819742,55.75959611],[37.61819744,55.75959612],[37.6181977,55.75959623],[37.61819771,55.75959623],[37.61822203,55.75960393],[37.61822206,55.75960393],[37.61822209,55.75960394],[37.61822212,55.75960394],[37.61822215,55.75960393],[37.61822218,55.75960393],[37.6182222,55.75960392],[37.61822223,55.75960391],[37.61822224,55.75960389],[37.61824848,55.75957753]]]},"properties":{"type":"room","subtype":"apartment","roomType":"CORRIDOR","area":6.323270274481136},"type":"Feature"},{"geometry":{"type":"Polygon","coordinates":[[[37.61839238,55.75958973],[37.61837293,55.75958357],[37.61834869,55.75960793],[37.61836814,55.75961408],[37.61839238,55.75958973]]]},"properties":{"type":"room","subtype":"apartment","roomType":"BALCONY","area":4.3522565579692065},"type":"Feature"},{"geometry":{"type":"Polygon","coordinates":[[[37.61819955,55.75959805],[37.61819539,55.75959673],[37.61819328,55.75959885],[37.61819745,55.75960016],[37.61819955,55.75959805]]]},"properties":{"type":"room_object","subtype":"room","roomObjectType":"ELECTRICAL_BOX"},"type":"Feature"},{"geometry":{"type":"Polygon","coordinates":[[[37.61824887,55.75954299],[37.61828312,55.75955383],[37.61828702,55.75954992],[37.61828704,55.7595499],[37.61828706,55.75954989],[37.61828709,55.75954988],[37.61828712,55.75954987],[37.61828715,55.75954987],[37.61828718,55.75954987],[37.61828721,55.75954988],[37.61828724,55.75954988],[37.61831538,55.75955879],[37.6183154,55.7595588],[37.61831542,55.75955881],[37.61831544,55.75955882],[37.61831545,55.75955884],[37.61831546,55.75955886],[37.61831546,55.75955888],[37.61831545,55.75955889],[37.61831544,55.75955891],[37.61831154,55.75956283],[37.61831154,55.75956283],[37.61837393,55.75958257],[37.61837393,55.75958257],[37.61840016,55.75955621],[37.6184264,55.75952985],[37.61830135,55.75949028],[37.61830135,55.75949028],[37.61827511,55.75951664],[37.61824887,55.75954299]]]},"properties":{"type":"apartment","rooms":1,"totalArea":60.55714286065983,"livingArea":30.278569804046484,"apartmentType":999991},"type":"Feature"},{"geometry":{"type":"Polygon","coordinates":[[[37.61833764,55.75953642],[37.6183114,55.75956278],[37.61837254,55.75958213],[37.61837282,55.7595822],[37.61837313,55.75958224],[37.61837344,55.75958224],[37.61837375,55.75958221],[37.61837404,55.75958215],[37.6183743,55.75958205],[37.61837453,55.75958193],[37.61837471,55.75958179],[37.61839938,55.759557],[37.61839951,55.75955683],[37.61839957,55.75955666],[37.61839958,55.75955649],[37.61839953,55.75955631],[37.61839941,55.75955615],[37.61839924,55.759556],[37.61839903,55.75955587],[37.61839877,55.75955577],[37.61833764,55.75953642]]]},"properties":{"type":"room","subtype":"apartment","roomType":"KITCHEN","area":15.134894090634845},"type":"Feature"},{"geometry":{"type":"Polygon","coordinates":[[[37.61826199,55.75952982],[37.61832452,55.7595496],[37.61833764,55.75953642],[37.6182765,55.75951708],[37.61827621,55.75951701],[37.61827591,55.75951697],[37.6182756,55.75951696],[37.61827529,55.75951699],[37.618275,55.75951706],[37.61827473,55.75951715],[37.61827451,55.75951728],[37.61827433,55.75951742],[37.61826199,55.75952982]]]},"properties":{"type":"room","subtype":"apartment","roomType":"HALL","area":7.567447100050434},"type":"Feature"},{"geometry":{"type":"Polygon","coordinates":[[[37.61829638,55.7595407],[37.61826199,55.75952982],[37.61824965,55.75954221],[37.61824953,55.75954237],[37.61824946,55.75954254],[37.61824945,55.75954272],[37.61824951,55.75954289],[37.61824962,55.75954306],[37.61824979,55.75954321],[37.61825001,55.75954333],[37.61825026,55.75954343],[37.61828326,55.75955388],[37.61829638,55.7595407]]]},"properties":{"type":"room","subtype":"apartment","roomType":"BATHROOM","area":4.161107027486619},"type":"Feature"},{"geometry":{"type":"Polygon","coordinates":[[[37.6183153,55.75955887],[37.61832452,55.7595496],[37.61829638,55.7595407],[37.61828716,55.75954996],[37.6183153,55.75955887]]]},"properties":{"type":"room","subtype":"apartment","roomType":"TOILET","area":2.3938393580799557},"type":"Feature"},{"geometry":{"type":"Polygon","coordinates":[[[37.61827511,55.75951664],[37.61830135,55.75949028],[37.61830135,55.75949028],[37.6184264,55.75952985],[37.61840016,55.75955621],[37.61840016,55.75955621],[37.61827511,55.75951664]]]},"properties":{"type":"room","subtype":"apartment","roomType":"BEDROOM","area":30.278569804046484},"type":"Feature"},{"geometry":{"type":"Polygon","coordinates":[[[37.61844485,55.75953701],[37.6184254,55.75953085],[37.61840116,55.75955521],[37.61842061,55.75956137],[37.61844485,55.75953701]]]},"properties":{"type":"room","subtype":"apartment","roomType":"BALCONY","area":4.352256154234942},"type":"Feature"},{"geometry":{"type":"Polygon","coordinates":[[[37.61827826,55.75951897],[37.6182741,55.75951765],[37.61827199,55.75951977],[37.61827616,55.75952109],[37.61827826,55.75951897]]]},"properties":{"type":"room_object","subtype":"room","roomObjectType":"ELECTRICAL_BOX"},"type":"Feature"},{"geometry":{"type":"Polygon","coordinates":[[[37.6184952,55.75948643],[37.61847575,55.75948027],[37.61842952,55.75952672],[37.61844897,55.75953288],[37.6184952,55.75948643]]]},"properties":{"type":"balcony","area":8.300000000278747,"subtype":"service"},"type":"Feature"},{"geometry":{"type":"Polygon","coordinates":[[[37.61830135,55.75949028],[37.61832758,55.75946392],[37.61845263,55.7595035],[37.61845263,55.7595035],[37.6184264,55.75952985],[37.6184264,55.75952985],[37.61830135,55.75949028],[37.61830135,55.75949028]]]},"properties":{"type":"ladder","area":30.27857162045036,"subtype":"service"},"type":"Feature"},{"geometry":{"type":"Polygon","coordinates":[[[37.61839428,55.75948503],[37.61845263,55.7595035],[37.61847887,55.75947714],[37.61835382,55.75943756],[37.61835382,55.75943756],[37.61832758,55.75946392],[37.61834396,55.75944747],[37.61835091,55.75944966],[37.61836619,55.7594545],[37.61838842,55.75946154],[37.61841065,55.75946857],[37.61839428,55.75948503]]]},"properties":{"type":"corridor","area":20.19857123639399,"subtype":"service"},"type":"Feature"},{"geometry":{"type":"Polygon","coordinates":[[[37.61833453,55.75946612],[37.61835091,55.75944966],[37.61834396,55.75944747],[37.61832758,55.75946392],[37.61833453,55.75946612]]]},"properties":{"type":"heating_meter","area":1.0499999998415144,"subtype":"service"},"type":"Feature"},{"geometry":{"type":"Polygon","coordinates":[[[37.61834981,55.75947096],[37.61836619,55.7594545],[37.61835091,55.75944966],[37.61833453,55.75946612],[37.61834981,55.75947096]]]},"properties":{"type":"elevator","area":2.310000000603309,"subtype":"service"},"type":"Feature"},{"geometry":{"type":"Polygon","coordinates":[[[37.61837205,55.75947799],[37.61838842,55.75946154],[37.61836619,55.7594545],[37.61834981,55.75947096],[37.61837205,55.75947799]]]},"properties":{"type":"elevator","area":3.359999999352751,"subtype":"service"},"type":"Feature"},{"geometry":{"type":"Polygon","coordinates":[[[37.61839428,55.75948503],[37.61841065,55.75946857],[37.61838842,55.75946154],[37.61837205,55.75947799],[37.61839428,55.75948503]]]},"properties":{"type":"elevator","area":3.3600000001524144,"subtype":"service"},"type":"Feature"},{"geometry":{"type":"Polygon","coordinates":[[[37.61848499,55.75930578],[37.6184572,55.75929698],[37.61814238,55.75961327],[37.61817017,55.75962206],[37.61848499,55.75930578]]]},"properties":{"type":"corridor","area":80.73885714248559,"subtype":"service"},"type":"Feature"},{"geometry":{"type":"Polygon","coordinates":[[[37.61835772,55.75943364],[37.6183546,55.75943678],[37.61835447,55.75943694],[37.61835441,55.75943711],[37.6183544,55.75943729],[37.61835445,55.75943746],[37.61835457,55.75943762],[37.61835474,55.75943777],[37.61835495,55.7594379],[37.61835521,55.759438],[37.61841635,55.75945735],[37.61842024,55.75945343],[37.61835772,55.75943364]]]},"properties":{"type":"ventilation","area":2.247803289876047,"subtype":"service"},"type":"Feature"},{"geometry":{"type":"Polygon","coordinates":[[[37.61848135,55.7593434],[37.61848447,55.75934026],[37.61846015,55.75933257],[37.61845987,55.7593325],[37.61845956,55.75933246],[37.61845925,55.75933245],[37.61845894,55.75933249],[37.61845865,55.75933255],[37.61845839,55.75933264],[37.61845816,55.75933277],[37.61845798,55.75933291],[37.61845564,55.75933526],[37.61848135,55.7593434]]]},"properties":{"type":"ventilation","area":0.7378036190022537,"subtype":"service"},"type":"Feature"},{"geometry":{"type":"Polygon","coordinates":[[[37.61849705,55.7593391],[37.61849316,55.75934301],[37.61852129,55.75935192],[37.61852519,55.759348],[37.61849705,55.7593391]]]},"properties":{"type":"ventilation","area":1.0122721315546326,"subtype":"service"},"type":"Feature"},{"geometry":{"type":"Polygon","coordinates":[[[37.61849344,55.75927893],[37.61849734,55.75927501],[37.61849734,55.75927501],[37.61846261,55.75926402],[37.61845871,55.75926794],[37.61849344,55.75927893]]]},"properties":{"type":"ventilation","area":1.2500000090440042,"subtype":"service"},"type":"Feature"},{"geometry":{"type":"Polygon","coordinates":[[[37.6184533,55.7593009],[37.6184572,55.75929698],[37.61845721,55.75929697],[37.61842595,55.75928708],[37.61842204,55.75929101],[37.6184533,55.7593009]]]},"properties":{"type":"ventilation","area":1.1271512625504472,"subtype":"service"},"type":"Feature"},{"geometry":{"type":"Polygon","coordinates":[[[37.61842708,55.75932725],[37.61843097,55.75932333],[37.61839971,55.75931344],[37.61839581,55.75931736],[37.61842708,55.75932725]]]},"properties":{"type":"ventilation","area":1.1250000306979855,"subtype":"service"},"type":"Feature"},{"geometry":{"type":"Polygon","coordinates":[[[37.61840474,55.75934969],[37.61840474,55.75934969],[37.61837348,55.7593398],[37.61836958,55.75934371],[37.61840084,55.75935361],[37.61840474,55.75934969]]]},"properties":{"type":"ventilation","area":1.1250000198218248,"subtype":"service"},"type":"Feature"},{"geometry":{"type":"Polygon","coordinates":[[[37.61834411,55.75936517],[37.61831598,55.75935626],[37.61831208,55.75936018],[37.61834021,55.75936908],[37.61834411,55.75936517]]]},"properties":{"type":"ventilation","area":1.0124999996814739,"subtype":"service"},"type":"Feature"},{"geometry":{"type":"Polygon","coordinates":[[[37.61829087,55.75942279],[37.61832213,55.75943268],[37.61832603,55.75942877],[37.61829477,55.75941887],[37.61829087,55.75942279]]]},"properties":{"type":"ventilation","area":1.1250000307930372,"subtype":"service"},"type":"Feature"},{"geometry":{"type":"Polygon","coordinates":[[[37.6182615,55.75944816],[37.6182654,55.75944424],[37.61823727,55.75943534],[37.61823337,55.75943925],[37.6182615,55.75944816]]]},"properties":{"type":"ventilation","area":1.0124999923947267,"subtype":"service"},"type":"Feature"},{"geometry":{"type":"Polygon","coordinates":[[[37.61824342,55.75951176],[37.61824732,55.75950784],[37.61824732,55.75950784],[37.61821606,55.75949795],[37.61821216,55.75950186],[37.61824342,55.75951176]]]},"properties":{"type":"ventilation","area":1.1249999477368446,"subtype":"service"},"type":"Feature"},{"geometry":{"type":"Polygon","coordinates":[[[37.61815466,55.75951833],[37.61818279,55.75952723],[37.61818669,55.75952332],[37.61815856,55.75951441],[37.61815466,55.75951833]]]},"properties":{"type":"ventilation","area":1.0124999998460982,"subtype":"service"},"type":"Feature"},{"geometry":{"type":"Polygon","coordinates":[[[37.61816471,55.75959083],[37.61816861,55.75958692],[37.61816861,55.75958692],[37.61813734,55.75957702],[37.61813345,55.75958094],[37.61816471,55.75959083]]]},"properties":{"type":"ventilation","area":1.1250606688857405,"subtype":"service"},"type":"Feature"},{"geometry":{"type":"Polygon","coordinates":[[[37.61813393,55.75964011],[37.61809919,55.75962912],[37.61809529,55.75963304],[37.61813003,55.75964403],[37.61813393,55.75964011]]]},"properties":{"type":"ventilation","area":1.2499999871802734,"subtype":"service"},"type":"Feature"},{"geometry":{"type":"Polygon","coordinates":[[[37.61813393,55.75964011],[37.61813003,55.75964403],[37.61813003,55.75964403],[37.61816477,55.75965502],[37.61816867,55.75965111],[37.61813393,55.75964011]]]},"properties":{"type":"ventilation","area":1.2499999609243702,"subtype":"service"},"type":"Feature"},{"geometry":{"type":"Polygon","coordinates":[[[37.61823269,55.75964186],[37.61823659,55.75963794],[37.61820845,55.75962904],[37.61820455,55.75963295],[37.61823269,55.75964186]]]},"properties":{"type":"ventilation","area":1.0124999991559918,"subtype":"service"},"type":"Feature"},{"geometry":{"type":"Polygon","coordinates":[[[37.6183153,55.75955887],[37.61828716,55.75954996],[37.61828326,55.75955388],[37.6183114,55.75956278],[37.6183153,55.75955887]]]},"properties":{"type":"ventilation","area":1.0124999316304495,"subtype":"service"},"type":"Feature"},{"geometry":{"type":"Polygon","coordinates":[[[37.61851918,55.75910163],[37.61863381,55.7591379],[37.6186477,55.75914231],[37.61862041,55.75916972],[37.61864798,55.75917845],[37.61865188,55.75917453],[37.6186519,55.75917452],[37.61865192,55.7591745],[37.61865194,55.75917449],[37.61865197,55.75917449],[37.618652,55.75917449],[37.61865204,55.75917449],[37.61865207,55.75917449],[37.6186521,55.7591745],[37.61867476,55.75918167],[37.61867479,55.75918168],[37.61867481,55.75918169],[37.61867483,55.75918171],[37.61867484,55.75918172],[37.61867484,55.75918174],[37.61867484,55.75918176],[37.61867484,55.75918177],[37.61867482,55.75918179],[37.61867093,55.75918571],[37.61867093,55.75918571],[37.61872115,55.7592016],[37.61877574,55.75914676],[37.61866111,55.75911048],[37.61854648,55.7590742],[37.61851918,55.75910163]]]},"properties":{"type":"apartment","rooms":2,"totalArea":83.1255025599505,"livingArea":48.51435731163876,"apartmentType":999992},"type":"Feature"},{"geometry":{"type":"Polygon","coordinates":[[[37.61867079,55.75918566],[37.61871976,55.75920116],[37.61872005,55.75920123],[37.61872035,55.75920127],[37.61872067,55.75920128],[37.61872097,55.75920124],[37.61872126,55.75920118],[37.61872153,55.75920109],[37.61872175,55.75920096],[37.61872193,55.75920082],[37.61874767,55.75917496],[37.61874779,55.7591748],[37.61874786,55.75917463],[37.61874786,55.75917446],[37.61874781,55.75917428],[37.6187477,55.75917412],[37.61874753,55.75917397],[37.61874731,55.75917384],[37.61874706,55.75917374],[37.61869807,55.75915824],[37.61867079,55.75918566]]]},"properties":{"type":"room","subtype":"apartment","roomType":"KITCHEN","area":12.68310829851911},"type":"Feature"},{"geometry":{"type":"Polygon","coordinates":[[[37.61868443,55.75917196],[37.61869807,55.75915824],[37.6186491,55.75914274],[37.61864881,55.75914267],[37.61864851,55.75914263],[37.6186482,55.75914263],[37.61864789,55.75914266],[37.6186476,55.75914272],[37.61864733,55.75914282],[37.61864711,55.75914294],[37.61864693,55.75914308],[37.61863405,55.75915602],[37.61868443,55.75917196]]]},"properties":{"type":"room","subtype":"apartment","roomType":"HALL","area":6.3438164869196},"type":"Feature"},{"geometry":{"type":"Polygon","coordinates":[[[37.61863405,55.75915602],[37.61862119,55.75916894],[37.61862107,55.7591691],[37.618621,55.75916927],[37.618621,55.75916945],[37.61862105,55.75916962],[37.61862116,55.75916979],[37.61862133,55.75916993],[37.61862155,55.75917006],[37.6186218,55.75917016],[37.61864812,55.75917849],[37.61866176,55.75916478],[37.61863405,55.75915602]]]},"properties":{"type":"room","subtype":"apartment","roomType":"BATHROOM","area":3.4854920770249054},"type":"Feature"},{"geometry":{"type":"Polygon","coordinates":[[[37.61865202,55.75917457],[37.61867468,55.75918175],[37.61868443,55.75917196],[37.61866176,55.75916478],[37.61865202,55.75917457]]]},"properties":{"type":"room","subtype":"apartment","roomType":"TOILET","area":2.038358028503893},"type":"Feature"},{"geometry":{"type":"Polygon","coordinates":[[[37.61874706,55.75917374],[37.61874734,55.75917381],[37.61874765,55.75917385],[37.61874796,55.75917385],[37.61874827,55.75917382],[37.61874856,55.75917376],[37.61874882,55.75917366],[37.61874905,55.75917354],[37.61874923,55.7591734],[37.61877496,55.75914754],[37.61877509,55.75914738],[37.61877515,55.75914721],[37.61877516,55.75914703],[37.6187751,55.75914686],[37.61877499,55.7591467],[37.61877482,55.75914655],[37.61877461,55.75914642],[37.61877435,55.75914632],[37.61869776,55.75912208],[37.61867046,55.7591495],[37.61874706,55.75917374]]]},"properties":{"type":"room","subtype":"apartment","roomType":"BEDROOM","area":19.639356538208492},"type":"Feature"},{"geometry":{"type":"Polygon","coordinates":[[[37.61851918,55.75910163],[37.61863381,55.7591379],[37.61866111,55.75911048],[37.61866111,55.75911048],[37.61854648,55.7590742],[37.61851918,55.75910163],[37.61851918,55.75910163]]]},"properties":{"type":"room","subtype":"apartment","roomType":"BEDROOM","area":28.875000773430273},"type":"Feature"},{"geometry":{"type":"Polygon","coordinates":[[[37.6186979,55.75912212],[37.61869791,55.75912211],[37.61869791,55.75912209],[37.61869792,55.75912207],[37.61869791,55.75912205],[37.6186979,55.75912204],[37.61869788,55.75912202],[37.61869786,55.75912201],[37.61869783,55.759122],[37.61866258,55.75911084],[37.61866256,55.75911084],[37.61866228,55.75911077],[37.61866225,55.75911076],[37.61866194,55.75911072],[37.61866191,55.75911072],[37.6186616,55.75911072],[37.61866157,55.75911072],[37.61866126,55.75911075],[37.61866123,55.75911076],[37.61866094,55.75911082],[37.61866091,55.75911083],[37.61866065,55.75911092],[37.61866062,55.75911093],[37.6186604,55.75911106],[37.61866038,55.75911107],[37.6186602,55.75911121],[37.61866019,55.75911122],[37.61863446,55.75913708],[37.61863445,55.75913708],[37.61863432,55.75913724],[37.61863431,55.75913726],[37.61863425,55.75913743],[37.61863424,55.75913745],[37.61863424,55.75913763],[37.61863424,55.75913764],[37.61863429,55.75913782],[37.6186343,55.75913784],[37.61863442,55.759138],[37.61863443,55.75913802],[37.6186346,55.75913816],[37.61863462,55.75913818],[37.61863483,55.7591383],[37.61863486,55.75913832],[37.61863511,55.75913842],[37.61863513,55.75913842],[37.61867038,55.75914958],[37.61867041,55.75914959],[37.61867044,55.75914959],[37.61867047,55.75914959],[37.6186705,55.75914959],[37.61867053,55.75914958],[37.61867056,55.75914957],[37.61867058,55.75914956],[37.6186706,55.75914955],[37.6186979,55.75912212]]]},"properties":{"type":"room","subtype":"apartment","roomType":"CORRIDOR","area":9.349055928485846},"type":"Feature"},{"geometry":{"type":"Polygon","coordinates":[[[37.6187669,55.75918134],[37.61874745,55.75917518],[37.61872215,55.7592006],[37.6187416,55.75920676],[37.6187669,55.75918134]]]},"properties":{"type":"room","subtype":"apartment","roomType":"BALCONY","area":4.542257119873896},"type":"Feature"},{"geometry":{"type":"Polygon","coordinates":[[[37.61865086,55.75914464],[37.6186467,55.75914332],[37.61864458,55.75914544],[37.61864875,55.75914676],[37.61865086,55.75914464]]]},"properties":{"type":"room_object","subtype":"room","roomObjectType":"ELECTRICAL_BOX"},"type":"Feature"},{"geometry":{"type":"Polygon","coordinates":[[[37.6184373,55.75918389],[37.61853804,55.75921577],[37.61856533,55.75918835],[37.61859263,55.75916093],[37.61861992,55.75913351],[37.61859236,55.75912478],[37.61859236,55.75912478],[37.61858846,55.7591287],[37.61858844,55.75912872],[37.61858842,55.75912873],[37.61858839,55.75912874],[37.61858836,55.75912874],[37.61858833,55.75912875],[37.6185883,55.75912875],[37.61858827,55.75912874],[37.61858824,55.75912874],[37.61856558,55.75912156],[37.61856555,55.75912155],[37.61856553,55.75912154],[37.61856551,55.75912152],[37.6185655,55.75912151],[37.6185655,55.75912149],[37.6185655,55.75912147],[37.61856551,55.75912145],[37.61856552,55.75912144],[37.61856942,55.75911752],[37.61851918,55.75910163],[37.61849189,55.75912905],[37.6184646,55.75915647],[37.6184373,55.75918389]]]},"properties":{"type":"apartment","rooms":2,"totalArea":76.12499999942312,"livingArea":44.576858628440434,"apartmentType":999992},"type":"Feature"},{"geometry":{"type":"Polygon","coordinates":[[[37.61849267,55.75912826],[37.61849254,55.75912843],[37.61849248,55.7591286],[37.61849247,55.75912877],[37.61849253,55.75912895],[37.61849264,55.75912911],[37.61849281,55.75912926],[37.61849302,55.75912939],[37.61849328,55.75912949],[37.61854225,55.75914499],[37.61856956,55.75911757],[37.61852057,55.75910207],[37.61852029,55.75910199],[37.61851998,55.75910196],[37.61851967,55.75910195],[37.61851936,55.75910198],[37.61851907,55.75910205],[37.61851881,55.75910214],[37.61851858,55.75910226],[37.6185184,55.75910241],[37.61849267,55.75912826]]]},"properties":{"type":"room","subtype":"apartment","roomType":"KITCHEN","area":12.683106211625452},"type":"Feature"},{"geometry":{"type":"Polygon","coordinates":[[[37.6185559,55.75913128],[37.61854225,55.75914499],[37.61859124,55.75916049],[37.61859152,55.75916056],[37.61859183,55.7591606],[37.61859214,55.7591606],[37.61859245,55.75916057],[37.61859274,55.75916051],[37.618593,55.75916041],[37.61859323,55.75916029],[37.61859341,55.75916014],[37.61860627,55.75914722],[37.6185559,55.75913128]]]},"properties":{"type":"room","subtype":"apartment","roomType":"HALL","area":6.339291467423779},"type":"Feature"},{"geometry":{"type":"Polygon","coordinates":[[[37.61857857,55.75913845],[37.61860627,55.75914722],[37.61861914,55.75913429],[37.61861927,55.75913413],[37.61861933,55.75913396],[37.61861934,55.75913378],[37.61861928,55.75913361],[37.61861917,55.75913344],[37.618619,55.75913329],[37.61861879,55.75913317],[37.61861853,55.75913307],[37.61859222,55.75912474],[37.61857857,55.75913845]]]},"properties":{"type":"room","subtype":"apartment","roomType":"BATHROOM","area":3.488239460069884},"type":"Feature"},{"geometry":{"type":"Polygon","coordinates":[[[37.61857857,55.75913845],[37.61858832,55.75912866],[37.61856566,55.75912148],[37.6185559,55.75913128],[37.61857857,55.75913845]]]},"properties":{"type":"room","subtype":"apartment","roomType":"TOILET","area":2.040134686922402},"type":"Feature"},{"geometry":{"type":"Polygon","coordinates":[[[37.61854084,55.7591806],[37.61856814,55.75915318],[37.61849328,55.75912949],[37.61849299,55.75912942],[37.61849269,55.75912938],[37.61849238,55.75912937],[37.61849207,55.75912941],[37.61849178,55.75912947],[37.61849151,55.75912956],[37.61849129,55.75912969],[37.61849111,55.75912983],[37.61846537,55.75915569],[37.61846525,55.75915585],[37.61846518,55.75915602],[37.61846518,55.75915619],[37.61846523,55.75915637],[37.61846534,55.75915653],[37.61846551,55.75915668],[37.61846573,55.75915681],[37.61846598,55.75915691],[37.61854084,55.7591806]]]},"properties":{"type":"room","subtype":"apartment","roomType":"BEDROOM","area":19.201858626295163},"type":"Feature"},{"geometry":{"type":"Polygon","coordinates":[[[37.6184373,55.75918389],[37.61853804,55.75921577],[37.61856533,55.75918835],[37.61856533,55.75918835],[37.6184646,55.75915647],[37.6184373,55.75918389],[37.6184373,55.75918389]]]},"properties":{"type":"room","subtype":"apartment","roomType":"BEDROOM","area":25.37500000214527},"type":"Feature"},{"geometry":{"type":"Polygon","coordinates":[[[37.61856821,55.7591531],[37.61856819,55.75915309],[37.61856816,55.75915309],[37.61856812,55.75915309],[37.61856809,55.75915309],[37.61856806,55.7591531],[37.61856804,55.75915311],[37.61856802,55.75915312],[37.618568,55.75915313],[37.6185407,55.75918056],[37.61854069,55.75918057],[37.61854068,55.75918059],[37.61854068,55.75918061],[37.61854069,55.75918062],[37.6185407,55.75918064],[37.61854072,55.75918065],[37.61854074,55.75918067],[37.61854076,55.75918068],[37.61856386,55.75918799],[37.61856388,55.75918799],[37.61856416,55.75918806],[37.61856419,55.75918807],[37.6185645,55.75918811],[37.61856453,55.75918811],[37.61856484,55.75918811],[37.61856487,55.75918811],[37.61856518,55.75918808],[37.61856521,55.75918808],[37.6185655,55.75918801],[37.61856553,55.759188],[37.61856579,55.75918791],[37.61856582,55.7591879],[37.61856604,55.75918778],[37.61856606,55.75918776],[37.61856624,55.75918762],[37.61856625,55.75918761],[37.61859198,55.75916176],[37.61859199,55.75916175],[37.61859212,55.75916159],[37.61859213,55.75916157],[37.61859219,55.7591614],[37.6185922,55.75916138],[37.6185922,55.7591612],[37.6185922,55.75916119],[37.61859215,55.75916101],[37.61859214,55.759161],[37.61859203,55.75916083],[37.61859201,55.75916082],[37.61859184,55.75916067],[37.61859182,55.75916065],[37.61859161,55.75916053],[37.61859158,55.75916052],[37.61859133,55.75916041],[37.61859131,55.75916041],[37.61856821,55.7591531]]]},"properties":{"type":"room","subtype":"apartment","roomType":"CORRIDOR","area":6.269056113146616},"type":"Feature"},{"geometry":{"type":"Polygon","coordinates":[[[37.61847343,55.75912189],[37.61849289,55.75912805],[37.61851819,55.75910263],[37.61849874,55.75909647],[37.61847343,55.75912189]]]},"properties":{"type":"room","subtype":"apartment","roomType":"BALCONY","area":4.542256100848673},"type":"Feature"},{"geometry":{"type":"Polygon","coordinates":[[[37.61858947,55.75915859],[37.61859364,55.75915991],[37.61859575,55.75915779],[37.61859158,55.75915647],[37.61858947,55.75915859]]]},"properties":{"type":"room_object","subtype":"room","roomObjectType":"ELECTRICAL_BOX"},"type":"Feature"},{"geometry":{"type":"Polygon","coordinates":[[[37.61841001,55.75921131],[37.61851074,55.75924319],[37.61851075,55.75924319],[37.61851075,55.75924319],[37.61853406,55.75921977],[37.61853406,55.75921977],[37.61850887,55.7592118],[37.61850885,55.75921179],[37.61850883,55.75921177],[37.61850881,55.75921176],[37.6185088,55.75921174],[37.61850879,55.75921173],[37.61850879,55.75921171],[37.6185088,55.75921169],[37.61850881,55.75921167],[37.61851271,55.75920776],[37.61851271,55.75920776],[37.6184373,55.75918389],[37.61841001,55.75921131]]]},"properties":{"type":"apartment","rooms":0,"totalArea":25.374998494140467,"livingArea":19.031430174888104,"apartmentType":999990},"type":"Feature"},{"geometry":{"type":"Polygon","coordinates":[[[37.61851285,55.7592078],[37.6184373,55.75918389],[37.61841001,55.75921131],[37.61848556,55.75923522],[37.61851285,55.7592078]]]},"properties":{"type":"room","subtype":"apartment","roomType":"STUDIO","area":19.031430174888104},"type":"Feature"},{"geometry":{"type":"Polygon","coordinates":[[[37.61853414,55.75921969],[37.61850895,55.75921172],[37.61849921,55.75922151],[37.6185244,55.75922948],[37.61853414,55.75921969]]]},"properties":{"type":"room","subtype":"apartment","roomType":"JOINT_BATHROOM","area":2.264203434271884},"type":"Feature"},{"geometry":{"type":"Polygon","coordinates":[[[37.6185244,55.75922948],[37.61849921,55.75922151],[37.61848556,55.75923522],[37.61851074,55.75924319],[37.61851075,55.75924319],[37.61851075,55.75924319],[37.6185244,55.75922948]]]},"properties":{"type":"room","subtype":"apartment","roomType":"HALL","area":3.173037136008051},"type":"Feature"},{"geometry":{"type":"Polygon","coordinates":[[[37.61839155,55.75920416],[37.618411,55.75921031],[37.6184363,55.75918489],[37.61841685,55.75917874],[37.61839155,55.75920416]]]},"properties":{"type":"room","subtype":"apartment","roomType":"BALCONY","area":4.542256100912691},"type":"Feature"},{"geometry":{"type":"Polygon","coordinates":[[[37.61850736,55.75924108],[37.61851153,55.7592424],[37.61851387,55.75924005],[37.6185097,55.75923873],[37.61850736,55.75924108]]]},"properties":{"type":"room_object","subtype":"room","roomObjectType":"ELECTRICAL_BOX"},"type":"Feature"},{"geometry":{"type":"Polygon","coordinates":[[[37.61838271,55.75923873],[37.61849734,55.75927501],[37.61861197,55.75931129],[37.61866656,55.75925645],[37.61861633,55.75924055],[37.61861633,55.75924055],[37.61861243,55.75924447],[37.61861242,55.75924448],[37.61861239,55.75924449],[37.61861237,55.7592445],[37.61861234,55.75924451],[37.61861231,55.75924451],[37.61861228,55.75924451],[37.61861225,55.75924451],[37.61861222,55.7592445],[37.61858955,55.75923733],[37.61858953,55.75923732],[37.6185895,55.75923731],[37.61858949,55.75923729],[37.61858948,55.75923727],[37.61858947,55.75923726],[37.61858947,55.75923724],[37.61858948,55.75923722],[37.61858949,55.75923721],[37.61859339,55.75923329],[37.61859339,55.75923329],[37.61856583,55.75922457],[37.61853854,55.75925198],[37.61852464,55.75924759],[37.61841001,55.75921131],[37.61838271,55.75923873]]]},"properties":{"type":"apartment","rooms":2,"totalArea":83.12550290641724,"livingArea":48.514357304718324,"apartmentType":999992},"type":"Feature"},{"geometry":{"type":"Polygon","coordinates":[[[37.6185889,55.75926793],[37.61863788,55.75928343],[37.61863816,55.7592835],[37.61863847,55.75928354],[37.61863878,55.75928354],[37.61863909,55.75928351],[37.61863938,55.75928345],[37.61863964,55.75928335],[37.61863987,55.75928323],[37.61864005,55.75928309],[37.61866578,55.75925723],[37.61866591,55.75925707],[37.61866598,55.7592569],[37.61866598,55.75925672],[37.61866593,55.75925655],[37.61866581,55.75925638],[37.61866565,55.75925623],[37.61866543,55.75925611],[37.61866517,55.75925601],[37.61861619,55.75924051],[37.6185889,55.75926793]]]},"properties":{"type":"room","subtype":"apartment","roomType":"KITCHEN","area":12.683108267638396},"type":"Feature"},{"geometry":{"type":"Polygon","coordinates":[[[37.61855218,55.75923828],[37.61853931,55.7592512],[37.61853919,55.75925137],[37.61853912,55.75925154],[37.61853911,55.75925171],[37.61853917,55.75925189],[37.61853928,55.75925205],[37.61853945,55.7592522],[37.61853966,55.75925233],[37.61853992,55.75925243],[37.6185889,55.75926793],[37.61860255,55.75925422],[37.61855218,55.75923828]]]},"properties":{"type":"room","subtype":"apartment","roomType":"HALL","area":6.341553518206927},"type":"Feature"},{"geometry":{"type":"Polygon","coordinates":[[[37.61857988,55.75924704],[37.61859353,55.75923333],[37.61856722,55.75922501],[37.61856693,55.75922494],[37.61856662,55.7592249],[37.61856631,55.75922489],[37.618566,55.75922492],[37.61856571,55.75922499],[37.61856545,55.75922508],[37.61856522,55.75922521],[37.61856505,55.75922535],[37.61855218,55.75923828],[37.61857988,55.75924704]]]},"properties":{"type":"room","subtype":"apartment","roomType":"BATHROOM","area":3.4868663964178},"type":"Feature"},{"geometry":{"type":"Polygon","coordinates":[[[37.61858963,55.75923725],[37.61857988,55.75924704],[37.61860255,55.75925422],[37.61861229,55.75924442],[37.61858963,55.75923725]]]},"properties":{"type":"room","subtype":"apartment","roomType":"TOILET","area":2.039062761817339},"type":"Feature"},{"geometry":{"type":"Polygon","coordinates":[[[37.61853399,55.75928661],[37.61861058,55.75931085],[37.61861087,55.75931092],[37.61861117,55.75931096],[37.61861149,55.75931096],[37.61861179,55.75931093],[37.61861209,55.75931087],[37.61861235,55.75931077],[37.61861257,55.75931065],[37.61861275,55.75931051],[37.61863849,55.75928465],[37.61863861,55.75928449],[37.61863868,55.75928432],[37.61863869,55.75928414],[37.61863863,55.75928397],[37.61863852,55.75928381],[37.61863835,55.75928366],[37.61863813,55.75928353],[37.61863788,55.75928343],[37.61856128,55.75925919],[37.61853399,55.75928661]]]},"properties":{"type":"room","subtype":"apartment","roomType":"BEDROOM","area":19.639356553590225},"type":"Feature"},{"geometry":{"type":"Polygon","coordinates":[[[37.61838271,55.75923873],[37.61849734,55.75927501],[37.61852464,55.75924759],[37.61841001,55.75921131],[37.61838271,55.75923873],[37.61838271,55.75923873]]]},"properties":{"type":"room","subtype":"apartment","roomType":"BEDROOM","area":28.8750007511281},"type":"Feature"},{"geometry":{"type":"Polygon","coordinates":[[[37.61849798,55.75927419],[37.61849798,55.75927419],[37.61849785,55.75927435],[37.61849784,55.75927437],[37.61849777,55.75927454],[37.61849777,55.75927456],[37.61849776,55.75927474],[37.61849777,55.75927475],[37.61849782,55.75927493],[37.61849783,55.75927494],[37.61849794,55.75927511],[37.61849796,55.75927512],[37.61849813,55.75927527],[37.61849814,55.75927529],[37.61849836,55.75927541],[37.61849838,55.75927543],[37.61849864,55.75927553],[37.61849865,55.75927553],[37.61853391,55.75928669],[37.61853394,55.7592867],[37.61853397,55.7592867],[37.618534,55.7592867],[37.61853403,55.7592867],[37.61853406,55.75928669],[37.61853409,55.75928668],[37.61853411,55.75928667],[37.61853413,55.75928665],[37.61856142,55.75925923],[37.61856144,55.75925922],[37.61856144,55.7592592],[37.61856144,55.75925918],[37.61856144,55.75925916],[37.61856143,55.75925915],[37.61856141,55.75925913],[37.61856139,55.75925912],[37.61856136,55.75925911],[37.6185261,55.75924795],[37.61852609,55.75924795],[37.6185258,55.75924788],[37.61852577,55.75924787],[37.61852547,55.75924783],[37.61852544,55.75924783],[37.61852513,55.75924783],[37.6185251,55.75924783],[37.61852479,55.75924786],[37.61852476,55.75924787],[37.61852447,55.75924793],[37.61852444,55.75924794],[37.61852418,55.75924803],[37.61852415,55.75924804],[37.61852393,55.75924816],[37.61852391,55.75924818],[37.61852373,55.75924832],[37.61852372,55.75924833],[37.61849798,55.75927419]]]},"properties":{"type":"room","subtype":"apartment","roomType":"CORRIDOR","area":9.349055933521187},"type":"Feature"},{"geometry":{"type":"Polygon","coordinates":[[[37.61868502,55.7592636],[37.61866557,55.75925745],[37.61864026,55.75928287],[37.61865972,55.75928902],[37.61868502,55.7592636]]]},"properties":{"type":"room","subtype":"apartment","roomType":"BALCONY","area":4.54225711974586},"type":"Feature"},{"geometry":{"type":"Polygon","coordinates":[[[37.61853955,55.75925097],[37.61854371,55.75925229],[37.61854583,55.75925017],[37.61854166,55.75924885],[37.61853955,55.75925097]]]},"properties":{"type":"room_object","subtype":"room","roomObjectType":"ELECTRICAL_BOX"},"type":"Feature"},{"geometry":{"type":"Polygon","coordinates":[[[37.61873748,55.75921089],[37.61871803,55.75920474],[37.61866968,55.75925331],[37.61868913,55.75925947],[37.61873748,55.75921089]]]},"properties":{"type":"balcony","area":8.679999484991376,"subtype":"service"},"type":"Feature"},{"geometry":{"type":"Polygon","coordinates":[[[37.61856583,55.75922457],[37.61866656,55.75925645],[37.61869386,55.75922902],[37.61869386,55.75922902],[37.61859312,55.75919714],[37.61856583,55.75922457],[37.61856583,55.75922457]]]},"properties":{"type":"ladder","area":25.375000001417053,"subtype":"service"},"type":"Feature"},{"geometry":{"type":"Polygon","coordinates":[[[37.61865981,55.75921825],[37.61869386,55.75922902],[37.61872115,55.7592016],[37.61862041,55.75916972],[37.61860014,55.7591901],[37.6186095,55.75918069],[37.61861644,55.75918289],[37.61863173,55.75918773],[37.61865396,55.75919476],[37.61867619,55.7592018],[37.61865981,55.75921825]]]},"properties":{"type":"corridor","area":15.294998550005442,"subtype":"service"},"type":"Feature"},{"geometry":{"type":"Polygon","coordinates":[[[37.61860007,55.75919934],[37.61861644,55.75918289],[37.6186095,55.75918069],[37.61859312,55.75919714],[37.61859312,55.75919714],[37.61860007,55.75919934]]]},"properties":{"type":"heating_meter","area":1.0499999507822744,"subtype":"service"},"type":"Feature"},{"geometry":{"type":"Polygon","coordinates":[[[37.61861535,55.75920418],[37.61863173,55.75918773],[37.61861644,55.75918289],[37.61860007,55.75919934],[37.61861535,55.75920418]]]},"properties":{"type":"elevator","area":2.310000000071529,"subtype":"service"},"type":"Feature"},{"geometry":{"type":"Polygon","coordinates":[[[37.61863758,55.75921122],[37.61865396,55.75919476],[37.61863173,55.75918773],[37.61861535,55.75920418],[37.61863758,55.75921122]]]},"properties":{"type":"elevator","area":3.3600000006246695,"subtype":"service"},"type":"Feature"},{"geometry":{"type":"Polygon","coordinates":[[[37.61865981,55.75921825],[37.61867619,55.7592018],[37.61865396,55.75919476],[37.61863758,55.75921122],[37.61865981,55.75921825]]]},"properties":{"type":"elevator","area":3.360000000688481,"subtype":"service"},"type":"Feature"},{"geometry":{"type":"Polygon","coordinates":[[[37.6186477,55.75914231],[37.61861991,55.75913351],[37.61851075,55.75924319],[37.61853854,55.75925198],[37.6186477,55.75914231]]]},"properties":{"type":"corridor","area":27.99599021193073,"subtype":"service"},"type":"Feature"},{"geometry":{"type":"Polygon","coordinates":[[[37.61867468,55.75918175],[37.61865202,55.75917457],[37.61864812,55.75917849],[37.61867079,55.75918566],[37.61867468,55.75918175]]]},"properties":{"type":"ventilation","area":0.8154410536997665,"subtype":"service"},"type":"Feature"},{"geometry":{"type":"Polygon","coordinates":[[[37.61858832,55.75912866],[37.61859222,55.75912474],[37.61856956,55.75911757],[37.61856566,55.75912148],[37.61858832,55.75912866]]]},"properties":{"type":"ventilation","area":0.8154411219477466,"subtype":"service"},"type":"Feature"},{"geometry":{"type":"Polygon","coordinates":[[[37.61853414,55.75921969],[37.61853804,55.75921577],[37.61853804,55.75921577],[37.61851285,55.7592078],[37.61850895,55.75921172],[37.61853414,55.75921969]]]},"properties":{"type":"ventilation","area":0.9063277494742887,"subtype":"service"},"type":"Feature"},{"geometry":{"type":"Polygon","coordinates":[[[37.61858963,55.75923725],[37.61861229,55.75924442],[37.61861619,55.75924051],[37.61859353,55.75923333],[37.61858963,55.75923725]]]},"properties":{"type":"ventilation","area":0.8156249993251838,"subtype":"service"},"type":"Feature"},{"geometry":{"type":"Polygon","coordinates":[[[37.61879758,55.75897337],[37.61881147,55.75897778],[37.61878418,55.75900519],[37.61881175,55.75901392],[37.61881564,55.75901],[37.61881566,55.75900999],[37.61881568,55.75900997],[37.61881571,55.75900996],[37.61881574,55.75900996],[37.61881577,55.75900995],[37.6188158,55.75900995],[37.61881583,55.75900996],[37.61881586,55.75900997],[37.61883853,55.75901714],[37.61883855,55.75901715],[37.61883858,55.75901716],[37.61883859,55.75901717],[37.6188386,55.75901719],[37.61883861,55.75901721],[37.61883861,55.75901723],[37.6188386,55.75901724],[37.61883859,55.75901726],[37.61883469,55.75902118],[37.61883469,55.75902118],[37.61888492,55.75903707],[37.61891221,55.75900965],[37.6189395,55.75898223],[37.61882487,55.75894595],[37.61879758,55.75897337]]]},"properties":{"type":"apartment","rooms":1,"totalArea":54.250502375339366,"livingArea":28.87499939167209,"apartmentType":999991},"type":"Feature"},{"geometry":{"type":"Polygon","coordinates":[[[37.61891143,55.75901043],[37.61891156,55.75901027],[37.61891162,55.7590101],[37.61891163,55.75900992],[37.61891158,55.75900975],[37.61891146,55.75900959],[37.61891129,55.75900944],[37.61891108,55.75900931],[37.61891082,55.75900921],[37.61886184,55.75899371],[37.61883455,55.75902113],[37.61888353,55.75903663],[37.61888381,55.7590367],[37.61888412,55.75903674],[37.61888443,55.75903674],[37.61888474,55.75903671],[37.61888503,55.75903665],[37.61888529,55.75903655],[37.61888552,55.75903643],[37.6188857,55.75903629],[37.61891143,55.75901043]]]},"properties":{"type":"room","subtype":"apartment","roomType":"KITCHEN","area":12.68310818739408},"type":"Feature"},{"geometry":{"type":"Polygon","coordinates":[[[37.61879782,55.75899149],[37.61884819,55.75900742],[37.61886184,55.75899371],[37.61881286,55.75897821],[37.61881258,55.75897814],[37.61881227,55.7589781],[37.61881196,55.7589781],[37.61881165,55.75897813],[37.61881136,55.75897819],[37.6188111,55.75897829],[37.61881087,55.75897841],[37.6188107,55.75897855],[37.61879782,55.75899149]]]},"properties":{"type":"room","subtype":"apartment","roomType":"HALL","area":6.343819076688027},"type":"Feature"},{"geometry":{"type":"Polygon","coordinates":[[[37.61882553,55.75900025],[37.61879782,55.75899149],[37.61878496,55.75900441],[37.61878484,55.75900457],[37.61878477,55.75900474],[37.61878476,55.75900492],[37.61878482,55.75900509],[37.61878493,55.75900525],[37.6187851,55.7590054],[37.61878531,55.75900553],[37.61878557,55.75900563],[37.61881189,55.75901396],[37.61882553,55.75900025]]]},"properties":{"type":"room","subtype":"apartment","roomType":"BATHROOM","area":3.485490478768337},"type":"Feature"},{"geometry":{"type":"Polygon","coordinates":[[[37.61883845,55.75901721],[37.61884819,55.75900742],[37.61882553,55.75900025],[37.61881578,55.75901004],[37.61883845,55.75901721]]]},"properties":{"type":"room","subtype":"apartment","roomType":"TOILET","area":2.0383571979495985},"type":"Feature"},{"geometry":{"type":"Polygon","coordinates":[[[37.61879758,55.75897337],[37.61879758,55.75897337],[37.61891221,55.75900965],[37.6189395,55.75898223],[37.6189395,55.75898223],[37.61882487,55.75894595],[37.61879758,55.75897337]]]},"properties":{"type":"room","subtype":"apartment","roomType":"BEDROOM","area":28.87499939167209},"type":"Feature"},{"geometry":{"type":"Polygon","coordinates":[[[37.61893067,55.75901681],[37.61891121,55.75901065],[37.61888591,55.75903607],[37.61890537,55.75904223],[37.61893067,55.75901681]]]},"properties":{"type":"room","subtype":"apartment","roomType":"BALCONY","area":4.542257066402629},"type":"Feature"},{"geometry":{"type":"Polygon","coordinates":[[[37.61881463,55.75898011],[37.61881046,55.75897879],[37.61880835,55.75898091],[37.61881252,55.75898223],[37.61881463,55.75898011]]]},"properties":{"type":"room_object","subtype":"room","roomObjectType":"ELECTRICAL_BOX"},"type":"Feature"},{"geometry":{"type":"Polygon","coordinates":[[[37.61865566,55.75896452],[37.61870588,55.75898041],[37.61870588,55.75898041],[37.61870978,55.75897649],[37.6187098,55.75897648],[37.61870982,55.75897647],[37.61870985,55.75897646],[37.61870988,55.75897645],[37.61870991,55.75897645],[37.61870994,55.75897645],[37.61870997,55.75897645],[37.61871,55.75897646],[37.61873266,55.75898363],[37.61873269,55.75898364],[37.61873271,55.75898366],[37.61873273,55.75898367],[37.61873274,55.75898369],[37.61873274,55.7589837],[37.61873274,55.75898372],[37.61873274,55.75898374],[37.61873273,55.75898376],[37.61872882,55.75898767],[37.61875639,55.7589964],[37.61878369,55.75896897],[37.61879758,55.75897337],[37.61882487,55.75894595],[37.61871024,55.75890967],[37.61868295,55.75893709],[37.61865566,55.75896452]]]},"properties":{"type":"apartment","rooms":1,"totalArea":54.249999265755676,"livingArea":28.87500061240613,"apartmentType":999991},"type":"Feature"},{"geometry":{"type":"Polygon","coordinates":[[[37.61865644,55.75896373],[37.61865631,55.75896389],[37.61865624,55.75896407],[37.61865624,55.75896424],[37.61865629,55.75896442],[37.6186564,55.75896458],[37.61865657,55.75896473],[37.61865679,55.75896486],[37.61865705,55.75896496],[37.61870602,55.75898046],[37.61873332,55.75895304],[37.61868434,55.75893753],[37.61868405,55.75893746],[37.61868375,55.75893743],[37.61868344,55.75893742],[37.61868313,55.75893745],[37.61868284,55.75893752],[37.61868257,55.75893761],[37.61868235,55.75893773],[37.61868217,55.75893788],[37.61865644,55.75896373]]]},"properties":{"type":"room","subtype":"apartment","roomType":"KITCHEN","area":12.683106325800683},"type":"Feature"},{"geometry":{"type":"Polygon","coordinates":[[[37.61877003,55.75898269],[37.61878291,55.75896976],[37.61878303,55.7589696],[37.6187831,55.75896942],[37.61878311,55.75896925],[37.61878305,55.75896908],[37.61878294,55.75896891],[37.61878277,55.75896876],[37.61878255,55.75896864],[37.6187823,55.75896853],[37.61873332,55.75895304],[37.61871967,55.75896675],[37.61877003,55.75898269]]]},"properties":{"type":"room","subtype":"apartment","roomType":"HALL","area":6.343818004634084},"type":"Feature"},{"geometry":{"type":"Polygon","coordinates":[[[37.61872869,55.75898763],[37.618755,55.75899596],[37.61875529,55.75899603],[37.61875559,55.75899607],[37.61875591,55.75899607],[37.61875621,55.75899604],[37.6187565,55.75899597],[37.61875677,55.75899588],[37.61875699,55.75899576],[37.61875717,55.75899561],[37.61877003,55.75898269],[37.61874233,55.75897392],[37.61872869,55.75898763]]]},"properties":{"type":"room","subtype":"apartment","roomType":"BATHROOM","area":3.485490728881811},"type":"Feature"},{"geometry":{"type":"Polygon","coordinates":[[[37.61874233,55.75897392],[37.61871967,55.75896675],[37.61870992,55.75897654],[37.61873259,55.75898371],[37.61874233,55.75897392]]]},"properties":{"type":"room","subtype":"apartment","roomType":"TOILET","area":2.0379889682196457},"type":"Feature"},{"geometry":{"type":"Polygon","coordinates":[[[37.61868295,55.75893709],[37.61879758,55.75897337],[37.61882487,55.75894595],[37.61882487,55.75894595],[37.61871024,55.75890967],[37.61868295,55.75893709]]]},"properties":{"type":"room","subtype":"apartment","roomType":"BEDROOM","area":28.87500061240613},"type":"Feature"},{"geometry":{"type":"Polygon","coordinates":[[[37.61866449,55.75892994],[37.61868395,55.75893609],[37.61870868,55.75891124],[37.61868923,55.75890508],[37.61866449,55.75892994]]]},"properties":{"type":"room","subtype":"apartment","roomType":"BALCONY","area":4.441128511388466},"type":"Feature"},{"geometry":{"type":"Polygon","coordinates":[[[37.61878267,55.75896999],[37.6187785,55.75896867],[37.61877639,55.7589708],[37.61878056,55.75897212],[37.61878267,55.75896999]]]},"properties":{"type":"room_object","subtype":"room","roomObjectType":"ELECTRICAL_BOX"},"type":"Feature"},{"geometry":{"type":"Polygon","coordinates":[[[37.61854648,55.7590742],[37.61862432,55.75909884],[37.61862822,55.75909492],[37.61862824,55.75909491],[37.61862826,55.7590949],[37.61862829,55.75909489],[37.61862832,55.75909488],[37.61862835,55.75909488],[37.61862838,55.75909488],[37.61862841,55.75909488],[37.61862844,55.75909489],[37.61866509,55.75910649],[37.6186884,55.75908306],[37.61867452,55.75907865],[37.6187018,55.75905124],[37.6187291,55.75902382],[37.61875163,55.75900118],[37.61875163,55.75900118],[37.61870127,55.75898524],[37.61870124,55.75898523],[37.61870122,55.75898521],[37.6187012,55.7589852],[37.61870119,55.75898518],[37.61870119,55.75898516],[37.61870119,55.75898515],[37.61870119,55.75898513],[37.61870121,55.75898511],[37.61870588,55.75898041],[37.61870588,55.75898041],[37.61865566,55.75896452],[37.61862836,55.75899194],[37.61860107,55.75901936],[37.61857377,55.75904678],[37.61854648,55.7590742]]]},"properties":{"type":"apartment","rooms":3,"totalArea":105.0005039066413,"livingArea":58.04339888691956,"apartmentType":999993},"type":"Feature"},{"geometry":{"type":"Polygon","coordinates":[[[37.61865705,55.75896496],[37.61865676,55.75896489],[37.61865645,55.75896485],[37.61865614,55.75896484],[37.61865583,55.75896487],[37.61865554,55.75896494],[37.61865528,55.75896503],[37.61865505,55.75896516],[37.61865488,55.7589653],[37.61862914,55.75899115],[37.61862902,55.75899132],[37.61862895,55.75899149],[37.61862894,55.75899166],[37.618629,55.75899184],[37.61862911,55.758992],[37.61862928,55.75899215],[37.6186295,55.75899228],[37.61862975,55.75899238],[37.61867873,55.75900788],[37.61870602,55.75898046],[37.61865705,55.75896496]]]},"properties":{"type":"room","subtype":"apartment","roomType":"KITCHEN","area":12.683108270013225},"type":"Feature"},{"geometry":{"type":"Polygon","coordinates":[[[37.61869238,55.75899417],[37.61867873,55.75900788],[37.61872771,55.75902338],[37.61872799,55.75902345],[37.6187283,55.75902349],[37.61872861,55.75902349],[37.61872892,55.75902346],[37.61872921,55.7590234],[37.61872947,55.7590233],[37.6187297,55.75902318],[37.61872988,55.75902304],[37.61874274,55.75901011],[37.61869238,55.75899417]]]},"properties":{"type":"room","subtype":"apartment","roomType":"HALL","area":6.341554160402949},"type":"Feature"},{"geometry":{"type":"Polygon","coordinates":[[[37.61869238,55.75899417],[37.61874274,55.75901011],[37.61875171,55.7590011],[37.61870134,55.75898516],[37.61869238,55.75899417]]]},"properties":{"type":"room","subtype":"apartment","roomType":"JOINT_BATHROOM","area":4.1687497506267555},"type":"Feature"},{"geometry":{"type":"Polygon","coordinates":[[[37.61870461,55.75901607],[37.61862975,55.75899238],[37.61862947,55.75899231],[37.61862916,55.75899227],[37.61862885,55.75899227],[37.61862854,55.7589923],[37.61862825,55.75899236],[37.61862799,55.75899246],[37.61862776,55.75899258],[37.61862758,55.75899272],[37.61860185,55.75901858],[37.61860172,55.75901874],[37.61860165,55.75901891],[37.61860165,55.75901909],[37.6186017,55.75901926],[37.61860182,55.75901942],[37.61860198,55.75901957],[37.6186022,55.7590197],[37.61860246,55.7590198],[37.61867731,55.75904349],[37.61870461,55.75901607]]]},"properties":{"type":"room","subtype":"apartment","roomType":"LIVING_ROOM","area":19.20185727838759},"type":"Feature"},{"geometry":{"type":"Polygon","coordinates":[[[37.61860246,55.7590198],[37.61860217,55.75901973],[37.61860187,55.75901969],[37.61860155,55.75901969],[37.61860125,55.75901972],[37.61860095,55.75901978],[37.61860069,55.75901988],[37.61860047,55.75902],[37.61860029,55.75902014],[37.61857455,55.759046],[37.61857443,55.75904616],[37.61857436,55.75904633],[37.61857435,55.75904651],[37.61857441,55.75904668],[37.61857452,55.75904685],[37.61857469,55.75904699],[37.61857491,55.75904712],[37.61857516,55.75904722],[37.61865002,55.75907091],[37.61867731,55.75904349],[37.61860246,55.7590198]]]},"properties":{"type":"room","subtype":"apartment","roomType":"BEDROOM","area":19.202183852327806},"type":"Feature"},{"geometry":{"type":"Polygon","coordinates":[[[37.61865176,55.75907146],[37.61857516,55.75904722],[37.61857488,55.75904715],[37.61857457,55.75904711],[37.61857426,55.75904711],[37.61857395,55.75904714],[37.61857366,55.7590472],[37.6185734,55.7590473],[37.61857317,55.75904742],[37.61857299,55.75904757],[37.61854726,55.75907342],[37.61854713,55.75907358],[37.61854707,55.75907375],[37.61854706,55.75907393],[37.61854711,55.7590741],[37.61854723,55.75907427],[37.6185474,55.75907442],[37.61854761,55.75907454],[37.61854787,55.75907464],[37.61862446,55.75909888],[37.61865176,55.75907146]]]},"properties":{"type":"room","subtype":"apartment","roomType":"BEDROOM","area":19.639357756204166},"type":"Feature"},{"geometry":{"type":"Polygon","coordinates":[[[37.61862836,55.75909497],[37.61866501,55.75910656],[37.61867476,55.75909677],[37.61863811,55.75908517],[37.61862836,55.75909497]]]},"properties":{"type":"room","subtype":"apartment","roomType":"JOINT_BATHROOM","area":3.2968751682196484},"type":"Feature"},{"geometry":{"type":"Polygon","coordinates":[[[37.61865154,55.7590715],[37.61863797,55.75908513],[37.61863796,55.75908514],[37.61863795,55.75908516],[37.61863795,55.75908518],[37.61863796,55.7590852],[37.61863797,55.75908521],[37.61863798,55.75908523],[37.61863801,55.75908524],[37.61863803,55.75908525],[37.61867468,55.75909685],[37.61867471,55.75909686],[37.61867474,55.75909686],[37.61867477,55.75909686],[37.6186748,55.75909686],[37.61867483,55.75909685],[37.61867485,55.75909684],[37.61867488,55.75909683],[37.6186749,55.75909681],[37.61868776,55.75908389],[37.61868777,55.75908388],[37.61868789,55.75908372],[37.6186879,55.7590837],[37.61868797,55.75908353],[37.61868798,55.75908351],[37.61868798,55.75908334],[37.61868798,55.75908332],[37.61868792,55.75908314],[37.61868792,55.75908313],[37.6186878,55.75908296],[37.61868779,55.75908295],[37.61868762,55.7590828],[37.6186876,55.75908279],[37.61868739,55.75908266],[37.61868736,55.75908265],[37.61868711,55.75908255],[37.61868709,55.75908254],[37.61867407,55.75907842],[37.61867436,55.75907839],[37.61867439,55.75907839],[37.61867468,55.75907832],[37.61867471,55.75907832],[37.61867497,55.75907822],[37.61867499,55.75907821],[37.61867522,55.75907809],[37.61867524,55.75907807],[37.61867542,55.75907793],[37.61867543,55.75907792],[37.61870116,55.75905207],[37.61870117,55.75905206],[37.61870129,55.7590519],[37.6187013,55.75905188],[37.61870137,55.75905171],[37.61870138,55.75905169],[37.61870138,55.75905152],[37.61870138,55.7590515],[37.61870132,55.75905133],[37.61870132,55.75905131],[37.6187012,55.75905114],[37.61870119,55.75905113],[37.61870104,55.759051],[37.61870131,55.759051],[37.61870134,55.759051],[37.61870165,55.75905097],[37.61870168,55.75905097],[37.61870197,55.7590509],[37.618702,55.75905089],[37.61870226,55.7590508],[37.61870229,55.75905079],[37.61870251,55.75905067],[37.61870253,55.75905065],[37.61870271,55.75905051],[37.61870272,55.7590505],[37.61872846,55.75902465],[37.61872846,55.75902464],[37.61872859,55.75902448],[37.6187286,55.75902446],[37.61872867,55.75902429],[37.61872867,55.75902427],[37.61872868,55.75902409],[37.61872867,55.75902408],[37.61872862,55.7590239],[37.61872861,55.75902389],[37.6187285,55.75902372],[37.61872848,55.75902371],[37.61872831,55.75902356],[37.6187283,55.75902354],[37.61872808,55.75902342],[37.61872806,55.75902341],[37.6187278,55.75902331],[37.61872779,55.7590233],[37.61870469,55.75901599],[37.61870466,55.75901598],[37.61870463,55.75901598],[37.6187046,55.75901598],[37.61870457,55.75901598],[37.61870454,55.75901599],[37.61870451,55.759016],[37.61870449,55.75901601],[37.61870447,55.75901602],[37.61867719,55.75904343],[37.61867717,55.75904345],[37.61864989,55.75907087],[37.61864987,55.75907089],[37.61864987,55.7590709],[37.61864987,55.75907092],[37.61864987,55.75907094],[37.61864988,55.75907095],[37.6186499,55.75907097],[37.61864992,55.75907098],[37.61864995,55.75907099],[37.61865154,55.7590715]]]},"properties":{"type":"room","subtype":"apartment","roomType":"CORRIDOR","area":17.17307674592562},"type":"Feature"},{"geometry":{"type":"Polygon","coordinates":[[[37.61852802,55.75906705],[37.61854747,55.7590732],[37.61857278,55.75904778],[37.61855332,55.75904163],[37.61852802,55.75906705]]]},"properties":{"type":"room","subtype":"apartment","roomType":"BALCONY","area":4.542256809262809},"type":"Feature"},{"geometry":{"type":"Polygon","coordinates":[[[37.61872594,55.75902148],[37.61873011,55.7590228],[37.61873222,55.75902068],[37.61872805,55.75901937],[37.61872594,55.75902148]]]},"properties":{"type":"room_object","subtype":"room","roomObjectType":"ELECTRICAL_BOX"},"type":"Feature"},{"geometry":{"type":"Polygon","coordinates":[[[37.61866111,55.75911048],[37.61877574,55.75914676],[37.61880303,55.75911934],[37.61883033,55.75909192],[37.6187801,55.75907602],[37.6187762,55.75907994],[37.61877618,55.75907995],[37.61877616,55.75907996],[37.61877613,55.75907997],[37.6187761,55.75907998],[37.61877607,55.75907998],[37.61877604,55.75907998],[37.61877601,55.75907998],[37.61877598,55.75907997],[37.61875332,55.7590728],[37.61875329,55.75907279],[37.61875327,55.75907278],[37.61875325,55.75907276],[37.61875324,55.75907274],[37.61875324,55.75907273],[37.61875324,55.75907271],[37.61875324,55.75907269],[37.61875326,55.75907268],[37.61875716,55.75906876],[37.61875716,55.75906876],[37.61872959,55.75906003],[37.6187023,55.75908746],[37.6186884,55.75908306],[37.6186884,55.75908306],[37.61866111,55.75911048]]]},"properties":{"type":"apartment","rooms":1,"totalArea":54.25000074976788,"livingArea":28.874999413968663,"apartmentType":999991},"type":"Feature"},{"geometry":{"type":"Polygon","coordinates":[[[37.61875267,55.7591034],[37.61880164,55.7591189],[37.61880193,55.75911897],[37.61880224,55.75911901],[37.61880255,55.75911901],[37.61880286,55.75911898],[37.61880315,55.75911891],[37.61880341,55.75911882],[37.61880364,55.7591187],[37.61880381,55.75911855],[37.61882955,55.7590927],[37.61882967,55.75909254],[37.61882974,55.75909237],[37.61882975,55.75909219],[37.61882969,55.75909202],[37.61882958,55.75909185],[37.61882941,55.7590917],[37.61882919,55.75909158],[37.61882894,55.75909148],[37.61877996,55.75907598],[37.61875267,55.7591034]]]},"properties":{"type":"room","subtype":"apartment","roomType":"KITCHEN","area":12.683108154725359},"type":"Feature"},{"geometry":{"type":"Polygon","coordinates":[[[37.61871595,55.75907375],[37.61870308,55.75908667],[37.61870295,55.75908683],[37.61870289,55.75908701],[37.61870288,55.75908718],[37.61870293,55.75908736],[37.61870305,55.75908752],[37.61870322,55.75908767],[37.61870343,55.7590878],[37.61870369,55.7590879],[37.61875267,55.7591034],[37.61876631,55.75908969],[37.61871595,55.75907375]]]},"properties":{"type":"room","subtype":"apartment","roomType":"HALL","area":6.34155352421083},"type":"Feature"},{"geometry":{"type":"Polygon","coordinates":[[[37.61874365,55.75908251],[37.61875729,55.7590688],[37.61873098,55.75906047],[37.6187307,55.7590604],[37.61873039,55.75906037],[37.61873008,55.75906036],[37.61872977,55.75906039],[37.61872948,55.75906046],[37.61872922,55.75906055],[37.61872899,55.75906067],[37.61872881,55.75906082],[37.61871595,55.75907375],[37.61874365,55.75908251]]]},"properties":{"type":"room","subtype":"apartment","roomType":"BATHROOM","area":3.4868663676187035},"type":"Feature"},{"geometry":{"type":"Polygon","coordinates":[[[37.61874365,55.75908251],[37.61876631,55.75908969],[37.61877606,55.75907989],[37.6187534,55.75907272],[37.61874365,55.75908251]]]},"properties":{"type":"room","subtype":"apartment","roomType":"TOILET","area":2.0390627392163783},"type":"Feature"},{"geometry":{"type":"Polygon","coordinates":[[[37.61866111,55.75911048],[37.61877574,55.75914676],[37.61880303,55.75911934],[37.6186884,55.75908306],[37.6186884,55.75908306],[37.61866111,55.75911048],[37.61866111,55.75911048]]]},"properties":{"type":"room","subtype":"apartment","roomType":"BEDROOM","area":28.874999413968663},"type":"Feature"},{"geometry":{"type":"Polygon","coordinates":[[[37.61884878,55.75909907],[37.61882933,55.75909292],[37.61880403,55.75911834],[37.61882348,55.75912449],[37.61884878,55.75909907]]]},"properties":{"type":"room","subtype":"apartment","roomType":"BALCONY","area":4.542257066479549},"type":"Feature"},{"geometry":{"type":"Polygon","coordinates":[[[37.61870331,55.75908644],[37.61870748,55.75908776],[37.61870959,55.75908563],[37.61870543,55.75908432],[37.61870331,55.75908644]]]},"properties":{"type":"room_object","subtype":"room","roomObjectType":"ELECTRICAL_BOX"},"type":"Feature"},{"geometry":{"type":"Polygon","coordinates":[[[37.61890125,55.75904636],[37.6188818,55.75904021],[37.61883345,55.75908878],[37.6188529,55.75909494],[37.61890125,55.75904636]]]},"properties":{"type":"balcony","area":8.679999484952914,"subtype":"service"},"type":"Feature"},{"geometry":{"type":"Polygon","coordinates":[[[37.61885762,55.75906449],[37.61875689,55.75903261],[37.61872959,55.75906003],[37.61872959,55.75906003],[37.61883033,55.75909192],[37.61885762,55.75906449],[37.61885762,55.75906449]]]},"properties":{"type":"ladder","area":25.37500000166691,"subtype":"service"},"type":"Feature"},{"geometry":{"type":"Polygon","coordinates":[[[37.61882358,55.75905372],[37.61885762,55.75906449],[37.61888492,55.75903707],[37.61878418,55.75900519],[37.6187631,55.75902637],[37.61877326,55.75901616],[37.61878021,55.75901836],[37.61879549,55.7590232],[37.61881773,55.75903023],[37.61883996,55.75903727],[37.61882358,55.75905372]]]},"properties":{"type":"corridor","area":15.294998550709996,"subtype":"service"},"type":"Feature"},{"geometry":{"type":"Polygon","coordinates":[[[37.61876383,55.75903481],[37.61878021,55.75901836],[37.61877326,55.75901616],[37.61875689,55.75903261],[37.61875689,55.75903261],[37.61876383,55.75903481]]]},"properties":{"type":"heating_meter","area":1.0499999507822744,"subtype":"service"},"type":"Feature"},{"geometry":{"type":"Polygon","coordinates":[[[37.61877912,55.75903965],[37.61879549,55.7590232],[37.61878021,55.75901836],[37.61876383,55.75903481],[37.61877912,55.75903965]]]},"properties":{"type":"elevator","area":2.310000000071529,"subtype":"service"},"type":"Feature"},{"geometry":{"type":"Polygon","coordinates":[[[37.61880135,55.75904668],[37.61881773,55.75903023],[37.61879549,55.7590232],[37.61877912,55.75903965],[37.61880135,55.75904668]]]},"properties":{"type":"elevator","area":3.3600000007324358,"subtype":"service"},"type":"Feature"},{"geometry":{"type":"Polygon","coordinates":[[[37.61882358,55.75905372],[37.61883996,55.75903727],[37.61881773,55.75903023],[37.61880135,55.75904668],[37.61882358,55.75905372]]]},"properties":{"type":"elevator","area":3.3600000005807154,"subtype":"service"},"type":"Feature"},{"geometry":{"type":"Polygon","coordinates":[[[37.61881147,55.75897778],[37.61878368,55.75896898],[37.61867452,55.75907865],[37.61870231,55.75908745],[37.61881147,55.75897778]]]},"properties":{"type":"corridor","area":27.99598077389527,"subtype":"service"},"type":"Feature"},{"geometry":{"type":"Polygon","coordinates":[[[37.61881189,55.75901396],[37.61883455,55.75902113],[37.61883845,55.75901721],[37.61881578,55.75901004],[37.61881189,55.75901396]]]},"properties":{"type":"ventilation","area":0.8154408456789857,"subtype":"service"},"type":"Feature"},{"geometry":{"type":"Polygon","coordinates":[[[37.61873259,55.75898371],[37.61870992,55.75897654],[37.61870602,55.75898046],[37.61872869,55.75898763],[37.61873259,55.75898371]]]},"properties":{"type":"ventilation","area":0.8158090796913042,"subtype":"service"},"type":"Feature"},{"geometry":{"type":"Polygon","coordinates":[[[37.61870134,55.75898516],[37.61875171,55.7590011],[37.61875561,55.75899718],[37.61875574,55.75899702],[37.6187558,55.75899685],[37.61875581,55.75899667],[37.61875576,55.7589965],[37.61875564,55.75899633],[37.61875547,55.75899618],[37.61875526,55.75899606],[37.618755,55.75899596],[37.61870602,55.75898046],[37.61870134,55.75898516]]]},"properties":{"type":"ventilation","area":2.172803770490902,"subtype":"service"},"type":"Feature"},{"geometry":{"type":"Polygon","coordinates":[[[37.61866501,55.75910656],[37.61862836,55.75909497],[37.61862446,55.75909888],[37.61865972,55.75911004],[37.61866001,55.75911011],[37.61866031,55.75911015],[37.61866062,55.75911015],[37.61866093,55.75911012],[37.61866122,55.75911006],[37.61866148,55.75910996],[37.61866171,55.75910984],[37.61866189,55.7591097],[37.61866501,55.75910656]]]},"properties":{"type":"ventilation","area":1.3165536133981255,"subtype":"service"},"type":"Feature"},{"geometry":{"type":"Polygon","coordinates":[[[37.61877606,55.75907989],[37.61877996,55.75907598],[37.61875729,55.7590688],[37.6187534,55.75907272],[37.61877606,55.75907989]]]},"properties":{"type":"ventilation","area":0.8156249989323413,"subtype":"service"},"type":"Feature"},{"geometry":{"type":"Polygon","coordinates":[[[37.61851147,55.76019483],[37.61853962,55.76020292],[37.61854324,55.76019892],[37.61854326,55.76019891],[37.61854328,55.7601989],[37.61854331,55.76019889],[37.61854334,55.76019888],[37.61854337,55.76019887],[37.6185434,55.76019887],[37.61854343,55.76019888],[37.61854346,55.76019888],[37.61856661,55.76020554],[37.61856664,55.76020555],[37.61856666,55.76020557],[37.61856668,55.76020558],[37.61856669,55.7602056],[37.6185667,55.76020561],[37.6185667,55.76020563],[37.61856669,55.76020565],[37.61856668,55.76020566],[37.61856306,55.76020967],[37.61856306,55.76020967],[37.61861437,55.76022443],[37.61863881,55.76019741],[37.61866325,55.7601704],[37.61856034,55.7601408],[37.6185359,55.76016781],[37.61851147,55.76019483]]]},"properties":{"type":"apartment","rooms":1,"totalArea":48.93750000682563,"livingArea":24.468750002973337,"apartmentType":999991},"type":"Feature"},{"geometry":{"type":"Polygon","coordinates":[[[37.61858736,55.76018261],[37.61856292,55.76020963],[37.61861295,55.76022402],[37.61861324,55.76022408],[37.61861355,55.76022411],[37.61861386,55.76022411],[37.61861417,55.76022407],[37.61861445,55.760224],[37.61861471,55.7602239],[37.61861493,55.76022377],[37.6186151,55.76022363],[37.61863808,55.76019821],[37.6186382,55.76019805],[37.61863825,55.76019788],[37.61863825,55.7601977],[37.61863818,55.76019753],[37.61863806,55.76019737],[37.61863788,55.76019722],[37.61863765,55.7601971],[37.61863739,55.76019701],[37.61858736,55.76018261]]]},"properties":{"type":"room","subtype":"apartment","roomType":"KITCHEN","area":12.22998222634051},"type":"Feature"},{"geometry":{"type":"Polygon","coordinates":[[[37.61858736,55.76018261],[37.61853732,55.76016822],[37.61853703,55.76016816],[37.61853673,55.76016813],[37.61853641,55.76016813],[37.61853611,55.76016817],[37.61853582,55.76016824],[37.61853557,55.76016834],[37.61853535,55.76016847],[37.61853518,55.76016861],[37.61852369,55.76018132],[37.61857514,55.76019612],[37.61858736,55.76018261]]]},"properties":{"type":"room","subtype":"apartment","roomType":"HALL","area":6.1149910965303125},"type":"Feature"},{"geometry":{"type":"Polygon","coordinates":[[[37.61853977,55.76020297],[37.61855198,55.76018946],[37.61852369,55.76018132],[37.61851219,55.76019403],[37.61851208,55.76019419],[37.61851202,55.76019436],[37.61851203,55.76019454],[37.61851209,55.76019471],[37.61851222,55.76019487],[37.6185124,55.76019502],[37.61851262,55.76019514],[37.61851289,55.76019523],[37.61853977,55.76020297]]]},"properties":{"type":"room","subtype":"apartment","roomType":"BATHROOM","area":3.362256757052581},"type":"Feature"},{"geometry":{"type":"Polygon","coordinates":[[[37.61856654,55.76020562],[37.61857514,55.76019612],[37.61855198,55.76018946],[37.61854339,55.76019896],[37.61856654,55.76020562]]]},"properties":{"type":"room","subtype":"apartment","roomType":"TOILET","area":1.9371093746399204},"type":"Feature"},{"geometry":{"type":"Polygon","coordinates":[[[37.61856033,55.76014081],[37.61856033,55.76014081],[37.6185359,55.76016781],[37.6185359,55.76016781],[37.61863881,55.76019741],[37.61866325,55.7601704],[37.61866325,55.7601704],[37.61856034,55.7601408],[37.61856033,55.76014081]]]},"properties":{"type":"room","subtype":"apartment","roomType":"BEDROOM","area":24.468750002973337},"type":"Feature"},{"geometry":{"type":"Polygon","coordinates":[[[37.61865775,55.76020415],[37.61863788,55.76019844],[37.6186153,55.7602234],[37.61863517,55.76022912],[37.61865775,55.76020415]]]},"properties":{"type":"room","subtype":"apartment","roomType":"BALCONY","area":4.3672566137157816},"type":"Feature"},{"geometry":{"type":"Polygon","coordinates":[[[37.61853922,55.76017008],[37.61853496,55.76016885],[37.61853301,55.76017102],[37.61853727,55.76017224],[37.61853922,55.76017008]]]},"properties":{"type":"room_object","subtype":"room","roomObjectType":"ELECTRICAL_BOX"},"type":"Feature"},{"geometry":{"type":"Polygon","coordinates":[[[37.61854615,55.76013672],[37.61866325,55.7601704],[37.61868768,55.76014339],[37.61853853,55.76010049],[37.61853853,55.76010049],[37.61853491,55.76010449],[37.61853489,55.7601045],[37.61853487,55.76010452],[37.61853484,55.76010453],[37.61853481,55.76010453],[37.61853478,55.76010454],[37.61853475,55.76010454],[37.61853472,55.76010454],[37.61853469,55.76010453],[37.61850834,55.76009695],[37.61850832,55.76009694],[37.61850829,55.76009693],[37.61850828,55.76009691],[37.61850826,55.7600969],[37.61850826,55.76009688],[37.61850826,55.76009686],[37.61850826,55.76009685],[37.61850827,55.76009683],[37.61851189,55.76009283],[37.61851189,55.76009283],[37.61845349,55.76007603],[37.61845349,55.76007603],[37.61842905,55.76010304],[37.61854615,55.76013672]]]},"properties":{"type":"apartment","rooms":1,"totalArea":55.687499992398415,"livingArea":27.84374955116725,"apartmentType":999991},"type":"Feature"},{"geometry":{"type":"Polygon","coordinates":[[[37.61851204,55.76009287],[37.61845491,55.76007644],[37.61845462,55.76007637],[37.61845431,55.76007634],[37.618454,55.76007634],[37.61845369,55.76007638],[37.6184534,55.76007645],[37.61845315,55.76007655],[37.61845293,55.76007668],[37.61845276,55.76007683],[37.61842977,55.76010224],[37.61842966,55.7601024],[37.61842961,55.76010258],[37.61842961,55.76010275],[37.61842968,55.76010292],[37.6184298,55.76010308],[37.61842998,55.76010323],[37.61843021,55.76010335],[37.61843047,55.76010345],[37.6184876,55.76011988],[37.61851204,55.76009287]]]},"properties":{"type":"room","subtype":"apartment","roomType":"KITCHEN","area":13.91748255719169},"type":"Feature"},{"geometry":{"type":"Polygon","coordinates":[[[37.61849982,55.76010637],[37.6184876,55.76011988],[37.61854473,55.76013631],[37.61854502,55.76013638],[37.61854533,55.76013641],[37.61854564,55.7601364],[37.61854594,55.76013637],[37.61854623,55.7601363],[37.61854649,55.7601362],[37.6185467,55.76013607],[37.61854687,55.76013592],[37.61855837,55.76012322],[37.61849982,55.76010637]]]},"properties":{"type":"room","subtype":"apartment","roomType":"HALL","area":6.958741285291785},"type":"Feature"},{"geometry":{"type":"Polygon","coordinates":[[[37.61855837,55.76012322],[37.61856986,55.76011051],[37.61856998,55.76011035],[37.61857003,55.76011017],[37.61857002,55.76011],[37.61856996,55.76010982],[37.61856983,55.76010966],[37.61856965,55.76010952],[37.61856943,55.7601094],[37.61856917,55.7601093],[37.61853838,55.76010045],[37.61852616,55.76011395],[37.61855837,55.76012322]]]},"properties":{"type":"room","subtype":"apartment","roomType":"BATHROOM","area":3.826319182817538},"type":"Feature"},{"geometry":{"type":"Polygon","coordinates":[[[37.61853476,55.76010445],[37.61850842,55.76009687],[37.61849982,55.76010637],[37.61852616,55.76011395],[37.61853476,55.76010445]]]},"properties":{"type":"room","subtype":"apartment","roomType":"TOILET","area":2.2042968422782097},"type":"Feature"},{"geometry":{"type":"Polygon","coordinates":[[[37.61854615,55.76013672],[37.61857059,55.76010971],[37.61857059,55.76010971],[37.61868768,55.76014339],[37.61868768,55.76014339],[37.61866325,55.7601704],[37.61854615,55.76013672],[37.61854615,55.76013672]]]},"properties":{"type":"room","subtype":"apartment","roomType":"BEDROOM","area":27.84374955116725},"type":"Feature"},{"geometry":{"type":"Polygon","coordinates":[[[37.6184101,55.7600963],[37.61842998,55.76010202],[37.61845204,55.76007763],[37.61843217,55.76007191],[37.6184101,55.7600963]]]},"properties":{"type":"room","subtype":"apartment","roomType":"BALCONY","area":4.266128453589043},"type":"Feature"},{"geometry":{"type":"Polygon","coordinates":[[[37.61838018,55.76015706],[37.61848308,55.76018666],[37.61850752,55.76015965],[37.61853195,55.76013264],[37.6185038,55.76012454],[37.6185038,55.76012454],[37.61850018,55.76012854],[37.61850016,55.76012856],[37.61850014,55.76012857],[37.61850012,55.76012858],[37.61850009,55.76012859],[37.61850006,55.76012859],[37.61850003,55.76012859],[37.61849999,55.76012859],[37.61849997,55.76012858],[37.61847681,55.76012192],[37.61847679,55.76012191],[37.61847676,55.7601219],[37.61847675,55.76012188],[37.61847673,55.76012187],[37.61847673,55.76012185],[37.61847673,55.76012183],[37.61847673,55.76012181],[37.61847674,55.7601218],[37.61848036,55.7601178],[37.61842905,55.76010304],[37.61840461,55.76013005],[37.61838018,55.76015706]]]},"properties":{"type":"apartment","rooms":1,"totalArea":48.93750000611492,"livingArea":24.46875000288072,"apartmentType":999991},"type":"Feature"},{"geometry":{"type":"Polygon","coordinates":[[[37.61845606,55.76014485],[37.61848051,55.76011784],[37.61843047,55.76010345],[37.61843018,55.76010338],[37.61842987,55.76010335],[37.61842956,55.76010335],[37.61842925,55.76010339],[37.61842897,55.76010346],[37.61842871,55.76010356],[37.61842849,55.76010369],[37.61842833,55.76010384],[37.61840534,55.76012925],[37.61840522,55.76012941],[37.61840517,55.76012959],[37.61840517,55.76012976],[37.61840524,55.76012993],[37.61840537,55.7601301],[37.61840554,55.76013024],[37.61840577,55.76013036],[37.61840603,55.76013046],[37.61845606,55.76014485]]]},"properties":{"type":"room","subtype":"apartment","roomType":"KITCHEN","area":12.229982257532127},"type":"Feature"},{"geometry":{"type":"Polygon","coordinates":[[[37.61845606,55.76014485],[37.6185061,55.76015924],[37.61850639,55.76015931],[37.6185067,55.76015934],[37.61850701,55.76015933],[37.61850731,55.7601593],[37.6185076,55.76015922],[37.61850786,55.76015912],[37.61850807,55.760159],[37.61850824,55.76015885],[37.61851973,55.76014615],[37.61846828,55.76013135],[37.61845606,55.76014485]]]},"properties":{"type":"room","subtype":"apartment","roomType":"HALL","area":6.1127162200179},"type":"Feature"},{"geometry":{"type":"Polygon","coordinates":[[[37.61849143,55.76013801],[37.61851973,55.76014615],[37.61853123,55.76013344],[37.61853134,55.76013327],[37.6185314,55.7601331],[37.61853139,55.76013293],[37.61853133,55.76013275],[37.6185312,55.76013259],[37.61853102,55.76013245],[37.6185308,55.76013232],[37.61853053,55.76013223],[37.61850366,55.7601245],[37.61849143,55.76013801]]]},"properties":{"type":"room","subtype":"apartment","roomType":"BATHROOM","area":3.3636438945302385},"type":"Feature"},{"geometry":{"type":"Polygon","coordinates":[[[37.61849143,55.76013801],[37.61850004,55.7601285],[37.61847689,55.76012184],[37.61846828,55.76013135],[37.61849143,55.76013801]]]},"properties":{"type":"room","subtype":"apartment","roomType":"TOILET","area":1.938180781539847},"type":"Feature"},{"geometry":{"type":"Polygon","coordinates":[[[37.61838018,55.76015706],[37.61848308,55.76018666],[37.61850752,55.76015965],[37.61840461,55.76013005],[37.61838018,55.76015706]]]},"properties":{"type":"room","subtype":"apartment","roomType":"BEDROOM","area":24.46875000288072},"type":"Feature"},{"geometry":{"type":"Polygon","coordinates":[[[37.61838567,55.76012331],[37.61840554,55.76012903],[37.61842813,55.76010406],[37.61840825,55.76009834],[37.61838567,55.76012331]]]},"properties":{"type":"room","subtype":"apartment","roomType":"BALCONY","area":4.3672566137157816},"type":"Feature"},{"geometry":{"type":"Polygon","coordinates":[[[37.61836123,55.76015032],[37.6183811,55.76015604],[37.61840369,55.76013107],[37.61838382,55.76012536],[37.61836123,55.76015032]]]},"properties":{"type":"room","subtype":"apartment","roomType":"BALCONY","area":4.3672566137157816},"type":"Feature"},{"geometry":{"type":"Polygon","coordinates":[[[37.6185042,55.76015738],[37.61850846,55.76015861],[37.61851041,55.76015645],[37.61850616,55.76015522],[37.6185042,55.76015738]]]},"properties":{"type":"room_object","subtype":"room","roomObjectType":"ELECTRICAL_BOX"},"type":"Feature"},{"geometry":{"type":"Polygon","coordinates":[[[37.61835574,55.76018407],[37.61845864,55.76021367],[37.61847939,55.76019074],[37.61845366,55.76018334],[37.61845363,55.76018333],[37.61845361,55.76018332],[37.61845359,55.76018331],[37.61845358,55.76018329],[37.61845357,55.76018327],[37.61845357,55.76018325],[37.61845358,55.76018324],[37.61845359,55.76018322],[37.61845721,55.76017922],[37.61845721,55.76017922],[37.61838018,55.76015706],[37.61835574,55.76018407]]]},"properties":{"type":"apartment","rooms":0,"totalArea":24.468749995332185,"livingArea":18.35156251379951,"apartmentType":999990},"type":"Feature"},{"geometry":{"type":"Polygon","coordinates":[[[37.61845735,55.76017926],[37.61838018,55.76015706],[37.61835574,55.76018407],[37.61843292,55.76020627],[37.61845735,55.76017926]]]},"properties":{"type":"room","subtype":"apartment","roomType":"STUDIO","area":18.35156251379951},"type":"Feature"},{"geometry":{"type":"Polygon","coordinates":[[[37.61844513,55.76019277],[37.61847086,55.76020017],[37.61847946,55.76019066],[37.61845373,55.76018326],[37.61844513,55.76019277]]]},"properties":{"type":"room","subtype":"apartment","roomType":"JOINT_BATHROOM","area":2.152343776607554},"type":"Feature"},{"geometry":{"type":"Polygon","coordinates":[[[37.61847086,55.76020017],[37.61844513,55.76019277],[37.61843292,55.76020627],[37.61845864,55.76021367],[37.61847086,55.76020017]]]},"properties":{"type":"room","subtype":"apartment","roomType":"HALL","area":3.0585937214399856},"type":"Feature"},{"geometry":{"type":"Polygon","coordinates":[[[37.61833679,55.76017733],[37.61835666,55.76018305],[37.61837925,55.76015808],[37.61835938,55.76015237],[37.61833679,55.76017733]]]},"properties":{"type":"room","subtype":"apartment","roomType":"BALCONY","area":4.367256612357601},"type":"Feature"},{"geometry":{"type":"Polygon","coordinates":[[[37.61845511,55.76021165],[37.61845937,55.76021287],[37.61846154,55.76021047],[37.61845728,55.76020924],[37.61845511,55.76021165]]]},"properties":{"type":"room_object","subtype":"room","roomObjectType":"ELECTRICAL_BOX"},"type":"Feature"},{"geometry":{"type":"Polygon","coordinates":[[[37.6183313,55.76021108],[37.6183313,55.76021108],[37.6184342,55.76024068],[37.61845495,55.76021775],[37.61842922,55.76021035],[37.6184292,55.76021034],[37.61842917,55.76021033],[37.61842916,55.76021032],[37.61842914,55.7602103],[37.61842914,55.76021028],[37.61842914,55.76021027],[37.61842914,55.76021025],[37.61842915,55.76021023],[37.61843277,55.76020623],[37.61843277,55.76020623],[37.61835574,55.76018407],[37.6183313,55.76021108]]]},"properties":{"type":"apartment","rooms":0,"totalArea":24.468749995597296,"livingArea":18.3515625157549,"apartmentType":999990},"type":"Feature"},{"geometry":{"type":"Polygon","coordinates":[[[37.61840848,55.76023328],[37.61843292,55.76020627],[37.61835574,55.76018407],[37.6183313,55.76021108],[37.6183313,55.76021108],[37.61840848,55.76023328]]]},"properties":{"type":"room","subtype":"apartment","roomType":"STUDIO","area":18.3515625157549},"type":"Feature"},{"geometry":{"type":"Polygon","coordinates":[[[37.6184293,55.76021027],[37.6184207,55.76021978],[37.61844642,55.76022718],[37.61845502,55.76021767],[37.6184293,55.76021027]]]},"properties":{"type":"room","subtype":"apartment","roomType":"JOINT_BATHROOM","area":2.152343775187632},"type":"Feature"},{"geometry":{"type":"Polygon","coordinates":[[[37.61840848,55.76023328],[37.6184342,55.76024068],[37.61844642,55.76022718],[37.6184207,55.76021978],[37.61840848,55.76023328]]]},"properties":{"type":"room","subtype":"apartment","roomType":"HALL","area":3.0585937209558236},"type":"Feature"},{"geometry":{"type":"Polygon","coordinates":[[[37.61831235,55.76020434],[37.61833223,55.76021006],[37.61835481,55.76018509],[37.61833494,55.76017938],[37.61831235,55.76020434]]]},"properties":{"type":"room","subtype":"apartment","roomType":"BALCONY","area":4.367256612357601},"type":"Feature"},{"geometry":{"type":"Polygon","coordinates":[[[37.61843067,55.76023866],[37.61843493,55.76023988],[37.6184371,55.76023748],[37.61843284,55.76023626],[37.61843067,55.76023866]]]},"properties":{"type":"room_object","subtype":"room","roomObjectType":"ELECTRICAL_BOX"},"type":"Feature"},{"geometry":{"type":"Polygon","coordinates":[[[37.61840834,55.76023324],[37.6183313,55.76021108],[37.61830686,55.76023809],[37.61830686,55.76023809],[37.61840977,55.76026769],[37.61840977,55.76026769],[37.61843051,55.76024476],[37.61840479,55.76023736],[37.61840476,55.76023735],[37.61840474,55.76023734],[37.61840472,55.76023733],[37.61840471,55.76023731],[37.6184047,55.76023729],[37.6184047,55.76023728],[37.6184047,55.76023726],[37.61840472,55.76023724],[37.61840834,55.76023324],[37.61840834,55.76023324]]]},"properties":{"type":"apartment","rooms":0,"totalArea":24.468749842245995,"livingArea":18.351562371181902,"apartmentType":999990},"type":"Feature"},{"geometry":{"type":"Polygon","coordinates":[[[37.61830686,55.76023809],[37.61830686,55.76023809],[37.61838404,55.76026029],[37.61840848,55.76023328],[37.6183313,55.76021108],[37.61830686,55.76023809]]]},"properties":{"type":"room","subtype":"apartment","roomType":"STUDIO","area":18.351562371181902},"type":"Feature"},{"geometry":{"type":"Polygon","coordinates":[[[37.61843058,55.76024468],[37.61840486,55.76023728],[37.61839626,55.76024679],[37.61842199,55.76025419],[37.61843058,55.76024468]]]},"properties":{"type":"room","subtype":"apartment","roomType":"JOINT_BATHROOM","area":2.152343767793246},"type":"Feature"},{"geometry":{"type":"Polygon","coordinates":[[[37.61842199,55.76025419],[37.61839626,55.76024679],[37.61838404,55.76026029],[37.61840977,55.76026769],[37.61840977,55.76026769],[37.61842199,55.76025419]]]},"properties":{"type":"room","subtype":"apartment","roomType":"HALL","area":3.05859372056493},"type":"Feature"},{"geometry":{"type":"Polygon","coordinates":[[[37.61828792,55.76023135],[37.61830779,55.76023707],[37.61833038,55.7602121],[37.6183105,55.76020639],[37.61828792,55.76023135]]]},"properties":{"type":"room","subtype":"apartment","roomType":"BALCONY","area":4.367256560003533},"type":"Feature"},{"geometry":{"type":"Polygon","coordinates":[[[37.61840623,55.76026567],[37.61841049,55.76026689],[37.61841266,55.76026449],[37.61840841,55.76026327],[37.61840623,55.76026567]]]},"properties":{"type":"room_object","subtype":"room","roomObjectType":"ELECTRICAL_BOX"},"type":"Feature"},{"geometry":{"type":"Polygon","coordinates":[[[37.61830686,55.76023809],[37.61830686,55.76023809],[37.61828243,55.7602651],[37.61828243,55.7602651],[37.61838533,55.7602947],[37.61838534,55.7602947],[37.61838534,55.7602947],[37.61840607,55.76027177],[37.61838035,55.76026437],[37.61838032,55.76026436],[37.6183803,55.76026435],[37.61838028,55.76026434],[37.61838027,55.76026432],[37.61838026,55.7602643],[37.61838026,55.76026429],[37.61838027,55.76026427],[37.61838028,55.76026425],[37.6183839,55.76026025],[37.6183839,55.76026025],[37.61830686,55.76023809]]]},"properties":{"type":"apartment","rooms":0,"totalArea":24.468750164150347,"livingArea":18.351722579286395,"apartmentType":999990},"type":"Feature"},{"geometry":{"type":"Polygon","coordinates":[[[37.61830686,55.76023809],[37.61830686,55.76023809],[37.61828243,55.7602651],[37.61828243,55.7602651],[37.61835961,55.7602873],[37.61838404,55.76026029],[37.61830686,55.76023809]]]},"properties":{"type":"room","subtype":"apartment","roomType":"STUDIO","area":18.351722579286395},"type":"Feature"},{"geometry":{"type":"Polygon","coordinates":[[[37.61839756,55.76028119],[37.61840615,55.76027169],[37.61838042,55.76026429],[37.61837183,55.76027379],[37.61839756,55.76028119]]]},"properties":{"type":"room","subtype":"apartment","roomType":"JOINT_BATHROOM","area":2.1509248520963666},"type":"Feature"},{"geometry":{"type":"Polygon","coordinates":[[[37.61839756,55.76028119],[37.61837183,55.76027379],[37.61835961,55.7602873],[37.61838533,55.7602947],[37.61838534,55.7602947],[37.61838534,55.7602947],[37.61839756,55.76028119]]]},"properties":{"type":"room","subtype":"apartment","roomType":"HALL","area":3.059777365864689},"type":"Feature"},{"geometry":{"type":"Polygon","coordinates":[[[37.61826348,55.76025837],[37.61828335,55.76026408],[37.61830594,55.76023912],[37.61828607,55.7602334],[37.61826348,55.76025837]]]},"properties":{"type":"room","subtype":"apartment","roomType":"BALCONY","area":4.3672381558498525},"type":"Feature"},{"geometry":{"type":"Polygon","coordinates":[[[37.6183818,55.76029267],[37.61838606,55.7602939],[37.61838823,55.76029149],[37.61838398,55.76029027],[37.6183818,55.76029267]]]},"properties":{"type":"room_object","subtype":"room","roomObjectType":"ELECTRICAL_BOX"},"type":"Feature"},{"geometry":{"type":"Polygon","coordinates":[[[37.61828243,55.7602651],[37.61825799,55.76029211],[37.61849218,55.76035948],[37.61849218,55.76035948],[37.61851662,55.76033247],[37.61854106,55.76030546],[37.61848975,55.7602907],[37.61848613,55.7602947],[37.61848611,55.76029472],[37.61848609,55.76029473],[37.61848606,55.76029474],[37.61848604,55.76029475],[37.61848601,55.76029475],[37.61848597,55.76029475],[37.61848594,55.76029475],[37.61848591,55.76029474],[37.61846276,55.76028808],[37.61846273,55.76028807],[37.61846271,55.76028806],[37.61846269,55.76028804],[37.61846268,55.76028803],[37.61846267,55.76028801],[37.61846267,55.76028799],[37.61846268,55.76028798],[37.61846269,55.76028796],[37.61846631,55.76028396],[37.61843815,55.76027586],[37.61843815,55.76027586],[37.61841372,55.76030287],[37.61839952,55.76029879],[37.61828243,55.7602651]]]},"properties":{"type":"apartment","rooms":2,"totalArea":80.15624983552323,"livingArea":46.78154469058897,"apartmentType":999992},"type":"Feature"},{"geometry":{"type":"Polygon","coordinates":[[[37.61848961,55.76029066],[37.61846517,55.76031767],[37.6185152,55.76033206],[37.61851549,55.76033213],[37.6185158,55.76033216],[37.61851611,55.76033215],[37.61851642,55.76033212],[37.6185167,55.76033204],[37.61851696,55.76033194],[37.61851718,55.76033182],[37.61851735,55.76033167],[37.61854034,55.76030626],[37.61854045,55.76030609],[37.6185405,55.76030592],[37.6185405,55.76030575],[37.61854043,55.76030557],[37.61854031,55.76030541],[37.61854013,55.76030527],[37.6185399,55.76030514],[37.61853964,55.76030505],[37.61848961,55.76029066]]]},"properties":{"type":"room","subtype":"apartment","roomType":"KITCHEN","area":12.229982115612112},"type":"Feature"},{"geometry":{"type":"Polygon","coordinates":[[[37.61846517,55.76031767],[37.61847739,55.76030416],[37.61842594,55.76028936],[37.61841444,55.76030207],[37.61841433,55.76030223],[37.61841427,55.76030241],[37.61841428,55.76030258],[37.61841434,55.76030275],[37.61841447,55.76030292],[37.61841465,55.76030306],[37.61841487,55.76030318],[37.61841514,55.76030328],[37.61846517,55.76031767]]]},"properties":{"type":"room","subtype":"apartment","roomType":"HALL","area":6.114991090917236},"type":"Feature"},{"geometry":{"type":"Polygon","coordinates":[[[37.61845423,55.7602975],[37.61846645,55.760284],[37.61843957,55.76027627],[37.61843928,55.7602762],[37.61843898,55.76027617],[37.61843866,55.76027617],[37.61843836,55.76027621],[37.61843807,55.76027628],[37.61843782,55.76027638],[37.6184376,55.76027651],[37.61843743,55.76027666],[37.61842594,55.76028936],[37.61845423,55.7602975]]]},"properties":{"type":"room","subtype":"apartment","roomType":"BATHROOM","area":3.3622567197511106},"type":"Feature"},{"geometry":{"type":"Polygon","coordinates":[[[37.61846283,55.760288],[37.61845423,55.7602975],[37.61847739,55.76030416],[37.61848599,55.76029466],[37.61846283,55.760288]]]},"properties":{"type":"room","subtype":"apartment","roomType":"TOILET","area":1.937109369976577},"type":"Feature"},{"geometry":{"type":"Polygon","coordinates":[[[37.61843696,55.76030955],[37.61841252,55.76033657],[37.61849076,55.76035907],[37.61849106,55.76035914],[37.61849136,55.76035917],[37.61849168,55.76035916],[37.61849198,55.76035913],[37.61849227,55.76035906],[37.61849252,55.76035895],[37.61849274,55.76035883],[37.61849291,55.76035868],[37.6185159,55.76033327],[37.61851601,55.76033311],[37.61851607,55.76033293],[37.61851606,55.76033276],[37.61851599,55.76033258],[37.61851587,55.76033242],[37.61851569,55.76033228],[37.61851547,55.76033216],[37.6185152,55.76033206],[37.61843696,55.76030955]]]},"properties":{"type":"room","subtype":"apartment","roomType":"BEDROOM","area":18.937795139068243},"type":"Feature"},{"geometry":{"type":"Polygon","coordinates":[[[37.61828243,55.7602651],[37.61825799,55.76029211],[37.61825799,55.76029211],[37.61837509,55.7603258],[37.61837509,55.7603258],[37.61839952,55.76029879],[37.61839952,55.76029879],[37.61828243,55.7602651]]]},"properties":{"type":"room","subtype":"apartment","roomType":"BEDROOM","area":27.84374955152073},"type":"Feature"},{"geometry":{"type":"Polygon","coordinates":[[[37.6184371,55.7603096],[37.61843711,55.76030958],[37.61843712,55.76030956],[37.61843712,55.76030954],[37.61843711,55.76030953],[37.6184371,55.76030951],[37.61843708,55.7603095],[37.61843706,55.76030948],[37.61843703,55.76030947],[37.61840102,55.76029911],[37.618401,55.76029911],[37.61840071,55.76029905],[37.61840068,55.76029904],[37.61840037,55.76029901],[37.61840034,55.76029901],[37.61840003,55.76029901],[37.6184,55.76029902],[37.61839969,55.76029905],[37.61839966,55.76029906],[37.61839938,55.76029913],[37.61839935,55.76029914],[37.61839909,55.76029924],[37.61839907,55.76029925],[37.61839885,55.76029938],[37.61839883,55.76029939],[37.61839867,55.76029954],[37.61839866,55.76029955],[37.61837567,55.76032496],[37.61837566,55.76032496],[37.61837555,55.76032513],[37.61837554,55.76032515],[37.61837548,55.76032532],[37.61837548,55.76032534],[37.61837549,55.76032551],[37.61837549,55.76032553],[37.61837556,55.7603257],[37.61837557,55.76032572],[37.61837569,55.76032588],[37.61837571,55.7603259],[37.61837589,55.76032604],[37.61837591,55.76032605],[37.61837613,55.76032618],[37.61837616,55.76032619],[37.61837642,55.76032628],[37.61837643,55.76032629],[37.61841245,55.76033665],[37.61841248,55.76033665],[37.61841251,55.76033666],[37.61841254,55.76033665],[37.61841257,55.76033665],[37.6184126,55.76033664],[37.61841263,55.76033663],[37.61841265,55.76033662],[37.61841266,55.76033661],[37.6184371,55.7603096]]]},"properties":{"type":"room","subtype":"apartment","roomType":"CORRIDOR","area":9.016868538045085},"type":"Feature"},{"geometry":{"type":"Polygon","coordinates":[[[37.61823956,55.7602848],[37.61825944,55.76029051],[37.6182815,55.76026613],[37.61826163,55.76026041],[37.61823956,55.7602848]]]},"properties":{"type":"room","subtype":"apartment","roomType":"BALCONY","area":4.266128157927404},"type":"Feature"},{"geometry":{"type":"Polygon","coordinates":[[[37.61841466,55.76030183],[37.61841892,55.76030305],[37.61842088,55.76030088],[37.61841662,55.76029966],[37.61841466,55.76030183]]]},"properties":{"type":"room_object","subtype":"room","roomObjectType":"ELECTRICAL_BOX"},"type":"Feature"},{"geometry":{"type":"Polygon","coordinates":[[[37.6184589,55.76025293],[37.61843815,55.76027586],[37.61843815,55.76027586],[37.61854106,55.76030546],[37.61854106,55.76030546],[37.6185655,55.76027845],[37.6185655,55.76027845],[37.61848846,55.76025629],[37.61848484,55.76026029],[37.61848482,55.7602603],[37.6184848,55.76026032],[37.61848478,55.76026033],[37.61848475,55.76026033],[37.61848472,55.76026034],[37.61848469,55.76026034],[37.61848465,55.76026034],[37.61848463,55.76026033],[37.6184589,55.76025293],[37.6184589,55.76025293]]]},"properties":{"type":"apartment","rooms":0,"totalArea":24.46875016442662,"livingArea":18.351562660564934,"apartmentType":999990},"type":"Feature"},{"geometry":{"type":"Polygon","coordinates":[[[37.61848832,55.76025625],[37.61846388,55.76028326],[37.61854106,55.76030546],[37.61854106,55.76030546],[37.6185655,55.76027845],[37.6185655,55.76027845],[37.61848832,55.76025625]]]},"properties":{"type":"room","subtype":"apartment","roomType":"STUDIO","area":18.351562660564934},"type":"Feature"},{"geometry":{"type":"Polygon","coordinates":[[[37.61845897,55.76025285],[37.61845037,55.76026235],[37.6184761,55.76026975],[37.6184847,55.76026025],[37.61845897,55.76025285]]]},"properties":{"type":"room","subtype":"apartment","roomType":"JOINT_BATHROOM","area":2.152343767418575},"type":"Feature"},{"geometry":{"type":"Polygon","coordinates":[[[37.61845037,55.76026235],[37.61843815,55.76027586],[37.61843815,55.76027586],[37.61846388,55.76028326],[37.6184761,55.76026975],[37.61845037,55.76026235]]]},"properties":{"type":"room","subtype":"apartment","roomType":"HALL","area":3.058593746628606},"type":"Feature"},{"geometry":{"type":"Polygon","coordinates":[[[37.61858444,55.76028519],[37.61856457,55.76027947],[37.61854198,55.76030444],[37.61856186,55.76031015],[37.61858444,55.76028519]]]},"properties":{"type":"room","subtype":"apartment","roomType":"BALCONY","area":4.367256667428031},"type":"Feature"},{"geometry":{"type":"Polygon","coordinates":[[[37.61843888,55.76027506],[37.61844314,55.76027628],[37.61844531,55.76027388],[37.61844105,55.76027266],[37.61843888,55.76027506]]]},"properties":{"type":"room_object","subtype":"room","roomObjectType":"ELECTRICAL_BOX"},"type":"Feature"},{"geometry":{"type":"Polygon","coordinates":[[[37.61863135,55.76023334],[37.61861148,55.76022763],[37.61856839,55.76027525],[37.61858826,55.76028096],[37.61863135,55.76023334]]]},"properties":{"type":"balcony","area":8.330000000020162,"subtype":"service"},"type":"Feature"},{"geometry":{"type":"Polygon","coordinates":[[[37.61846259,55.76024885],[37.61848703,55.76022184],[37.61858993,55.76025144],[37.61858993,55.76025144],[37.6185655,55.76027845],[37.61846259,55.76024885],[37.61846259,55.76024885]]]},"properties":{"type":"ladder","area":24.46874999586241,"subtype":"service"},"type":"Feature"},{"geometry":{"type":"Polygon","coordinates":[[[37.61861437,55.76022443],[37.61861437,55.76022443],[37.61851147,55.76019483],[37.61850224,55.76020503],[37.61850933,55.76020707],[37.61852495,55.76021156],[37.61854765,55.76021809],[37.61857036,55.76022463],[37.61855516,55.76024143],[37.61858993,55.76025144],[37.61861437,55.76022443]]]},"properties":{"type":"corridor","area":14.38875002420184,"subtype":"service"},"type":"Feature"},{"geometry":{"type":"Polygon","coordinates":[[[37.61849413,55.76022388],[37.61850933,55.76020707],[37.61850224,55.76020503],[37.61848706,55.7602218],[37.61848703,55.76022184],[37.61849413,55.76022388]]]},"properties":{"type":"heating_meter","area":1.0499999729689273,"subtype":"service"},"type":"Feature"},{"geometry":{"type":"Polygon","coordinates":[[[37.61850974,55.76022837],[37.61852495,55.76021156],[37.61850933,55.76020707],[37.61849413,55.76022388],[37.61850974,55.76022837]]]},"properties":{"type":"elevator","area":2.3099999996691998,"subtype":"service"},"type":"Feature"},{"geometry":{"type":"Polygon","coordinates":[[[37.61853245,55.7602349],[37.61854765,55.76021809],[37.61852495,55.76021156],[37.61850974,55.76022837],[37.61853245,55.7602349]]]},"properties":{"type":"elevator","area":3.3600000003875166,"subtype":"service"},"type":"Feature"},{"geometry":{"type":"Polygon","coordinates":[[[37.61855516,55.76024143],[37.61857036,55.76022463],[37.61854765,55.76021809],[37.61853245,55.7602349],[37.61855516,55.76024143]]]},"properties":{"type":"elevator","area":3.3600000003122013,"subtype":"service"},"type":"Feature"},{"geometry":{"type":"Polygon","coordinates":[[[37.61856033,55.76014081],[37.61853195,55.76013265],[37.61838534,55.7602947],[37.61841372,55.76030286],[37.61856033,55.76014081]]]},"properties":{"type":"corridor","area":40.49599929402579,"subtype":"service"},"type":"Feature"},{"geometry":{"type":"Polygon","coordinates":[[[37.61854339,55.76019896],[37.61853977,55.76020297],[37.61856292,55.76020963],[37.61856654,55.76020562],[37.61854339,55.76019896]]]},"properties":{"type":"ventilation","area":0.815624999523616,"subtype":"service"},"type":"Feature"},{"geometry":{"type":"Polygon","coordinates":[[[37.61850842,55.76009687],[37.61853476,55.76010445],[37.61853838,55.76010045],[37.61851204,55.76009287],[37.61850842,55.76009687]]]},"properties":{"type":"ventilation","area":0.9281250216214012,"subtype":"service"},"type":"Feature"},{"geometry":{"type":"Polygon","coordinates":[[[37.61850004,55.7601285],[37.61850366,55.7601245],[37.61848051,55.76011784],[37.61847689,55.76012184],[37.61850004,55.7601285]]]},"properties":{"type":"ventilation","area":0.8154413010656483,"subtype":"service"},"type":"Feature"},{"geometry":{"type":"Polygon","coordinates":[[[37.61847946,55.76019066],[37.61848308,55.76018666],[37.61845735,55.76017926],[37.61845373,55.76018326],[37.61847946,55.76019066]]]},"properties":{"type":"ventilation","area":0.9062499848120039,"subtype":"service"},"type":"Feature"},{"geometry":{"type":"Polygon","coordinates":[[[37.61845502,55.76021767],[37.61845864,55.76021367],[37.61843292,55.76020627],[37.6184293,55.76021027],[37.61845502,55.76021767]]]},"properties":{"type":"ventilation","area":0.9062499853523337,"subtype":"service"},"type":"Feature"},{"geometry":{"type":"Polygon","coordinates":[[[37.61840486,55.76023728],[37.61843058,55.76024468],[37.6184342,55.76024068],[37.6184342,55.76024068],[37.61840848,55.76023328],[37.61840486,55.76023728]]]},"properties":{"type":"ventilation","area":0.9062499827861623,"subtype":"service"},"type":"Feature"},{"geometry":{"type":"Polygon","coordinates":[[[37.61838042,55.76026429],[37.61840615,55.76027169],[37.61840977,55.76026769],[37.61840977,55.76026769],[37.61838404,55.76026029],[37.61838042,55.76026429]]]},"properties":{"type":"ventilation","area":0.9063253648500923,"subtype":"service"},"type":"Feature"},{"geometry":{"type":"Polygon","coordinates":[[[37.61846645,55.760284],[37.61846283,55.760288],[37.61848599,55.76029466],[37.61848961,55.76029066],[37.61846645,55.760284]]]},"properties":{"type":"ventilation","area":0.8156249998943355,"subtype":"service"},"type":"Feature"},{"geometry":{"type":"Polygon","coordinates":[[[37.6184847,55.76026025],[37.61848832,55.76025625],[37.61846259,55.76024885],[37.61845897,55.76025285],[37.6184847,55.76026025]]]},"properties":{"type":"ventilation","area":0.9062499879189063,"subtype":"service"},"type":"Feature"},{"geometry":{"type":"Polygon","coordinates":[[[37.61877068,55.75990831],[37.61875982,55.75992032],[37.61878643,55.75992798],[37.61879005,55.75992397],[37.61879007,55.75992396],[37.61879009,55.75992395],[37.61879012,55.75992394],[37.61879014,55.75992393],[37.61879018,55.75992393],[37.61879021,55.75992392],[37.61879024,55.75992393],[37.61879027,55.75992393],[37.61881216,55.75993023],[37.61881218,55.75993024],[37.61881221,55.75993025],[37.61881222,55.75993027],[37.61881224,55.75993028],[37.61881224,55.7599303],[37.61881224,55.75993032],[37.61881224,55.75993034],[37.61881223,55.75993035],[37.61880861,55.75993435],[37.61885711,55.75994831],[37.61886797,55.7599363],[37.61889121,55.75991062],[37.61891445,55.75988493],[37.61893769,55.75985925],[37.61884039,55.75983126],[37.61884039,55.75983126],[37.61881715,55.75985695],[37.61879391,55.75988263],[37.61877068,55.75990831]]]},"properties":{"type":"apartment","rooms":2,"totalArea":76.28146056276776,"livingArea":38.4019315668271,"apartmentType":999992},"type":"Feature"},{"geometry":{"type":"Polygon","coordinates":[[[37.61880847,55.75993431],[37.61885569,55.7599479],[37.61885599,55.75994796],[37.61885629,55.75994799],[37.61885661,55.75994799],[37.61885691,55.75994795],[37.6188572,55.75994788],[37.61885745,55.75994778],[37.61885767,55.75994765],[37.61885784,55.75994751],[37.61889049,55.75991142],[37.6188906,55.75991125],[37.61889066,55.75991108],[37.61889065,55.7599109],[37.61889058,55.75991073],[37.61889046,55.75991057],[37.61889028,55.75991043],[37.61889006,55.7599103],[37.61888979,55.75991021],[37.61884256,55.75989662],[37.61880847,55.75993431]]]},"properties":{"type":"room","subtype":"apartment","roomType":"KITCHEN","area":16.136684014027182},"type":"Feature"},{"geometry":{"type":"Polygon","coordinates":[[[37.61882551,55.75991547],[37.61884256,55.75989662],[37.61879533,55.75988304],[37.61879504,55.75988297],[37.61879474,55.75988294],[37.61879442,55.75988295],[37.61879412,55.75988298],[37.61879383,55.75988305],[37.61879358,55.75988316],[37.61879336,55.75988328],[37.61879319,55.75988343],[37.61877687,55.75990147],[37.61882551,55.75991547]]]},"properties":{"type":"room","subtype":"apartment","roomType":"HALL","area":8.068341963784746},"type":"Feature"},{"geometry":{"type":"Polygon","coordinates":[[[37.61878657,55.75992802],[37.61880362,55.75990917],[37.61877687,55.75990147],[37.61877068,55.75990831],[37.61876054,55.75991952],[37.61876043,55.75991968],[37.61876037,55.75991986],[37.61876038,55.75992003],[37.61876044,55.7599202],[37.61876057,55.75992037],[37.61876075,55.75992051],[37.61876097,55.75992063],[37.61876124,55.75992073],[37.61878657,55.75992802]]]},"properties":{"type":"room","subtype":"apartment","roomType":"BATHROOM","area":4.436599767757086},"type":"Feature"},{"geometry":{"type":"Polygon","coordinates":[[[37.61879019,55.75992401],[37.61881209,55.75993031],[37.61882551,55.75991547],[37.61880362,55.75990917],[37.61879019,55.75992401]]]},"properties":{"type":"room","subtype":"apartment","roomType":"TOILET","area":2.860554777265546},"type":"Feature"},{"geometry":{"type":"Polygon","coordinates":[[[37.61881865,55.75988975],[37.61888979,55.75991021],[37.61889008,55.75991027],[37.61889039,55.7599103],[37.6188907,55.7599103],[37.61889101,55.75991026],[37.61889129,55.75991019],[37.61889155,55.75991009],[37.61889177,55.75990996],[37.61889194,55.75990982],[37.61891373,55.75988573],[37.61891384,55.75988557],[37.61891389,55.7598854],[37.61891389,55.75988522],[37.61891382,55.75988505],[37.6189137,55.75988489],[37.61891352,55.75988474],[37.61891329,55.75988462],[37.61891303,55.75988452],[37.61884189,55.75986406],[37.61881865,55.75988975]]]},"properties":{"type":"room","subtype":"apartment","roomType":"BEDROOM","area":16.40227814850334},"type":"Feature"},{"geometry":{"type":"Polygon","coordinates":[[[37.61881715,55.75985695],[37.61891445,55.75988493],[37.61893769,55.75985925],[37.61893769,55.75985925],[37.61884039,55.75983126],[37.61884039,55.75983126],[37.61881715,55.75985695]]]},"properties":{"type":"room","subtype":"apartment","roomType":"BEDROOM","area":21.999653418323764},"type":"Feature"},{"geometry":{"type":"Polygon","coordinates":[[[37.61881858,55.75988983],[37.61881861,55.75988983],[37.61881864,55.75988983],[37.61881867,55.75988983],[37.6188187,55.75988983],[37.61881873,55.75988982],[37.61881875,55.75988981],[37.61881878,55.7598898],[37.61881879,55.75988979],[37.61884203,55.7598641],[37.61884204,55.75986408],[37.61884205,55.75986407],[37.61884205,55.75986405],[37.61884204,55.75986403],[37.61884203,55.75986402],[37.61884201,55.759864],[37.61884199,55.75986399],[37.61884196,55.75986398],[37.61881864,55.75985727],[37.61881863,55.75985727],[37.61881834,55.75985721],[37.61881831,55.7598572],[37.618818,55.75985717],[37.61881797,55.75985717],[37.61881766,55.75985717],[37.61881763,55.75985717],[37.61881732,55.75985721],[37.61881729,55.75985722],[37.61881701,55.75985729],[37.61881698,55.7598573],[37.61881672,55.7598574],[37.6188167,55.75985741],[37.61881648,55.75985754],[37.61881646,55.75985755],[37.61881629,55.7598577],[37.61881629,55.7598577],[37.6187945,55.75988179],[37.61879449,55.7598818],[37.61879438,55.75988196],[37.61879437,55.75988198],[37.61879431,55.75988215],[37.61879431,55.75988217],[37.61879432,55.75988234],[37.61879432,55.75988236],[37.61879439,55.75988253],[37.6187944,55.75988255],[37.61879452,55.75988271],[37.61879454,55.75988273],[37.61879472,55.75988287],[37.61879474,55.75988289],[37.61879496,55.75988301],[37.61879499,55.75988302],[37.61879525,55.75988311],[37.61879526,55.75988312],[37.61881858,55.75988983]]]},"properties":{"type":"room","subtype":"apartment","roomType":"CORRIDOR","area":5.687079382271552},"type":"Feature"},{"geometry":{"type":"Polygon","coordinates":[[[37.6189334,55.75989167],[37.61891352,55.75988595],[37.61889214,55.75990959],[37.61891201,55.75991531],[37.6189334,55.75989167]]]},"properties":{"type":"room","subtype":"apartment","roomType":"BALCONY","area":4.135256612076454},"type":"Feature"},{"geometry":{"type":"Polygon","coordinates":[[[37.61877871,55.75989944],[37.61878297,55.75990066],[37.61878659,55.75989666],[37.61878233,55.75989544],[37.61877871,55.75989944]]]},"properties":{"type":"room_object","subtype":"room","roomObjectType":"ELECTRICAL_BOX"},"type":"Feature"},{"geometry":{"type":"Polygon","coordinates":[[[37.61885993,55.75980966],[37.61884039,55.75983126],[37.61884039,55.75983126],[37.61893769,55.75985925],[37.61893769,55.75985925],[37.61896092,55.75983356],[37.61896092,55.75983356],[37.61888809,55.75981261],[37.61888447,55.75981661],[37.61888446,55.75981663],[37.61888443,55.75981664],[37.61888441,55.75981665],[37.61888438,55.75981666],[37.61888435,55.75981666],[37.61888432,55.75981666],[37.61888429,55.75981666],[37.61888426,55.75981665],[37.61885993,55.75980966],[37.61885993,55.75980966]]]},"properties":{"type":"apartment","rooms":0,"totalArea":21.999653575245965,"livingArea":16.499740192094865,"apartmentType":999990},"type":"Feature"},{"geometry":{"type":"Polygon","coordinates":[[[37.61888795,55.75981257],[37.61886471,55.75983826],[37.61893769,55.75985925],[37.61893769,55.75985925],[37.61896092,55.75983356],[37.61896092,55.75983356],[37.61888795,55.75981257]]]},"properties":{"type":"room","subtype":"apartment","roomType":"STUDIO","area":16.499740192094865},"type":"Feature"},{"geometry":{"type":"Polygon","coordinates":[[[37.61888433,55.75981657],[37.61886001,55.75980958],[37.61885201,55.75981842],[37.61887633,55.75982541],[37.61888433,55.75981657]]]},"properties":{"type":"room","subtype":"apartment","roomType":"JOINT_BATHROOM","area":1.8930816905083094},"type":"Feature"},{"geometry":{"type":"Polygon","coordinates":[[[37.61885201,55.75981842],[37.61884039,55.75983126],[37.61884039,55.75983126],[37.61886471,55.75983826],[37.61887633,55.75982541],[37.61885201,55.75981842]]]},"properties":{"type":"room","subtype":"apartment","roomType":"HALL","area":2.749956700330734},"type":"Feature"},{"geometry":{"type":"Polygon","coordinates":[[[37.61897987,55.7598403],[37.61896,55.75983459],[37.61893861,55.75985822],[37.61895848,55.75986394],[37.61897987,55.7598403]]]},"properties":{"type":"room","subtype":"apartment","roomType":"BALCONY","area":4.135256613748334},"type":"Feature"},{"geometry":{"type":"Polygon","coordinates":[[[37.61884111,55.75983046],[37.61884537,55.75983168],[37.61884754,55.75982928],[37.61884329,55.75982806],[37.61884111,55.75983046]]]},"properties":{"type":"room_object","subtype":"room","roomObjectType":"ELECTRICAL_BOX"},"type":"Feature"},{"geometry":{"type":"Polygon","coordinates":[[[37.61876118,55.75974374],[37.61873794,55.75976942],[37.6187909,55.75978466],[37.6187909,55.75978466],[37.61879452,55.75978065],[37.61879454,55.75978064],[37.61879456,55.75978063],[37.61879458,55.75978062],[37.61879461,55.75978061],[37.61879464,55.75978061],[37.61879467,55.75978061],[37.61879471,55.75978061],[37.61879473,55.75978062],[37.61883893,55.75979333],[37.61883893,55.75979333],[37.61885847,55.75977173],[37.61887267,55.75977581],[37.61888686,55.7597799],[37.61886732,55.7598015],[37.61891597,55.75981549],[37.618916,55.7598155],[37.61891602,55.75981551],[37.61891604,55.75981552],[37.61891605,55.75981554],[37.61891606,55.75981556],[37.61891606,55.75981558],[37.61891605,55.75981559],[37.61891604,55.75981561],[37.61891242,55.75981961],[37.61891242,55.75981961],[37.61896092,55.75983356],[37.61896092,55.75983356],[37.61898416,55.75980788],[37.6190074,55.75978219],[37.61878442,55.75971805],[37.61878442,55.75971805],[37.61876118,55.75974374]]]},"properties":{"type":"apartment","rooms":3,"totalArea":94.41818353714385,"livingArea":48.38277412468231,"apartmentType":999993},"type":"Feature"},{"geometry":{"type":"Polygon","coordinates":[[[37.6189355,55.75979389],[37.61891228,55.75981957],[37.6189595,55.75983315],[37.61895979,55.75983322],[37.6189601,55.75983325],[37.61896041,55.75983325],[37.61896072,55.75983321],[37.61896101,55.75983314],[37.61896126,55.75983304],[37.61896148,55.75983291],[37.61896165,55.75983276],[37.61898344,55.75980868],[37.61898355,55.75980851],[37.61898361,55.75980834],[37.6189836,55.75980816],[37.61898353,55.75980799],[37.61898341,55.75980783],[37.61898323,55.75980769],[37.618983,55.75980756],[37.61898274,55.75980747],[37.6189355,55.75979389]]]},"properties":{"type":"room","subtype":"apartment","roomType":"KITCHEN","area":10.99457826652062},"type":"Feature"},{"geometry":{"type":"Polygon","coordinates":[[[37.6189355,55.75979389],[37.61888828,55.75978031],[37.61888798,55.75978024],[37.61888768,55.75978021],[37.61888736,55.75978022],[37.61888706,55.75978025],[37.61888677,55.75978032],[37.61888652,55.75978042],[37.6188863,55.75978055],[37.61888613,55.7597807],[37.61887524,55.75979274],[37.61892389,55.75980673],[37.6189355,55.75979389]]]},"properties":{"type":"room","subtype":"apartment","roomType":"HALL","area":5.497281025920804},"type":"Feature"},{"geometry":{"type":"Polygon","coordinates":[[[37.6189159,55.75981557],[37.61892389,55.75980673],[37.61887524,55.75979274],[37.61886724,55.75980158],[37.6189159,55.75981557]]]},"properties":{"type":"room","subtype":"apartment","roomType":"JOINT_BATHROOM","area":3.7847917321015987},"type":"Feature"},{"geometry":{"type":"Polygon","coordinates":[[[37.61890926,55.75978633],[37.61898274,55.75980747],[37.61898303,55.75980753],[37.61898334,55.75980756],[37.61898365,55.75980756],[37.61898396,55.75980752],[37.61898424,55.75980745],[37.6189845,55.75980735],[37.61898472,55.75980723],[37.61898488,55.75980708],[37.61900667,55.75978299],[37.61900679,55.75978283],[37.61900684,55.75978266],[37.61900684,55.75978248],[37.61900677,55.75978231],[37.61900664,55.75978215],[37.61900647,55.759782],[37.61900624,55.75978188],[37.61900598,55.75978178],[37.6189325,55.75976065],[37.61890926,55.75978633]]]},"properties":{"type":"room","subtype":"apartment","roomType":"LIVING_ROOM","area":16.93020526342772},"type":"Feature"},{"geometry":{"type":"Polygon","coordinates":[[[37.61887046,55.7597428],[37.61878584,55.75971846],[37.61878554,55.7597184],[37.61878524,55.75971837],[37.61878492,55.75971837],[37.61878462,55.75971841],[37.61878433,55.75971848],[37.61878408,55.75971858],[37.61878386,55.75971871],[37.61878369,55.75971885],[37.6187619,55.75974294],[37.61876179,55.7597431],[37.61876173,55.75974328],[37.61876174,55.75974345],[37.61876181,55.75974362],[37.61876193,55.75974379],[37.61876211,55.75974393],[37.61876234,55.75974405],[37.6187626,55.75974415],[37.61884722,55.75976849],[37.61887046,55.7597428]]]},"properties":{"type":"room","subtype":"apartment","roomType":"BEDROOM","area":19.45109997274591},"type":"Feature"},{"geometry":{"type":"Polygon","coordinates":[[[37.61879104,55.7597847],[37.61881428,55.75975902],[37.6187626,55.75974415],[37.61876231,55.75974408],[37.618762,55.75974405],[37.61876169,55.75974406],[37.61876138,55.75974409],[37.6187611,55.75974416],[37.61876084,55.75974426],[37.61876062,55.75974439],[37.61876045,55.75974454],[37.61873867,55.75976862],[37.61873855,55.75976879],[37.6187385,55.75976896],[37.6187385,55.75976914],[37.61873857,55.75976931],[37.61873869,55.75976947],[37.61873887,55.75976961],[37.6187391,55.75976974],[37.61873936,55.75976983],[37.61879104,55.7597847]]]},"properties":{"type":"room","subtype":"apartment","roomType":"BEDROOM","area":12.001468888508674},"type":"Feature"},{"geometry":{"type":"Polygon","coordinates":[[[37.61883886,55.75979341],[37.61884685,55.75978458],[37.61880266,55.75977186],[37.61879466,55.7597807],[37.61883886,55.75979341]]]},"properties":{"type":"room","subtype":"apartment","roomType":"JOINT_BATHROOM","area":3.4374472179194027},"type":"Feature"},{"geometry":{"type":"Polygon","coordinates":[[[37.61881435,55.75975894],[37.61881432,55.75975893],[37.61881429,55.75975893],[37.61881426,55.75975893],[37.61881423,55.75975893],[37.6188142,55.75975894],[37.61881418,55.75975895],[37.61881416,55.75975896],[37.61881414,55.75975898],[37.61880252,55.75977182],[37.61880251,55.75977183],[37.6188025,55.75977185],[37.6188025,55.75977187],[37.61880251,55.75977189],[37.61880252,55.7597719],[37.61880254,55.75977192],[37.61880256,55.75977193],[37.61880259,55.75977194],[37.61884678,55.75978466],[37.61884681,55.75978466],[37.61884684,55.75978466],[37.61884687,55.75978466],[37.6188469,55.75978466],[37.61884693,55.75978465],[37.61884695,55.75978464],[37.61884698,55.75978463],[37.61884699,55.75978462],[37.61885789,55.75977257],[37.61885789,55.75977257],[37.61885801,55.7597724],[37.61885802,55.75977239],[37.61885807,55.75977221],[37.61885807,55.75977219],[37.61885807,55.75977202],[37.61885806,55.759772],[37.618858,55.75977183],[37.61885799,55.75977181],[37.61885786,55.75977165],[37.61885786,55.75977165],[37.61887118,55.75977548],[37.61887119,55.75977548],[37.61887148,55.75977555],[37.61887151,55.75977555],[37.61887182,55.75977558],[37.61887185,55.75977559],[37.61887216,55.75977558],[37.61887219,55.75977558],[37.6188725,55.75977554],[37.61887253,55.75977554],[37.61887282,55.75977547],[37.61887284,55.75977546],[37.61887307,55.75977537],[37.61887307,55.75977552],[37.61887307,55.75977554],[37.61887314,55.75977571],[37.61887315,55.75977573],[37.61887328,55.75977589],[37.61887329,55.75977591],[37.61887347,55.75977605],[37.61887349,55.75977606],[37.61887372,55.75977619],[37.61887374,55.7597762],[37.618874,55.75977629],[37.61887402,55.7597763],[37.61890919,55.75978641],[37.61890922,55.75978642],[37.61890925,55.75978642],[37.61890928,55.75978642],[37.61890931,55.75978642],[37.61890934,55.75978641],[37.61890937,55.7597864],[37.61890939,55.75978639],[37.61890941,55.75978638],[37.61893264,55.75976069],[37.61893265,55.75976067],[37.61893266,55.75976066],[37.61893266,55.75976064],[37.61893265,55.75976062],[37.61893264,55.75976061],[37.61893262,55.75976059],[37.6189326,55.75976058],[37.61893257,55.75976057],[37.6188974,55.75975045],[37.61889738,55.75975045],[37.61889709,55.75975038],[37.61889706,55.75975038],[37.61889676,55.75975035],[37.61889672,55.75975035],[37.61889641,55.75975035],[37.61889638,55.75975035],[37.61889608,55.75975039],[37.61889605,55.7597504],[37.61889576,55.75975047],[37.61889573,55.75975047],[37.61889551,55.75975056],[37.6188955,55.75975041],[37.6188955,55.75975039],[37.61889543,55.75975022],[37.61889542,55.7597502],[37.6188953,55.75975004],[37.61889528,55.75975003],[37.61889511,55.75974988],[37.61889509,55.75974987],[37.61889486,55.75974975],[37.61889484,55.75974973],[37.61889457,55.75974964],[37.61889456,55.75974964],[37.61887053,55.75974272],[37.6188705,55.75974272],[37.61887047,55.75974271],[37.61887044,55.75974272],[37.61887041,55.75974272],[37.61887038,55.75974273],[37.61887036,55.75974274],[37.61887034,55.75974275],[37.61887032,55.75974276],[37.61884715,55.75976838],[37.61881435,55.75975894]]]},"properties":{"type":"room","subtype":"apartment","roomType":"CORRIDOR","area":19.24619116617256},"type":"Feature"},{"geometry":{"type":"Polygon","coordinates":[[[37.618719,55.75976269],[37.61873887,55.7597684],[37.61876025,55.75974476],[37.61874038,55.75973905],[37.618719,55.75976269]]]},"properties":{"type":"room","subtype":"apartment","roomType":"BALCONY","area":4.135237007903816},"type":"Feature"},{"geometry":{"type":"Polygon","coordinates":[[[37.61874223,55.759737],[37.6187621,55.75974272],[37.61878297,55.75971965],[37.6187631,55.75971394],[37.61874223,55.759737]]]},"properties":{"type":"room","subtype":"apartment","roomType":"BALCONY","area":4.034128454808764},"type":"Feature"},{"geometry":{"type":"Polygon","coordinates":[[[37.61889017,55.75978216],[37.61888591,55.75978094],[37.61888396,55.7597831],[37.61888822,55.75978433],[37.61889017,55.75978216]]]},"properties":{"type":"room_object","subtype":"room","roomObjectType":"ELECTRICAL_BOX"},"type":"Feature"},{"geometry":{"type":"Polygon","coordinates":[[[37.61866823,55.75984648],[37.61876553,55.75987446],[37.61878876,55.75984878],[37.618812,55.7598231],[37.61883524,55.75979741],[37.61880862,55.75978975],[37.618805,55.75979376],[37.61880499,55.75979377],[37.61880497,55.75979378],[37.61880494,55.75979379],[37.61880491,55.7597938],[37.61880488,55.7597938],[37.61880485,55.75979381],[37.61880482,55.7597938],[37.61880479,55.7597938],[37.6187829,55.7597875],[37.61878287,55.75978749],[37.61878285,55.75978748],[37.61878283,55.75978746],[37.61878282,55.75978745],[37.61878281,55.75978743],[37.61878281,55.75978741],[37.61878282,55.75978739],[37.61878283,55.75978738],[37.61878645,55.75978338],[37.61878645,55.75978338],[37.61873794,55.75976942],[37.61873794,55.75976942],[37.6187147,55.75979511],[37.61869147,55.75982079],[37.61866823,55.75984648]]]},"properties":{"type":"apartment","rooms":2,"totalArea":65.99896086722866,"livingArea":38.40193185385483,"apartmentType":999992},"type":"Feature"},{"geometry":{"type":"Polygon","coordinates":[[[37.61876335,55.7598091],[37.61878659,55.75978342],[37.61873936,55.75976983],[37.61873907,55.75976977],[37.61873876,55.75976974],[37.61873845,55.75976974],[37.61873815,55.75976978],[37.61873786,55.75976985],[37.6187376,55.75976995],[37.61873739,55.75977008],[37.61873722,55.75977022],[37.61871543,55.75979431],[37.61871531,55.75979447],[37.61871526,55.75979465],[37.61871527,55.75979482],[37.61871533,55.75979499],[37.61871546,55.75979515],[37.61871564,55.7597953],[37.61871586,55.75979542],[37.61871612,55.75979552],[37.61876335,55.7598091]]]},"properties":{"type":"room","subtype":"apartment","roomType":"KITCHEN","area":10.995434014495466},"type":"Feature"},{"geometry":{"type":"Polygon","coordinates":[[[37.61877497,55.75979626],[37.61876335,55.7598091],[37.61881058,55.75982269],[37.61881087,55.75982275],[37.61881118,55.75982278],[37.61881149,55.75982278],[37.6188118,55.75982274],[37.61881208,55.75982267],[37.61881234,55.75982257],[37.61881256,55.75982244],[37.61881273,55.75982229],[37.61882362,55.75981025],[37.61877497,55.75979626]]]},"properties":{"type":"room","subtype":"apartment","roomType":"HALL","area":5.497716990222896},"type":"Feature"},{"geometry":{"type":"Polygon","coordinates":[[[37.61882362,55.75981025],[37.61883451,55.75979821],[37.61883463,55.75979805],[37.61883468,55.75979787],[37.61883468,55.7597977],[37.61883461,55.75979753],[37.61883449,55.75979736],[37.61883431,55.75979722],[37.61883408,55.7597971],[37.61883382,55.759797],[37.61880848,55.75978971],[37.61879686,55.75980256],[37.61882362,55.75981025]]]},"properties":{"type":"room","subtype":"apartment","roomType":"BATHROOM","area":3.0227559911702397},"type":"Feature"},{"geometry":{"type":"Polygon","coordinates":[[[37.61878297,55.75978742],[37.61877497,55.75979626],[37.61879686,55.75980256],[37.61880486,55.75979372],[37.61878297,55.75978742]]]},"properties":{"type":"room","subtype":"apartment","roomType":"TOILET","area":1.703773529266119},"type":"Feature"},{"geometry":{"type":"Polygon","coordinates":[[[37.61878727,55.75981598],[37.61871612,55.75979552],[37.61871583,55.75979545],[37.61871553,55.75979542],[37.61871521,55.75979542],[37.61871491,55.75979546],[37.61871462,55.75979553],[37.61871437,55.75979563],[37.61871415,55.75979576],[37.61871398,55.75979591],[37.61869219,55.75981999],[37.61869208,55.75982016],[37.61869202,55.75982033],[37.61869203,55.75982051],[37.6186921,55.75982068],[37.61869222,55.75982084],[37.6186924,55.75982098],[37.61869262,55.75982111],[37.61869289,55.7598212],[37.61876403,55.75984166],[37.61878727,55.75981598]]]},"properties":{"type":"room","subtype":"apartment","roomType":"BEDROOM","area":16.402278279269094},"type":"Feature"},{"geometry":{"type":"Polygon","coordinates":[[[37.61866823,55.75984648],[37.61876553,55.75987446],[37.61878876,55.75984878],[37.61869147,55.75982079],[37.61866823,55.75984648]]]},"properties":{"type":"room","subtype":"apartment","roomType":"BEDROOM","area":21.99965357458574},"type":"Feature"},{"geometry":{"type":"Polygon","coordinates":[[[37.61878734,55.7598159],[37.61878731,55.75981589],[37.61878728,55.75981589],[37.61878725,55.75981589],[37.61878722,55.75981589],[37.61878719,55.7598159],[37.61878716,55.75981591],[37.61878714,55.75981592],[37.61878712,55.75981594],[37.61876389,55.75984162],[37.61876388,55.75984164],[37.61876387,55.75984166],[37.61876387,55.75984168],[37.61876388,55.75984169],[37.61876389,55.75984171],[37.61876391,55.75984172],[37.61876393,55.75984174],[37.61876396,55.75984174],[37.61878727,55.75984845],[37.61878729,55.75984846],[37.61878758,55.75984852],[37.61878761,55.75984852],[37.61878792,55.75984856],[37.61878795,55.75984856],[37.61878826,55.75984855],[37.61878829,55.75984855],[37.61878859,55.75984851],[37.61878862,55.75984851],[37.61878891,55.75984844],[37.61878894,55.75984843],[37.61878919,55.75984833],[37.61878922,55.75984832],[37.61878943,55.75984819],[37.61878945,55.75984818],[37.61878962,55.75984803],[37.61878963,55.75984802],[37.61881142,55.75982394],[37.61881143,55.75982393],[37.61881154,55.75982376],[37.61881155,55.75982375],[37.6188116,55.75982357],[37.61881161,55.75982356],[37.6188116,55.75982338],[37.6188116,55.75982336],[37.61881153,55.75982319],[37.61881152,55.75982317],[37.61881139,55.75982301],[37.61881138,55.759823],[37.6188112,55.75982285],[37.61881118,55.75982284],[37.61881096,55.75982272],[37.61881093,55.75982271],[37.61881067,55.75982261],[37.61881065,55.75982261],[37.61878734,55.7598159]]]},"properties":{"type":"room","subtype":"apartment","roomType":"CORRIDOR","area":5.68707939806403},"type":"Feature"},{"geometry":{"type":"Polygon","coordinates":[[[37.61867252,55.75981405],[37.61869239,55.75981977],[37.61871378,55.75979613],[37.61869391,55.75979041],[37.61867252,55.75981405]]]},"properties":{"type":"room","subtype":"apartment","roomType":"BALCONY","area":4.135256665843915},"type":"Feature"},{"geometry":{"type":"Polygon","coordinates":[[[37.61864928,55.75983974],[37.61866916,55.75984546],[37.61869054,55.75982182],[37.61867067,55.7598161],[37.61864928,55.75983974]]]},"properties":{"type":"room","subtype":"apartment","roomType":"BALCONY","area":4.135256612290686},"type":"Feature"},{"geometry":{"type":"Polygon","coordinates":[[[37.61880868,55.75982083],[37.61881294,55.75982205],[37.6188149,55.75981989],[37.61881064,55.75981867],[37.61880868,55.75982083]]]},"properties":{"type":"room_object","subtype":"room","roomObjectType":"ELECTRICAL_BOX"},"type":"Feature"},{"geometry":{"type":"Polygon","coordinates":[[[37.61862176,55.75989785],[37.61871905,55.75992583],[37.61874229,55.75990015],[37.61876553,55.75987446],[37.61873891,55.75986681],[37.61873529,55.75987081],[37.61873528,55.75987083],[37.61873525,55.75987084],[37.61873523,55.75987085],[37.6187352,55.75987086],[37.61873517,55.75987086],[37.61873514,55.75987086],[37.61873511,55.75987086],[37.61873508,55.75987085],[37.61871319,55.75986455],[37.61871316,55.75986454],[37.61871314,55.75986453],[37.61871312,55.75986452],[37.61871311,55.7598645],[37.6187131,55.75986448],[37.6187131,55.75986447],[37.61871311,55.75986445],[37.61871312,55.75986443],[37.61871674,55.75986043],[37.61871674,55.75986043],[37.61866823,55.75984648],[37.61864499,55.75987216],[37.61862176,55.75989785]]]},"properties":{"type":"apartment","rooms":1,"totalArea":43.999307135068065,"livingArea":21.99965356727734,"apartmentType":999991},"type":"Feature"},{"geometry":{"type":"Polygon","coordinates":[[[37.61871688,55.75986047],[37.61866965,55.75984689],[37.61866936,55.75984682],[37.61866905,55.75984679],[37.61866874,55.75984679],[37.61866843,55.75984683],[37.61866815,55.7598469],[37.61866789,55.759847],[37.61866767,55.75984713],[37.61866751,55.75984728],[37.61864572,55.75987136],[37.6186456,55.75987153],[37.61864555,55.7598717],[37.61864555,55.75987188],[37.61864562,55.75987205],[37.61864575,55.75987221],[37.61864592,55.75987235],[37.61864615,55.75987248],[37.61864641,55.75987257],[37.61869364,55.75988616],[37.61871688,55.75986047]]]},"properties":{"type":"room","subtype":"apartment","roomType":"KITCHEN","area":10.995434011134627},"type":"Feature"},{"geometry":{"type":"Polygon","coordinates":[[[37.61870526,55.75987331],[37.61869364,55.75988616],[37.61874087,55.75989974],[37.61874116,55.75989981],[37.61874147,55.75989984],[37.61874178,55.75989983],[37.61874209,55.7598998],[37.61874237,55.75989972],[37.61874263,55.75989962],[37.61874285,55.7598995],[37.61874301,55.75989935],[37.61875391,55.75988731],[37.61870526,55.75987331]]]},"properties":{"type":"room","subtype":"apartment","roomType":"HALL","area":5.497716981060799},"type":"Feature"},{"geometry":{"type":"Polygon","coordinates":[[[37.61872715,55.75987961],[37.61875391,55.75988731],[37.6187648,55.75987526],[37.61876492,55.7598751],[37.61876497,55.75987493],[37.61876497,55.75987475],[37.6187649,55.75987458],[37.61876477,55.75987442],[37.6187646,55.75987427],[37.61876437,55.75987415],[37.61876411,55.75987406],[37.61873877,55.75986677],[37.61872715,55.75987961]]]},"properties":{"type":"room","subtype":"apartment","roomType":"BATHROOM","area":3.022755999899761},"type":"Feature"},{"geometry":{"type":"Polygon","coordinates":[[[37.61873515,55.75987077],[37.61871326,55.75986447],[37.61870526,55.75987331],[37.61872715,55.75987961],[37.61873515,55.75987077]]]},"properties":{"type":"room","subtype":"apartment","roomType":"TOILET","area":1.7037735296072116},"type":"Feature"},{"geometry":{"type":"Polygon","coordinates":[[[37.61862176,55.75989785],[37.61871905,55.75992583],[37.61874229,55.75990015],[37.61864499,55.75987216],[37.61862176,55.75989785]]]},"properties":{"type":"room","subtype":"apartment","roomType":"BEDROOM","area":21.99965356727734},"type":"Feature"},{"geometry":{"type":"Polygon","coordinates":[[[37.61860281,55.75989111],[37.61862268,55.75989682],[37.61864407,55.75987318],[37.6186242,55.75986747],[37.61860281,55.75989111]]]},"properties":{"type":"room","subtype":"apartment","roomType":"BALCONY","area":4.135256610678357},"type":"Feature"},{"geometry":{"type":"Polygon","coordinates":[[[37.61873897,55.75989788],[37.61874323,55.75989911],[37.61874519,55.75989695],[37.61874093,55.75989572],[37.61873897,55.75989788]]]},"properties":{"type":"room_object","subtype":"room","roomObjectType":"ELECTRICAL_BOX"},"type":"Feature"},{"geometry":{"type":"Polygon","coordinates":[[[37.61857528,55.75994922],[37.61867258,55.7599772],[37.61869582,55.75995152],[37.61871905,55.75992583],[37.61869244,55.75991818],[37.61868882,55.75992218],[37.6186888,55.75992219],[37.61868878,55.75992221],[37.61868875,55.75992222],[37.61868873,55.75992222],[37.61868869,55.75992223],[37.61868866,55.75992223],[37.61868863,55.75992223],[37.6186886,55.75992222],[37.61866671,55.75991592],[37.61866669,55.75991591],[37.61866666,55.7599159],[37.61866664,55.75991589],[37.61866663,55.75991587],[37.61866663,55.75991585],[37.61866663,55.75991584],[37.61866663,55.75991582],[37.61866664,55.7599158],[37.61867026,55.7599118],[37.61867026,55.7599118],[37.61862176,55.75989785],[37.61859852,55.75992353],[37.61857528,55.75994922]]]},"properties":{"type":"apartment","rooms":1,"totalArea":43.99930714866422,"livingArea":21.999653574075413,"apartmentType":999991},"type":"Feature"},{"geometry":{"type":"Polygon","coordinates":[[[37.61864717,55.75993753],[37.6186704,55.75991184],[37.61862318,55.75989826],[37.61862288,55.75989819],[37.61862258,55.75989816],[37.61862226,55.75989816],[37.61862196,55.7598982],[37.61862167,55.75989827],[37.61862142,55.75989837],[37.6186212,55.7598985],[37.61862103,55.75989865],[37.61859924,55.75992273],[37.61859913,55.7599229],[37.61859907,55.75992307],[37.61859908,55.75992324],[37.61859915,55.75992342],[37.61859927,55.75992358],[37.61859945,55.75992372],[37.61859967,55.75992385],[37.61859994,55.75992394],[37.61864717,55.75993753]]]},"properties":{"type":"room","subtype":"apartment","roomType":"KITCHEN","area":10.99543401226329},"type":"Feature"},{"geometry":{"type":"Polygon","coordinates":[[[37.61864717,55.75993753],[37.6186944,55.75995111],[37.61869469,55.75995117],[37.61869499,55.75995121],[37.61869531,55.7599512],[37.61869561,55.75995116],[37.6186959,55.75995109],[37.61869615,55.75995099],[37.61869637,55.75995087],[37.61869654,55.75995072],[37.61870743,55.75993868],[37.61865879,55.75992468],[37.61864717,55.75993753]]]},"properties":{"type":"room","subtype":"apartment","roomType":"HALL","area":5.497716996402806},"type":"Feature"},{"geometry":{"type":"Polygon","coordinates":[[[37.61868068,55.75993098],[37.61870743,55.75993868],[37.61871833,55.75992663],[37.61871844,55.75992647],[37.6187185,55.7599263],[37.61871849,55.75992612],[37.61871843,55.75992595],[37.6187183,55.75992579],[37.61871812,55.75992564],[37.6187179,55.75992552],[37.61871763,55.75992543],[37.6186923,55.75991814],[37.61868068,55.75993098]]]},"properties":{"type":"room","subtype":"apartment","roomType":"BATHROOM","area":3.0227559947655216},"type":"Feature"},{"geometry":{"type":"Polygon","coordinates":[[[37.61868868,55.75992214],[37.61866678,55.75991584],[37.61865879,55.75992468],[37.61868068,55.75993098],[37.61868868,55.75992214]]]},"properties":{"type":"room","subtype":"apartment","roomType":"TOILET","area":1.7037735251366397},"type":"Feature"},{"geometry":{"type":"Polygon","coordinates":[[[37.61857528,55.75994922],[37.61867258,55.7599772],[37.61869582,55.75995152],[37.61859852,55.75992353],[37.61857528,55.75994922]]]},"properties":{"type":"room","subtype":"apartment","roomType":"BEDROOM","area":21.999653574075413},"type":"Feature"},{"geometry":{"type":"Polygon","coordinates":[[[37.61857957,55.75991679],[37.61859944,55.75992251],[37.61862083,55.75989887],[37.61860096,55.75989315],[37.61857957,55.75991679]]]},"properties":{"type":"room","subtype":"apartment","roomType":"BALCONY","area":4.135256612231134},"type":"Feature"},{"geometry":{"type":"Polygon","coordinates":[[[37.6186925,55.75994925],[37.61869676,55.75995048],[37.61869871,55.75994832],[37.61869445,55.75994709],[37.6186925,55.75994925]]]},"properties":{"type":"room_object","subtype":"room","roomObjectType":"ELECTRICAL_BOX"},"type":"Feature"},{"geometry":{"type":"Polygon","coordinates":[[[37.61857528,55.75994922],[37.61855204,55.7599749],[37.61855204,55.7599749],[37.61864934,55.76000289],[37.61864934,55.76000289],[37.61866889,55.75998129],[37.61864456,55.75997429],[37.61864454,55.75997428],[37.61864451,55.75997427],[37.61864449,55.75997425],[37.61864448,55.75997424],[37.61864448,55.75997422],[37.61864447,55.7599742],[37.61864448,55.75997418],[37.61864449,55.75997417],[37.61864811,55.75997017],[37.61864811,55.75997017],[37.61857528,55.75994922]]]},"properties":{"type":"apartment","rooms":0,"totalArea":21.999653414637567,"livingArea":16.499740054699025,"apartmentType":999990},"type":"Feature"},{"geometry":{"type":"Polygon","coordinates":[[[37.61857528,55.75994922],[37.61855204,55.7599749],[37.61855204,55.7599749],[37.61862502,55.75999589],[37.61864825,55.75997021],[37.61857528,55.75994922]]]},"properties":{"type":"room","subtype":"apartment","roomType":"STUDIO","area":16.499740054699025},"type":"Feature"},{"geometry":{"type":"Polygon","coordinates":[[[37.61864463,55.75997421],[37.61863664,55.75998305],[37.61866096,55.75999005],[37.61866896,55.75998121],[37.61864463,55.75997421]]]},"properties":{"type":"room","subtype":"apartment","roomType":"JOINT_BATHROOM","area":1.8930817118874406},"type":"Feature"},{"geometry":{"type":"Polygon","coordinates":[[[37.61863664,55.75998305],[37.61862502,55.75999589],[37.61864934,55.76000289],[37.61864934,55.76000289],[37.61866096,55.75999005],[37.61863664,55.75998305]]]},"properties":{"type":"room","subtype":"apartment","roomType":"HALL","area":2.7499566629478216},"type":"Feature"},{"geometry":{"type":"Polygon","coordinates":[[[37.6185331,55.75996816],[37.61855297,55.75997388],[37.61857436,55.75995024],[37.61855448,55.75994452],[37.6185331,55.75996816]]]},"properties":{"type":"room","subtype":"apartment","roomType":"BALCONY","area":4.135256557101153},"type":"Feature"},{"geometry":{"type":"Polygon","coordinates":[[[37.61864581,55.76000086],[37.61865007,55.76000209],[37.61865224,55.75999969],[37.61864798,55.75999846],[37.61864581,55.76000086]]]},"properties":{"type":"room_object","subtype":"room","roomObjectType":"ELECTRICAL_BOX"},"type":"Feature"},{"geometry":{"type":"Polygon","coordinates":[[[37.61852881,55.76000059],[37.6186261,55.76002857],[37.61864565,55.76000697],[37.61862132,55.75999997],[37.6186213,55.75999996],[37.61862128,55.75999995],[37.61862126,55.75999994],[37.61862124,55.75999992],[37.61862124,55.7599999],[37.61862124,55.75999989],[37.61862124,55.75999987],[37.61862125,55.75999985],[37.61862487,55.75999585],[37.61862487,55.75999585],[37.61855204,55.7599749],[37.61855204,55.7599749],[37.61852881,55.76000059]]]},"properties":{"type":"apartment","rooms":0,"totalArea":21.999653726932333,"livingArea":16.499740328582956,"apartmentType":999990},"type":"Feature"},{"geometry":{"type":"Polygon","coordinates":[[[37.61862502,55.75999589],[37.61855204,55.7599749],[37.61855204,55.7599749],[37.61852881,55.76000059],[37.61860178,55.76002158],[37.61862502,55.75999589]]]},"properties":{"type":"room","subtype":"apartment","roomType":"STUDIO","area":16.499740328582956},"type":"Feature"},{"geometry":{"type":"Polygon","coordinates":[[[37.6186134,55.76000873],[37.61863772,55.76001573],[37.61864572,55.76000689],[37.6186214,55.75999989],[37.6186134,55.76000873]]]},"properties":{"type":"room","subtype":"apartment","roomType":"JOINT_BATHROOM","area":1.893081699981486},"type":"Feature"},{"geometry":{"type":"Polygon","coordinates":[[[37.61863772,55.76001573],[37.6186134,55.76000873],[37.61860178,55.76002158],[37.6186261,55.76002857],[37.61863772,55.76001573]]]},"properties":{"type":"room","subtype":"apartment","roomType":"HALL","area":2.7499567040379307},"type":"Feature"},{"geometry":{"type":"Polygon","coordinates":[[[37.61850986,55.75999385],[37.61852973,55.75999956],[37.61855112,55.75997592],[37.61853125,55.75997021],[37.61850986,55.75999385]]]},"properties":{"type":"room","subtype":"apartment","roomType":"BALCONY","area":4.135256667265986},"type":"Feature"},{"geometry":{"type":"Polygon","coordinates":[[[37.61862257,55.76002655],[37.61862683,55.76002777],[37.618629,55.76002537],[37.61862474,55.76002415],[37.61862257,55.76002655]]]},"properties":{"type":"room_object","subtype":"room","roomObjectType":"ELECTRICAL_BOX"},"type":"Feature"},{"geometry":{"type":"Polygon","coordinates":[[[37.61848233,55.76005196],[37.61857963,55.76007994],[37.61857964,55.76007993],[37.61860287,55.76005426],[37.6186261,55.76002857],[37.61859949,55.76002092],[37.61859587,55.76002492],[37.61859585,55.76002493],[37.61859583,55.76002495],[37.6185958,55.76002496],[37.61859578,55.76002496],[37.61859575,55.76002497],[37.61859571,55.76002497],[37.61859568,55.76002496],[37.61859565,55.76002496],[37.61857376,55.76001866],[37.61857374,55.76001865],[37.61857371,55.76001864],[37.6185737,55.76001862],[37.61857368,55.76001861],[37.61857368,55.76001859],[37.61857368,55.76001857],[37.61857368,55.76001856],[37.61857369,55.76001854],[37.61857731,55.76001454],[37.61857731,55.76001454],[37.61852881,55.76000059],[37.61850557,55.76002627],[37.61848233,55.76005196]]]},"properties":{"type":"apartment","rooms":1,"totalArea":43.99930714151177,"livingArea":21.999653573976246,"apartmentType":999991},"type":"Feature"},{"geometry":{"type":"Polygon","coordinates":[[[37.61857746,55.76001458],[37.61853023,55.76000099],[37.61852993,55.76000093],[37.61852963,55.7600009],[37.61852932,55.7600009],[37.61852901,55.76000094],[37.61852872,55.76000101],[37.61852847,55.76000111],[37.61852825,55.76000124],[37.61852808,55.76000139],[37.61850629,55.76002547],[37.61850618,55.76002563],[37.61850612,55.76002581],[37.61850613,55.76002598],[37.6185062,55.76002616],[37.61850632,55.76002632],[37.6185065,55.76002646],[37.61850673,55.76002658],[37.61850699,55.76002668],[37.61855422,55.76004026],[37.61857746,55.76001458]]]},"properties":{"type":"room","subtype":"apartment","roomType":"KITCHEN","area":10.995434010711401},"type":"Feature"},{"geometry":{"type":"Polygon","coordinates":[[[37.61861449,55.76004142],[37.61856584,55.76002742],[37.61855422,55.76004026],[37.61860145,55.76005385],[37.61860174,55.76005391],[37.61860205,55.76005394],[37.61860236,55.76005394],[37.61860266,55.7600539],[37.61860295,55.76005383],[37.61860321,55.76005373],[37.61860342,55.76005361],[37.61860359,55.76005346],[37.61861449,55.76004142]]]},"properties":{"type":"room","subtype":"apartment","roomType":"HALL","area":5.49771699167423},"type":"Feature"},{"geometry":{"type":"Polygon","coordinates":[[[37.61858773,55.76003372],[37.61861449,55.76004142],[37.61862538,55.76002937],[37.61862549,55.76002921],[37.61862555,55.76002904],[37.61862554,55.76002886],[37.61862548,55.76002869],[37.61862535,55.76002853],[37.61862517,55.76002838],[37.61862495,55.76002826],[37.61862468,55.76002816],[37.61859935,55.76002088],[37.61858773,55.76003372]]]},"properties":{"type":"room","subtype":"apartment","roomType":"BATHROOM","area":3.022755994250122},"type":"Feature"},{"geometry":{"type":"Polygon","coordinates":[[[37.61857383,55.76001858],[37.61856584,55.76002742],[37.61858773,55.76003372],[37.61859573,55.76002488],[37.61857383,55.76001858]]]},"properties":{"type":"room","subtype":"apartment","roomType":"TOILET","area":1.7037735249257924},"type":"Feature"},{"geometry":{"type":"Polygon","coordinates":[[[37.61848233,55.76005196],[37.61857963,55.76007994],[37.61857964,55.76007993],[37.61857964,55.76007993],[37.61860287,55.76005426],[37.61850557,55.76002627],[37.61848233,55.76005196]]]},"properties":{"type":"room","subtype":"apartment","roomType":"BEDROOM","area":21.999653573976246},"type":"Feature"},{"geometry":{"type":"Polygon","coordinates":[[[37.61846339,55.76004522],[37.61848326,55.76005093],[37.61850464,55.76002729],[37.61848477,55.76002158],[37.61846339,55.76004522]]]},"properties":{"type":"room","subtype":"apartment","roomType":"BALCONY","area":4.135256612040876},"type":"Feature"},{"geometry":{"type":"Polygon","coordinates":[[[37.61859955,55.76005199],[37.61860381,55.76005322],[37.61860576,55.76005106],[37.6186015,55.76004983],[37.61859955,55.76005199]]]},"properties":{"type":"room_object","subtype":"room","roomObjectType":"ELECTRICAL_BOX"},"type":"Feature"},{"geometry":{"type":"Polygon","coordinates":[[[37.61848233,55.76005196],[37.61845909,55.76007764],[37.6186011,55.76011849],[37.6186011,55.76011849],[37.61860472,55.76011449],[37.61860474,55.76011447],[37.61860476,55.76011446],[37.61860479,55.76011445],[37.61860482,55.76011444],[37.61860485,55.76011444],[37.61860488,55.76011444],[37.61860491,55.76011444],[37.61860494,55.76011445],[37.61863002,55.76012166],[37.61863005,55.76012167],[37.61863007,55.76012168],[37.61863009,55.7601217],[37.6186301,55.76012172],[37.61863011,55.76012173],[37.61863011,55.76012175],[37.6186301,55.76012177],[37.61863009,55.76012178],[37.61862647,55.76012579],[37.61862647,55.76012579],[37.61868208,55.76014178],[37.61868208,55.76014178],[37.61870531,55.76011609],[37.61859382,55.76008403],[37.61848233,55.76005196]]]},"properties":{"type":"apartment","rooms":1,"totalArea":50.4178785633482,"livingArea":25.208938858853195,"apartmentType":999991},"type":"Feature"},{"geometry":{"type":"Polygon","coordinates":[[[37.61864957,55.76010006],[37.61862633,55.76012574],[37.61868066,55.76014137],[37.61868095,55.76014144],[37.61868126,55.76014147],[37.61868157,55.76014146],[37.61868187,55.76014143],[37.61868216,55.76014136],[37.61868242,55.76014125],[37.61868263,55.76014113],[37.6186828,55.76014098],[37.61870459,55.7601169],[37.6187047,55.76011673],[37.61870476,55.76011656],[37.61870475,55.76011638],[37.61870469,55.76011621],[37.61870456,55.76011605],[37.61870438,55.7601159],[37.61870416,55.76011578],[37.61870389,55.76011569],[37.61864957,55.76010006]]]},"properties":{"type":"room","subtype":"apartment","roomType":"KITCHEN","area":12.600077183080137},"type":"Feature"},{"geometry":{"type":"Polygon","coordinates":[[[37.6185822,55.76009687],[37.61863795,55.7601129],[37.61864957,55.76010006],[37.61859524,55.76008443],[37.61859495,55.76008437],[37.61859464,55.76008434],[37.61859433,55.76008434],[37.61859403,55.76008438],[37.61859374,55.76008445],[37.61859348,55.76008455],[37.61859327,55.76008468],[37.6185931,55.76008483],[37.6185822,55.76009687]]]},"properties":{"type":"room","subtype":"apartment","roomType":"HALL","area":6.30003859845142},"type":"Feature"},{"geometry":{"type":"Polygon","coordinates":[[[37.61861286,55.76010569],[37.6185822,55.76009687],[37.61857131,55.76010891],[37.6185712,55.76010907],[37.61857114,55.76010925],[37.61857115,55.76010942],[37.61857121,55.7601096],[37.61857134,55.76010976],[37.61857152,55.7601099],[37.61857174,55.76011002],[37.618572,55.76011012],[37.61860125,55.76011853],[37.61861286,55.76010569]]]},"properties":{"type":"room","subtype":"apartment","roomType":"BATHROOM","area":3.464032712159423},"type":"Feature"},{"geometry":{"type":"Polygon","coordinates":[[[37.61862995,55.76012174],[37.61863795,55.7601129],[37.61861286,55.76010569],[37.61860487,55.76011453],[37.61862995,55.76012174]]]},"properties":{"type":"room","subtype":"apartment","roomType":"TOILET","area":1.95231818144232},"type":"Feature"},{"geometry":{"type":"Polygon","coordinates":[[[37.61848233,55.76005196],[37.61845909,55.76007764],[37.61845909,55.76007764],[37.61857059,55.76010971],[37.61857059,55.76010971],[37.61859382,55.76008403],[37.61848233,55.76005196]]]},"properties":{"type":"room","subtype":"apartment","roomType":"BEDROOM","area":25.208938858853195},"type":"Feature"},{"geometry":{"type":"Polygon","coordinates":[[[37.61844067,55.76007032],[37.61846054,55.76007604],[37.61848141,55.76005298],[37.61846154,55.76004726],[37.61844067,55.76007032]]]},"properties":{"type":"room","subtype":"apartment","roomType":"BALCONY","area":4.034128156356306},"type":"Feature"},{"geometry":{"type":"Polygon","coordinates":[[[37.61862146,55.760095],[37.61862363,55.7600926],[37.61861653,55.76009056],[37.61861436,55.76009296],[37.61862146,55.760095]]]},"properties":{"type":"room_object","subtype":"room","roomObjectType":"ELECTRICAL_BOX"},"type":"Feature"},{"geometry":{"type":"Polygon","coordinates":[[[37.61863125,55.76006242],[37.61860802,55.7600881],[37.61860802,55.76008811],[37.61863463,55.76009576],[37.61863825,55.76009176],[37.61863827,55.76009175],[37.61863829,55.76009173],[37.61863832,55.76009172],[37.61863834,55.76009172],[37.61863838,55.76009171],[37.61863841,55.76009171],[37.61863844,55.76009172],[37.61863847,55.76009172],[37.61866036,55.76009802],[37.61866038,55.76009803],[37.61866041,55.76009804],[37.61866042,55.76009806],[37.61866044,55.76009807],[37.61866044,55.76009809],[37.61866044,55.76009811],[37.61866044,55.76009812],[37.61866043,55.76009814],[37.61865681,55.76010214],[37.61865681,55.76010214],[37.61870531,55.76011609],[37.61872855,55.76009041],[37.61875179,55.76006473],[37.61877503,55.76003904],[37.61867773,55.76001105],[37.61867773,55.76001105],[37.61865449,55.76003674],[37.61863125,55.76006242]]]},"properties":{"type":"apartment","rooms":2,"totalArea":65.99896056862912,"livingArea":38.40193156855865,"apartmentType":999992},"type":"Feature"},{"geometry":{"type":"Polygon","coordinates":[[[37.61865667,55.7601021],[37.61870389,55.76011569],[37.61870419,55.76011575],[37.61870449,55.76011578],[37.61870481,55.76011578],[37.61870511,55.76011574],[37.6187054,55.76011567],[37.61870565,55.76011557],[37.61870587,55.76011544],[37.61870604,55.76011529],[37.61872783,55.76009121],[37.61872794,55.76009105],[37.618728,55.76009087],[37.61872799,55.7600907],[37.61872792,55.76009053],[37.6187278,55.76009036],[37.61872762,55.76009022],[37.6187274,55.7600901],[37.61872713,55.76009],[37.6186799,55.76007642],[37.61865667,55.7601021]]]},"properties":{"type":"room","subtype":"apartment","roomType":"KITCHEN","area":10.995434012689051},"type":"Feature"},{"geometry":{"type":"Polygon","coordinates":[[[37.6186799,55.76007642],[37.61863267,55.76006283],[37.61863238,55.76006277],[37.61863207,55.76006274],[37.61863176,55.76006274],[37.61863146,55.76006278],[37.61863117,55.76006285],[37.61863091,55.76006295],[37.6186307,55.76006308],[37.61863053,55.76006322],[37.61861964,55.76007527],[37.61866828,55.76008926],[37.6186799,55.76007642]]]},"properties":{"type":"room","subtype":"apartment","roomType":"HALL","area":5.497716990573621},"type":"Feature"},{"geometry":{"type":"Polygon","coordinates":[[[37.61863477,55.7600958],[37.61864639,55.76008296],[37.61861964,55.76007527],[37.61860874,55.76008731],[37.61860863,55.76008747],[37.61860857,55.76008764],[37.61860858,55.76008782],[37.61860864,55.76008799],[37.61860877,55.76008815],[37.61860895,55.7600883],[37.61860917,55.76008842],[37.61860944,55.76008852],[37.61863477,55.7600958]]]},"properties":{"type":"room","subtype":"apartment","roomType":"BATHROOM","area":3.022755997064678},"type":"Feature"},{"geometry":{"type":"Polygon","coordinates":[[[37.61864639,55.76008296],[37.61863839,55.7600918],[37.61866029,55.7600981],[37.61866828,55.76008926],[37.61864639,55.76008296]]]},"properties":{"type":"room","subtype":"apartment","roomType":"TOILET","area":1.703773526604398},"type":"Feature"},{"geometry":{"type":"Polygon","coordinates":[[[37.61865599,55.76006954],[37.61872713,55.76009],[37.61872742,55.76009007],[37.61872773,55.7600901],[37.61872804,55.76009009],[37.61872835,55.76009006],[37.61872863,55.76008999],[37.61872889,55.76008989],[37.61872911,55.76008976],[37.61872928,55.76008961],[37.61875106,55.76006553],[37.61875118,55.76006536],[37.61875123,55.76006519],[37.61875123,55.76006501],[37.61875116,55.76006484],[37.61875104,55.76006468],[37.61875086,55.76006453],[37.61875063,55.76006441],[37.61875037,55.76006432],[37.61867923,55.76004385],[37.61865599,55.76006954]]]},"properties":{"type":"room","subtype":"apartment","roomType":"BEDROOM","area":16.40227814309762},"type":"Feature"},{"geometry":{"type":"Polygon","coordinates":[[[37.61865449,55.76003674],[37.61875179,55.76006473],[37.61877503,55.76003904],[37.61877503,55.76003904],[37.61867773,55.76001105],[37.61867773,55.76001105],[37.61865449,55.76003674]]]},"properties":{"type":"room","subtype":"apartment","roomType":"BEDROOM","area":21.99965342546103},"type":"Feature"},{"geometry":{"type":"Polygon","coordinates":[[[37.61863184,55.76006158],[37.61863183,55.76006159],[37.61863172,55.76006175],[37.61863171,55.76006177],[37.61863165,55.76006194],[37.61863165,55.76006196],[37.61863166,55.76006214],[37.61863166,55.76006216],[37.61863173,55.76006233],[37.61863174,55.76006234],[37.61863186,55.76006251],[37.61863188,55.76006252],[37.61863205,55.76006267],[37.61863207,55.76006268],[37.6186323,55.7600628],[37.61863232,55.76006281],[37.61863259,55.76006291],[37.6186326,55.76006291],[37.61865592,55.76006962],[37.61865595,55.76006962],[37.61865598,55.76006963],[37.61865601,55.76006963],[37.61865604,55.76006962],[37.61865607,55.76006962],[37.61865609,55.76006961],[37.61865611,55.76006959],[37.61865613,55.76006958],[37.61867937,55.76004389],[37.61867938,55.76004388],[37.61867939,55.76004386],[37.61867939,55.76004384],[37.61867938,55.76004383],[37.61867937,55.76004381],[37.61867935,55.7600438],[37.61867933,55.76004378],[37.6186793,55.76004377],[37.61865598,55.76003707],[37.61865597,55.76003706],[37.61865568,55.760037],[37.61865565,55.76003699],[37.61865534,55.76003696],[37.61865531,55.76003696],[37.618655,55.76003696],[37.61865497,55.76003697],[37.61865466,55.760037],[37.61865463,55.76003701],[37.61865434,55.76003708],[37.61865432,55.76003709],[37.61865406,55.76003719],[37.61865404,55.7600372],[37.61865382,55.76003733],[37.6186538,55.76003734],[37.61865363,55.76003749],[37.61865363,55.7600375],[37.61863184,55.76006158]]]},"properties":{"type":"room","subtype":"apartment","roomType":"CORRIDOR","area":5.6870793833113},"type":"Feature"},{"geometry":{"type":"Polygon","coordinates":[[[37.61877073,55.76007146],[37.61875086,55.76006575],[37.61872948,55.76008939],[37.61874935,55.7600951],[37.61877073,55.76007146]]]},"properties":{"type":"room","subtype":"apartment","roomType":"BALCONY","area":4.135256610773486},"type":"Feature"},{"geometry":{"type":"Polygon","coordinates":[[[37.61863457,55.76006469],[37.61863031,55.76006346],[37.61862836,55.76006562],[37.61863262,55.76006685],[37.61863457,55.76006469]]]},"properties":{"type":"room_object","subtype":"room","roomObjectType":"ELECTRICAL_BOX"},"type":"Feature"},{"geometry":{"type":"Polygon","coordinates":[[[37.61877503,55.76003904],[37.61877503,55.76003904],[37.61879826,55.76001336],[37.61872543,55.75999241],[37.61872181,55.75999641],[37.61872179,55.75999642],[37.61872177,55.75999644],[37.61872175,55.75999645],[37.61872172,55.75999645],[37.61872169,55.75999646],[37.61872166,55.75999646],[37.61872163,55.75999645],[37.6187216,55.75999645],[37.61869727,55.75998945],[37.61869727,55.75998945],[37.61867773,55.76001105],[37.61867773,55.76001105],[37.61877503,55.76003904]]]},"properties":{"type":"apartment","rooms":0,"totalArea":21.999653717572595,"livingArea":16.499740319846676,"apartmentType":999990},"type":"Feature"},{"geometry":{"type":"Polygon","coordinates":[[[37.61872529,55.75999237],[37.61870205,55.76001805],[37.61877503,55.76003904],[37.61877503,55.76003904],[37.61879826,55.76001336],[37.61872529,55.75999237]]]},"properties":{"type":"room","subtype":"apartment","roomType":"STUDIO","area":16.499740319846676},"type":"Feature"},{"geometry":{"type":"Polygon","coordinates":[[[37.61871367,55.76000521],[37.61872167,55.75999637],[37.61869735,55.75998937],[37.61868935,55.75999821],[37.61871367,55.76000521]]]},"properties":{"type":"room","subtype":"apartment","roomType":"JOINT_BATHROOM","area":1.89308168153401},"type":"Feature"},{"geometry":{"type":"Polygon","coordinates":[[[37.61870205,55.76001805],[37.61871367,55.76000521],[37.61868935,55.75999821],[37.61867773,55.76001105],[37.61867773,55.76001105],[37.61870205,55.76001805]]]},"properties":{"type":"room","subtype":"apartment","roomType":"HALL","area":2.7499567321133256},"type":"Feature"},{"geometry":{"type":"Polygon","coordinates":[[[37.61881721,55.76002009],[37.61879734,55.76001438],[37.61877595,55.76003802],[37.61879582,55.76004373],[37.61881721,55.76002009]]]},"properties":{"type":"room","subtype":"apartment","roomType":"BALCONY","area":4.135256665808337},"type":"Feature"},{"geometry":{"type":"Polygon","coordinates":[[[37.61867845,55.76001025],[37.61868271,55.76001148],[37.61868488,55.76000908],[37.61868062,55.76000785],[37.61867845,55.76001025]]]},"properties":{"type":"room_object","subtype":"room","roomObjectType":"ELECTRICAL_BOX"},"type":"Feature"},{"geometry":{"type":"Polygon","coordinates":[[[37.61887409,55.75995722],[37.61885422,55.75995151],[37.61880116,55.76001015],[37.61882103,55.76001587],[37.61887409,55.75995722]]]},"properties":{"type":"balcony","area":10.259000002599915,"subtype":"service"},"type":"Feature"},{"geometry":{"type":"Polygon","coordinates":[[[37.61870097,55.75998537],[37.61879826,55.76001336],[37.6188215,55.75998767],[37.6187242,55.75995968],[37.61870097,55.75998537]]]},"properties":{"type":"ladder","area":21.999653574588805,"subtype":"service"},"type":"Feature"},{"geometry":{"type":"Polygon","coordinates":[[[37.61875471,55.75996846],[37.6188215,55.75998767],[37.61884474,55.75996199],[37.61885711,55.75994831],[37.61875982,55.75992032],[37.61874744,55.759934],[37.61873941,55.75994288],[37.61874651,55.75994492],[37.61876212,55.75994941],[37.61878483,55.75995594],[37.61880754,55.75996247],[37.61879233,55.75997928],[37.61876962,55.75997275],[37.61875471,55.75996846]]]},"properties":{"type":"corridor","area":23.636807171809732,"subtype":"service"},"type":"Feature"},{"geometry":{"type":"Polygon","coordinates":[[[37.6187313,55.75996173],[37.61874651,55.75994492],[37.61873941,55.75994288],[37.6187242,55.75995968],[37.6187313,55.75996173]]]},"properties":{"type":"heating_meter","area":1.0499999682083017,"subtype":"service"},"type":"Feature"},{"geometry":{"type":"Polygon","coordinates":[[[37.61874691,55.75996622],[37.61876212,55.75994941],[37.61874651,55.75994492],[37.6187313,55.75996173],[37.61874691,55.75996622]]]},"properties":{"type":"elevator","area":2.3100000005471335,"subtype":"service"},"type":"Feature"},{"geometry":{"type":"Polygon","coordinates":[[[37.61876962,55.75997275],[37.61878483,55.75995594],[37.61876212,55.75994941],[37.61874691,55.75996622],[37.61876962,55.75997275]]]},"properties":{"type":"elevator","area":3.3599999991352147,"subtype":"service"},"type":"Feature"},{"geometry":{"type":"Polygon","coordinates":[[[37.61879233,55.75997928],[37.61880754,55.75996247],[37.61878483,55.75995594],[37.61876962,55.75997275],[37.61879233,55.75997928]]]},"properties":{"type":"elevator","area":3.3599999997855483,"subtype":"service"},"type":"Feature"},{"geometry":{"type":"Polygon","coordinates":[[[37.61888686,55.7597799],[37.61885847,55.75977173],[37.61857964,55.76007993],[37.61860802,55.7600881],[37.61888686,55.7597799]]]},"properties":{"type":"corridor","area":77.01885227753132,"subtype":"service"},"type":"Feature"},{"geometry":{"type":"Polygon","coordinates":[[[37.61879019,55.75992401],[37.61878657,55.75992802],[37.61880847,55.75993431],[37.61881209,55.75993031],[37.61879019,55.75992401]]]},"properties":{"type":"ventilation","area":0.7711875005414247,"subtype":"service"},"type":"Feature"},{"geometry":{"type":"Polygon","coordinates":[[[37.61886001,55.75980958],[37.61888433,55.75981657],[37.61888795,55.75981257],[37.61886363,55.75980558],[37.61886363,55.75980558],[37.61886001,55.75980958]]]},"properties":{"type":"ventilation","area":0.856874991932945,"subtype":"service"},"type":"Feature"},{"geometry":{"type":"Polygon","coordinates":[[[37.61886724,55.75980158],[37.61886435,55.75980478],[37.61886424,55.75980494],[37.61886418,55.75980511],[37.61886419,55.75980529],[37.61886425,55.75980546],[37.61886438,55.75980562],[37.61886456,55.75980577],[37.61886478,55.75980589],[37.61886505,55.75980598],[37.61891228,55.75981957],[37.6189159,55.75981557],[37.61886724,55.75980158]]]},"properties":{"type":"ventilation","area":1.7107970604961225,"subtype":"service"},"type":"Feature"},{"geometry":{"type":"Polygon","coordinates":[[[37.61883886,55.75979341],[37.61879466,55.7597807],[37.61879104,55.7597847],[37.61883382,55.759797],[37.61883411,55.75979707],[37.61883442,55.7597971],[37.61883473,55.75979709],[37.61883504,55.75979706],[37.61883532,55.75979699],[37.61883558,55.75979689],[37.61883579,55.75979676],[37.61883596,55.75979661],[37.61883886,55.75979341]]]},"properties":{"type":"ventilation","area":1.554755236464841,"subtype":"service"},"type":"Feature"},{"geometry":{"type":"Polygon","coordinates":[[[37.61880848,55.75978971],[37.61878659,55.75978342],[37.61878297,55.75978742],[37.61880486,55.75979372],[37.61880848,55.75978971]]]},"properties":{"type":"ventilation","area":0.7711874996064201,"subtype":"service"},"type":"Feature"},{"geometry":{"type":"Polygon","coordinates":[[[37.61873515,55.75987077],[37.61873877,55.75986677],[37.61871688,55.75986047],[37.61871326,55.75986447],[37.61873515,55.75987077]]]},"properties":{"type":"ventilation","area":0.7711874991251697,"subtype":"service"},"type":"Feature"},{"geometry":{"type":"Polygon","coordinates":[[[37.6186923,55.75991814],[37.6186704,55.75991184],[37.61866678,55.75991584],[37.61868868,55.75992214],[37.6186923,55.75991814]]]},"properties":{"type":"ventilation","area":0.7711874992037211,"subtype":"service"},"type":"Feature"},{"geometry":{"type":"Polygon","coordinates":[[[37.61866896,55.75998121],[37.61867258,55.7599772],[37.61864825,55.75997021],[37.61864463,55.75997421],[37.61866896,55.75998121]]]},"properties":{"type":"ventilation","area":0.856874986001233,"subtype":"service"},"type":"Feature"},{"geometry":{"type":"Polygon","coordinates":[[[37.6186214,55.75999989],[37.61864572,55.76000689],[37.61864934,55.76000289],[37.61864934,55.76000289],[37.61862502,55.75999589],[37.6186214,55.75999989]]]},"properties":{"type":"ventilation","area":0.8568749944001784,"subtype":"service"},"type":"Feature"},{"geometry":{"type":"Polygon","coordinates":[[[37.61859573,55.76002488],[37.61859935,55.76002088],[37.61857746,55.76001458],[37.61857383,55.76001858],[37.61859573,55.76002488]]]},"properties":{"type":"ventilation","area":0.771187499098986,"subtype":"service"},"type":"Feature"},{"geometry":{"type":"Polygon","coordinates":[[[37.61860487,55.76011453],[37.61860125,55.76011853],[37.61862633,55.76012574],[37.61862995,55.76012174],[37.61860487,55.76011453]]]},"properties":{"type":"ventilation","area":0.8836874779846358,"subtype":"service"},"type":"Feature"},{"geometry":{"type":"Polygon","coordinates":[[[37.61863839,55.7600918],[37.61863477,55.7600958],[37.61865667,55.7601021],[37.61866029,55.7600981],[37.61863839,55.7600918]]]},"properties":{"type":"ventilation","area":0.7711875006920219,"subtype":"service"},"type":"Feature"},{"geometry":{"type":"Polygon","coordinates":[[[37.61869735,55.75998937],[37.61872167,55.75999637],[37.61872529,55.75999237],[37.61870097,55.75998537],[37.61869735,55.75998937]]]},"properties":{"type":"ventilation","area":0.8568749850211587,"subtype":"service"},"type":"Feature"},{"geometry":{"type":"Polygon","coordinates":[[[37.61912933,55.75951188],[37.61910497,55.7595388],[37.61913996,55.75954887],[37.61914358,55.75954487],[37.6191436,55.75954485],[37.61914362,55.75954484],[37.61914364,55.75954483],[37.61914367,55.75954482],[37.6191437,55.75954482],[37.61914374,55.75954482],[37.61914377,55.75954482],[37.61914379,55.75954483],[37.61917254,55.75955309],[37.61917256,55.7595531],[37.61917259,55.75955312],[37.6191726,55.75955313],[37.61917262,55.75955315],[37.61917262,55.75955316],[37.61917262,55.75955318],[37.61917262,55.7595532],[37.61917261,55.75955321],[37.61916899,55.75955722],[37.61916899,55.75955722],[37.61923272,55.75957555],[37.61923272,55.75957555],[37.61925707,55.75954862],[37.61928143,55.7595217],[37.61930579,55.75949477],[37.61917805,55.75945803],[37.61917805,55.75945803],[37.61915369,55.75948495],[37.61912933,55.75951188]]]},"properties":{"type":"apartment","rooms":2,"totalArea":90.83571429006342,"livingArea":54.328821543254065,"apartmentType":999992},"type":"Feature"},{"geometry":{"type":"Polygon","coordinates":[[[37.6191932,55.75953025],[37.61916884,55.75955718],[37.6192313,55.75957514],[37.61923159,55.7595752],[37.61923189,55.75957523],[37.61923221,55.75957523],[37.61923251,55.75957519],[37.6192328,55.75957512],[37.61923305,55.75957502],[37.61923327,55.7595749],[37.61923344,55.75957475],[37.61925635,55.75954942],[37.61925646,55.75954926],[37.61925652,55.75954909],[37.61925651,55.75954891],[37.61925645,55.75954874],[37.61925632,55.75954858],[37.61925614,55.75954843],[37.61925592,55.75954831],[37.61925565,55.75954821],[37.6191932,55.75953025]]]},"properties":{"type":"room","subtype":"apartment","roomType":"KITCHEN","area":15.134892942262184},"type":"Feature"},{"geometry":{"type":"Polygon","coordinates":[[[37.6191932,55.75953025],[37.61913075,55.75951229],[37.61913046,55.75951222],[37.61913015,55.75951219],[37.61912984,55.75951219],[37.61912954,55.75951223],[37.61912925,55.7595123],[37.61912899,55.7595124],[37.61912878,55.75951253],[37.61912861,55.75951268],[37.61911715,55.75952534],[37.61918102,55.75954371],[37.6191932,55.75953025]]]},"properties":{"type":"room","subtype":"apartment","roomType":"HALL","area":7.567446450993617},"type":"Feature"},{"geometry":{"type":"Polygon","coordinates":[[[37.61911715,55.75952534],[37.6191057,55.759538],[37.61910558,55.75953817],[37.61910553,55.75953834],[37.61910553,55.75953852],[37.6191056,55.75953869],[37.61910573,55.75953885],[37.6191059,55.75953899],[37.61910613,55.75953912],[37.61910639,55.75953921],[37.6191401,55.75954891],[37.61915228,55.75953545],[37.61911715,55.75952534]]]},"properties":{"type":"room","subtype":"apartment","roomType":"BATHROOM","area":4.161107199586466},"type":"Feature"},{"geometry":{"type":"Polygon","coordinates":[[[37.61915228,55.75953545],[37.61914372,55.75954491],[37.61917246,55.75955317],[37.61918102,55.75954371],[37.61915228,55.75953545]]]},"properties":{"type":"room","subtype":"apartment","roomType":"TOILET","area":2.3938392852575388},"type":"Feature"},{"geometry":{"type":"Polygon","coordinates":[[[37.61928071,55.7595225],[37.61928082,55.75952233],[37.61928088,55.75952216],[37.61928087,55.75952198],[37.61928081,55.75952181],[37.61928068,55.75952165],[37.6192805,55.75952151],[37.61928028,55.75952138],[37.61928001,55.75952129],[37.61917995,55.75949251],[37.61915559,55.75951943],[37.61925565,55.75954821],[37.61925595,55.75954828],[37.61925625,55.75954831],[37.61925657,55.75954831],[37.61925687,55.75954827],[37.61925716,55.7595482],[37.61925741,55.7595481],[37.61925763,55.75954797],[37.6192578,55.75954782],[37.61928071,55.7595225]]]},"properties":{"type":"room","subtype":"apartment","roomType":"BEDROOM","area":24.05024991227466},"type":"Feature"},{"geometry":{"type":"Polygon","coordinates":[[[37.61915369,55.75948495],[37.61928143,55.7595217],[37.61930579,55.75949477],[37.61930579,55.75949477],[37.61917805,55.75945803],[37.61917805,55.75945803],[37.61915369,55.75948495],[37.61915369,55.75948495]]]},"properties":{"type":"room","subtype":"apartment","roomType":"BEDROOM","area":30.278571630979407},"type":"Feature"},{"geometry":{"type":"Polygon","coordinates":[[[37.61915552,55.75951951],[37.61915555,55.75951952],[37.61915558,55.75951952],[37.61915561,55.75951952],[37.61915564,55.75951952],[37.61915567,55.75951951],[37.61915569,55.7595195],[37.61915572,55.75951949],[37.61915573,55.75951947],[37.61918009,55.75949255],[37.6191801,55.75949253],[37.61918011,55.75949251],[37.61918011,55.7594925],[37.6191801,55.75949248],[37.61918009,55.75949246],[37.61918007,55.75949245],[37.61918005,55.75949244],[37.61918002,55.75949243],[37.61915518,55.75948528],[37.61915517,55.75948528],[37.61915488,55.75948521],[37.61915485,55.75948521],[37.61915454,55.75948518],[37.61915451,55.75948518],[37.6191542,55.75948518],[37.61915417,55.75948518],[37.61915386,55.75948522],[37.61915383,55.75948522],[37.61915354,55.7594853],[37.61915352,55.7594853],[37.61915326,55.7594854],[37.61915324,55.75948542],[37.61915302,55.75948554],[37.619153,55.75948556],[37.61915283,55.7594857],[37.61915283,55.75948571],[37.61912991,55.75951104],[37.61912991,55.75951105],[37.61912979,55.75951121],[37.61912979,55.75951123],[37.61912973,55.7595114],[37.61912973,55.75951142],[37.61912973,55.75951159],[37.61912974,55.75951161],[37.6191298,55.75951178],[37.61912981,55.7595118],[37.61912994,55.75951196],[37.61912995,55.75951198],[37.61913013,55.75951212],[37.61913015,55.75951213],[37.61913038,55.75951226],[37.6191304,55.75951227],[37.61913067,55.75951236],[37.61913068,55.75951237],[37.61915552,55.75951951]]]},"properties":{"type":"room","subtype":"apartment","roomType":"CORRIDOR","area":6.323270273132338},"type":"Feature"},{"geometry":{"type":"Polygon","coordinates":[[[37.61927602,55.75955536],[37.61925615,55.75954964],[37.61923364,55.75957453],[37.61925351,55.75958024],[37.61927602,55.75955536]]]},"properties":{"type":"room","subtype":"apartment","roomType":"BALCONY","area":4.352256612706444},"type":"Feature"},{"geometry":{"type":"Polygon","coordinates":[[[37.61930038,55.75952844],[37.61928051,55.75952272],[37.619258,55.7595476],[37.61927787,55.75955332],[37.61930038,55.75952844]]]},"properties":{"type":"room","subtype":"apartment","roomType":"BALCONY","area":4.352256557536829},"type":"Feature"},{"geometry":{"type":"Polygon","coordinates":[[[37.61913265,55.75951414],[37.61912839,55.75951292],[37.61912644,55.75951508],[37.61913069,55.7595163],[37.61913265,55.75951414]]]},"properties":{"type":"room_object","subtype":"room","roomObjectType":"ELECTRICAL_BOX"},"type":"Feature"},{"geometry":{"type":"Polygon","coordinates":[[[37.61920241,55.7594311],[37.61917805,55.75945803],[37.61921304,55.75946809],[37.61921666,55.75946409],[37.61921667,55.75946408],[37.6192167,55.75946406],[37.61921672,55.75946405],[37.61921675,55.75946405],[37.61921678,55.75946404],[37.61921681,55.75946404],[37.61921684,55.75946404],[37.61921687,55.75946405],[37.61924561,55.75947232],[37.61924564,55.75947233],[37.61924566,55.75947234],[37.61924568,55.75947235],[37.61924569,55.75947237],[37.6192457,55.75947239],[37.6192457,55.75947241],[37.61924569,55.75947242],[37.61924568,55.75947244],[37.61924206,55.75947644],[37.61924206,55.75947644],[37.61930579,55.75949477],[37.61930579,55.75949477],[37.61933015,55.75946785],[37.61937887,55.759414],[37.61923693,55.75937317],[37.61923693,55.75937317],[37.61921257,55.75940009],[37.61922676,55.75940419],[37.61920241,55.7594311]]]},"properties":{"type":"apartment","rooms":2,"totalArea":94.20049945974272,"livingArea":57.69333635437806,"apartmentType":999992},"type":"Feature"},{"geometry":{"type":"Polygon","coordinates":[[[37.61924192,55.7594764],[37.61930437,55.75949436],[37.61930466,55.75949443],[37.61930497,55.75949446],[37.61930528,55.75949446],[37.61930559,55.75949442],[37.61930587,55.75949435],[37.61930613,55.75949425],[37.61930635,55.75949412],[37.61930652,55.75949397],[37.61932943,55.75946865],[37.61932954,55.75946848],[37.6193296,55.75946831],[37.61932959,55.75946813],[37.61932952,55.75946796],[37.6193294,55.7594678],[37.61932922,55.75946766],[37.61932899,55.75946753],[37.61932873,55.75946744],[37.61926628,55.75944947],[37.61924192,55.7594764]]]},"properties":{"type":"room","subtype":"apartment","roomType":"KITCHEN","area":15.134892803257337},"type":"Feature"},{"geometry":{"type":"Polygon","coordinates":[[[37.6192541,55.75946294],[37.61926628,55.75944947],[37.61920383,55.75943151],[37.61920354,55.75943145],[37.61920323,55.75943142],[37.61920292,55.75943142],[37.61920261,55.75943146],[37.61920233,55.75943153],[37.61920207,55.75943163],[37.61920185,55.75943175],[37.61920168,55.7594319],[37.61919023,55.75944457],[37.6192541,55.75946294]]]},"properties":{"type":"room","subtype":"apartment","roomType":"HALL","area":7.567446444183813},"type":"Feature"},{"geometry":{"type":"Polygon","coordinates":[[[37.61921318,55.75946813],[37.61922536,55.75945467],[37.61919023,55.75944457],[37.61917877,55.75945723],[37.61917866,55.75945739],[37.61917861,55.75945756],[37.61917861,55.75945774],[37.61917868,55.75945791],[37.6191788,55.75945807],[37.61917898,55.75945822],[37.61917921,55.75945834],[37.61917947,55.75945844],[37.61921318,55.75946813]]]},"properties":{"type":"room","subtype":"apartment","roomType":"BATHROOM","area":4.161107180007155},"type":"Feature"},{"geometry":{"type":"Polygon","coordinates":[[[37.61924554,55.7594724],[37.6192541,55.75946294],[37.61922536,55.75945467],[37.6192168,55.75946413],[37.61924554,55.7594724]]]},"properties":{"type":"room","subtype":"apartment","roomType":"TOILET","area":2.3938392483211945},"type":"Feature"},{"geometry":{"type":"Polygon","coordinates":[[[37.61922867,55.75943866],[37.61932873,55.75946744],[37.61932902,55.7594675],[37.61932933,55.75946753],[37.61932964,55.75946753],[37.61932995,55.75946749],[37.61933023,55.75946742],[37.61933049,55.75946732],[37.61933071,55.75946719],[37.61933087,55.75946705],[37.61935379,55.75944172],[37.6193539,55.75944156],[37.61935395,55.75944138],[37.61935395,55.75944121],[37.61935388,55.75944104],[37.61935376,55.75944087],[37.61935358,55.75944073],[37.61935335,55.75944061],[37.61935309,55.75944051],[37.61925302,55.75941173],[37.61922867,55.75943866]]]},"properties":{"type":"room","subtype":"apartment","roomType":"BEDROOM","area":24.05047975194424},"type":"Feature"},{"geometry":{"type":"Polygon","coordinates":[[[37.61935451,55.75944092],[37.61921257,55.75940009],[37.61921257,55.75940009],[37.61923693,55.75937317],[37.61923693,55.75937317],[37.61937887,55.759414],[37.61937887,55.759414],[37.61935451,55.75944092],[37.61935451,55.75944092]]]},"properties":{"type":"room","subtype":"apartment","roomType":"BEDROOM","area":33.642856602433824},"type":"Feature"},{"geometry":{"type":"Polygon","coordinates":[[[37.61920299,55.75943026],[37.61920298,55.75943027],[37.61920287,55.75943043],[37.61920286,55.75943045],[37.61920281,55.75943062],[37.6192028,55.75943064],[37.61920281,55.75943082],[37.61920281,55.75943083],[37.61920288,55.75943101],[37.61920289,55.75943102],[37.61920302,55.75943118],[37.61920303,55.7594312],[37.61920321,55.75943134],[37.61920323,55.75943136],[37.61920345,55.75943148],[37.61920348,55.75943149],[37.61920374,55.75943159],[37.61920376,55.75943159],[37.6192286,55.75943874],[37.61922863,55.75943874],[37.61922866,55.75943875],[37.61922869,55.75943875],[37.61922872,55.75943874],[37.61922875,55.75943873],[37.61922877,55.75943872],[37.61922879,55.75943871],[37.61922881,55.7594387],[37.61925316,55.75941177],[37.61925318,55.75941175],[37.61925318,55.75941174],[37.61925318,55.75941172],[37.61925317,55.7594117],[37.61925316,55.75941169],[37.61925314,55.75941167],[37.61925312,55.75941166],[37.61925309,55.75941165],[37.61922826,55.75940451],[37.61922825,55.7594045],[37.61922795,55.75940444],[37.61922792,55.75940443],[37.61922762,55.7594044],[37.61922759,55.7594044],[37.61922727,55.7594044],[37.61922724,55.75940441],[37.61922694,55.75940444],[37.61922691,55.75940445],[37.61922662,55.75940452],[37.61922659,55.75940453],[37.61922634,55.75940463],[37.61922631,55.75940464],[37.6192261,55.75940477],[37.61922608,55.75940478],[37.61922591,55.75940493],[37.6192259,55.75940494],[37.61920299,55.75943026]]]},"properties":{"type":"room","subtype":"apartment","roomType":"CORRIDOR","area":6.323039460489726},"type":"Feature"},{"geometry":{"type":"Polygon","coordinates":[[[37.61937346,55.75944766],[37.61935358,55.75944194],[37.61933108,55.75946682],[37.61935095,55.75947254],[37.61937346,55.75944766]]]},"properties":{"type":"room","subtype":"apartment","roomType":"BALCONY","area":4.3522566677768735},"type":"Feature"},{"geometry":{"type":"Polygon","coordinates":[[[37.61939729,55.75942131],[37.61937742,55.7594156],[37.61935543,55.7594399],[37.61937531,55.75944561],[37.61939729,55.75942131]]]},"properties":{"type":"room","subtype":"apartment","roomType":"BALCONY","area":4.251128156918629},"type":"Feature"},{"geometry":{"type":"Polygon","coordinates":[[[37.61920573,55.75943337],[37.61920147,55.75943214],[37.61919951,55.7594343],[37.61920377,55.75943553],[37.61920573,55.75943337]]]},"properties":{"type":"room_object","subtype":"room","roomObjectType":"ELECTRICAL_BOX"},"type":"Feature"},{"geometry":{"type":"Polygon","coordinates":[[[37.61920131,55.75936292],[37.619095,55.75933234],[37.619095,55.75933234],[37.61907064,55.75935927],[37.61907064,55.75935927],[37.61921257,55.75940009],[37.61921257,55.75940009],[37.61923324,55.75937725],[37.61919776,55.75936704],[37.61919773,55.75936703],[37.61919771,55.75936702],[37.61919769,55.75936701],[37.61919768,55.75936699],[37.61919767,55.75936697],[37.61919767,55.75936696],[37.61919768,55.75936694],[37.61919769,55.75936692],[37.61920131,55.75936292]]]},"properties":{"type":"apartment","rooms":0,"totalArea":33.64285767863056,"livingArea":25.232143358876836,"apartmentType":999990},"type":"Feature"},{"geometry":{"type":"Polygon","coordinates":[[[37.61917709,55.75938989],[37.61920145,55.75936296],[37.619095,55.75933234],[37.619095,55.75933234],[37.61907064,55.75935927],[37.61907064,55.75935927],[37.61917709,55.75938989]]]},"properties":{"type":"room","subtype":"apartment","roomType":"STUDIO","area":25.232143358876836},"type":"Feature"},{"geometry":{"type":"Polygon","coordinates":[[[37.61922475,55.75938663],[37.61923331,55.75937717],[37.61919783,55.75936696],[37.61918927,55.75937643],[37.61922475,55.75938663]]]},"properties":{"type":"room","subtype":"apartment","roomType":"JOINT_BATHROOM","area":2.9553572652326556},"type":"Feature"},{"geometry":{"type":"Polygon","coordinates":[[[37.61918927,55.75937643],[37.61917709,55.75938989],[37.61921257,55.75940009],[37.61921257,55.75940009],[37.61922475,55.75938663],[37.61918927,55.75937643]]]},"properties":{"type":"room","subtype":"apartment","roomType":"HALL","area":4.2053570550330575},"type":"Feature"},{"geometry":{"type":"Polygon","coordinates":[[[37.61905169,55.75935253],[37.61907156,55.75935825],[37.61909355,55.75933394],[37.61907368,55.75932823],[37.61905169,55.75935253]]]},"properties":{"type":"room","subtype":"apartment","roomType":"BALCONY","area":4.2511284554602655},"type":"Feature"},{"geometry":{"type":"Polygon","coordinates":[[[37.61899756,55.75944004],[37.6191253,55.75947679],[37.61914966,55.75944986],[37.61917402,55.75942294],[37.61919838,55.75939601],[37.61916339,55.75938595],[37.61915977,55.75938995],[37.61915976,55.75938996],[37.61915974,55.75938998],[37.61915971,55.75938999],[37.61915968,55.75938999],[37.61915965,55.75939],[37.61915962,55.75939],[37.61915959,55.75939],[37.61915956,55.75938999],[37.61913082,55.75938172],[37.61913079,55.75938171],[37.61913077,55.7593817],[37.61913075,55.75938169],[37.61913074,55.75938167],[37.61913073,55.75938165],[37.61913073,55.75938163],[37.61913074,55.75938162],[37.61913075,55.7593816],[37.61913437,55.7593776],[37.61913437,55.7593776],[37.61907064,55.75935927],[37.61907064,55.75935927],[37.61904628,55.75938619],[37.61902192,55.75941312],[37.61899756,55.75944004]]]},"properties":{"type":"apartment","rooms":2,"totalArea":90.83571409445858,"livingArea":54.328821517069684,"apartmentType":999992},"type":"Feature"},{"geometry":{"type":"Polygon","coordinates":[[[37.619047,55.75938539],[37.61904689,55.75938556],[37.61904684,55.75938573],[37.61904684,55.75938591],[37.61904691,55.75938608],[37.61904703,55.75938624],[37.61904721,55.75938638],[37.61904744,55.75938651],[37.6190477,55.7593866],[37.61911015,55.75940457],[37.61913451,55.75937764],[37.61907206,55.75935968],[37.61907177,55.75935961],[37.61907146,55.75935958],[37.61907115,55.75935958],[37.61907084,55.75935962],[37.61907056,55.75935969],[37.6190703,55.75935979],[37.61907008,55.75935992],[37.61906992,55.75936007],[37.619047,55.75938539]]]},"properties":{"type":"room","subtype":"apartment","roomType":"KITCHEN","area":15.134892801507382},"type":"Feature"},{"geometry":{"type":"Polygon","coordinates":[[[37.6191862,55.75940947],[37.61912233,55.7593911],[37.61911015,55.75940457],[37.6191726,55.75942253],[37.61917289,55.75942259],[37.6191732,55.75942262],[37.61917351,55.75942262],[37.61917382,55.75942258],[37.6191741,55.75942251],[37.61917436,55.75942241],[37.61917458,55.75942229],[37.61917475,55.75942214],[37.6191862,55.75940947]]]},"properties":{"type":"room","subtype":"apartment","roomType":"HALL","area":7.56744644475484},"type":"Feature"},{"geometry":{"type":"Polygon","coordinates":[[[37.61915107,55.75939937],[37.6191862,55.75940947],[37.61919766,55.75939681],[37.61919777,55.75939665],[37.61919783,55.75939647],[37.61919782,55.7593963],[37.61919775,55.75939613],[37.61919763,55.75939597],[37.61919745,55.75939582],[37.61919722,55.7593957],[37.61919696,55.7593956],[37.61916325,55.75938591],[37.61915107,55.75939937]]]},"properties":{"type":"room","subtype":"apartment","roomType":"BATHROOM","area":4.1611071803923325},"type":"Feature"},{"geometry":{"type":"Polygon","coordinates":[[[37.61915963,55.75938991],[37.61913089,55.75938164],[37.61912233,55.7593911],[37.61915107,55.75939937],[37.61915963,55.75938991]]]},"properties":{"type":"room","subtype":"apartment","roomType":"TOILET","area":2.393839265245719},"type":"Feature"},{"geometry":{"type":"Polygon","coordinates":[[[37.61912341,55.75944231],[37.61914776,55.75941538],[37.6190477,55.7593866],[37.61904741,55.75938654],[37.6190471,55.75938651],[37.61904679,55.75938651],[37.61904648,55.75938655],[37.6190462,55.75938662],[37.61904594,55.75938672],[37.61904572,55.75938685],[37.61904556,55.75938699],[37.61902265,55.75941232],[37.61902253,55.75941248],[37.61902248,55.75941266],[37.61902248,55.75941283],[37.61902255,55.759413],[37.61902267,55.75941316],[37.61902285,55.75941331],[37.61902308,55.75941343],[37.61902334,55.75941353],[37.61912341,55.75944231]]]},"properties":{"type":"room","subtype":"apartment","roomType":"BEDROOM","area":24.050250276760792},"type":"Feature"},{"geometry":{"type":"Polygon","coordinates":[[[37.61899756,55.75944004],[37.6191253,55.75947679],[37.61914966,55.75944986],[37.61914966,55.75944986],[37.61902192,55.75941312],[37.61902192,55.75941312],[37.61899756,55.75944004],[37.61899756,55.75944004]]]},"properties":{"type":"room","subtype":"apartment","roomType":"BEDROOM","area":30.278571240308892},"type":"Feature"},{"geometry":{"type":"Polygon","coordinates":[[[37.61914784,55.7594153],[37.61914781,55.7594153],[37.61914778,55.75941529],[37.61914775,55.75941529],[37.61914771,55.7594153],[37.61914769,55.75941531],[37.61914766,55.75941532],[37.61914764,55.75941533],[37.61914762,55.75941534],[37.61912326,55.75944227],[37.61912325,55.75944229],[37.61912325,55.7594423],[37.61912325,55.75944232],[37.61912325,55.75944234],[37.61912327,55.75944235],[37.61912328,55.75944237],[37.61912331,55.75944238],[37.61912333,55.75944239],[37.61914817,55.75944953],[37.61914819,55.75944954],[37.61914848,55.7594496],[37.61914851,55.75944961],[37.61914881,55.75944964],[37.61914885,55.75944964],[37.61914916,55.75944964],[37.61914919,55.75944963],[37.61914949,55.7594496],[37.61914952,55.75944959],[37.61914981,55.75944952],[37.61914984,55.75944951],[37.61915009,55.75944941],[37.61915012,55.7594494],[37.61915033,55.75944927],[37.61915035,55.75944926],[37.61915052,55.75944911],[37.61915053,55.7594491],[37.61917344,55.75942378],[37.61917345,55.75942377],[37.61917356,55.75942361],[37.61917357,55.75942359],[37.61917362,55.75942342],[37.61917363,55.7594234],[37.61917362,55.75942322],[37.61917362,55.7594232],[37.61917355,55.75942303],[37.61917354,55.75942302],[37.61917342,55.75942285],[37.6191734,55.75942284],[37.61917322,55.75942269],[37.6191732,55.75942268],[37.61917298,55.75942256],[37.61917295,55.75942255],[37.61917269,55.75942245],[37.61917267,55.75942245],[37.61914784,55.7594153]]]},"properties":{"type":"room","subtype":"apartment","roomType":"CORRIDOR","area":6.323270301992692},"type":"Feature"},{"geometry":{"type":"Polygon","coordinates":[[[37.61900298,55.75940638],[37.61902285,55.7594121],[37.61904536,55.75938722],[37.61902548,55.7593815],[37.61900298,55.75940638]]]},"properties":{"type":"room","subtype":"apartment","roomType":"BALCONY","area":4.352256667677686},"type":"Feature"},{"geometry":{"type":"Polygon","coordinates":[[[37.61917071,55.75942067],[37.61917496,55.7594219],[37.61917692,55.75941974],[37.61917266,55.75941851],[37.61917071,55.75942067]]]},"properties":{"type":"room_object","subtype":"room","roomObjectType":"ELECTRICAL_BOX"},"type":"Feature"},{"geometry":{"type":"Polygon","coordinates":[[[37.6189732,55.75946697],[37.6189732,55.75946697],[37.61910095,55.75950371],[37.61910095,55.75950371],[37.61912161,55.75948087],[37.61908968,55.75947168],[37.61908965,55.75947167],[37.61908963,55.75947166],[37.61908961,55.75947165],[37.6190896,55.75947163],[37.61908959,55.75947161],[37.61908959,55.7594716],[37.6190896,55.75947158],[37.61908961,55.75947156],[37.61909323,55.75946756],[37.61909323,55.75946756],[37.61899756,55.75944004],[37.6189732,55.75946697]]]},"properties":{"type":"apartment","rooms":0,"totalArea":30.27857162198744,"livingArea":22.7089287541765,"apartmentType":999990},"type":"Feature"},{"geometry":{"type":"Polygon","coordinates":[[[37.61909337,55.7594676],[37.61899756,55.75944004],[37.6189732,55.75946697],[37.6189732,55.75946697],[37.61906901,55.75949453],[37.61909337,55.7594676]]]},"properties":{"type":"room","subtype":"apartment","roomType":"STUDIO","area":22.7089287541765},"type":"Feature"},{"geometry":{"type":"Polygon","coordinates":[[[37.61912168,55.75948079],[37.61908975,55.7594716],[37.61908119,55.75948106],[37.61911312,55.75949025],[37.61912168,55.75948079]]]},"properties":{"type":"room","subtype":"apartment","roomType":"JOINT_BATHROOM","area":2.6598214870166235},"type":"Feature"},{"geometry":{"type":"Polygon","coordinates":[[[37.61908119,55.75948106],[37.61906901,55.75949453],[37.61910095,55.75950371],[37.61910095,55.75950371],[37.61911312,55.75949025],[37.61908119,55.75948106]]]},"properties":{"type":"room","subtype":"apartment","roomType":"HALL","area":3.7848213947484783},"type":"Feature"},{"geometry":{"type":"Polygon","coordinates":[[[37.61895426,55.75946023],[37.61897413,55.75946595],[37.61899664,55.75944107],[37.61897677,55.75943535],[37.61895426,55.75946023]]]},"properties":{"type":"room","subtype":"apartment","roomType":"BALCONY","area":4.352256667677686},"type":"Feature"},{"geometry":{"type":"Polygon","coordinates":[[[37.61909741,55.75950169],[37.61910167,55.75950291],[37.61910384,55.75950051],[37.61909958,55.75949929],[37.61909741,55.75950169]]]},"properties":{"type":"room_object","subtype":"room","roomObjectType":"ELECTRICAL_BOX"},"type":"Feature"},{"geometry":{"type":"Polygon","coordinates":[[[37.61906887,55.75949449],[37.6189732,55.75946697],[37.6189732,55.75946697],[37.61894884,55.75949389],[37.61894884,55.75949389],[37.61907659,55.75953064],[37.61907659,55.75953064],[37.61909725,55.75950779],[37.61906532,55.75949861],[37.61906529,55.7594986],[37.61906527,55.75949859],[37.61906525,55.75949857],[37.61906524,55.75949856],[37.61906523,55.75949854],[37.61906523,55.75949852],[37.61906524,55.7594985],[37.61906525,55.75949849],[37.61906887,55.75949449],[37.61906887,55.75949449]]]},"properties":{"type":"apartment","rooms":0,"totalArea":30.278571426904783,"livingArea":22.708928583454416,"apartmentType":999990},"type":"Feature"},{"geometry":{"type":"Polygon","coordinates":[[[37.61906901,55.75949453],[37.6189732,55.75946697],[37.6189732,55.75946697],[37.61894884,55.75949389],[37.61894884,55.75949389],[37.61904465,55.75952145],[37.61906901,55.75949453]]]},"properties":{"type":"room","subtype":"apartment","roomType":"STUDIO","area":22.708928583454416},"type":"Feature"},{"geometry":{"type":"Polygon","coordinates":[[[37.61905683,55.75950799],[37.61908877,55.75951718],[37.61909732,55.75950771],[37.61906539,55.75949853],[37.61905683,55.75950799]]]},"properties":{"type":"room","subtype":"apartment","roomType":"JOINT_BATHROOM","area":2.659821455257356},"type":"Feature"},{"geometry":{"type":"Polygon","coordinates":[[[37.61905683,55.75950799],[37.61904465,55.75952145],[37.61907659,55.75953064],[37.61907659,55.75953064],[37.61908877,55.75951718],[37.61905683,55.75950799]]]},"properties":{"type":"room","subtype":"apartment","roomType":"HALL","area":3.7848214106609985},"type":"Feature"},{"geometry":{"type":"Polygon","coordinates":[[[37.6189299,55.75948716],[37.61894977,55.75949287],[37.61897228,55.75946799],[37.61895241,55.75946228],[37.6189299,55.75948716]]]},"properties":{"type":"room","subtype":"apartment","roomType":"BALCONY","area":4.352256612706444},"type":"Feature"},{"geometry":{"type":"Polygon","coordinates":[[[37.61907305,55.75952861],[37.61907731,55.75952984],[37.61907948,55.75952744],[37.61907522,55.75952621],[37.61907305,55.75952861]]]},"properties":{"type":"room_object","subtype":"room","roomObjectType":"ELECTRICAL_BOX"},"type":"Feature"},{"geometry":{"type":"Polygon","coordinates":[[[37.61887577,55.75957467],[37.61885141,55.7596016],[37.61895275,55.75963075],[37.61895637,55.75962674],[37.61895639,55.75962673],[37.61895641,55.75962672],[37.61895643,55.75962671],[37.61895646,55.7596267],[37.61895649,55.7596267],[37.61895652,55.7596267],[37.61895656,55.7596267],[37.61895658,55.75962671],[37.61898284,55.75963426],[37.61898284,55.75963426],[37.61900351,55.75961141],[37.61902787,55.75958449],[37.61905223,55.75955756],[37.61907217,55.75953552],[37.61907217,55.75953552],[37.6190083,55.75951715],[37.61900827,55.75951714],[37.61900825,55.75951713],[37.61900823,55.75951711],[37.61900822,55.7595171],[37.61900821,55.75951708],[37.61900821,55.75951706],[37.61900822,55.75951704],[37.61900823,55.75951703],[37.61901257,55.75951223],[37.61901257,55.75951223],[37.61894884,55.75949389],[37.61894884,55.75949389],[37.61892449,55.75952082],[37.61890013,55.75954774],[37.61887577,55.75957467]]]},"properties":{"type":"apartment","rooms":3,"totalArea":121.11428570787886,"livingArea":72.15075029441452,"apartmentType":999993},"type":"Feature"},{"geometry":{"type":"Polygon","coordinates":[[[37.61901272,55.75951227],[37.61895026,55.7594943],[37.61894997,55.75949424],[37.61894967,55.75949421],[37.61894935,55.75949421],[37.61894905,55.75949425],[37.61894876,55.75949432],[37.61894851,55.75949442],[37.61894829,55.75949455],[37.61894812,55.75949469],[37.61892521,55.75952002],[37.6189251,55.75952018],[37.61892504,55.75952036],[37.61892505,55.75952053],[37.61892511,55.7595207],[37.61892524,55.75952087],[37.61892542,55.75952101],[37.61892564,55.75952113],[37.6189259,55.75952123],[37.61898836,55.75953919],[37.61901272,55.75951227]]]},"properties":{"type":"room","subtype":"apartment","roomType":"KITCHEN","area":15.134892940048056},"type":"Feature"},{"geometry":{"type":"Polygon","coordinates":[[[37.61900054,55.75952573],[37.61898836,55.75953919],[37.61905081,55.75955716],[37.6190511,55.75955722],[37.61905141,55.75955725],[37.61905172,55.75955725],[37.61905202,55.75955721],[37.61905231,55.75955714],[37.61905257,55.75955704],[37.61905278,55.75955691],[37.61905295,55.75955676],[37.61906441,55.7595441],[37.61900054,55.75952573]]]},"properties":{"type":"room","subtype":"apartment","roomType":"HALL","area":7.567446456133548},"type":"Feature"},{"geometry":{"type":"Polygon","coordinates":[[[37.61907224,55.75953544],[37.61900837,55.75951707],[37.61900054,55.75952573],[37.61906441,55.7595441],[37.61907224,55.75953544]]]},"properties":{"type":"room","subtype":"apartment","roomType":"JOINT_BATHROOM","area":4.869642968961763},"type":"Feature"},{"geometry":{"type":"Polygon","coordinates":[[[37.61902597,55.75955001],[37.6189259,55.75952123],[37.61892561,55.75952116],[37.61892531,55.75952113],[37.61892499,55.75952114],[37.61892469,55.75952117],[37.6189244,55.75952124],[37.61892415,55.75952134],[37.61892393,55.75952147],[37.61892376,55.75952162],[37.61890085,55.75954694],[37.61890074,55.75954711],[37.61890068,55.75954728],[37.61890069,55.75954746],[37.61890075,55.75954763],[37.61890088,55.75954779],[37.61890106,55.75954794],[37.61890128,55.75954806],[37.61890155,55.75954815],[37.61900161,55.75957694],[37.61902597,55.75955001]]]},"properties":{"type":"room","subtype":"apartment","roomType":"LIVING_ROOM","area":24.050250100837403},"type":"Feature"},{"geometry":{"type":"Polygon","coordinates":[[[37.61887649,55.75957387],[37.61887638,55.75957403],[37.61887632,55.75957421],[37.61887633,55.75957438],[37.61887639,55.75957456],[37.61887652,55.75957472],[37.6188767,55.75957486],[37.61887692,55.75957498],[37.61887719,55.75957508],[37.61897725,55.75960386],[37.61900161,55.75957694],[37.61890155,55.75954815],[37.61890125,55.75954809],[37.61890095,55.75954806],[37.61890063,55.75954806],[37.61890033,55.7595481],[37.61890004,55.75954817],[37.61889979,55.75954827],[37.61889957,55.7595484],[37.6188994,55.75954855],[37.61887649,55.75957387]]]},"properties":{"type":"room","subtype":"apartment","roomType":"BEDROOM","area":24.05024991611161},"type":"Feature"},{"geometry":{"type":"Polygon","coordinates":[[[37.61895289,55.75963079],[37.61897725,55.75960386],[37.61887719,55.75957508],[37.6188769,55.75957501],[37.61887659,55.75957498],[37.61887628,55.75957499],[37.61887597,55.75957502],[37.61887568,55.75957509],[37.61887543,55.7595752],[37.61887521,55.75957532],[37.61887504,55.75957547],[37.61885213,55.7596008],[37.61885202,55.75960096],[37.61885196,55.75960113],[37.61885197,55.75960131],[37.61885204,55.75960148],[37.61885216,55.75960164],[37.61885234,55.75960179],[37.61885256,55.75960191],[37.61885283,55.759602],[37.61895289,55.75963079]]]},"properties":{"type":"room","subtype":"apartment","roomType":"BEDROOM","area":24.05025027746551},"type":"Feature"},{"geometry":{"type":"Polygon","coordinates":[[[37.61898277,55.75963434],[37.61899133,55.75962488],[37.61896507,55.75961732],[37.61895651,55.75962679],[37.61898277,55.75963434]]]},"properties":{"type":"room","subtype":"apartment","roomType":"JOINT_BATHROOM","area":2.1869642399442055},"type":"Feature"},{"geometry":{"type":"Polygon","coordinates":[[[37.61896493,55.75961728],[37.61896492,55.7596173],[37.61896491,55.75961732],[37.61896491,55.75961733],[37.61896492,55.75961735],[37.61896493,55.75961737],[37.61896495,55.75961738],[37.61896497,55.75961739],[37.618965,55.7596174],[37.61899126,55.75962496],[37.61899129,55.75962496],[37.61899132,55.75962497],[37.61899135,55.75962497],[37.61899138,55.75962496],[37.61899141,55.75962496],[37.61899143,55.75962495],[37.61899145,55.75962493],[37.61899147,55.75962492],[37.61900293,55.75961226],[37.61900293,55.75961225],[37.61900305,55.75961208],[37.61900306,55.75961207],[37.61900311,55.75961189],[37.61900311,55.75961188],[37.61900311,55.7596117],[37.6190031,55.75961168],[37.61900304,55.75961151],[37.61900303,55.75961149],[37.6190029,55.75961133],[37.61900289,55.75961132],[37.61900273,55.75961119],[37.619003,55.75961119],[37.61900303,55.75961119],[37.61900334,55.75961115],[37.61900337,55.75961114],[37.61900366,55.75961107],[37.61900368,55.75961106],[37.61900394,55.75961096],[37.61900396,55.75961095],[37.61900418,55.75961082],[37.6190042,55.75961081],[37.61900437,55.75961066],[37.61900437,55.75961065],[37.61902729,55.75958533],[37.61902729,55.75958532],[37.61902741,55.75958516],[37.61902741,55.75958514],[37.61902747,55.75958497],[37.61902747,55.75958495],[37.61902747,55.75958477],[37.61902746,55.75958476],[37.6190274,55.75958458],[37.61902739,55.75958457],[37.61902726,55.75958441],[37.61902725,55.75958439],[37.61902709,55.75958427],[37.61902736,55.75958426],[37.61902739,55.75958426],[37.6190277,55.75958422],[37.61902773,55.75958422],[37.61902801,55.75958415],[37.61902804,55.75958414],[37.6190283,55.75958404],[37.61902832,55.75958403],[37.61902854,55.7595839],[37.61902856,55.75958389],[37.61902873,55.75958374],[37.61902873,55.75958373],[37.61905164,55.7595584],[37.61905165,55.7595584],[37.61905177,55.75955823],[37.61905177,55.75955822],[37.61905183,55.75955804],[37.61905183,55.75955802],[37.61905183,55.75955785],[37.61905182,55.75955783],[37.61905175,55.75955766],[37.61905175,55.75955764],[37.61905162,55.75955748],[37.61905161,55.75955747],[37.61905143,55.75955732],[37.61905141,55.75955731],[37.61905118,55.75955719],[37.61905116,55.75955717],[37.61905089,55.75955708],[37.61905088,55.75955708],[37.61902604,55.75954993],[37.61902601,55.75954992],[37.61902598,55.75954992],[37.61902595,55.75954992],[37.61902592,55.75954993],[37.61902589,55.75954993],[37.61902587,55.75954994],[37.61902584,55.75954996],[37.61902583,55.75954997],[37.61900147,55.7595769],[37.61900147,55.7595769],[37.61897711,55.75960382],[37.61897711,55.75960382],[37.61896493,55.75961728]]]},"properties":{"type":"room","subtype":"apartment","roomType":"CORRIDOR","area":15.755341334851405},"type":"Feature"},{"geometry":{"type":"Polygon","coordinates":[[[37.61883246,55.75959486],[37.61885233,55.75960057],[37.61887484,55.75957569],[37.61885497,55.75956998],[37.61883246,55.75959486]]]},"properties":{"type":"room","subtype":"apartment","roomType":"BALCONY","area":4.352256667677686},"type":"Feature"},{"geometry":{"type":"Polygon","coordinates":[[[37.61885682,55.75956793],[37.61887669,55.75957365],[37.6188992,55.75954877],[37.61887933,55.75954305],[37.61885682,55.75956793]]]},"properties":{"type":"room","subtype":"apartment","roomType":"BALCONY","area":4.352256557473218},"type":"Feature"},{"geometry":{"type":"Polygon","coordinates":[[[37.61904891,55.7595553],[37.61905317,55.75955652],[37.61905512,55.75955436],[37.61905087,55.75955314],[37.61904891,55.7595553]]]},"properties":{"type":"room_object","subtype":"room","roomObjectType":"ELECTRICAL_BOX"},"type":"Feature"},{"geometry":{"type":"Polygon","coordinates":[[[37.61882705,55.75962852],[37.61880269,55.75965545],[37.61893043,55.75969219],[37.61893043,55.75969219],[37.61895479,55.75966526],[37.61897915,55.75963834],[37.61894416,55.75962828],[37.61894054,55.75963228],[37.61894053,55.75963229],[37.6189405,55.7596323],[37.61894048,55.75963232],[37.61894045,55.75963232],[37.61894042,55.75963233],[37.61894039,55.75963233],[37.61894036,55.75963232],[37.61894033,55.75963232],[37.61891159,55.75962405],[37.61891156,55.75962404],[37.61891154,55.75962403],[37.61891152,55.75962401],[37.61891151,55.759624],[37.6189115,55.75962398],[37.6189115,55.75962396],[37.61891151,55.75962394],[37.61891152,55.75962393],[37.61891514,55.75961993],[37.61891514,55.75961993],[37.61885141,55.7596016],[37.61885141,55.7596016],[37.61882705,55.75962852]]]},"properties":{"type":"apartment","rooms":1,"totalArea":60.55714286328229,"livingArea":30.278571622189883,"apartmentType":999991},"type":"Feature"},{"geometry":{"type":"Polygon","coordinates":[[[37.61889092,55.75964689],[37.61891528,55.75961997],[37.61885283,55.759602],[37.61885254,55.75960194],[37.61885223,55.75960191],[37.61885192,55.75960191],[37.61885161,55.75960195],[37.61885133,55.75960202],[37.61885107,55.75960212],[37.61885085,55.75960225],[37.61885068,55.7596024],[37.61882777,55.75962772],[37.61882766,55.75962788],[37.6188276,55.75962806],[37.61882761,55.75962823],[37.61882768,55.75962841],[37.6188278,55.75962857],[37.61882798,55.75962871],[37.6188282,55.75962883],[37.61882847,55.75962893],[37.61889092,55.75964689]]]},"properties":{"type":"room","subtype":"apartment","roomType":"KITCHEN","area":15.134892806659389},"type":"Feature"},{"geometry":{"type":"Polygon","coordinates":[[[37.61896697,55.7596518],[37.6189031,55.75963343],[37.61889092,55.75964689],[37.61895337,55.75966486],[37.61895366,55.75966492],[37.61895397,55.75966495],[37.61895428,55.75966495],[37.61895459,55.75966491],[37.61895487,55.75966484],[37.61895513,55.75966474],[37.61895535,55.75966461],[37.61895551,55.75966446],[37.61896697,55.7596518]]]},"properties":{"type":"room","subtype":"apartment","roomType":"HALL","area":7.567446442274868},"type":"Feature"},{"geometry":{"type":"Polygon","coordinates":[[[37.61893184,55.7596417],[37.61896697,55.7596518],[37.61897843,55.75963914],[37.61897854,55.75963898],[37.61897859,55.7596388],[37.61897859,55.75963863],[37.61897852,55.75963845],[37.6189784,55.75963829],[37.61897822,55.75963815],[37.61897799,55.75963803],[37.61897773,55.75963793],[37.61894402,55.75962824],[37.61893184,55.7596417]]]},"properties":{"type":"room","subtype":"apartment","roomType":"BATHROOM","area":4.161107184993496},"type":"Feature"},{"geometry":{"type":"Polygon","coordinates":[[[37.6189404,55.75963224],[37.61891166,55.75962397],[37.6189031,55.75963343],[37.61893184,55.7596417],[37.6189404,55.75963224]]]},"properties":{"type":"room","subtype":"apartment","roomType":"TOILET","area":2.39383926733766},"type":"Feature"},{"geometry":{"type":"Polygon","coordinates":[[[37.61895479,55.75966526],[37.61882705,55.75962852],[37.61880269,55.75965545],[37.61880269,55.75965545],[37.61893043,55.75969219],[37.61893043,55.75969219],[37.61895479,55.75966526],[37.61895479,55.75966526]]]},"properties":{"type":"room","subtype":"apartment","roomType":"BEDROOM","area":30.278571622189883},"type":"Feature"},{"geometry":{"type":"Polygon","coordinates":[[[37.61878374,55.75964871],[37.61880361,55.75965442],[37.61882612,55.75962954],[37.61880625,55.75962383],[37.61878374,55.75964871]]]},"properties":{"type":"room","subtype":"apartment","roomType":"BALCONY","area":4.3522566677768735},"type":"Feature"},{"geometry":{"type":"Polygon","coordinates":[[[37.61895147,55.759663],[37.61895573,55.75966422],[37.61895769,55.75966206],[37.61895343,55.75966084],[37.61895147,55.759663]]]},"properties":{"type":"room_object","subtype":"room","roomObjectType":"ELECTRICAL_BOX"},"type":"Feature"},{"geometry":{"type":"Polygon","coordinates":[[[37.61877833,55.75968237],[37.61875397,55.7597093],[37.61903784,55.75979095],[37.61903784,55.75979095],[37.6190622,55.75976403],[37.61892027,55.7597232],[37.61890608,55.75971911],[37.61893043,55.75969219],[37.61889544,55.75968213],[37.61889182,55.75968613],[37.61889181,55.75968614],[37.61889179,55.75968616],[37.61889176,55.75968617],[37.61889173,55.75968617],[37.6188917,55.75968618],[37.61889167,55.75968618],[37.61889164,55.75968617],[37.61889161,55.75968617],[37.61886287,55.7596779],[37.61886284,55.75967789],[37.61886282,55.75967788],[37.6188628,55.75967786],[37.61886279,55.75967785],[37.61886278,55.75967783],[37.61886278,55.75967781],[37.61886279,55.7596778],[37.6188628,55.75967778],[37.61886642,55.75967378],[37.61886642,55.75967378],[37.61880269,55.75965545],[37.61880269,55.75965545],[37.61877833,55.75968237]]]},"properties":{"type":"apartment","rooms":2,"totalArea":97.56478571379752,"livingArea":59.20703584515695,"apartmentType":999992},"type":"Feature"},{"geometry":{"type":"Polygon","coordinates":[[[37.61886656,55.75967382],[37.61880411,55.75965585],[37.61880382,55.75965579],[37.61880351,55.75965576],[37.6188032,55.75965576],[37.61880289,55.7596558],[37.61880261,55.75965587],[37.61880235,55.75965597],[37.61880213,55.7596561],[37.61880197,55.75965625],[37.61877905,55.75968157],[37.61877894,55.75968173],[37.61877888,55.75968191],[37.61877889,55.75968208],[37.61877896,55.75968226],[37.61877908,55.75968242],[37.61877926,55.75968256],[37.61877949,55.75968268],[37.61877975,55.75968278],[37.6188422,55.75970074],[37.61886656,55.75967382]]]},"properties":{"type":"room","subtype":"apartment","roomType":"KITCHEN","area":15.13489293663634},"type":"Feature"},{"geometry":{"type":"Polygon","coordinates":[[[37.61885438,55.75968728],[37.6188422,55.75970074],[37.61890465,55.75971871],[37.61890494,55.75971877],[37.61890525,55.7597188],[37.61890556,55.7597188],[37.61890587,55.75971876],[37.61890615,55.75971869],[37.61890641,55.75971859],[37.61890663,55.75971846],[37.6189068,55.75971832],[37.61891825,55.75970565],[37.61885438,55.75968728]]]},"properties":{"type":"room","subtype":"apartment","roomType":"HALL","area":7.56744645657452},"type":"Feature"},{"geometry":{"type":"Polygon","coordinates":[[[37.6188953,55.75968209],[37.61888312,55.75969555],[37.61891825,55.75970565],[37.61892971,55.75969299],[37.61892982,55.75969283],[37.61892988,55.75969265],[37.61892987,55.75969248],[37.6189298,55.75969231],[37.61892968,55.75969214],[37.6189295,55.759692],[37.61892927,55.75969188],[37.61892901,55.75969178],[37.6188953,55.75968209]]]},"properties":{"type":"room","subtype":"apartment","roomType":"BATHROOM","area":4.161107199862859},"type":"Feature"},{"geometry":{"type":"Polygon","coordinates":[[[37.61886294,55.75967782],[37.61885438,55.75968728],[37.61888312,55.75969555],[37.61889168,55.75968609],[37.61886294,55.75967782]]]},"properties":{"type":"room","subtype":"apartment","roomType":"TOILET","area":2.3938392848514813},"type":"Feature"},{"geometry":{"type":"Polygon","coordinates":[[[37.61886184,55.75974033],[37.6188862,55.7597134],[37.61877975,55.75968278],[37.61877946,55.75968272],[37.61877915,55.75968268],[37.61877884,55.75968269],[37.61877853,55.75968273],[37.61877825,55.7596828],[37.61877799,55.7596829],[37.61877777,55.75968302],[37.61877761,55.75968317],[37.61875469,55.7597085],[37.61875458,55.75970866],[37.61875453,55.75970883],[37.61875453,55.75970901],[37.6187546,55.75970918],[37.61875472,55.75970934],[37.6187549,55.75970949],[37.61875513,55.75970961],[37.61875539,55.7597097],[37.61886184,55.75974033]]]},"properties":{"type":"room","subtype":"apartment","roomType":"BEDROOM","area":25.56417816635021},"type":"Feature"},{"geometry":{"type":"Polygon","coordinates":[[[37.61892027,55.7597232],[37.61892027,55.7597232],[37.61889591,55.75975012],[37.61889591,55.75975012],[37.61903784,55.75979095],[37.61903784,55.75979095],[37.6190622,55.75976403],[37.6190622,55.75976403],[37.61892027,55.7597232]]]},"properties":{"type":"room","subtype":"apartment","roomType":"BEDROOM","area":33.64285767880674},"type":"Feature"},{"geometry":{"type":"Polygon","coordinates":[[[37.6188617,55.75974028],[37.61886169,55.7597403],[37.61886168,55.75974032],[37.61886168,55.75974034],[37.61886169,55.75974035],[37.6188617,55.75974037],[37.61886172,55.75974038],[37.61886174,55.7597404],[37.61886177,55.75974041],[37.61889441,55.7597498],[37.61889443,55.7597498],[37.61889472,55.75974986],[37.61889475,55.75974987],[37.61889506,55.7597499],[37.61889509,55.7597499],[37.6188954,55.7597499],[37.61889543,55.75974989],[37.61889574,55.75974986],[37.61889577,55.75974985],[37.61889605,55.75974978],[37.61889608,55.75974977],[37.61889634,55.75974967],[37.61889636,55.75974966],[37.61889658,55.75974953],[37.6188966,55.75974952],[37.61889676,55.75974937],[37.61889677,55.75974936],[37.61891968,55.75972404],[37.61891969,55.75972403],[37.6189198,55.75972387],[37.61891981,55.75972385],[37.61891987,55.75972368],[37.61891987,55.75972366],[37.61891986,55.75972348],[37.61891986,55.75972347],[37.61891979,55.75972329],[37.61891978,55.75972328],[37.61891966,55.75972312],[37.61891964,55.7597231],[37.61891947,55.75972296],[37.61891944,55.75972294],[37.61891922,55.75972282],[37.6189192,55.75972281],[37.61891893,55.75972271],[37.61891892,55.75972271],[37.61888627,55.75971332],[37.61888624,55.75971331],[37.61888621,55.75971331],[37.61888618,55.75971331],[37.61888615,55.75971331],[37.61888612,55.75971332],[37.6188861,55.75971333],[37.61888608,55.75971334],[37.61888606,55.75971336],[37.6188617,55.75974028]]]},"properties":{"type":"room","subtype":"apartment","roomType":"CORRIDOR","area":8.184627393303646},"type":"Feature"},{"geometry":{"type":"Polygon","coordinates":[[[37.61908115,55.75977076],[37.61906128,55.75976505],[37.61903929,55.75978935],[37.61905916,55.75979507],[37.61908115,55.75977076]]]},"properties":{"type":"room","subtype":"apartment","roomType":"BALCONY","area":4.2511284554602655},"type":"Feature"},{"geometry":{"type":"Polygon","coordinates":[[[37.61873555,55.75970198],[37.61875542,55.7597077],[37.6187774,55.75968339],[37.61875753,55.75967768],[37.61873555,55.75970198]]]},"properties":{"type":"room","subtype":"apartment","roomType":"BALCONY","area":4.251128156918629},"type":"Feature"},{"geometry":{"type":"Polygon","coordinates":[[[37.61890276,55.75971685],[37.61890701,55.75971808],[37.61890898,55.75971591],[37.61890472,55.75971468],[37.61890276,55.75971685]]]},"properties":{"type":"room_object","subtype":"room","roomObjectType":"ELECTRICAL_BOX"},"type":"Feature"},{"geometry":{"type":"Polygon","coordinates":[[[37.61895882,55.75970036],[37.61893446,55.75972728],[37.61896944,55.75973734],[37.61896945,55.75973734],[37.61897307,55.75973334],[37.61897309,55.75973332],[37.61897311,55.75973331],[37.61897313,55.7597333],[37.61897316,55.75973329],[37.61897319,55.75973329],[37.61897322,55.75973329],[37.61897326,55.75973329],[37.61897328,55.7597333],[37.61900202,55.75974157],[37.61900205,55.75974158],[37.61900207,55.75974159],[37.61900209,55.7597416],[37.6190021,55.75974162],[37.61900211,55.75974164],[37.61900211,55.75974165],[37.61900211,55.75974167],[37.61900209,55.75974169],[37.61899847,55.75974569],[37.61899847,55.75974569],[37.6190622,55.75976403],[37.6190622,55.75976403],[37.61908656,55.7597371],[37.61911092,55.75971017],[37.61898318,55.75967343],[37.61895882,55.75970036]]]},"properties":{"type":"apartment","rooms":1,"totalArea":60.55714265868842,"livingArea":30.278571230938297,"apartmentType":999991},"type":"Feature"},{"geometry":{"type":"Polygon","coordinates":[[[37.61906078,55.75976362],[37.61906107,55.75976368],[37.61906138,55.75976371],[37.61906169,55.75976371],[37.619062,55.75976367],[37.61906228,55.7597636],[37.61906254,55.7597635],[37.61906276,55.75976337],[37.61906293,55.75976322],[37.61908584,55.7597379],[37.61908595,55.75973774],[37.61908601,55.75973756],[37.619086,55.75973739],[37.61908593,55.75973721],[37.61908581,55.75973705],[37.61908563,55.75973691],[37.6190854,55.75973679],[37.61908514,55.75973669],[37.61902269,55.75971873],[37.61899833,55.75974565],[37.61906078,55.75976362]]]},"properties":{"type":"room","subtype":"apartment","roomType":"KITCHEN","area":15.133767311441702},"type":"Feature"},{"geometry":{"type":"Polygon","coordinates":[[[37.61901051,55.75973219],[37.61902269,55.75971873],[37.61896024,55.75970076],[37.61895995,55.7597007],[37.61895964,55.75970067],[37.61895933,55.75970067],[37.61895902,55.75970071],[37.61895874,55.75970078],[37.61895848,55.75970088],[37.61895826,55.75970101],[37.61895809,55.75970116],[37.61894665,55.75971381],[37.61901051,55.75973219]]]},"properties":{"type":"room","subtype":"apartment","roomType":"HALL","area":7.564478679534654},"type":"Feature"},{"geometry":{"type":"Polygon","coordinates":[[[37.61896959,55.75973738],[37.61898177,55.75972392],[37.61894665,55.75971381],[37.61893519,55.75972647],[37.61893508,55.75972664],[37.61893502,55.75972681],[37.61893503,55.75972699],[37.61893509,55.75972716],[37.61893522,55.75972732],[37.6189354,55.75972746],[37.61893562,55.75972759],[37.61893589,55.75972768],[37.61896959,55.75973738]]]},"properties":{"type":"room","subtype":"apartment","roomType":"BATHROOM","area":4.160813116551806},"type":"Feature"},{"geometry":{"type":"Polygon","coordinates":[[[37.61897321,55.75973338],[37.61900195,55.75974165],[37.61901051,55.75973219],[37.61898177,55.75972392],[37.61897321,55.75973338]]]},"properties":{"type":"room","subtype":"apartment","roomType":"TOILET","area":2.393726801678595},"type":"Feature"},{"geometry":{"type":"Polygon","coordinates":[[[37.61908656,55.7597371],[37.61908656,55.7597371],[37.61911092,55.75971017],[37.61911092,55.75971017],[37.61898318,55.75967343],[37.61895882,55.75970036],[37.61895882,55.75970036],[37.61908656,55.7597371]]]},"properties":{"type":"room","subtype":"apartment","roomType":"BEDROOM","area":30.278571230938297},"type":"Feature"},{"geometry":{"type":"Polygon","coordinates":[[[37.61910551,55.75974384],[37.61908564,55.75973812],[37.61906313,55.759763],[37.619083,55.75976872],[37.61910551,55.75974384]]]},"properties":{"type":"room","subtype":"apartment","roomType":"BALCONY","area":4.352241689368489},"type":"Feature"},{"geometry":{"type":"Polygon","coordinates":[[[37.61896214,55.75970262],[37.61895788,55.7597014],[37.61895592,55.75970356],[37.61896018,55.75970478],[37.61896214,55.75970262]]]},"properties":{"type":"room_object","subtype":"room","roomObjectType":"ELECTRICAL_BOX"},"type":"Feature"},{"geometry":{"type":"Polygon","coordinates":[[[37.61898318,55.75967343],[37.61901816,55.75968349],[37.61902179,55.75967949],[37.6190218,55.75967948],[37.61902182,55.75967946],[37.61902185,55.75967945],[37.61902188,55.75967945],[37.61902191,55.75967944],[37.61902194,55.75967944],[37.61902197,55.75967945],[37.619022,55.75967945],[37.61905074,55.75968772],[37.61905077,55.75968773],[37.61905079,55.75968774],[37.61905081,55.75968776],[37.61905082,55.75968777],[37.61905083,55.75968779],[37.61905083,55.75968781],[37.61905082,55.75968783],[37.61905081,55.75968784],[37.61904719,55.75969184],[37.61904719,55.75969184],[37.61911092,55.75971017],[37.61913528,55.75968325],[37.61915964,55.75965632],[37.6190319,55.75961958],[37.61900754,55.75964651],[37.61898318,55.75967343]]]},"properties":{"type":"apartment","rooms":1,"totalArea":60.55714286232259,"livingArea":30.278571230585936,"apartmentType":999991},"type":"Feature"},{"geometry":{"type":"Polygon","coordinates":[[[37.61907141,55.75966488],[37.61904705,55.7596918],[37.6191095,55.75970977],[37.61910979,55.75970983],[37.6191101,55.75970986],[37.61911041,55.75970986],[37.61911072,55.75970982],[37.619111,55.75970975],[37.61911126,55.75970965],[37.61911148,55.75970952],[37.61911164,55.75970937],[37.61913456,55.75968405],[37.61913467,55.75968389],[37.61913472,55.75968371],[37.61913472,55.75968354],[37.61913465,55.75968336],[37.61913453,55.7596832],[37.61913435,55.75968306],[37.61913412,55.75968294],[37.61913386,55.75968284],[37.61907141,55.75966488]]]},"properties":{"type":"room","subtype":"apartment","roomType":"KITCHEN","area":15.134893080066327},"type":"Feature"},{"geometry":{"type":"Polygon","coordinates":[[[37.61905923,55.75967834],[37.61907141,55.75966488],[37.61900896,55.75964691],[37.61900867,55.75964685],[37.61900836,55.75964682],[37.61900805,55.75964682],[37.61900774,55.75964686],[37.61900745,55.75964693],[37.6190072,55.75964703],[37.61900698,55.75964716],[37.61900681,55.75964731],[37.61899536,55.75965997],[37.61905923,55.75967834]]]},"properties":{"type":"room","subtype":"apartment","roomType":"HALL","area":7.567446438720241},"type":"Feature"},{"geometry":{"type":"Polygon","coordinates":[[[37.61903049,55.75967007],[37.61899536,55.75965997],[37.6189839,55.75967263],[37.61898379,55.75967279],[37.61898373,55.75967297],[37.61898374,55.75967314],[37.61898381,55.75967332],[37.61898393,55.75967348],[37.61898411,55.75967362],[37.61898433,55.75967374],[37.6189846,55.75967384],[37.61901831,55.75968353],[37.61903049,55.75967007]]]},"properties":{"type":"room","subtype":"apartment","roomType":"BATHROOM","area":4.161107241448099},"type":"Feature"},{"geometry":{"type":"Polygon","coordinates":[[[37.61905067,55.7596878],[37.61905923,55.75967834],[37.61903049,55.75967007],[37.61902193,55.75967953],[37.61905067,55.7596878]]]},"properties":{"type":"room","subtype":"apartment","roomType":"TOILET","area":2.39383932424467},"type":"Feature"},{"geometry":{"type":"Polygon","coordinates":[[[37.61913528,55.75968325],[37.61913528,55.75968325],[37.61915964,55.75965632],[37.61915964,55.75965632],[37.6190319,55.75961958],[37.61900754,55.75964651],[37.61900754,55.75964651],[37.61913528,55.75968325]]]},"properties":{"type":"room","subtype":"apartment","roomType":"BEDROOM","area":30.278571230585936},"type":"Feature"},{"geometry":{"type":"Polygon","coordinates":[[[37.61917858,55.75966306],[37.61915871,55.75965735],[37.6191362,55.75968223],[37.61915608,55.75968794],[37.61917858,55.75966306]]]},"properties":{"type":"room","subtype":"apartment","roomType":"BALCONY","area":4.3522565574376415},"type":"Feature"},{"geometry":{"type":"Polygon","coordinates":[[[37.61901085,55.75964877],[37.6190066,55.75964755],[37.61900464,55.75964971],[37.6190089,55.75965093],[37.61901085,55.75964877]]]},"properties":{"type":"room_object","subtype":"room","roomObjectType":"ELECTRICAL_BOX"},"type":"Feature"},{"geometry":{"type":"Polygon","coordinates":[[[37.6190319,55.75961958],[37.61915964,55.75965632],[37.619184,55.7596294],[37.619184,55.7596294],[37.61908833,55.75960188],[37.61908471,55.75960588],[37.6190847,55.7596059],[37.61908467,55.75960591],[37.61908465,55.75960592],[37.61908462,55.75960593],[37.61908459,55.75960593],[37.61908456,55.75960593],[37.61908453,55.75960593],[37.6190845,55.75960592],[37.61905256,55.75959674],[37.61905256,55.75959674],[37.6190319,55.75961958],[37.6190319,55.75961958]]]},"properties":{"type":"apartment","rooms":0,"totalArea":30.278571621635077,"livingArea":22.708928752952545,"apartmentType":999990},"type":"Feature"},{"geometry":{"type":"Polygon","coordinates":[[[37.61906383,55.75962877],[37.61915964,55.75965632],[37.619184,55.7596294],[37.619184,55.7596294],[37.61908819,55.75960184],[37.61906383,55.75962877]]]},"properties":{"type":"room","subtype":"apartment","roomType":"STUDIO","area":22.708928752952545},"type":"Feature"},{"geometry":{"type":"Polygon","coordinates":[[[37.61905263,55.75959666],[37.61904408,55.75960612],[37.61907601,55.7596153],[37.61908457,55.75960584],[37.61905263,55.75959666]]]},"properties":{"type":"room","subtype":"apartment","roomType":"JOINT_BATHROOM","area":2.6598214102833704},"type":"Feature"},{"geometry":{"type":"Polygon","coordinates":[[[37.61904408,55.75960612],[37.6190319,55.75961958],[37.6190319,55.75961958],[37.61906383,55.75962877],[37.61907601,55.7596153],[37.61904408,55.75960612]]]},"properties":{"type":"room","subtype":"apartment","roomType":"HALL","area":3.784821473094331},"type":"Feature"},{"geometry":{"type":"Polygon","coordinates":[[[37.61920294,55.75963614],[37.61918307,55.75963042],[37.61916056,55.7596553],[37.61918043,55.75966102],[37.61920294,55.75963614]]]},"properties":{"type":"room","subtype":"apartment","roomType":"BALCONY","area":4.352256667614076},"type":"Feature"},{"geometry":{"type":"Polygon","coordinates":[[[37.61903262,55.75961878],[37.61903688,55.75962],[37.61903905,55.7596176],[37.61903479,55.75961638],[37.61903262,55.75961878]]]},"properties":{"type":"room_object","subtype":"room","roomObjectType":"ELECTRICAL_BOX"},"type":"Feature"},{"geometry":{"type":"Polygon","coordinates":[[[37.61924969,55.75958446],[37.61922982,55.75957875],[37.61918689,55.7596262],[37.61920676,55.75963191],[37.61924969,55.75958446]]]},"properties":{"type":"balcony","area":8.300000000506135,"subtype":"service"},"type":"Feature"},{"geometry":{"type":"Polygon","coordinates":[[[37.61920836,55.75960247],[37.61920836,55.75960247],[37.61908061,55.75956573],[37.61908061,55.75956573],[37.61905626,55.75959265],[37.61905626,55.75959265],[37.619184,55.7596294],[37.619184,55.7596294],[37.61920836,55.75960247]]]},"properties":{"type":"ladder","area":30.27857142672861,"subtype":"service"},"type":"Feature"},{"geometry":{"type":"Polygon","coordinates":[[[37.61914874,55.75958533],[37.61920836,55.75960247],[37.61920836,55.75960247],[37.61923272,55.75957555],[37.61923272,55.75957555],[37.61910497,55.7595388],[37.61910497,55.7595388],[37.61909582,55.75954892],[37.61910292,55.75955096],[37.61911853,55.75955545],[37.61914124,55.75956199],[37.61916395,55.75956852],[37.61914874,55.75958533]]]},"properties":{"type":"corridor","area":20.198571450924128,"subtype":"service"},"type":"Feature"},{"geometry":{"type":"Polygon","coordinates":[[[37.61908771,55.75956777],[37.61910292,55.75955096],[37.61909582,55.75954892],[37.61908065,55.75956569],[37.61908061,55.75956573],[37.61908771,55.75956777]]]},"properties":{"type":"heating_meter","area":1.0499999777750055,"subtype":"service"},"type":"Feature"},{"geometry":{"type":"Polygon","coordinates":[[[37.61910332,55.75957226],[37.61911853,55.75955545],[37.61910292,55.75955096],[37.61908771,55.75956777],[37.61910332,55.75957226]]]},"properties":{"type":"elevator","area":2.309999999946121,"subtype":"service"},"type":"Feature"},{"geometry":{"type":"Polygon","coordinates":[[[37.61912603,55.75957879],[37.61914124,55.75956199],[37.61911853,55.75955545],[37.61910332,55.75957226],[37.61912603,55.75957879]]]},"properties":{"type":"elevator","area":3.359999999570871,"subtype":"service"},"type":"Feature"},{"geometry":{"type":"Polygon","coordinates":[[[37.61914874,55.75958533],[37.61916395,55.75956852],[37.61914124,55.75956199],[37.61912603,55.75957879],[37.61914874,55.75958533]]]},"properties":{"type":"elevator","area":3.3600000001052304,"subtype":"service"},"type":"Feature"},{"geometry":{"type":"Polygon","coordinates":[[[37.61922676,55.75940419],[37.61919837,55.75939602],[37.61890608,55.75971911],[37.61893447,55.75972727],[37.61922676,55.75940419]]]},"properties":{"type":"corridor","area":80.7388571439439,"subtype":"service"},"type":"Feature"},{"geometry":{"type":"Polygon","coordinates":[[[37.61917246,55.75955317],[37.61914372,55.75954491],[37.6191401,55.75954891],[37.61916884,55.75955718],[37.61917246,55.75955317]]]},"properties":{"type":"ventilation","area":1.0124999999894138,"subtype":"service"},"type":"Feature"},{"geometry":{"type":"Polygon","coordinates":[[[37.6192168,55.75946413],[37.61921318,55.75946813],[37.61924192,55.7594764],[37.61924554,55.7594724],[37.6192168,55.75946413]]]},"properties":{"type":"ventilation","area":1.0125000082868725,"subtype":"service"},"type":"Feature"},{"geometry":{"type":"Polygon","coordinates":[[[37.61923331,55.75937717],[37.61923693,55.75937317],[37.61923693,55.75937317],[37.61920145,55.75936296],[37.61919783,55.75936696],[37.61923331,55.75937717]]]},"properties":{"type":"ventilation","area":1.249999999400064,"subtype":"service"},"type":"Feature"},{"geometry":{"type":"Polygon","coordinates":[[[37.61915963,55.75938991],[37.61916325,55.75938591],[37.61913451,55.75937764],[37.61913089,55.75938164],[37.61915963,55.75938991]]]},"properties":{"type":"ventilation","area":1.0124999917312847,"subtype":"service"},"type":"Feature"},{"geometry":{"type":"Polygon","coordinates":[[[37.61908975,55.7594716],[37.61912168,55.75948079],[37.6191253,55.75947679],[37.6191253,55.75947679],[37.61909337,55.7594676],[37.61908975,55.7594716]]]},"properties":{"type":"ventilation","area":1.1249999859101394,"subtype":"service"},"type":"Feature"},{"geometry":{"type":"Polygon","coordinates":[[[37.61909732,55.75950771],[37.61910095,55.75950371],[37.61910095,55.75950371],[37.61906901,55.75949453],[37.61906539,55.75949853],[37.61909732,55.75950771]]]},"properties":{"type":"ventilation","area":1.1249999776673698,"subtype":"service"},"type":"Feature"},{"geometry":{"type":"Polygon","coordinates":[[[37.61900837,55.75951707],[37.61907224,55.75953544],[37.61907586,55.75953144],[37.61907598,55.75953127],[37.61907603,55.7595311],[37.61907603,55.75953093],[37.61907596,55.75953075],[37.61907583,55.75953059],[37.61907565,55.75953045],[37.61907543,55.75953033],[37.61907517,55.75953023],[37.61901272,55.75951227],[37.61900837,55.75951707]]]},"properties":{"type":"ventilation","area":2.6978035123451094,"subtype":"service"},"type":"Feature"},{"geometry":{"type":"Polygon","coordinates":[[[37.61898277,55.75963434],[37.61895651,55.75962679],[37.61895289,55.75963079],[37.61897773,55.75963793],[37.61897802,55.759638],[37.61897833,55.75963803],[37.61897864,55.75963802],[37.61897895,55.75963799],[37.61897923,55.75963792],[37.61897949,55.75963781],[37.61897971,55.75963769],[37.61897987,55.75963754],[37.61898277,55.75963434]]]},"properties":{"type":"ventilation","area":0.9228036220341881,"subtype":"service"},"type":"Feature"},{"geometry":{"type":"Polygon","coordinates":[[[37.61891166,55.75962397],[37.6189404,55.75963224],[37.61894402,55.75962824],[37.61891528,55.75961997],[37.61891166,55.75962397]]]},"properties":{"type":"ventilation","area":1.0124999916265496,"subtype":"service"},"type":"Feature"},{"geometry":{"type":"Polygon","coordinates":[[[37.61889168,55.75968609],[37.6188953,55.75968209],[37.61886656,55.75967382],[37.61886294,55.75967782],[37.61889168,55.75968609]]]},"properties":{"type":"ventilation","area":1.012500000650472,"subtype":"service"},"type":"Feature"},{"geometry":{"type":"Polygon","coordinates":[[[37.61900195,55.75974165],[37.61897321,55.75973338],[37.61896959,55.75973738],[37.61899833,55.75974565],[37.61900195,55.75974165]]]},"properties":{"type":"ventilation","area":1.0125000154157624,"subtype":"service"},"type":"Feature"},{"geometry":{"type":"Polygon","coordinates":[[[37.61902193,55.75967953],[37.61901831,55.75968353],[37.61904705,55.7596918],[37.61905067,55.7596878],[37.61902193,55.75967953]]]},"properties":{"type":"ventilation","area":1.0125000001807616,"subtype":"service"},"type":"Feature"},{"geometry":{"type":"Polygon","coordinates":[[[37.61908457,55.75960584],[37.61908819,55.75960184],[37.61905626,55.75959265],[37.61905626,55.75959265],[37.61905263,55.75959666],[37.61908457,55.75960584]]]},"properties":{"type":"ventilation","area":1.1249999844312173,"subtype":"service"},"type":"Feature"},{"geometry":{"type":"Polygon","coordinates":[[[37.61916225,55.75931336],[37.61913474,55.75934377],[37.61933913,55.75940256],[37.61933913,55.75940256],[37.61936664,55.75937215],[37.61939415,55.75934174],[37.61934817,55.75932851],[37.61934817,55.75932851],[37.61934527,55.75933171],[37.61934526,55.75933173],[37.61934523,55.75933174],[37.61934521,55.75933175],[37.61934518,55.75933176],[37.61934515,55.75933176],[37.61934512,55.75933176],[37.61934509,55.75933176],[37.61934506,55.75933175],[37.61930319,55.7593197],[37.61927864,55.75934684],[37.61926445,55.75934276],[37.61925025,55.75933867],[37.61928421,55.75930114],[37.61928421,55.75930114],[37.61924021,55.75928848],[37.61924018,55.75928847],[37.61924016,55.75928846],[37.61924014,55.75928845],[37.61924013,55.75928843],[37.61924013,55.75928841],[37.61924012,55.7592884],[37.61924013,55.75928838],[37.61924014,55.75928836],[37.61924449,55.75928356],[37.61920063,55.75927094],[37.61916225,55.75931336]]]},"properties":{"type":"apartment","rooms":3,"totalArea":111.14000000582071,"livingArea":50.94509859332683,"apartmentType":999993},"type":"Feature"},{"geometry":{"type":"Polygon","coordinates":[[[37.61916298,55.75931256],[37.61916286,55.75931273],[37.61916281,55.7593129],[37.61916281,55.75931307],[37.61916288,55.75931325],[37.61916301,55.75931341],[37.61916318,55.75931355],[37.61916341,55.75931367],[37.61916367,55.75931377],[37.61920625,55.75932602],[37.61924463,55.7592836],[37.61920205,55.75927135],[37.61920176,55.75927129],[37.61920145,55.75927126],[37.61920114,55.75927126],[37.61920083,55.7592713],[37.61920055,55.75927137],[37.61920029,55.75927147],[37.61920007,55.7592716],[37.6191999,55.75927174],[37.61916298,55.75931256]]]},"properties":{"type":"room","subtype":"apartment","roomType":"KITCHEN","area":16.425607222645308},"type":"Feature"},{"geometry":{"type":"Polygon","coordinates":[[[37.61922544,55.75930481],[37.61920625,55.75932602],[37.61924883,55.75933827],[37.61924912,55.75933833],[37.61924943,55.75933836],[37.61924974,55.75933836],[37.61925005,55.75933832],[37.61925034,55.75933825],[37.61925059,55.75933815],[37.61925081,55.75933802],[37.61925098,55.75933787],[37.61926944,55.75931747],[37.61922544,55.75930481]]]},"properties":{"type":"room","subtype":"apartment","roomType":"HALL","area":8.212803561246591},"type":"Feature"},{"geometry":{"type":"Polygon","coordinates":[[[37.61926944,55.75931747],[37.61928428,55.75930106],[37.61924028,55.7592884],[37.61922544,55.75930481],[37.61926944,55.75931747]]]},"properties":{"type":"room","subtype":"apartment","roomType":"JOINT_BATHROOM","area":6.355000098740507},"type":"Feature"},{"geometry":{"type":"Polygon","coordinates":[[[37.61916367,55.75931377],[37.61916338,55.75931371],[37.61916307,55.75931367],[37.61916276,55.75931368],[37.61916246,55.75931372],[37.61916217,55.75931379],[37.61916191,55.75931389],[37.6191617,55.75931401],[37.61916153,55.75931416],[37.61913546,55.75934297],[37.61913535,55.75934314],[37.6191353,55.75934331],[37.6191353,55.75934349],[37.61913537,55.75934366],[37.61913549,55.75934382],[37.61913567,55.75934397],[37.6191359,55.75934409],[37.61913616,55.75934418],[37.61920173,55.75936304],[37.61922925,55.75933263],[37.61916367,55.75931377]]]},"properties":{"type":"room","subtype":"apartment","roomType":"LIVING_ROOM","area":17.93160688538429},"type":"Feature"},{"geometry":{"type":"Polygon","coordinates":[[[37.61926191,55.75938035],[37.61933771,55.75940216],[37.619338,55.75940222],[37.61933831,55.75940225],[37.61933862,55.75940225],[37.61933892,55.75940221],[37.61933921,55.75940214],[37.61933947,55.75940204],[37.61933968,55.75940191],[37.61933985,55.75940176],[37.61936592,55.75937295],[37.61936603,55.75937279],[37.61936608,55.75937261],[37.61936608,55.75937244],[37.61936601,55.75937227],[37.61936589,55.75937211],[37.61936571,55.75937196],[37.61936548,55.75937184],[37.61936522,55.75937174],[37.61928943,55.75934994],[37.61926191,55.75938035]]]},"properties":{"type":"room","subtype":"apartment","roomType":"BEDROOM","area":20.667607591900953},"type":"Feature"},{"geometry":{"type":"Polygon","coordinates":[[[37.61934803,55.75932847],[37.61932051,55.75935888],[37.61936522,55.75937174],[37.61936551,55.75937181],[37.61936582,55.75937184],[37.61936613,55.75937184],[37.61936644,55.7593718],[37.61936672,55.75937173],[37.61936698,55.75937163],[37.6193672,55.7593715],[37.61936736,55.75937135],[37.61939343,55.75934254],[37.61939354,55.75934238],[37.6193936,55.7593422],[37.61939359,55.75934203],[37.61939353,55.75934185],[37.6193934,55.75934169],[37.61939322,55.75934155],[37.619393,55.75934143],[37.61939273,55.75934133],[37.61934803,55.75932847]]]},"properties":{"type":"room","subtype":"apartment","roomType":"BEDROOM","area":12.345884116041587},"type":"Feature"},{"geometry":{"type":"Polygon","coordinates":[[[37.61934513,55.75933167],[37.61930326,55.75931962],[37.6192924,55.75933163],[37.61933427,55.75934367],[37.61934513,55.75933167]]]},"properties":{"type":"room","subtype":"apartment","roomType":"JOINT_BATHROOM","area":4.423759082766606},"type":"Feature"},{"geometry":{"type":"Polygon","coordinates":[[[37.61920159,55.759363],[37.61920158,55.75936302],[37.61920157,55.75936304],[37.61920158,55.75936305],[37.61920158,55.75936307],[37.61920159,55.75936309],[37.61920161,55.7593631],[37.61920163,55.75936311],[37.61920166,55.75936312],[37.61923544,55.75937284],[37.61923546,55.75937284],[37.61923575,55.75937291],[37.61923578,55.75937291],[37.61923608,55.75937294],[37.61923612,55.75937295],[37.61923643,55.75937294],[37.61923646,55.75937294],[37.61923676,55.7593729],[37.61923679,55.7593729],[37.61923708,55.75937283],[37.61923711,55.75937282],[37.61923733,55.75937273],[37.61923733,55.75937288],[37.61923734,55.7593729],[37.61923741,55.75937307],[37.61923741,55.75937309],[37.61923754,55.75937325],[37.61923756,55.75937327],[37.61923773,55.75937341],[37.61923775,55.75937342],[37.61923798,55.75937355],[37.619238,55.75937356],[37.61923827,55.75937365],[37.61923828,55.75937366],[37.61926184,55.75938043],[37.61926187,55.75938044],[37.6192619,55.75938044],[37.61926193,55.75938044],[37.61926196,55.75938044],[37.61926199,55.75938043],[37.61926202,55.75938042],[37.61926204,55.75938041],[37.61926206,55.7593804],[37.6192895,55.75935006],[37.61932043,55.75935896],[37.61932046,55.75935897],[37.61932049,55.75935897],[37.61932052,55.75935897],[37.61932055,55.75935897],[37.61932058,55.75935896],[37.61932061,55.75935895],[37.61932063,55.75935894],[37.61932065,55.75935892],[37.61933441,55.75934371],[37.61933442,55.7593437],[37.61933443,55.75934368],[37.61933443,55.75934366],[37.61933442,55.75934365],[37.61933441,55.75934363],[37.61933439,55.75934361],[37.61933437,55.7593436],[37.61933434,55.75934359],[37.61929248,55.75933155],[37.61929245,55.75933154],[37.61929242,55.75933154],[37.61929238,55.75933154],[37.61929235,55.75933154],[37.61929233,55.75933155],[37.6192923,55.75933156],[37.61929228,55.75933157],[37.61929226,55.75933158],[37.61927922,55.759346],[37.61927922,55.75934601],[37.6192791,55.75934617],[37.61927909,55.75934619],[37.61927904,55.75934636],[37.61927904,55.75934638],[37.61927904,55.75934655],[37.61927905,55.75934657],[37.61927911,55.75934674],[37.61927912,55.75934676],[37.61927924,55.75934691],[37.61926594,55.75934308],[37.61926592,55.75934308],[37.61926563,55.75934302],[37.6192656,55.75934301],[37.6192653,55.75934298],[37.61926526,55.75934298],[37.61926495,55.75934298],[37.61926492,55.75934299],[37.61926462,55.75934302],[37.61926459,55.75934303],[37.6192643,55.7593431],[37.61926427,55.75934311],[37.61926405,55.75934319],[37.61926405,55.75934304],[37.61926404,55.75934302],[37.61926397,55.75934285],[37.61926396,55.75934284],[37.61926384,55.75934267],[37.61926382,55.75934266],[37.61926365,55.75934251],[37.61926363,55.7593425],[37.6192634,55.75934238],[37.61926338,55.75934237],[37.61926311,55.75934227],[37.6192631,55.75934227],[37.61922932,55.75933255],[37.61922929,55.75933255],[37.61922926,55.75933254],[37.61922923,55.75933254],[37.6192292,55.75933255],[37.61922917,55.75933255],[37.61922914,55.75933256],[37.61922912,55.75933258],[37.6192291,55.75933259],[37.61920159,55.759363]]]},"properties":{"type":"room","subtype":"apartment","roomType":"CORRIDOR","area":21.95279706387558},"type":"Feature"},{"geometry":{"type":"Polygon","coordinates":[[[37.61938559,55.75937889],[37.61936571,55.75937317],[37.61934057,55.75940096],[37.61936045,55.75940668],[37.61938559,55.75937889]]]},"properties":{"type":"room","subtype":"apartment","roomType":"BALCONY","area":4.861128454852529},"type":"Feature"},{"geometry":{"type":"Polygon","coordinates":[[[37.61926546,55.75932187],[37.6192612,55.75932064],[37.61925758,55.75932464],[37.61926184,55.75932587],[37.61926546,55.75932187]]]},"properties":{"type":"room_object","subtype":"room","roomObjectType":"ELECTRICAL_BOX"},"type":"Feature"},{"geometry":{"type":"Polygon","coordinates":[[[37.61930615,55.75931643],[37.61939415,55.75934174],[37.61942167,55.75931133],[37.61935581,55.75929238],[37.61935219,55.75929638],[37.61935217,55.7592964],[37.61935215,55.75929641],[37.61935212,55.75929642],[37.6193521,55.75929643],[37.61935207,55.75929643],[37.61935203,55.75929643],[37.619352,55.75929643],[37.61935197,55.75929642],[37.61932997,55.7592901],[37.61932997,55.7592901],[37.61930615,55.75931643],[37.61930615,55.75931643]]]},"properties":{"type":"apartment","rooms":0,"totalArea":23.56000000006706,"livingArea":17.670000023702503,"apartmentType":999990},"type":"Feature"},{"geometry":{"type":"Polygon","coordinates":[[[37.61932815,55.75932275],[37.61939415,55.75934174],[37.61942167,55.75931133],[37.61935567,55.75929234],[37.61932815,55.75932275]]]},"properties":{"type":"room","subtype":"apartment","roomType":"STUDIO","area":17.670000023702503},"type":"Feature"},{"geometry":{"type":"Polygon","coordinates":[[[37.61935205,55.75929634],[37.61933005,55.75929002],[37.61931991,55.75930122],[37.61934191,55.75930755],[37.61935205,55.75929634]]]},"properties":{"type":"room","subtype":"apartment","roomType":"JOINT_BATHROOM","area":2.1699999779980734},"type":"Feature"},{"geometry":{"type":"Polygon","coordinates":[[[37.61932815,55.75932275],[37.61934191,55.75930755],[37.61931991,55.75930122],[37.61930615,55.75931643],[37.61930615,55.75931643],[37.61932815,55.75932275]]]},"properties":{"type":"room","subtype":"apartment","roomType":"HALL","area":2.9450000123179576},"type":"Feature"},{"geometry":{"type":"Polygon","coordinates":[[[37.61944061,55.75931806],[37.61942074,55.75931235],[37.61939508,55.75934072],[37.61941495,55.75934643],[37.61944061,55.75931806]]]},"properties":{"type":"room","subtype":"apartment","roomType":"BALCONY","area":4.962256610821459},"type":"Feature"},{"geometry":{"type":"Polygon","coordinates":[[[37.61930688,55.75931563],[37.61931114,55.75931685],[37.61931331,55.75931445],[37.61930905,55.75931323],[37.61930688,55.75931563]]]},"properties":{"type":"room_object","subtype":"room","roomObjectType":"ELECTRICAL_BOX"},"type":"Feature"},{"geometry":{"type":"Polygon","coordinates":[[[37.61933367,55.75928601],[37.61935773,55.75929293],[37.61936135,55.75928893],[37.61936136,55.75928892],[37.61936138,55.75928891],[37.61936141,55.75928889],[37.61936144,55.75928889],[37.61936147,55.75928888],[37.6193615,55.75928888],[37.61936153,55.75928889],[37.61936156,55.75928889],[37.61938136,55.75929459],[37.61938139,55.7592946],[37.61938141,55.75929461],[37.61938143,55.75929462],[37.61938144,55.75929464],[37.61938145,55.75929466],[37.61938145,55.75929468],[37.61938144,55.75929469],[37.61938143,55.75929471],[37.61937781,55.75929871],[37.61937781,55.75929871],[37.61942167,55.75931133],[37.61944773,55.75928251],[37.6194738,55.7592537],[37.61952593,55.75919608],[37.61947483,55.75918138],[37.61947483,55.75918138],[37.61943552,55.75922484],[37.61944261,55.75922688],[37.61944264,55.75922689],[37.61944266,55.7592269],[37.61944268,55.75922692],[37.61944269,55.75922693],[37.6194427,55.75922695],[37.6194427,55.75922697],[37.61944269,55.75922699],[37.61944268,55.759227],[37.61942994,55.75924109],[37.61942992,55.7592411],[37.6194299,55.75924111],[37.61942988,55.75924112],[37.61942985,55.75924113],[37.61942982,55.75924114],[37.61942978,55.75924114],[37.61942975,55.75924113],[37.61942973,55.75924113],[37.61942405,55.75923949],[37.61942403,55.75923949],[37.61942377,55.75923939],[37.61942375,55.75923938],[37.61942352,55.75923926],[37.6194235,55.75923925],[37.61942332,55.7592391],[37.61942331,55.75923909],[37.61942318,55.75923893],[37.61942317,55.75923891],[37.61942311,55.75923874],[37.6194231,55.75923872],[37.6194231,55.75923857],[37.6194227,55.75923901],[37.6193858,55.75922839],[37.61935973,55.7592572],[37.61933367,55.75928601]]]},"properties":{"type":"apartment","rooms":2,"totalArea":70.56000009824308,"livingArea":41.20180385633449,"apartmentType":999992},"type":"Feature"},{"geometry":{"type":"Polygon","coordinates":[[[37.61937767,55.75929867],[37.61942025,55.75931092],[37.61942054,55.75931098],[37.61942085,55.75931101],[37.61942116,55.75931101],[37.61942146,55.75931097],[37.61942175,55.7593109],[37.61942201,55.7593108],[37.61942222,55.75931067],[37.61942239,55.75931053],[37.61944701,55.75928331],[37.61944712,55.75928315],[37.61944718,55.75928298],[37.61944717,55.7592828],[37.6194471,55.75928263],[37.61944698,55.75928247],[37.6194468,55.75928232],[37.61944658,55.7592822],[37.61944631,55.75928211],[37.61940373,55.75926986],[37.61937767,55.75929867]]]},"properties":{"type":"room","subtype":"apartment","roomType":"KITCHEN","area":11.155607126873015},"type":"Feature"},{"geometry":{"type":"Polygon","coordinates":[[[37.6193907,55.75928426],[37.61940373,55.75926986],[37.61936115,55.75925761],[37.61936086,55.75925755],[37.61936055,55.75925752],[37.61936024,55.75925752],[37.61935994,55.75925756],[37.61935965,55.75925763],[37.61935939,55.75925773],[37.61935918,55.75925785],[37.61935901,55.759258],[37.6193467,55.75927161],[37.6193907,55.75928426]]]},"properties":{"type":"room","subtype":"apartment","roomType":"HALL","area":5.5778035868596385},"type":"Feature"},{"geometry":{"type":"Polygon","coordinates":[[[37.61935787,55.75929298],[37.6193709,55.75927857],[37.6193467,55.75927161],[37.61933439,55.75928521],[37.61933428,55.75928538],[37.61933422,55.75928555],[37.61933423,55.75928573],[37.61933429,55.7592859],[37.61933442,55.75928606],[37.6193346,55.75928621],[37.61933482,55.75928633],[37.61933509,55.75928642],[37.61935787,55.75929298]]]},"properties":{"type":"room","subtype":"apartment","roomType":"BATHROOM","area":3.066803618793504},"type":"Feature"},{"geometry":{"type":"Polygon","coordinates":[[[37.61936149,55.75928897],[37.61938129,55.75929467],[37.6193907,55.75928426],[37.6193709,55.75927857],[37.61936149,55.75928897]]]},"properties":{"type":"room","subtype":"apartment","roomType":"TOILET","area":1.8134999753920307},"type":"Feature"},{"geometry":{"type":"Polygon","coordinates":[[[37.619384,55.75926418],[37.61944631,55.75928211],[37.6194466,55.75928217],[37.61944691,55.7592822],[37.61944722,55.7592822],[37.61944753,55.75928216],[37.61944781,55.75928209],[37.61944807,55.75928199],[37.61944829,55.75928186],[37.61944846,55.75928171],[37.61947307,55.7592545],[37.61947319,55.75925434],[37.61947324,55.75925417],[37.61947324,55.75925399],[37.61947317,55.75925382],[37.61947304,55.75925366],[37.61947287,55.75925351],[37.61947264,55.75925339],[37.61947238,55.75925329],[37.61941007,55.75923537],[37.619384,55.75926418]]]},"properties":{"type":"room","subtype":"apartment","roomType":"BEDROOM","area":16.15960737183764},"type":"Feature"},{"geometry":{"type":"Polygon","coordinates":[[[37.61941021,55.75923541],[37.61941022,55.7592354],[37.61941023,55.75923538],[37.61941023,55.75923536],[37.61941022,55.75923534],[37.61941021,55.75923533],[37.61941019,55.75923531],[37.61941017,55.7592353],[37.61941014,55.75923529],[37.61938729,55.75922872],[37.61938728,55.75922872],[37.61938698,55.75922865],[37.61938695,55.75922865],[37.61938665,55.75922861],[37.61938662,55.75922861],[37.6193863,55.75922862],[37.61938627,55.75922862],[37.61938597,55.75922866],[37.61938594,55.75922866],[37.61938565,55.75922873],[37.61938562,55.75922874],[37.61938537,55.75922884],[37.61938534,55.75922885],[37.61938513,55.75922898],[37.61938511,55.75922899],[37.61938494,55.75922914],[37.61938493,55.75922915],[37.61936031,55.75925636],[37.61936031,55.75925637],[37.61936019,55.75925653],[37.61936019,55.75925655],[37.61936013,55.75925672],[37.61936013,55.75925674],[37.61936013,55.75925692],[37.61936014,55.75925693],[37.6193602,55.75925711],[37.61936021,55.75925712],[37.61936034,55.75925728],[37.61936035,55.7592573],[37.61936053,55.75925744],[37.61936055,55.75925746],[37.61936078,55.75925758],[37.6193608,55.75925759],[37.61936107,55.75925769],[37.61936108,55.75925769],[37.61938393,55.75926426],[37.61938396,55.75926427],[37.61938399,55.75926427],[37.61938402,55.75926427],[37.61938405,55.75926427],[37.61938408,55.75926426],[37.61938411,55.75926425],[37.61938413,55.75926424],[37.61938415,55.75926422],[37.61941021,55.75923541]]]},"properties":{"type":"room","subtype":"apartment","roomType":"CORRIDOR","area":6.257256005268061},"type":"Feature"},{"geometry":{"type":"Polygon","coordinates":[[[37.6194227,55.75923901],[37.6194227,55.75923901],[37.61942412,55.75923941],[37.61942386,55.75923932],[37.61942363,55.7592392],[37.61942345,55.75923905],[37.61942333,55.75923889],[37.61942326,55.75923872],[37.61942326,55.75923854],[37.61942331,55.75923837],[37.61942342,55.7592382],[37.61943544,55.75922492],[37.61944254,55.75922696],[37.6194298,55.75924105],[37.6194738,55.7592537],[37.61952593,55.75919608],[37.61952593,55.75919608],[37.61947483,55.75918138],[37.61947483,55.75918138],[37.6194227,55.75923901]]]},"properties":{"type":"room","subtype":"apartment","roomType":"BEDROOM","area":25.042196484496856},"type":"Feature"},{"geometry":{"type":"Polygon","coordinates":[[[37.61946668,55.75928925],[37.61944681,55.75928354],[37.61942259,55.7593103],[37.61944246,55.75931602],[37.61946668,55.75928925]]]},"properties":{"type":"room","subtype":"apartment","roomType":"BALCONY","area":4.68225655829416},"type":"Feature"},{"geometry":{"type":"Polygon","coordinates":[[[37.61954435,55.7592034],[37.61952448,55.75919768],[37.61947472,55.75925268],[37.61949459,55.7592584],[37.61954435,55.7592034]]]},"properties":{"type":"room","subtype":"apartment","roomType":"BALCONY","area":9.621128158591603},"type":"Feature"},{"geometry":{"type":"Polygon","coordinates":[[[37.61948678,55.7591707],[37.61947664,55.7591819],[37.61952309,55.75919526],[37.61953323,55.75918406],[37.61948678,55.7591707]]]},"properties":{"type":"room","subtype":"apartment","roomType":"BALCONY","area":4.581128456638815},"type":"Feature"},{"geometry":{"type":"Polygon","coordinates":[[[37.61936305,55.75925947],[37.61935879,55.75925824],[37.61935684,55.7592604],[37.61936109,55.75926163],[37.61936305,55.75925947]]]},"properties":{"type":"room_object","subtype":"room","roomObjectType":"ELECTRICAL_BOX"},"type":"Feature"},{"geometry":{"type":"Polygon","coordinates":[[[37.6193858,55.75922839],[37.61941546,55.75923692],[37.61942849,55.75922252],[37.61942851,55.7592225],[37.61942853,55.75922249],[37.61942856,55.75922248],[37.61942859,55.75922247],[37.61942862,55.75922247],[37.61942865,55.75922247],[37.61942868,55.75922247],[37.61942871,55.75922248],[37.61943581,55.75922452],[37.61947483,55.75918138],[37.61947483,55.75918138],[37.61942373,55.75916668],[37.61942373,55.75916668],[37.61937884,55.7592163],[37.61937884,55.7592163],[37.61939304,55.75922039],[37.61939304,55.75922039],[37.6193858,55.75922839],[37.6193858,55.75922839]]]},"properties":{"type":"apartment","rooms":0,"totalArea":24.91999845784739,"livingArea":19.439998536126133,"apartmentType":999990},"type":"Feature"},{"geometry":{"type":"Polygon","coordinates":[[[37.61943573,55.7592246],[37.61947483,55.75918138],[37.61947483,55.75918138],[37.61942373,55.75916668],[37.61942373,55.75916668],[37.61938464,55.7592099],[37.61943573,55.7592246]]]},"properties":{"type":"room","subtype":"apartment","roomType":"STUDIO","area":19.439998536126133},"type":"Feature"},{"geometry":{"type":"Polygon","coordinates":[[[37.6194156,55.75923696],[37.61942864,55.75922256],[37.61941019,55.75921725],[37.61939715,55.75923166],[37.6194156,55.75923696]]]},"properties":{"type":"room","subtype":"apartment","roomType":"JOINT_BATHROOM","area":2.3399998923873215},"type":"Feature"},{"geometry":{"type":"Polygon","coordinates":[[[37.6193858,55.75922839],[37.61939715,55.75923166],[37.61941019,55.75921725],[37.61938464,55.7592099],[37.61937884,55.7592163],[37.61937884,55.7592163],[37.61939304,55.75922039],[37.61939304,55.75922039],[37.6193858,55.75922839],[37.6193858,55.75922839]]]},"properties":{"type":"room","subtype":"apartment","roomType":"HALL","area":2.2400000307191563},"type":"Feature"},{"geometry":{"type":"Polygon","coordinates":[[[37.61943568,55.759156],[37.61942555,55.75916721],[37.61947302,55.75918086],[37.61948315,55.75916966],[37.61943568,55.759156]]]},"properties":{"type":"room","subtype":"apartment","roomType":"BALCONY","area":4.682256045803454},"type":"Feature"},{"geometry":{"type":"Polygon","coordinates":[[[37.61939014,55.75920382],[37.61942373,55.75916668],[37.61942373,55.75916668],[37.61937264,55.75915199],[37.61937264,55.75915199],[37.61932775,55.75920161],[37.61932775,55.75920161],[37.61937161,55.75921422],[37.61937161,55.75921422],[37.61938283,55.75920182],[37.61938285,55.7592018],[37.61938287,55.75920179],[37.61938289,55.75920178],[37.61938292,55.75920177],[37.61938295,55.75920177],[37.61938298,55.75920177],[37.61938301,55.75920177],[37.61938304,55.75920178],[37.61939014,55.75920382]]]},"properties":{"type":"apartment","rooms":0,"totalArea":22.320000000869925,"livingArea":16.740000060811134,"apartmentType":999990},"type":"Feature"},{"geometry":{"type":"Polygon","coordinates":[[[37.61939007,55.7592039],[37.61942373,55.75916668],[37.61942373,55.75916668],[37.61937264,55.75915199],[37.61937264,55.75915199],[37.61933897,55.7591892],[37.61939007,55.7592039]]]},"properties":{"type":"room","subtype":"apartment","roomType":"STUDIO","area":16.740000060811134},"type":"Feature"},{"geometry":{"type":"Polygon","coordinates":[[[37.61937175,55.75921426],[37.61938297,55.75920186],[37.61936452,55.75919655],[37.6193533,55.75920896],[37.61937175,55.75921426]]]},"properties":{"type":"room","subtype":"apartment","roomType":"JOINT_BATHROOM","area":2.01499988907039},"type":"Feature"},{"geometry":{"type":"Polygon","coordinates":[[[37.61936452,55.75919655],[37.61933897,55.7591892],[37.61932775,55.75920161],[37.61932775,55.75920161],[37.6193533,55.75920896],[37.61936452,55.75919655]]]},"properties":{"type":"room","subtype":"apartment","roomType":"HALL","area":2.7900000409690233},"type":"Feature"},{"geometry":{"type":"Polygon","coordinates":[[[37.61938459,55.7591413],[37.61937445,55.75915251],[37.61942192,55.75916616],[37.61943206,55.75915496],[37.61938459,55.7591413]]]},"properties":{"type":"room","subtype":"apartment","roomType":"BALCONY","area":4.68225661256306},"type":"Feature"},{"geometry":{"type":"Polygon","coordinates":[[[37.61933134,55.75919961],[37.61932917,55.75920202],[37.61933343,55.75920324],[37.6193356,55.75920084],[37.61933134,55.75919961]]]},"properties":{"type":"room_object","subtype":"room","roomObjectType":"ELECTRICAL_BOX"},"type":"Feature"},{"geometry":{"type":"Polygon","coordinates":[[[37.61933904,55.75918912],[37.61937264,55.75915199],[37.61937264,55.75915199],[37.61932154,55.75913729],[37.61932154,55.75913729],[37.61927665,55.75918691],[37.61927665,55.75918691],[37.61932051,55.75919952],[37.61932051,55.75919952],[37.61933173,55.75918712],[37.61933175,55.7591871],[37.61933177,55.75918709],[37.6193318,55.75918708],[37.61933182,55.75918708],[37.61933186,55.75918707],[37.61933189,55.75918707],[37.61933192,55.75918707],[37.61933195,55.75918708],[37.61933904,55.75918912]]]},"properties":{"type":"apartment","rooms":0,"totalArea":22.320000000661846,"livingArea":16.740000059547356,"apartmentType":999990},"type":"Feature"},{"geometry":{"type":"Polygon","coordinates":[[[37.61933897,55.7591892],[37.61937264,55.75915199],[37.61937264,55.75915199],[37.61932154,55.75913729],[37.61932154,55.75913729],[37.61928787,55.7591745],[37.61933897,55.7591892]]]},"properties":{"type":"room","subtype":"apartment","roomType":"STUDIO","area":16.740000059547356},"type":"Feature"},{"geometry":{"type":"Polygon","coordinates":[[[37.61933187,55.75918716],[37.61931342,55.75918185],[37.6193022,55.75919426],[37.61932065,55.75919957],[37.61933187,55.75918716]]]},"properties":{"type":"room","subtype":"apartment","roomType":"JOINT_BATHROOM","area":2.0149998921956414},"type":"Feature"},{"geometry":{"type":"Polygon","coordinates":[[[37.6193022,55.75919426],[37.61931342,55.75918185],[37.61928787,55.7591745],[37.61927665,55.75918691],[37.61927665,55.75918691],[37.6193022,55.75919426]]]},"properties":{"type":"room","subtype":"apartment","roomType":"HALL","area":2.7900000391307684},"type":"Feature"},{"geometry":{"type":"Polygon","coordinates":[[[37.61933349,55.75912661],[37.61932336,55.75913781],[37.61937082,55.75915146],[37.61938096,55.75914026],[37.61933349,55.75912661]]]},"properties":{"type":"room","subtype":"apartment","roomType":"BALCONY","area":4.682256612624699},"type":"Feature"},{"geometry":{"type":"Polygon","coordinates":[[[37.61928024,55.75918492],[37.61927807,55.75918732],[37.61928233,55.75918854],[37.6192845,55.75918614],[37.61928024,55.75918492]]]},"properties":{"type":"room_object","subtype":"room","roomObjectType":"ELECTRICAL_BOX"},"type":"Feature"},{"geometry":{"type":"Polygon","coordinates":[[[37.61928795,55.75917442],[37.61932154,55.75913729],[37.61932154,55.75913729],[37.61927045,55.75912259],[37.61927045,55.75912259],[37.61922556,55.75917221],[37.61922557,55.75917222],[37.61922557,55.75917222],[37.61926941,55.75918483],[37.61926941,55.75918483],[37.61928064,55.75917242],[37.61928065,55.75917241],[37.61928067,55.75917239],[37.6192807,55.75917238],[37.61928073,55.75917238],[37.61928076,55.75917237],[37.61928079,55.75917237],[37.61928082,55.75917238],[37.61928085,55.75917238],[37.61928795,55.75917442]]]},"properties":{"type":"apartment","rooms":0,"totalArea":22.319999999380112,"livingArea":16.740000052584136,"apartmentType":999990},"type":"Feature"},{"geometry":{"type":"Polygon","coordinates":[[[37.61923678,55.75915981],[37.61928787,55.7591745],[37.61932154,55.75913729],[37.61932154,55.75913729],[37.61927045,55.75912259],[37.61927045,55.75912259],[37.61923678,55.75915981]]]},"properties":{"type":"room","subtype":"apartment","roomType":"STUDIO","area":16.740000052584136},"type":"Feature"},{"geometry":{"type":"Polygon","coordinates":[[[37.61928078,55.75917246],[37.61926233,55.75916716],[37.6192511,55.75917956],[37.61926956,55.75918487],[37.61928078,55.75917246]]]},"properties":{"type":"room","subtype":"apartment","roomType":"JOINT_BATHROOM","area":2.014999894316577},"type":"Feature"},{"geometry":{"type":"Polygon","coordinates":[[[37.61926233,55.75916716],[37.61923678,55.75915981],[37.61922556,55.75917221],[37.61922557,55.75917222],[37.61922557,55.75917222],[37.6192511,55.75917956],[37.61926233,55.75916716]]]},"properties":{"type":"room","subtype":"apartment","roomType":"HALL","area":2.7900000421474345},"type":"Feature"},{"geometry":{"type":"Polygon","coordinates":[[[37.6192824,55.75911191],[37.61927226,55.75912311],[37.61931973,55.75913677],[37.61932987,55.75912556],[37.6192824,55.75911191]]]},"properties":{"type":"room","subtype":"apartment","roomType":"BALCONY","area":4.682256612568897},"type":"Feature"},{"geometry":{"type":"Polygon","coordinates":[[[37.61922916,55.75917022],[37.61922699,55.75917262],[37.61923125,55.75917385],[37.61923342,55.75917145],[37.61922916,55.75917022]]]},"properties":{"type":"room_object","subtype":"room","roomObjectType":"ELECTRICAL_BOX"},"type":"Feature"},{"geometry":{"type":"Polygon","coordinates":[[[37.61917446,55.7591676],[37.61921832,55.75918022],[37.61921832,55.75918022],[37.61927045,55.75912259],[37.61927045,55.75912259],[37.61921935,55.75910789],[37.61921935,55.75910789],[37.61918032,55.75915103],[37.61918032,55.75915103],[37.61918742,55.75915307],[37.61918745,55.75915308],[37.61918747,55.75915309],[37.61918749,55.75915311],[37.6191875,55.75915313],[37.61918751,55.75915314],[37.61918751,55.75915316],[37.6191875,55.75915318],[37.61918749,55.75915319],[37.61917446,55.7591676]]]},"properties":{"type":"apartment","rooms":0,"totalArea":25.920001081538945,"livingArea":19.44000107919582,"apartmentType":999990},"type":"Feature"},{"geometry":{"type":"Polygon","coordinates":[[[37.61918025,55.75915111],[37.61923135,55.75916581],[37.61927045,55.75912259],[37.61927045,55.75912259],[37.61921935,55.75910789],[37.61921935,55.75910789],[37.61918025,55.75915111]]]},"properties":{"type":"room","subtype":"apartment","roomType":"STUDIO","area":19.44000107919582},"type":"Feature"},{"geometry":{"type":"Polygon","coordinates":[[[37.61917432,55.75916756],[37.61919277,55.75917287],[37.6192058,55.75915846],[37.61918735,55.75915315],[37.61917432,55.75916756]]]},"properties":{"type":"room","subtype":"apartment","roomType":"JOINT_BATHROOM","area":2.339999845321595},"type":"Feature"},{"geometry":{"type":"Polygon","coordinates":[[[37.61921832,55.75918022],[37.61921832,55.75918022],[37.61923135,55.75916581],[37.6192058,55.75915846],[37.61919277,55.75917287],[37.61921832,55.75918022]]]},"properties":{"type":"room","subtype":"apartment","roomType":"HALL","area":3.240000133463873},"type":"Feature"},{"geometry":{"type":"Polygon","coordinates":[[[37.61923232,55.75909751],[37.61922219,55.75910871],[37.61926863,55.75912207],[37.61927877,55.75911087],[37.61923232,55.75909751]]]},"properties":{"type":"room","subtype":"apartment","roomType":"BALCONY","area":4.581128722442775},"type":"Feature"},{"geometry":{"type":"Polygon","coordinates":[[[37.61921478,55.75917819],[37.61921904,55.75917941],[37.61922121,55.75917701],[37.61921695,55.75917579],[37.61921478,55.75917819]]]},"properties":{"type":"room_object","subtype":"room","roomObjectType":"ELECTRICAL_BOX"},"type":"Feature"},{"geometry":{"type":"Polygon","coordinates":[[[37.61916722,55.75916552],[37.61916722,55.75916552],[37.61911509,55.75922314],[37.61916618,55.75923784],[37.61921728,55.75925254],[37.61921728,55.75925254],[37.61923965,55.75922781],[37.61923965,55.75922781],[37.61923256,55.75922577],[37.61923253,55.75922576],[37.61923251,55.75922574],[37.61923249,55.75922573],[37.61923248,55.75922571],[37.61923247,55.7592257],[37.61923247,55.75922568],[37.61923247,55.75922566],[37.61923249,55.75922565],[37.61924259,55.75921448],[37.61924261,55.75921447],[37.61924263,55.75921445],[37.61924265,55.75921444],[37.61924268,55.75921444],[37.61924271,55.75921443],[37.61924274,55.75921443],[37.61924277,55.75921444],[37.6192428,55.75921444],[37.6192499,55.75921648],[37.61926217,55.75920292],[37.61921109,55.75918822],[37.61921832,55.75918022],[37.61916722,55.75916552]]]},"properties":{"type":"apartment","rooms":1,"totalArea":48.24049861552551,"livingArea":25.919998909885102,"apartmentType":999991},"type":"Feature"},{"geometry":{"type":"Polygon","coordinates":[[[37.61916691,55.75923704],[37.61916679,55.7592372],[37.61916674,55.75923738],[37.61916675,55.75923755],[37.61916681,55.75923772],[37.61916694,55.75923789],[37.61916712,55.75923803],[37.61916734,55.75923815],[37.6191676,55.75923825],[37.61921586,55.75925213],[37.61921615,55.75925219],[37.61921646,55.75925222],[37.61921677,55.75925222],[37.61921708,55.75925218],[37.61921736,55.75925211],[37.61921762,55.75925201],[37.61921784,55.75925188],[37.619218,55.75925174],[37.61923972,55.75922773],[37.61918864,55.75921303],[37.61916691,55.75923704]]]},"properties":{"type":"room","subtype":"apartment","roomType":"KITCHEN","area":11.154831751160359},"type":"Feature"},{"geometry":{"type":"Polygon","coordinates":[[[37.61921418,55.75922038],[37.61923664,55.75919557],[37.61921251,55.75918863],[37.61921222,55.75918857],[37.61921191,55.75918854],[37.6192116,55.75918854],[37.61921129,55.75918858],[37.61921101,55.75918865],[37.61921075,55.75918875],[37.61921053,55.75918887],[37.61921036,55.75918902],[37.61918864,55.75921303],[37.61921418,55.75922038]]]},"properties":{"type":"room","subtype":"apartment","roomType":"HALL","area":5.577293494807997},"type":"Feature"},{"geometry":{"type":"Polygon","coordinates":[[[37.61922429,55.75920922],[37.61924982,55.75921656],[37.61926145,55.75920372],[37.61926156,55.75920355],[37.61926162,55.75920338],[37.61926161,55.7592032],[37.61926154,55.75920303],[37.61926142,55.75920287],[37.61926124,55.75920272],[37.61926101,55.7592026],[37.61926075,55.75920251],[37.61923664,55.75919557],[37.61922429,55.75920922]]]},"properties":{"type":"room","subtype":"apartment","roomType":"BATHROOM","area":3.065732398275314},"type":"Feature"},{"geometry":{"type":"Polygon","coordinates":[[[37.61924273,55.75921452],[37.61922429,55.75920922],[37.61921418,55.75922038],[37.61923263,55.75922569],[37.61924273,55.75921452]]]},"properties":{"type":"room","subtype":"apartment","roomType":"TOILET","area":1.8129154287714861},"type":"Feature"},{"geometry":{"type":"Polygon","coordinates":[[[37.61916722,55.75916552],[37.61916722,55.75916552],[37.61911509,55.75922314],[37.61911509,55.75922314],[37.61916618,55.75923784],[37.61916618,55.75923784],[37.61921832,55.75918022],[37.61921832,55.75918022],[37.61916722,55.75916552]]]},"properties":{"type":"room","subtype":"apartment","roomType":"BEDROOM","area":25.919998909885102},"type":"Feature"},{"geometry":{"type":"Polygon","coordinates":[[[37.61920431,55.75926292],[37.61921444,55.75925172],[37.619168,55.75923836],[37.61915786,55.75924957],[37.61920431,55.75926292]]]},"properties":{"type":"room","subtype":"apartment","roomType":"BALCONY","area":4.58110707305891},"type":"Feature"},{"geometry":{"type":"Polygon","coordinates":[[[37.61921293,55.75918875],[37.61921076,55.75919115],[37.61921459,55.75919226],[37.61921677,55.75918986],[37.61921293,55.75918875]]]},"properties":{"type":"room_object","subtype":"room","roomObjectType":"ELECTRICAL_BOX"},"type":"Feature"},{"geometry":{"type":"Polygon","coordinates":[[[37.61922597,55.75924293],[37.61921728,55.75925254],[37.61920063,55.75927094],[37.61928863,55.75929626],[37.61930528,55.75927785],[37.61931397,55.75926825],[37.61922597,55.75924293]]]},"properties":{"type":"ladder","area":21.69977621588918,"subtype":"service"},"type":"Feature"},{"geometry":{"type":"Polygon","coordinates":[[[37.61931397,55.75926825],[37.61933497,55.75924504],[37.61932787,55.75924299],[37.61931226,55.7592385],[37.61928955,55.75923197],[37.61926684,55.75922544],[37.61928204,55.75920863],[37.61926217,55.75920292],[37.61926217,55.75920292],[37.61922597,55.75924293],[37.61931397,55.75926825]]]},"properties":{"type":"corridor","area":20.92022558500613,"subtype":"service"},"type":"Feature"},{"geometry":{"type":"Polygon","coordinates":[[[37.61934307,55.75922619],[37.61932787,55.75924299],[37.61933497,55.75924504],[37.61935017,55.75922823],[37.61934307,55.75922619]]]},"properties":{"type":"heating_meter","area":1.0500000000949536,"subtype":"service"},"type":"Feature"},{"geometry":{"type":"Polygon","coordinates":[[[37.61932746,55.7592217],[37.61931226,55.7592385],[37.61932787,55.75924299],[37.61934307,55.75922619],[37.61932746,55.7592217]]]},"properties":{"type":"elevator","area":2.3099999996873573,"subtype":"service"},"type":"Feature"},{"geometry":{"type":"Polygon","coordinates":[[[37.61930475,55.75921516],[37.61928955,55.75923197],[37.61931226,55.7592385],[37.61932746,55.7592217],[37.61930475,55.75921516]]]},"properties":{"type":"elevator","area":3.359999999894474,"subtype":"service"},"type":"Feature"},{"geometry":{"type":"Polygon","coordinates":[[[37.61928204,55.75920863],[37.61926684,55.75922544],[37.61928955,55.75923197],[37.61930475,55.75921516],[37.61928204,55.75920863]]]},"properties":{"type":"elevator","area":3.35999999992913,"subtype":"service"},"type":"Feature"},{"geometry":{"type":"Polygon","coordinates":[[[37.61939304,55.75922039],[37.61922557,55.75917222],[37.61921109,55.75918822],[37.61935017,55.75922823],[37.61925026,55.75933867],[37.61927865,55.75934683],[37.61939304,55.75922039]]]},"properties":{"type":"corridor","area":51.19599286223925,"subtype":"service"},"type":"Feature"},{"geometry":{"type":"Polygon","coordinates":[[[37.61924028,55.7592884],[37.61928428,55.75930106],[37.6192879,55.75929706],[37.61928802,55.75929689],[37.61928807,55.75929672],[37.61928807,55.75929654],[37.619288,55.75929637],[37.61928787,55.75929621],[37.6192877,55.75929607],[37.61928747,55.75929594],[37.61928721,55.75929585],[37.61924463,55.7592836],[37.61924028,55.7592884]]]},"properties":{"type":"ventilation","area":1.8578035682872531,"subtype":"service"},"type":"Feature"},{"geometry":{"type":"Polygon","coordinates":[[[37.61930326,55.75931962],[37.61934513,55.75933167],[37.61934803,55.75932847],[37.61930757,55.75931683],[37.61930728,55.75931677],[37.61930697,55.75931674],[37.61930666,55.75931674],[37.61930636,55.75931678],[37.61930607,55.75931685],[37.61930581,55.75931695],[37.6193056,55.75931708],[37.61930543,55.75931723],[37.61930326,55.75931962]]]},"properties":{"type":"ventilation","area":1.1771797490142435,"subtype":"service"},"type":"Feature"},{"geometry":{"type":"Polygon","coordinates":[[[37.61933005,55.75929002],[37.61935205,55.75929634],[37.61935567,55.75929234],[37.61933367,55.75928601],[37.61933005,55.75929002]]]},"properties":{"type":"ventilation","area":0.774999985133815,"subtype":"service"},"type":"Feature"},{"geometry":{"type":"Polygon","coordinates":[[[37.61938129,55.75929467],[37.61936149,55.75928897],[37.61935787,55.75929298],[37.61937767,55.75929867],[37.61938129,55.75929467]]]},"properties":{"type":"ventilation","area":0.6975000055602509,"subtype":"service"},"type":"Feature"},{"geometry":{"type":"Polygon","coordinates":[[[37.6194298,55.75924105],[37.61944254,55.75922696],[37.61943544,55.75922492],[37.61942342,55.7592382],[37.61942331,55.75923837],[37.61942326,55.75923854],[37.61942326,55.75923872],[37.61942333,55.75923889],[37.61942345,55.75923905],[37.61942363,55.7592392],[37.61942386,55.75923932],[37.61942412,55.75923941],[37.6194298,55.75924105]]]},"properties":{"type":"ventilation","area":0.877803612235463,"subtype":"service"},"type":"Feature"},{"geometry":{"type":"Polygon","coordinates":[[[37.61942864,55.75922256],[37.6194156,55.75923696],[37.6194227,55.75923901],[37.61943573,55.7592246],[37.61942864,55.75922256]]]},"properties":{"type":"ventilation","area":0.899999998436523,"subtype":"service"},"type":"Feature"},{"geometry":{"type":"Polygon","coordinates":[[[37.61937175,55.75921426],[37.61937884,55.7592163],[37.61937884,55.7592163],[37.61939007,55.7592039],[37.61938297,55.75920186],[37.61937175,55.75921426]]]},"properties":{"type":"ventilation","area":0.7750000100582913,"subtype":"service"},"type":"Feature"},{"geometry":{"type":"Polygon","coordinates":[[[37.61933187,55.75918716],[37.61932065,55.75919957],[37.61932775,55.75920161],[37.61932775,55.75920161],[37.61933897,55.7591892],[37.61933187,55.75918716]]]},"properties":{"type":"ventilation","area":0.7750000101775789,"subtype":"service"},"type":"Feature"},{"geometry":{"type":"Polygon","coordinates":[[[37.61928078,55.75917246],[37.61926956,55.75918487],[37.61927665,55.75918691],[37.61927665,55.75918691],[37.61928787,55.7591745],[37.61928078,55.75917246]]]},"properties":{"type":"ventilation","area":0.7750000108813715,"subtype":"service"},"type":"Feature"},{"geometry":{"type":"Polygon","coordinates":[[[37.61917432,55.75916756],[37.61918735,55.75915315],[37.61918025,55.75915111],[37.61916722,55.75916552],[37.61916722,55.75916552],[37.61917432,55.75916756]]]},"properties":{"type":"ventilation","area":0.9000000234785991,"subtype":"service"},"type":"Feature"},{"geometry":{"type":"Polygon","coordinates":[[[37.61924273,55.75921452],[37.61923263,55.75922569],[37.61923972,55.75922773],[37.61924982,55.75921656],[37.61924273,55.75921452]]]},"properties":{"type":"ventilation","area":0.6973431755029387,"subtype":"service"},"type":"Feature"},{"geometry":{"type":"Polygon","coordinates":[[[37.61824804,55.75896166],[37.61827436,55.75893521],[37.61819895,55.75891135],[37.61819895,55.75891135],[37.61819505,55.75891526],[37.61819503,55.75891528],[37.61819501,55.75891529],[37.61819498,55.7589153],[37.61819495,55.75891531],[37.61819492,55.75891531],[37.61819489,55.75891531],[37.61819486,55.7589153],[37.61819483,55.7589153],[37.61816965,55.75890733],[37.61814731,55.75892977],[37.61814731,55.75892977],[37.61824804,55.75896166]]]},"properties":{"type":"apartment","rooms":0,"totalArea":24.468749999084167,"livingArea":18.351562527384022,"apartmentType":999990},"type":"Feature"},{"geometry":{"type":"Polygon","coordinates":[[[37.61824804,55.75896166],[37.61827436,55.75893521],[37.61819881,55.7589113],[37.61817249,55.75893774],[37.61824804,55.75896166]]]},"properties":{"type":"room","subtype":"apartment","roomType":"STUDIO","area":18.351562527384022},"type":"Feature"},{"geometry":{"type":"Polygon","coordinates":[[[37.61819491,55.75891522],[37.61816973,55.75890725],[37.61816047,55.75891655],[37.61818565,55.75892452],[37.61819491,55.75891522]]]},"properties":{"type":"room","subtype":"apartment","roomType":"JOINT_BATHROOM","area":2.152343754908226},"type":"Feature"},{"geometry":{"type":"Polygon","coordinates":[[[37.61818565,55.75892452],[37.61816047,55.75891655],[37.61814731,55.75892977],[37.61814731,55.75892977],[37.61817249,55.75893774],[37.61818565,55.75892452]]]},"properties":{"type":"room","subtype":"apartment","roomType":"HALL","area":3.058593705861225},"type":"Feature"},{"geometry":{"type":"Polygon","coordinates":[[[37.61829282,55.75894237],[37.61827336,55.75893621],[37.61824904,55.75896065],[37.61826849,55.75896681],[37.61829282,55.75894237]]]},"properties":{"type":"room","subtype":"apartment","roomType":"BALCONY","area":4.367256610507349},"type":"Feature"},{"geometry":{"type":"Polygon","coordinates":[[[37.61814809,55.75892899],[37.61815225,55.75893031],[37.61815459,55.75892796],[37.61815043,55.75892664],[37.61814809,55.75892899]]]},"properties":{"type":"room_object","subtype":"room","roomObjectType":"ELECTRICAL_BOX"},"type":"Feature"},{"geometry":{"type":"Polygon","coordinates":[[[37.61830068,55.75890877],[37.61822526,55.7588849],[37.61822137,55.75888882],[37.61822135,55.75888883],[37.61822133,55.75888885],[37.6182213,55.75888886],[37.61822127,55.75888886],[37.61822124,55.75888887],[37.61822121,55.75888887],[37.61822118,55.75888886],[37.61822115,55.75888885],[37.61819597,55.75888089],[37.61819597,55.75888089],[37.61817363,55.75890333],[37.61817363,55.75890333],[37.61827436,55.75893521],[37.61830068,55.75890877]]]},"properties":{"type":"apartment","rooms":0,"totalArea":24.468749999649145,"livingArea":18.351722322411348,"apartmentType":999990},"type":"Feature"},{"geometry":{"type":"Polygon","coordinates":[[[37.61822513,55.75888486],[37.61819881,55.7589113],[37.61827436,55.75893521],[37.61830068,55.75890877],[37.61822513,55.75888486]]]},"properties":{"type":"room","subtype":"apartment","roomType":"STUDIO","area":18.351722322411348},"type":"Feature"},{"geometry":{"type":"Polygon","coordinates":[[[37.61822123,55.75888878],[37.61819604,55.75888081],[37.61818678,55.75889012],[37.61821196,55.75889809],[37.61822123,55.75888878]]]},"properties":{"type":"room","subtype":"apartment","roomType":"JOINT_BATHROOM","area":2.1534233652904606},"type":"Feature"},{"geometry":{"type":"Polygon","coordinates":[[[37.61818678,55.75889012],[37.61817363,55.75890333],[37.61817363,55.75890333],[37.61819881,55.7589113],[37.61821196,55.75889809],[37.61818678,55.75889012]]]},"properties":{"type":"room","subtype":"apartment","roomType":"HALL","area":3.0572507574073438},"type":"Feature"},{"geometry":{"type":"Polygon","coordinates":[[[37.61831914,55.75891593],[37.61829968,55.75890977],[37.61827536,55.75893421],[37.61829481,55.75894037],[37.61831914,55.75891593]]]},"properties":{"type":"room","subtype":"apartment","roomType":"BALCONY","area":4.367238107801948},"type":"Feature"},{"geometry":{"type":"Polygon","coordinates":[[[37.61817441,55.75890255],[37.61817857,55.75890387],[37.61818091,55.75890152],[37.61817675,55.7589002],[37.61817441,55.75890255]]]},"properties":{"type":"room_object","subtype":"room","roomObjectType":"ELECTRICAL_BOX"},"type":"Feature"},{"geometry":{"type":"Polygon","coordinates":[[[37.61818605,55.75887249],[37.61830068,55.75890877],[37.618327,55.75888233],[37.618327,55.75888233],[37.61824117,55.75885516],[37.61823727,55.75885908],[37.61823725,55.75885909],[37.61823723,55.75885911],[37.6182372,55.75885912],[37.61823717,55.75885912],[37.61823714,55.75885913],[37.61823711,55.75885913],[37.61823708,55.75885912],[37.61823705,55.75885911],[37.61820839,55.75885005],[37.61818605,55.75887249]]]},"properties":{"type":"apartment","rooms":0,"totalArea":27.8437507484076,"livingArea":20.882813201022284,"apartmentType":999990},"type":"Feature"},{"geometry":{"type":"Polygon","coordinates":[[[37.61821471,55.75888156],[37.61830068,55.75890877],[37.618327,55.75888233],[37.618327,55.75888233],[37.61824103,55.75885512],[37.61821471,55.75888156]]]},"properties":{"type":"room","subtype":"apartment","roomType":"STUDIO","area":20.882813201022284},"type":"Feature"},{"geometry":{"type":"Polygon","coordinates":[[[37.61820847,55.75884997],[37.61819921,55.75885927],[37.61822787,55.75886834],[37.61823713,55.75885904],[37.61820847,55.75884997]]]},"properties":{"type":"room","subtype":"apartment","roomType":"JOINT_BATHROOM","area":2.449218910987602},"type":"Feature"},{"geometry":{"type":"Polygon","coordinates":[[[37.61819921,55.75885927],[37.61818605,55.75887249],[37.61821471,55.75888156],[37.61822787,55.75886834],[37.61819921,55.75885927]]]},"properties":{"type":"room","subtype":"apartment","roomType":"HALL","area":3.4804686360719854},"type":"Feature"},{"geometry":{"type":"Polygon","coordinates":[[[37.61834489,55.75889005],[37.61832544,55.75888389],[37.61830168,55.75890777],[37.61832113,55.75891393],[37.61834489,55.75889005]]]},"properties":{"type":"room","subtype":"apartment","roomType":"BALCONY","area":4.266128556881767},"type":"Feature"},{"geometry":{"type":"Polygon","coordinates":[[[37.61821332,55.75888112],[37.61821566,55.75887877],[37.61821062,55.75887718],[37.61820828,55.75887953],[37.61821332,55.75888112]]]},"properties":{"type":"room_object","subtype":"room","roomObjectType":"ELECTRICAL_BOX"},"type":"Feature"},{"geometry":{"type":"Polygon","coordinates":[[[37.61807142,55.75883621],[37.61818605,55.75887249],[37.61820839,55.75885005],[37.61820839,55.75885005],[37.61817974,55.75884098],[37.61817971,55.75884097],[37.61817969,55.75884095],[37.61817967,55.75884094],[37.61817966,55.75884092],[37.61817966,55.7588409],[37.61817966,55.75884089],[37.61817966,55.75884087],[37.61817968,55.75884085],[37.61818357,55.75883694],[37.61818357,55.75883694],[37.61809774,55.75880977],[37.61807142,55.75883621],[37.61807142,55.75883621]]]},"properties":{"type":"apartment","rooms":0,"totalArea":27.84374924986907,"livingArea":20.88281179892402,"apartmentType":999990},"type":"Feature"},{"geometry":{"type":"Polygon","coordinates":[[[37.61815739,55.75886342],[37.61818371,55.75883698],[37.61809774,55.75880977],[37.61807142,55.75883621],[37.61807142,55.75883621],[37.61815739,55.75886342]]]},"properties":{"type":"room","subtype":"apartment","roomType":"STUDIO","area":20.88281179892402},"type":"Feature"},{"geometry":{"type":"Polygon","coordinates":[[[37.61819921,55.75885927],[37.61820847,55.75884997],[37.61817981,55.7588409],[37.61817055,55.7588502],[37.61819921,55.75885927]]]},"properties":{"type":"room","subtype":"apartment","roomType":"JOINT_BATHROOM","area":2.4492187234714335},"type":"Feature"},{"geometry":{"type":"Polygon","coordinates":[[[37.61817055,55.7588502],[37.61815739,55.75886342],[37.61818605,55.75887249],[37.61819921,55.75885927],[37.61817055,55.7588502]]]},"properties":{"type":"room","subtype":"apartment","roomType":"HALL","area":3.4804687301161703},"type":"Feature"},{"geometry":{"type":"Polygon","coordinates":[[[37.61805297,55.75882906],[37.61807242,55.75883521],[37.61809618,55.75881134],[37.61807673,55.75880518],[37.61805297,55.75882906]]]},"properties":{"type":"room","subtype":"apartment","roomType":"BALCONY","area":4.266128054093105},"type":"Feature"},{"geometry":{"type":"Polygon","coordinates":[[[37.6180451,55.75886266],[37.61814584,55.75889454],[37.61816817,55.7588721],[37.61816817,55.7588721],[37.61814299,55.75886413],[37.61814296,55.75886412],[37.61814294,55.75886411],[37.61814292,55.75886409],[37.61814291,55.75886407],[37.61814291,55.75886406],[37.61814291,55.75886404],[37.61814291,55.75886402],[37.61814293,55.75886401],[37.61814683,55.75886008],[37.61807142,55.75883621],[37.6180451,55.75886266]]]},"properties":{"type":"apartment","rooms":0,"totalArea":24.46874999823694,"livingArea":18.351562526249577,"apartmentType":999990},"type":"Feature"},{"geometry":{"type":"Polygon","coordinates":[[[37.61814697,55.75886012],[37.61807142,55.75883621],[37.6180451,55.75886266],[37.61812065,55.75888657],[37.61814697,55.75886012]]]},"properties":{"type":"room","subtype":"apartment","roomType":"STUDIO","area":18.351562526249577},"type":"Feature"},{"geometry":{"type":"Polygon","coordinates":[[[37.61816825,55.75887202],[37.61814307,55.75886405],[37.61813381,55.75887335],[37.618159,55.75888132],[37.61816825,55.75887202]]]},"properties":{"type":"room","subtype":"apartment","roomType":"JOINT_BATHROOM","area":2.150533213734175},"type":"Feature"},{"geometry":{"type":"Polygon","coordinates":[[[37.61813381,55.75887335],[37.61812065,55.75888657],[37.61814584,55.75889454],[37.618159,55.75888132],[37.61813381,55.75887335]]]},"properties":{"type":"room","subtype":"apartment","roomType":"HALL","area":3.058593766778759},"type":"Feature"},{"geometry":{"type":"Polygon","coordinates":[[[37.61802665,55.7588555],[37.6180461,55.75886166],[37.61807043,55.75883721],[37.61805097,55.75883106],[37.61802665,55.7588555]]]},"properties":{"type":"room","subtype":"apartment","roomType":"BALCONY","area":4.36725661060662},"type":"Feature"},{"geometry":{"type":"Polygon","coordinates":[[[37.61814245,55.75889243],[37.61814662,55.75889375],[37.61814896,55.7588914],[37.61814479,55.75889008],[37.61814245,55.75889243]]]},"properties":{"type":"room_object","subtype":"room","roomObjectType":"ELECTRICAL_BOX"},"type":"Feature"},{"geometry":{"type":"Polygon","coordinates":[[[37.61801878,55.7588891],[37.61811952,55.75892098],[37.61814186,55.75889853],[37.61814186,55.75889853],[37.61811668,55.75889056],[37.61811665,55.75889055],[37.61811663,55.75889054],[37.61811661,55.75889052],[37.6181166,55.75889051],[37.6181166,55.75889049],[37.6181166,55.75889047],[37.6181166,55.75889046],[37.61811662,55.75889044],[37.61812051,55.75888652],[37.6180451,55.75886266],[37.61801878,55.7588891]]]},"properties":{"type":"apartment","rooms":0,"totalArea":24.468749998131592,"livingArea":18.351562524762276,"apartmentType":999990},"type":"Feature"},{"geometry":{"type":"Polygon","coordinates":[[[37.61812065,55.75888657],[37.6180451,55.75886266],[37.61801878,55.7588891],[37.61809433,55.75891301],[37.61812065,55.75888657]]]},"properties":{"type":"room","subtype":"apartment","roomType":"STUDIO","area":18.351562524762276},"type":"Feature"},{"geometry":{"type":"Polygon","coordinates":[[[37.61814194,55.75889845],[37.61811675,55.75889048],[37.61810749,55.75889979],[37.61813268,55.75890776],[37.61814194,55.75889845]]]},"properties":{"type":"room","subtype":"apartment","roomType":"JOINT_BATHROOM","area":2.152343686909483},"type":"Feature"},{"geometry":{"type":"Polygon","coordinates":[[[37.61809433,55.75891301],[37.61811952,55.75892098],[37.61813268,55.75890776],[37.61810749,55.75889979],[37.61809433,55.75891301]]]},"properties":{"type":"room","subtype":"apartment","roomType":"HALL","area":3.058593770935022},"type":"Feature"},{"geometry":{"type":"Polygon","coordinates":[[[37.61800033,55.75888194],[37.61801978,55.7588881],[37.61804411,55.75886366],[37.61802465,55.7588575],[37.61800033,55.75888194]]]},"properties":{"type":"room","subtype":"apartment","roomType":"BALCONY","area":4.36725661060662},"type":"Feature"},{"geometry":{"type":"Polygon","coordinates":[[[37.61811613,55.75891888],[37.6181203,55.7589202],[37.61812264,55.75891785],[37.61811847,55.75891653],[37.61811613,55.75891888]]]},"properties":{"type":"room_object","subtype":"room","roomObjectType":"ELECTRICAL_BOX"},"type":"Feature"},{"geometry":{"type":"Polygon","coordinates":[[[37.61796614,55.75894198],[37.61806688,55.75897386],[37.6180932,55.75894742],[37.61811952,55.75892098],[37.61809195,55.75891226],[37.61809195,55.75891226],[37.61808805,55.75891617],[37.61808804,55.75891619],[37.61808801,55.7589162],[37.61808799,55.75891621],[37.61808796,55.75891622],[37.61808793,55.75891622],[37.6180879,55.75891622],[37.61808787,55.75891622],[37.61808784,55.75891621],[37.61806517,55.75890903],[37.61806515,55.75890902],[37.61806513,55.75890901],[37.61806511,55.758909],[37.6180651,55.75890898],[37.61806509,55.75890896],[37.61806509,55.75890895],[37.6180651,55.75890893],[37.61806511,55.75890891],[37.61806901,55.758905],[37.61801878,55.7588891],[37.61799246,55.75891554],[37.61796614,55.75894198]]]},"properties":{"type":"apartment","rooms":1,"totalArea":48.93749999662256,"livingArea":24.46874999821819,"apartmentType":999991},"type":"Feature"},{"geometry":{"type":"Polygon","coordinates":[[[37.61804283,55.75893148],[37.61806915,55.75890504],[37.61802017,55.75888954],[37.61801989,55.75888947],[37.61801958,55.75888943],[37.61801927,55.75888943],[37.61801896,55.75888946],[37.61801867,55.75888952],[37.61801841,55.75888962],[37.61801818,55.75888974],[37.618018,55.75888988],[37.61799324,55.75891476],[37.61799312,55.75891492],[37.61799305,55.75891509],[37.61799304,55.75891527],[37.6179931,55.75891544],[37.61799321,55.7589156],[37.61799338,55.75891575],[37.6179936,55.75891588],[37.61799385,55.75891598],[37.61804283,55.75893148]]]},"properties":{"type":"room","subtype":"apartment","roomType":"KITCHEN","area":12.229982223702304},"type":"Feature"},{"geometry":{"type":"Polygon","coordinates":[[[37.61804283,55.75893148],[37.61809181,55.75894698],[37.61809209,55.75894705],[37.6180924,55.75894709],[37.61809271,55.75894709],[37.61809302,55.75894706],[37.61809331,55.758947],[37.61809357,55.7589469],[37.6180938,55.75894678],[37.61809398,55.75894664],[37.61810636,55.7589342],[37.61805599,55.75891826],[37.61804283,55.75893148]]]},"properties":{"type":"room","subtype":"apartment","roomType":"HALL","area":6.114991143531116},"type":"Feature"},{"geometry":{"type":"Polygon","coordinates":[[[37.61809182,55.75891221],[37.61807866,55.75892543],[37.61810636,55.7589342],[37.61811874,55.75892176],[37.61811886,55.7589216],[37.61811893,55.75892143],[37.61811894,55.75892125],[37.61811888,55.75892108],[37.61811877,55.75892092],[37.6181186,55.75892077],[37.61811838,55.75892064],[37.61811813,55.75892054],[37.61809182,55.75891221]]]},"properties":{"type":"room","subtype":"apartment","roomType":"BATHROOM","area":3.3622567063014706},"type":"Feature"},{"geometry":{"type":"Polygon","coordinates":[[[37.61806525,55.75890896],[37.61805599,55.75891826],[37.61807866,55.75892543],[37.61808792,55.75891613],[37.61806525,55.75890896]]]},"properties":{"type":"room","subtype":"apartment","roomType":"TOILET","area":1.9371093749691912},"type":"Feature"},{"geometry":{"type":"Polygon","coordinates":[[[37.61796614,55.75894198],[37.61806688,55.75897386],[37.6180932,55.75894742],[37.6180932,55.75894742],[37.61799246,55.75891554],[37.61796614,55.75894198]]]},"properties":{"type":"room","subtype":"apartment","roomType":"BEDROOM","area":24.46874999821819},"type":"Feature"},{"geometry":{"type":"Polygon","coordinates":[[[37.61797401,55.75890838],[37.61799346,55.75891454],[37.61801779,55.7588901],[37.61799833,55.75888394],[37.61797401,55.75890838]]]},"properties":{"type":"room","subtype":"apartment","roomType":"BALCONY","area":4.36725661060662},"type":"Feature"},{"geometry":{"type":"Polygon","coordinates":[[[37.61794769,55.75893483],[37.61796714,55.75894098],[37.61799147,55.75891654],[37.61797201,55.75891039],[37.61794769,55.75893483]]]},"properties":{"type":"room","subtype":"apartment","roomType":"BALCONY","area":4.36725661060662},"type":"Feature"},{"geometry":{"type":"Polygon","coordinates":[[[37.61809004,55.75894508],[37.61809421,55.7589464],[37.61809632,55.75894429],[37.61809215,55.75894297],[37.61809004,55.75894508]]]},"properties":{"type":"room_object","subtype":"room","roomObjectType":"ELECTRICAL_BOX"},"type":"Feature"},{"geometry":{"type":"Polygon","coordinates":[[[37.61793982,55.75896843],[37.61804056,55.75900031],[37.6180629,55.75897786],[37.6180629,55.75897786],[37.61803772,55.75896989],[37.61803769,55.75896988],[37.61803767,55.75896987],[37.61803765,55.75896985],[37.61803764,55.75896984],[37.61803764,55.75896982],[37.61803764,55.7589698],[37.61803764,55.75896978],[37.61803766,55.75896977],[37.61804155,55.75896585],[37.61796614,55.75894198],[37.61793982,55.75896843]]]},"properties":{"type":"apartment","rooms":0,"totalArea":24.468749998304787,"livingArea":18.351562525556798,"apartmentType":999990},"type":"Feature"},{"geometry":{"type":"Polygon","coordinates":[[[37.61804169,55.75896589],[37.61796614,55.75894198],[37.61793982,55.75896843],[37.61801537,55.75899234],[37.61804169,55.75896589]]]},"properties":{"type":"room","subtype":"apartment","roomType":"STUDIO","area":18.351562525556798},"type":"Feature"},{"geometry":{"type":"Polygon","coordinates":[[[37.61803779,55.75896981],[37.61802853,55.75897912],[37.61805372,55.75898709],[37.61806298,55.75897778],[37.61803779,55.75896981]]]},"properties":{"type":"room","subtype":"apartment","roomType":"JOINT_BATHROOM","area":2.1523436869425554},"type":"Feature"},{"geometry":{"type":"Polygon","coordinates":[[[37.61805372,55.75898709],[37.61802853,55.75897912],[37.61801537,55.75899234],[37.61804056,55.75900031],[37.61805372,55.75898709]]]},"properties":{"type":"room","subtype":"apartment","roomType":"HALL","area":3.0585937709534257},"type":"Feature"},{"geometry":{"type":"Polygon","coordinates":[[[37.61792137,55.75896127],[37.61794082,55.75896742],[37.61796515,55.75894298],[37.61794569,55.75893683],[37.61792137,55.75896127]]]},"properties":{"type":"room","subtype":"apartment","roomType":"BALCONY","area":4.36725661060662},"type":"Feature"},{"geometry":{"type":"Polygon","coordinates":[[[37.61803717,55.7589982],[37.61804134,55.75899952],[37.61804368,55.75899717],[37.61803951,55.75899585],[37.61803717,55.7589982]]]},"properties":{"type":"room_object","subtype":"room","roomObjectType":"ELECTRICAL_BOX"},"type":"Feature"},{"geometry":{"type":"Polygon","coordinates":[[[37.6179135,55.75899487],[37.61801424,55.75902675],[37.61801425,55.75902674],[37.61801425,55.75902674],[37.61803658,55.7590043],[37.61803658,55.7590043],[37.61801139,55.75899633],[37.61801137,55.75899632],[37.61801135,55.75899631],[37.61801133,55.75899629],[37.61801132,55.75899628],[37.61801131,55.75899626],[37.61801131,55.75899624],[37.61801132,55.75899623],[37.61801133,55.75899621],[37.61801523,55.75899229],[37.61801523,55.75899229],[37.61793982,55.75896843],[37.6179135,55.75899487]]]},"properties":{"type":"apartment","rooms":0,"totalArea":24.46874999889585,"livingArea":18.351722079532944,"apartmentType":999990},"type":"Feature"},{"geometry":{"type":"Polygon","coordinates":[[[37.61801537,55.75899234],[37.61793982,55.75896843],[37.6179135,55.75899487],[37.61798906,55.75901878],[37.61801537,55.75899234]]]},"properties":{"type":"room","subtype":"apartment","roomType":"STUDIO","area":18.351722079532944},"type":"Feature"},{"geometry":{"type":"Polygon","coordinates":[[[37.61800222,55.75900555],[37.6180274,55.75901352],[37.61803666,55.75900422],[37.61801147,55.75899625],[37.61800222,55.75900555]]]},"properties":{"type":"room","subtype":"apartment","roomType":"JOINT_BATHROOM","area":2.1509275792544105},"type":"Feature"},{"geometry":{"type":"Polygon","coordinates":[[[37.6180274,55.75901352],[37.61800222,55.75900555],[37.61798906,55.75901878],[37.61801424,55.75902675],[37.61801425,55.75902674],[37.61801425,55.75902674],[37.6180274,55.75901352]]]},"properties":{"type":"room","subtype":"apartment","roomType":"HALL","area":3.0597750912860797},"type":"Feature"},{"geometry":{"type":"Polygon","coordinates":[[[37.61789505,55.75898771],[37.6179145,55.75899387],[37.61793883,55.75896943],[37.61791937,55.75896327],[37.61789505,55.75898771]]]},"properties":{"type":"room","subtype":"apartment","roomType":"BALCONY","area":4.367238136010789},"type":"Feature"},{"geometry":{"type":"Polygon","coordinates":[[[37.61801086,55.75902464],[37.61801503,55.75902596],[37.61801736,55.75902361],[37.6180132,55.75902229],[37.61801086,55.75902464]]]},"properties":{"type":"room_object","subtype":"room","roomObjectType":"ELECTRICAL_BOX"},"type":"Feature"},{"geometry":{"type":"Polygon","coordinates":[[[37.61788718,55.75902131],[37.61800181,55.75905759],[37.61811644,55.75909387],[37.61814276,55.75906742],[37.61816908,55.75904098],[37.61811885,55.75902509],[37.61811885,55.75902509],[37.61811495,55.759029],[37.61811494,55.75902902],[37.61811491,55.75902903],[37.61811489,55.75902904],[37.61811486,55.75902905],[37.61811483,55.75902905],[37.6181148,55.75902905],[37.61811477,55.75902904],[37.61811474,55.75902904],[37.61809207,55.75902186],[37.61809205,55.75902185],[37.61809202,55.75902184],[37.61809201,55.75902183],[37.618092,55.75902181],[37.61809199,55.75902179],[37.61809199,55.75902178],[37.618092,55.75902176],[37.61809201,55.75902174],[37.61809591,55.75901782],[37.61806835,55.7590091],[37.61804203,55.75903554],[37.61802813,55.75903115],[37.6179135,55.75899487],[37.61788718,55.75902131]]]},"properties":{"type":"apartment","rooms":2,"totalArea":80.15674866968816,"livingArea":46.78154480086019,"apartmentType":999992},"type":"Feature"},{"geometry":{"type":"Polygon","coordinates":[[[37.61811871,55.75902504],[37.61809239,55.75905148],[37.61814137,55.75906698],[37.61814166,55.75906706],[37.61814196,55.75906709],[37.61814228,55.7590671],[37.61814258,55.75906707],[37.61814287,55.759067],[37.61814314,55.75906691],[37.61814336,55.75906679],[37.61814354,55.75906664],[37.6181683,55.75904177],[37.61816843,55.7590416],[37.61816849,55.75904143],[37.6181685,55.75904126],[37.61816845,55.75904108],[37.61816833,55.75904092],[37.61816816,55.75904077],[37.61816795,55.75904064],[37.61816769,55.75904054],[37.61811871,55.75902504]]]},"properties":{"type":"room","subtype":"apartment","roomType":"KITCHEN","area":12.229982224950106},"type":"Feature"},{"geometry":{"type":"Polygon","coordinates":[[[37.61805519,55.75902232],[37.61804281,55.75903476],[37.61804268,55.75903492],[37.61804261,55.75903509],[37.61804261,55.75903527],[37.61804266,55.75903544],[37.61804278,55.75903561],[37.61804294,55.75903576],[37.61804316,55.75903588],[37.61804342,55.75903598],[37.61809239,55.75905148],[37.61810555,55.75903826],[37.61805519,55.75902232]]]},"properties":{"type":"room","subtype":"apartment","roomType":"HALL","area":6.1149910775280825},"type":"Feature"},{"geometry":{"type":"Polygon","coordinates":[[[37.61809605,55.75901787],[37.61806974,55.75900954],[37.61806945,55.75900947],[37.61806915,55.75900943],[37.61806883,55.75900943],[37.61806853,55.75900946],[37.61806823,55.75900952],[37.61806797,55.75900962],[37.61806775,55.75900974],[37.61806757,55.75900988],[37.61805519,55.75902232],[37.61808289,55.75903109],[37.61809605,55.75901787]]]},"properties":{"type":"room","subtype":"apartment","roomType":"BATHROOM","area":3.3622567705471433},"type":"Feature"},{"geometry":{"type":"Polygon","coordinates":[[[37.61810555,55.75903826],[37.61811482,55.75902896],[37.61809215,55.75902179],[37.61808289,55.75903109],[37.61810555,55.75903826]]]},"properties":{"type":"room","subtype":"apartment","roomType":"TOILET","area":1.9371093765774456},"type":"Feature"},{"geometry":{"type":"Polygon","coordinates":[[[37.61806478,55.75904274],[37.61803846,55.75906919],[37.61811505,55.75909343],[37.61811534,55.7590935],[37.61811564,55.75909354],[37.61811596,55.75909354],[37.61811626,55.75909351],[37.61811655,55.75909344],[37.61811682,55.75909335],[37.61811704,55.75909323],[37.61811722,55.75909308],[37.61814198,55.75906821],[37.61814211,55.75906805],[37.61814217,55.75906787],[37.61814218,55.7590677],[37.61814213,55.75906753],[37.61814201,55.75906736],[37.61814185,55.75906721],[37.61814163,55.75906709],[37.61814137,55.75906698],[37.61806478,55.75904274]]]},"properties":{"type":"room","subtype":"apartment","roomType":"BEDROOM","area":18.937794052479312},"type":"Feature"},{"geometry":{"type":"Polygon","coordinates":[[[37.61788718,55.75902131],[37.61800181,55.75905759],[37.61802813,55.75903115],[37.6179135,55.75899487],[37.61788718,55.75902131],[37.61788718,55.75902131]]]},"properties":{"type":"room","subtype":"apartment","roomType":"BEDROOM","area":27.84375074838088},"type":"Feature"},{"geometry":{"type":"Polygon","coordinates":[[[37.61803838,55.75906927],[37.61803841,55.75906927],[37.61803844,55.75906928],[37.61803847,55.75906928],[37.6180385,55.75906927],[37.61803853,55.75906927],[37.61803856,55.75906926],[37.61803858,55.75906925],[37.6180386,55.75906923],[37.61806492,55.75904279],[37.61806493,55.75904277],[37.61806494,55.75904276],[37.61806494,55.75904274],[37.61806493,55.75904272],[37.61806492,55.7590427],[37.6180649,55.75904269],[37.61806488,55.75904268],[37.61806486,55.75904267],[37.6180296,55.75903151],[37.61802959,55.7590315],[37.6180293,55.75903143],[37.61802927,55.75903143],[37.61802896,55.75903139],[37.61802893,55.75903139],[37.61802862,55.75903138],[37.61802859,55.75903139],[37.61802828,55.75903142],[37.61802825,55.75903142],[37.61802796,55.75903148],[37.61802793,55.75903149],[37.61802767,55.75903159],[37.61802765,55.7590316],[37.61802742,55.75903172],[37.6180274,55.75903173],[37.61802722,55.75903188],[37.61802721,55.75903189],[37.61800245,55.75905676],[37.61800245,55.75905677],[37.61800232,55.75905693],[37.61800231,55.75905695],[37.61800224,55.75905712],[37.61800224,55.75905714],[37.61800223,55.75905731],[37.61800224,55.75905733],[37.61800229,55.7590575],[37.6180023,55.75905752],[37.61800241,55.75905768],[37.61800243,55.7590577],[37.6180026,55.75905785],[37.61800261,55.75905786],[37.61800283,55.75905799],[37.61800285,55.759058],[37.61800311,55.7590581],[37.61800312,55.75905811],[37.61803838,55.75906927]]]},"properties":{"type":"room","subtype":"apartment","roomType":"CORRIDOR","area":9.01686843199442},"type":"Feature"},{"geometry":{"type":"Polygon","coordinates":[[[37.61816122,55.75907458],[37.61814177,55.75906843],[37.618118,55.7590923],[37.61813745,55.75909846],[37.61816122,55.75907458]]]},"properties":{"type":"room","subtype":"apartment","roomType":"BALCONY","area":4.266128054093105},"type":"Feature"},{"geometry":{"type":"Polygon","coordinates":[[[37.61818754,55.75904814],[37.61816809,55.75904198],[37.61814376,55.75906642],[37.61816321,55.75907258],[37.61818754,55.75904814]]]},"properties":{"type":"room","subtype":"apartment","roomType":"BALCONY","area":4.367256610545809},"type":"Feature"},{"geometry":{"type":"Polygon","coordinates":[[[37.61786929,55.75901359],[37.61788874,55.75901974],[37.61791251,55.75899587],[37.61789305,55.75898971],[37.61786929,55.75901359]]]},"properties":{"type":"room","subtype":"apartment","roomType":"BALCONY","area":4.266128556881767},"type":"Feature"},{"geometry":{"type":"Polygon","coordinates":[[[37.61804304,55.75903453],[37.61804721,55.75903584],[37.61804932,55.75903372],[37.61804515,55.7590324],[37.61804304,55.75903453]]]},"properties":{"type":"room_object","subtype":"room","roomObjectType":"ELECTRICAL_BOX"},"type":"Feature"},{"geometry":{"type":"Polygon","coordinates":[[[37.61806835,55.7590091],[37.61816908,55.75904098],[37.6181954,55.75901454],[37.61811999,55.75899067],[37.61811999,55.75899067],[37.61811609,55.75899459],[37.61811607,55.75899461],[37.61811605,55.75899462],[37.61811602,55.75899463],[37.61811599,55.75899463],[37.61811596,55.75899464],[37.61811593,55.75899464],[37.6181159,55.75899463],[37.61811587,55.75899462],[37.61809069,55.75898665],[37.61806835,55.7590091]]]},"properties":{"type":"apartment","rooms":0,"totalArea":24.468749998824375,"livingArea":18.35156252669124,"apartmentType":999990},"type":"Feature"},{"geometry":{"type":"Polygon","coordinates":[[[37.61809353,55.75901707],[37.61816908,55.75904098],[37.6181954,55.75901454],[37.61811985,55.75899063],[37.61809353,55.75901707]]]},"properties":{"type":"room","subtype":"apartment","roomType":"STUDIO","area":18.35156252669124},"type":"Feature"},{"geometry":{"type":"Polygon","coordinates":[[[37.61808151,55.75899588],[37.61810669,55.75900385],[37.61811595,55.75899455],[37.61809077,55.75898658],[37.61808151,55.75899588]]]},"properties":{"type":"room","subtype":"apartment","roomType":"JOINT_BATHROOM","area":2.152343754486046},"type":"Feature"},{"geometry":{"type":"Polygon","coordinates":[[[37.61810669,55.75900385],[37.61808151,55.75899588],[37.61806835,55.7590091],[37.61809353,55.75901707],[37.61810669,55.75900385]]]},"properties":{"type":"room","subtype":"apartment","roomType":"HALL","area":3.0585937070378906},"type":"Feature"},{"geometry":{"type":"Polygon","coordinates":[[[37.61821386,55.7590217],[37.61819441,55.75901554],[37.61817008,55.75903998],[37.61818953,55.75904614],[37.61821386,55.7590217]]]},"properties":{"type":"room","subtype":"apartment","roomType":"BALCONY","area":4.367256610545809},"type":"Feature"},{"geometry":{"type":"Polygon","coordinates":[[[37.61806913,55.75900832],[37.61807329,55.75900964],[37.61807563,55.75900729],[37.61807147,55.75900597],[37.61806913,55.75900832]]]},"properties":{"type":"room_object","subtype":"room","roomObjectType":"ELECTRICAL_BOX"},"type":"Feature"},{"geometry":{"type":"Polygon","coordinates":[[[37.61826437,55.75897095],[37.61824492,55.75896479],[37.61819852,55.75901141],[37.61821797,55.75901756],[37.61826437,55.75897095]]]},"properties":{"type":"balcony","area":8.33000000005008,"subtype":"service"},"type":"Feature"},{"geometry":{"type":"Polygon","coordinates":[[[37.6181954,55.75901454],[37.61822172,55.7589881],[37.61812099,55.75895622],[37.61809467,55.75898266],[37.61809467,55.75898266],[37.6181954,55.75901454]]]},"properties":{"type":"ladder","area":24.468749998910972,"subtype":"service"},"type":"Feature"},{"geometry":{"type":"Polygon","coordinates":[[[37.61818768,55.75897732],[37.61822172,55.7589881],[37.61824804,55.75896166],[37.61814731,55.75892977],[37.61812099,55.75895622],[37.61813736,55.75893976],[37.61814431,55.75894196],[37.61815959,55.7589468],[37.61818183,55.75895384],[37.61820406,55.75896087],[37.61818768,55.75897732]]]},"properties":{"type":"corridor","area":14.388749998913752,"subtype":"service"},"type":"Feature"},{"geometry":{"type":"Polygon","coordinates":[[[37.61812793,55.75895842],[37.61814431,55.75894196],[37.61813736,55.75893976],[37.61812099,55.75895622],[37.61812793,55.75895842]]]},"properties":{"type":"heating_meter","area":1.0500000002046488,"subtype":"service"},"type":"Feature"},{"geometry":{"type":"Polygon","coordinates":[[[37.61814322,55.75896325],[37.61815959,55.7589468],[37.61814431,55.75894196],[37.61812793,55.75895842],[37.61814322,55.75896325]]]},"properties":{"type":"elevator","area":2.3099999996529723,"subtype":"service"},"type":"Feature"},{"geometry":{"type":"Polygon","coordinates":[[[37.61816545,55.75897029],[37.61818183,55.75895384],[37.61815959,55.7589468],[37.61814322,55.75896325],[37.61816545,55.75897029]]]},"properties":{"type":"elevator","area":3.360000000995022,"subtype":"service"},"type":"Feature"},{"geometry":{"type":"Polygon","coordinates":[[[37.61818768,55.75897732],[37.61820406,55.75896087],[37.61818183,55.75895384],[37.61816545,55.75897029],[37.61818768,55.75897732]]]},"properties":{"type":"elevator","area":3.3599999990014546,"subtype":"service"},"type":"Feature"},{"geometry":{"type":"Polygon","coordinates":[[[37.61801425,55.75902674],[37.61804203,55.75903554],[37.61819994,55.7588769],[37.61817215,55.7588681],[37.61801425,55.75902674]]]},"properties":{"type":"corridor","area":40.49600763470957,"subtype":"service"},"type":"Feature"},{"geometry":{"type":"Polygon","coordinates":[[[37.61819491,55.75891522],[37.61819881,55.7589113],[37.61817363,55.75890333],[37.61816973,55.75890725],[37.61819491,55.75891522]]]},"properties":{"type":"ventilation","area":0.9062500116980796,"subtype":"service"},"type":"Feature"},{"geometry":{"type":"Polygon","coordinates":[[[37.61819604,55.75888081],[37.61822123,55.75888878],[37.61822513,55.75888486],[37.61819995,55.75887689],[37.61819994,55.7588769],[37.61819994,55.7588769],[37.61819604,55.75888081]]]},"properties":{"type":"ventilation","area":0.9063535535777468,"subtype":"service"},"type":"Feature"},{"geometry":{"type":"Polygon","coordinates":[[[37.61820847,55.75884997],[37.61823713,55.75885904],[37.61824103,55.75885512],[37.61821237,55.75884605],[37.61820847,55.75884997]]]},"properties":{"type":"ventilation","area":1.03125000093522,"subtype":"service"},"type":"Feature"},{"geometry":{"type":"Polygon","coordinates":[[[37.61820847,55.75884997],[37.61821237,55.75884605],[37.61821237,55.75884605],[37.61818371,55.75883698],[37.61817981,55.7588409],[37.61820847,55.75884997]]]},"properties":{"type":"ventilation","area":1.0312500009480492,"subtype":"service"},"type":"Feature"},{"geometry":{"type":"Polygon","coordinates":[[[37.61816825,55.75887202],[37.61817215,55.7588681],[37.61817216,55.75886809],[37.61814697,55.75886012],[37.61814307,55.75886405],[37.61816825,55.75887202]]]},"properties":{"type":"ventilation","area":0.9080604936371756,"subtype":"service"},"type":"Feature"},{"geometry":{"type":"Polygon","coordinates":[[[37.61814194,55.75889845],[37.61814584,55.75889454],[37.61812065,55.75888657],[37.61811675,55.75889048],[37.61814194,55.75889845]]]},"properties":{"type":"ventilation","area":0.9062500171374346,"subtype":"service"},"type":"Feature"},{"geometry":{"type":"Polygon","coordinates":[[[37.61809182,55.75891221],[37.61806915,55.75890504],[37.61806525,55.75890896],[37.61808792,55.75891613],[37.61809182,55.75891221]]]},"properties":{"type":"ventilation","area":0.815624999898988,"subtype":"service"},"type":"Feature"},{"geometry":{"type":"Polygon","coordinates":[[[37.61806298,55.75897778],[37.61806688,55.75897386],[37.61804169,55.75896589],[37.61803779,55.75896981],[37.61806298,55.75897778]]]},"properties":{"type":"ventilation","area":0.9062500171102512,"subtype":"service"},"type":"Feature"},{"geometry":{"type":"Polygon","coordinates":[[[37.61801147,55.75899625],[37.61803666,55.75900422],[37.61804056,55.75900031],[37.61804056,55.75900031],[37.61801537,55.75899234],[37.61801147,55.75899625]]]},"properties":{"type":"ventilation","area":0.9063252497954584,"subtype":"service"},"type":"Feature"},{"geometry":{"type":"Polygon","coordinates":[[[37.61811482,55.75902896],[37.61811871,55.75902504],[37.61809605,55.75901787],[37.61809215,55.75902179],[37.61811482,55.75902896]]]},"properties":{"type":"ventilation","area":0.815624999898988,"subtype":"service"},"type":"Feature"},{"geometry":{"type":"Polygon","coordinates":[[[37.61811595,55.75899455],[37.61811985,55.75899063],[37.61809467,55.75898266],[37.61809077,55.75898658],[37.61811595,55.75899455]]]},"properties":{"type":"ventilation","area":0.9062500117871222,"subtype":"service"},"type":"Feature"},{"geometry":{"type":"Polygon","coordinates":[[[37.61804575,55.75917315],[37.61796565,55.7591478],[37.61796565,55.7591478],[37.61796175,55.75915172],[37.61796173,55.75915173],[37.61796171,55.75915174],[37.61796168,55.75915175],[37.61796165,55.75915176],[37.61796162,55.75915176],[37.61796159,55.75915176],[37.61796156,55.75915176],[37.61796153,55.75915175],[37.61793478,55.75914328],[37.61791311,55.75916506],[37.61791311,55.75916506],[37.6180201,55.75919892],[37.61804575,55.75917315],[37.61804575,55.75917315]]]},"properties":{"type":"apartment","rooms":0,"totalArea":25.324442861188,"livingArea":18.993331932510888,"apartmentType":999990},"type":"Feature"},{"geometry":{"type":"Polygon","coordinates":[[[37.61793986,55.75917352],[37.6180201,55.75919892],[37.61804575,55.75917315],[37.61804575,55.75917315],[37.61796551,55.75914775],[37.61793986,55.75917352]]]},"properties":{"type":"room","subtype":"apartment","roomType":"STUDIO","area":18.993331932510888},"type":"Feature"},{"geometry":{"type":"Polygon","coordinates":[[[37.61796161,55.75915167],[37.61793486,55.75914321],[37.61792594,55.75915217],[37.61795268,55.75916064],[37.61796161,55.75915167]]]},"properties":{"type":"room","subtype":"apartment","roomType":"JOINT_BATHROOM","area":2.2030554782910006},"type":"Feature"},{"geometry":{"type":"Polygon","coordinates":[[[37.61795268,55.75916064],[37.61792594,55.75915217],[37.61791311,55.75916506],[37.61791311,55.75916506],[37.61793986,55.75917352],[37.61795268,55.75916064]]]},"properties":{"type":"room","subtype":"apartment","roomType":"HALL","area":3.165555440091918},"type":"Feature"},{"geometry":{"type":"Polygon","coordinates":[[[37.61806421,55.75918031],[37.61804475,55.75917415],[37.6180211,55.75919792],[37.61804055,55.75920407],[37.61806421,55.75918031]]]},"properties":{"type":"room","subtype":"apartment","roomType":"BALCONY","area":4.2467005447928745},"type":"Feature"},{"geometry":{"type":"Polygon","coordinates":[[[37.61791389,55.75916427],[37.61791806,55.75916559],[37.6179204,55.75916324],[37.61791623,55.75916192],[37.61791389,55.75916427]]]},"properties":{"type":"room_object","subtype":"room","roomObjectType":"ELECTRICAL_BOX"},"type":"Feature"},{"geometry":{"type":"Polygon","coordinates":[[[37.61793876,55.75913929],[37.61796804,55.75914856],[37.61796804,55.75914856],[37.61797194,55.75914464],[37.61797196,55.75914462],[37.61797198,55.75914461],[37.61797201,55.7591446],[37.61797204,55.7591446],[37.61797207,55.75914459],[37.6179721,55.75914459],[37.61797213,55.7591446],[37.61797216,55.7591446],[37.61799623,55.75915222],[37.61799626,55.75915223],[37.61799628,55.75915225],[37.6179963,55.75915226],[37.61799631,55.75915228],[37.61799631,55.75915229],[37.61799631,55.75915231],[37.61799631,55.75915233],[37.61799629,55.75915235],[37.61799239,55.75915626],[37.61804575,55.75917315],[37.6180714,55.75914738],[37.61809705,55.75912161],[37.61799006,55.75908775],[37.61799005,55.75908776],[37.61796441,55.75911352],[37.61793876,55.75913929]]]},"properties":{"type":"apartment","rooms":1,"totalArea":50.648890470058134,"livingArea":25.324446025920075,"apartmentType":999991},"type":"Feature"},{"geometry":{"type":"Polygon","coordinates":[[[37.6180179,55.75913045],[37.61799226,55.75915622],[37.61804436,55.75917271],[37.61804465,55.75917278],[37.61804495,55.75917282],[37.61804526,55.75917282],[37.61804557,55.75917279],[37.61804586,55.75917273],[37.61804613,55.75917263],[37.61804635,55.75917251],[37.61804653,55.75917237],[37.61807062,55.75914816],[37.61807074,55.759148],[37.61807081,55.75914783],[37.61807082,55.75914766],[37.61807076,55.75914748],[37.61807065,55.75914732],[37.61807048,55.75914717],[37.61807026,55.75914704],[37.61807001,55.75914694],[37.6180179,55.75913045]]]},"properties":{"type":"room","subtype":"apartment","roomType":"KITCHEN","area":12.657829445915606},"type":"Feature"},{"geometry":{"type":"Polygon","coordinates":[[[37.61795159,55.75912641],[37.61800508,55.75914334],[37.6180179,55.75913045],[37.6179658,55.75911396],[37.61796551,55.75911389],[37.61796521,55.75911385],[37.6179649,55.75911385],[37.61796459,55.75911388],[37.6179643,55.75911394],[37.61796403,55.75911404],[37.61796381,55.75911416],[37.61796363,55.75911431],[37.61795159,55.75912641]]]},"properties":{"type":"room","subtype":"apartment","roomType":"HALL","area":6.328914752461227},"type":"Feature"},{"geometry":{"type":"Polygon","coordinates":[[[37.61798101,55.75913572],[37.61795159,55.75912641],[37.61793954,55.75913851],[37.61793942,55.75913867],[37.61793935,55.75913884],[37.61793934,55.75913902],[37.6179394,55.75913919],[37.61793951,55.75913935],[37.61793968,55.7591395],[37.61793989,55.75913963],[37.61794015,55.75913973],[37.61796818,55.7591486],[37.61798101,55.75913572]]]},"properties":{"type":"room","subtype":"apartment","roomType":"BATHROOM","area":3.479914695861413},"type":"Feature"},{"geometry":{"type":"Polygon","coordinates":[[[37.61797208,55.75914468],[37.61799615,55.7591523],[37.61800508,55.75914334],[37.61798101,55.75913572],[37.61797208,55.75914468]]]},"properties":{"type":"room","subtype":"apartment","roomType":"TOILET","area":1.9827499992554587},"type":"Feature"},{"geometry":{"type":"Polygon","coordinates":[[[37.6180714,55.75914738],[37.61796441,55.75911352],[37.61796441,55.75911352],[37.61799005,55.75908776],[37.61799005,55.75908776],[37.61799006,55.75908775],[37.61809705,55.75912161],[37.61809705,55.75912161],[37.6180714,55.75914738]]]},"properties":{"type":"room","subtype":"apartment","roomType":"BEDROOM","area":25.324446025920075},"type":"Feature"},{"geometry":{"type":"Polygon","coordinates":[[[37.61808985,55.75915454],[37.6180704,55.75914838],[37.61804675,55.75917215],[37.6180662,55.7591783],[37.61808985,55.75915454]]]},"properties":{"type":"room","subtype":"apartment","roomType":"BALCONY","area":4.246701055079901},"type":"Feature"},{"geometry":{"type":"Polygon","coordinates":[[[37.61796756,55.75911586],[37.6179634,55.75911454],[37.61796129,55.75911666],[37.61796546,55.75911797],[37.61796756,55.75911586]]]},"properties":{"type":"room_object","subtype":"room","roomObjectType":"ELECTRICAL_BOX"},"type":"Feature"},{"geometry":{"type":"Polygon","coordinates":[[[37.61797616,55.75908336],[37.61809705,55.75912161],[37.61812269,55.75909585],[37.61812269,55.75909585],[37.61803217,55.7590672],[37.61802827,55.75907111],[37.61802825,55.75907113],[37.61802823,55.75907114],[37.61802821,55.75907115],[37.61802818,55.75907116],[37.61802815,55.75907116],[37.61802811,55.75907116],[37.61802808,55.75907116],[37.61802806,55.75907115],[37.61799784,55.75906158],[37.61799784,55.75906158],[37.61797616,55.75908336],[37.61797616,55.75908336]]]},"properties":{"type":"apartment","rooms":0,"totalArea":28.613332519340847,"livingArea":21.45999926132512,"apartmentType":999990},"type":"Feature"},{"geometry":{"type":"Polygon","coordinates":[[[37.61800638,55.75909292],[37.61809705,55.75912161],[37.61812269,55.75909585],[37.61812269,55.75909585],[37.61803203,55.75906715],[37.61800638,55.75909292]]]},"properties":{"type":"room","subtype":"apartment","roomType":"STUDIO","area":21.45999926132512},"type":"Feature"},{"geometry":{"type":"Polygon","coordinates":[[[37.61799791,55.75906151],[37.61798899,55.75907047],[37.61801921,55.75908004],[37.61802813,55.75907107],[37.61799791,55.75906151]]]},"properties":{"type":"room","subtype":"apartment","roomType":"JOINT_BATHROOM","area":2.4891665708428796},"type":"Feature"},{"geometry":{"type":"Polygon","coordinates":[[[37.61801921,55.75908004],[37.61798899,55.75907047],[37.61797616,55.75908336],[37.61797616,55.75908336],[37.61800638,55.75909292],[37.61801921,55.75908004]]]},"properties":{"type":"room","subtype":"apartment","roomType":"HALL","area":3.5766666567981127},"type":"Feature"},{"geometry":{"type":"Polygon","coordinates":[[[37.61814059,55.75910357],[37.61812114,55.75909741],[37.61809804,55.75912061],[37.6181175,55.75912677],[37.61814059,55.75910357]]]},"properties":{"type":"room","subtype":"apartment","roomType":"BALCONY","area":4.145572490972814},"type":"Feature"},{"geometry":{"type":"Polygon","coordinates":[[[37.61800499,55.75909248],[37.61800733,55.75909013],[37.61800073,55.75908804],[37.6179984,55.75909039],[37.61800499,55.75909248]]]},"properties":{"type":"room_object","subtype":"room","roomObjectType":"ELECTRICAL_BOX"},"type":"Feature"},{"geometry":{"type":"Polygon","coordinates":[[[37.61785528,55.7590451],[37.61797616,55.75908336],[37.61799784,55.75906158],[37.61799784,55.75906158],[37.61796761,55.75905202],[37.61796759,55.75905201],[37.61796757,55.759052],[37.61796755,55.75905198],[37.61796754,55.75905197],[37.61796753,55.75905195],[37.61796753,55.75905193],[37.61796754,55.75905191],[37.61796755,55.7590519],[37.61797145,55.75904798],[37.61797145,55.75904798],[37.61788093,55.75901933],[37.61785528,55.7590451],[37.61785528,55.7590451]]]},"properties":{"type":"apartment","rooms":0,"totalArea":28.613334146307412,"livingArea":21.460000782400243,"apartmentType":999990},"type":"Feature"},{"geometry":{"type":"Polygon","coordinates":[[[37.61794594,55.75907379],[37.61797159,55.75904802],[37.61788093,55.75901933],[37.61785528,55.7590451],[37.61785528,55.7590451],[37.61794594,55.75907379]]]},"properties":{"type":"room","subtype":"apartment","roomType":"STUDIO","area":21.460000782400243},"type":"Feature"},{"geometry":{"type":"Polygon","coordinates":[[[37.61796769,55.75905194],[37.61795877,55.75906091],[37.61798899,55.75907047],[37.61799791,55.75906151],[37.61796769,55.75905194]]]},"properties":{"type":"room","subtype":"apartment","roomType":"JOINT_BATHROOM","area":2.4891665387607818},"type":"Feature"},{"geometry":{"type":"Polygon","coordinates":[[[37.61795877,55.75906091],[37.61794594,55.75907379],[37.61797616,55.75908336],[37.61798899,55.75907047],[37.61795877,55.75906091]]]},"properties":{"type":"room","subtype":"apartment","roomType":"HALL","area":3.576666812148088},"type":"Feature"},{"geometry":{"type":"Polygon","coordinates":[[[37.61783683,55.75903794],[37.61785628,55.7590441],[37.61787937,55.7590209],[37.61785992,55.75901474],[37.61783683,55.75903794]]]},"properties":{"type":"room","subtype":"apartment","roomType":"BALCONY","area":4.145573010021266},"type":"Feature"},{"geometry":{"type":"Polygon","coordinates":[[[37.61780398,55.75909663],[37.61791097,55.75913049],[37.61793662,55.75910473],[37.61796226,55.75907897],[37.61796227,55.75907896],[37.61793299,55.75906969],[37.61793299,55.75906969],[37.61792909,55.75907361],[37.61792907,55.75907362],[37.61792905,55.75907364],[37.61792902,55.75907365],[37.61792899,55.75907365],[37.61792896,55.75907365],[37.61792893,55.75907365],[37.6179289,55.75907365],[37.61792887,55.75907364],[37.6179048,55.75906602],[37.61790477,55.75906601],[37.61790475,55.759066],[37.61790473,55.75906599],[37.61790472,55.75906597],[37.61790472,55.75906595],[37.61790472,55.75906594],[37.61790472,55.75906592],[37.61790474,55.7590659],[37.61790864,55.75906199],[37.61785528,55.7590451],[37.61782963,55.75907087],[37.61780398,55.75909663]]]},"properties":{"type":"apartment","rooms":1,"totalArea":50.648887305570724,"livingArea":25.324444443547353,"apartmentType":999991},"type":"Feature"},{"geometry":{"type":"Polygon","coordinates":[[[37.61788313,55.7590878],[37.61790878,55.75906203],[37.61785667,55.75904554],[37.61785638,55.75904547],[37.61785608,55.75904543],[37.61785577,55.75904543],[37.61785546,55.75904546],[37.61785517,55.75904552],[37.61785491,55.75904562],[37.61785468,55.75904574],[37.6178545,55.75904588],[37.61783041,55.75907008],[37.61783029,55.75907024],[37.61783022,55.75907042],[37.61783021,55.75907059],[37.61783027,55.75907077],[37.61783038,55.75907093],[37.61783055,55.75907108],[37.61783077,55.75907121],[37.61783102,55.75907131],[37.61788313,55.7590878]]]},"properties":{"type":"room","subtype":"apartment","roomType":"KITCHEN","area":12.657828341943354},"type":"Feature"},{"geometry":{"type":"Polygon","coordinates":[[[37.61788313,55.7590878],[37.61793523,55.75910429],[37.61793552,55.75910436],[37.61793582,55.7591044],[37.61793613,55.7591044],[37.61793644,55.75910437],[37.61793673,55.7591043],[37.617937,55.75910421],[37.61793722,55.75910409],[37.6179374,55.75910394],[37.61794945,55.75909184],[37.61789595,55.75907491],[37.61788313,55.7590878]]]},"properties":{"type":"room","subtype":"apartment","roomType":"HALL","area":6.328914580614219},"type":"Feature"},{"geometry":{"type":"Polygon","coordinates":[[[37.61792002,55.75908253],[37.61794945,55.75909184],[37.61796149,55.75907974],[37.61796161,55.75907958],[37.61796168,55.75907941],[37.61796169,55.75907923],[37.61796163,55.75907906],[37.61796152,55.7590789],[37.61796135,55.75907875],[37.61796114,55.75907862],[37.61796088,55.75907852],[37.61793285,55.75906965],[37.61792002,55.75908253]]]},"properties":{"type":"room","subtype":"apartment","roomType":"BATHROOM","area":3.479914604561097},"type":"Feature"},{"geometry":{"type":"Polygon","coordinates":[[[37.61792895,55.75907356],[37.61790488,55.75906595],[37.61789595,55.75907491],[37.61792002,55.75908253],[37.61792895,55.75907356]]]},"properties":{"type":"room","subtype":"apartment","roomType":"TOILET","area":1.9827498470679858},"type":"Feature"},{"geometry":{"type":"Polygon","coordinates":[[[37.61780398,55.75909663],[37.61791097,55.75913049],[37.61793662,55.75910473],[37.61793662,55.75910473],[37.61782963,55.75907087],[37.61780398,55.75909663],[37.61780398,55.75909663]]]},"properties":{"type":"room","subtype":"apartment","roomType":"BEDROOM","area":25.324444443547353},"type":"Feature"},{"geometry":{"type":"Polygon","coordinates":[[[37.61778553,55.75908948],[37.61780498,55.75909563],[37.61782864,55.75907187],[37.61780918,55.75906571],[37.61778553,55.75908948]]]},"properties":{"type":"room","subtype":"apartment","roomType":"BALCONY","area":4.246701055118362},"type":"Feature"},{"geometry":{"type":"Polygon","coordinates":[[[37.61793347,55.75910239],[37.61793763,55.75910371],[37.61793974,55.75910159],[37.61793557,55.75910027],[37.61793347,55.75910239]]]},"properties":{"type":"room_object","subtype":"room","roomObjectType":"ELECTRICAL_BOX"},"type":"Feature"},{"geometry":{"type":"Polygon","coordinates":[[[37.61772704,55.75917394],[37.61770139,55.75919971],[37.61778344,55.75922567],[37.61778344,55.75922567],[37.61778734,55.75922175],[37.61778735,55.75922174],[37.61778738,55.75922173],[37.6177874,55.75922172],[37.61778743,55.75922171],[37.61778746,55.75922171],[37.61778749,55.75922171],[37.61778752,55.75922171],[37.61778755,55.75922172],[37.61781236,55.75922957],[37.61783403,55.7592078],[37.61785968,55.75918203],[37.61788532,55.75915626],[37.61790622,55.75913527],[37.61790622,55.75913527],[37.61785272,55.75911834],[37.6178527,55.75911833],[37.61785267,55.75911832],[37.61785266,55.75911831],[37.61785265,55.75911829],[37.61785264,55.75911827],[37.61785264,55.75911825],[37.61785265,55.75911824],[37.61785266,55.75911822],[37.61785734,55.75911352],[37.61780398,55.75909663],[37.61777834,55.7591224],[37.61775269,55.75914817],[37.61772704,55.75917394]]]},"properties":{"type":"apartment","rooms":3,"totalArea":101.2977793576315,"livingArea":58.34815512193791,"apartmentType":999993},"type":"Feature"},{"geometry":{"type":"Polygon","coordinates":[[[37.61780537,55.75909707],[37.61780509,55.759097],[37.61780478,55.75909697],[37.61780447,55.75909696],[37.61780416,55.75909699],[37.61780387,55.75909706],[37.61780361,55.75909715],[37.61780338,55.75909727],[37.6178032,55.75909742],[37.61777912,55.75912162],[37.61777899,55.75912178],[37.61777892,55.75912195],[37.61777892,55.75912213],[37.61777897,55.7591223],[37.61777908,55.75912247],[37.61777925,55.75912261],[37.61777947,55.75912274],[37.61777973,55.75912284],[37.61783183,55.75913933],[37.61785748,55.75911356],[37.61780537,55.75909707]]]},"properties":{"type":"room","subtype":"apartment","roomType":"KITCHEN","area":12.657830550224567},"type":"Feature"},{"geometry":{"type":"Polygon","coordinates":[[[37.61784465,55.75912645],[37.61783183,55.75913933],[37.61788393,55.75915582],[37.61788422,55.75915589],[37.61788453,55.75915593],[37.61788484,55.75915593],[37.61788515,55.7591559],[37.61788544,55.75915584],[37.6178857,55.75915574],[37.61788592,55.75915562],[37.6178861,55.75915548],[37.61789815,55.75914338],[37.61784465,55.75912645]]]},"properties":{"type":"room","subtype":"apartment","roomType":"HALL","area":6.328914602380819},"type":"Feature"},{"geometry":{"type":"Polygon","coordinates":[[[37.61790629,55.7591352],[37.6178528,55.75911827],[37.61784465,55.75912645],[37.61789815,55.75914338],[37.61790629,55.7591352]]]},"properties":{"type":"room","subtype":"apartment","roomType":"JOINT_BATHROOM","area":4.0211115778660265},"type":"Feature"},{"geometry":{"type":"Polygon","coordinates":[[[37.61786052,55.75914841],[37.61777973,55.75912284],[37.61777944,55.75912277],[37.61777913,55.75912273],[37.61777882,55.75912273],[37.61777851,55.75912276],[37.61777822,55.75912282],[37.61777796,55.75912292],[37.61777773,55.75912304],[37.61777756,55.75912319],[37.61775347,55.75914739],[37.61775334,55.75914755],[37.61775327,55.75914772],[37.61775327,55.7591479],[37.61775332,55.75914807],[37.61775344,55.75914823],[37.6177536,55.75914838],[37.61775382,55.75914851],[37.61775408,55.75914861],[37.61783487,55.75917418],[37.61786052,55.75914841]]]},"properties":{"type":"room","subtype":"apartment","roomType":"LIVING_ROOM","area":19.449383601092503},"type":"Feature"},{"geometry":{"type":"Polygon","coordinates":[[[37.61783487,55.75917418],[37.61775408,55.75914861],[37.61775379,55.75914854],[37.61775349,55.7591485],[37.61775317,55.7591485],[37.61775287,55.75914853],[37.61775257,55.75914859],[37.61775231,55.75914869],[37.61775209,55.75914881],[37.61775191,55.75914895],[37.61772782,55.75917315],[37.61772769,55.75917332],[37.61772763,55.75917349],[37.61772762,55.75917366],[37.61772767,55.75917384],[37.61772779,55.759174],[37.61772796,55.75917415],[37.61772817,55.75917428],[37.61772843,55.75917438],[37.61780922,55.75919995],[37.61783487,55.75917418]]]},"properties":{"type":"room","subtype":"apartment","roomType":"BEDROOM","area":19.449385039999527},"type":"Feature"},{"geometry":{"type":"Polygon","coordinates":[[[37.61778358,55.75922572],[37.61780922,55.75919995],[37.61772843,55.75917438],[37.61772814,55.75917431],[37.61772784,55.75917427],[37.61772752,55.75917426],[37.61772722,55.7591743],[37.61772693,55.75917436],[37.61772666,55.75917445],[37.61772644,55.75917458],[37.61772626,55.75917472],[37.61770217,55.75919892],[37.61770204,55.75919908],[37.61770198,55.75919925],[37.61770197,55.75919943],[37.61770203,55.7591996],[37.61770214,55.75919977],[37.61770231,55.75919992],[37.61770252,55.75920004],[37.61770278,55.75920014],[37.61778358,55.75922572]]]},"properties":{"type":"room","subtype":"apartment","roomType":"BEDROOM","area":19.449386480845874},"type":"Feature"},{"geometry":{"type":"Polygon","coordinates":[[[37.61778748,55.7592218],[37.61781228,55.75922965],[37.6178212,55.75922068],[37.6177964,55.75921283],[37.61778748,55.7592218]]]},"properties":{"type":"room","subtype":"apartment","roomType":"JOINT_BATHROOM","area":2.0428331560853694},"type":"Feature"},{"geometry":{"type":"Polygon","coordinates":[[[37.61779626,55.75921279],[37.61779625,55.7592128],[37.61779624,55.75921282],[37.61779624,55.75921284],[37.61779625,55.75921286],[37.61779626,55.75921287],[37.61779628,55.75921289],[37.6177963,55.7592129],[37.61779632,55.75921291],[37.61782112,55.75922076],[37.61782115,55.75922077],[37.61782118,55.75922077],[37.61782121,55.75922077],[37.61782125,55.75922077],[37.61782127,55.75922076],[37.6178213,55.75922075],[37.61782132,55.75922074],[37.61782134,55.75922073],[37.61783339,55.75920862],[37.61783339,55.75920862],[37.61783352,55.75920846],[37.61783353,55.75920844],[37.61783359,55.75920827],[37.6178336,55.75920825],[37.61783361,55.75920807],[37.6178336,55.75920806],[37.61783355,55.75920788],[37.61783354,55.75920787],[37.61783343,55.7592077],[37.61783341,55.75920769],[37.61783327,55.75920756],[37.61783354,55.75920756],[37.61783357,55.75920756],[37.61783388,55.75920753],[37.61783391,55.75920752],[37.6178342,55.75920746],[37.61783422,55.75920745],[37.61783449,55.75920736],[37.61783451,55.75920735],[37.61783474,55.75920722],[37.61783476,55.75920721],[37.61783494,55.75920707],[37.61783495,55.75920706],[37.61785903,55.75918286],[37.61785904,55.75918285],[37.61785917,55.75918269],[37.61785918,55.75918267],[37.61785924,55.7591825],[37.61785925,55.75918248],[37.61785925,55.75918231],[37.61785925,55.75918229],[37.6178592,55.75918211],[37.61785919,55.7591821],[37.61785907,55.75918193],[37.61785906,55.75918192],[37.61785891,55.75918179],[37.61785919,55.75918179],[37.61785922,55.75918179],[37.61785952,55.75918176],[37.61785955,55.75918176],[37.61785985,55.75918169],[37.61785987,55.75918168],[37.61786014,55.75918159],[37.61786016,55.75918158],[37.61786039,55.75918146],[37.61786041,55.75918144],[37.61786059,55.7591813],[37.61786059,55.75918129],[37.61788468,55.75915709],[37.61788469,55.75915708],[37.61788482,55.75915692],[37.61788482,55.7591569],[37.61788489,55.75915673],[37.6178849,55.75915671],[37.6178849,55.75915654],[37.6178849,55.75915652],[37.61788485,55.75915635],[37.61788484,55.75915633],[37.61788472,55.75915617],[37.61788471,55.75915615],[37.61788454,55.759156],[37.61788452,55.75915599],[37.61788431,55.75915586],[37.61788428,55.75915585],[37.61788403,55.75915575],[37.61788401,55.75915574],[37.6178606,55.75914833],[37.61786057,55.75914833],[37.61786054,55.75914832],[37.61786051,55.75914832],[37.61786048,55.75914833],[37.61786045,55.75914833],[37.61786042,55.75914834],[37.6178604,55.75914835],[37.61786038,55.75914837],[37.61783473,55.75917414],[37.61783473,55.75917414],[37.61780909,55.7591999],[37.61780909,55.7591999],[37.61779626,55.75921279]]]},"properties":{"type":"room","subtype":"apartment","roomType":"CORRIDOR","area":14.867116765488095},"type":"Feature"},{"geometry":{"type":"Polygon","coordinates":[[[37.61768293,55.75919255],[37.61770239,55.7591987],[37.61772604,55.75917494],[37.61770659,55.75916878],[37.61768293,55.75919255]]]},"properties":{"type":"room","subtype":"apartment","roomType":"BALCONY","area":4.246701566532928},"type":"Feature"},{"geometry":{"type":"Polygon","coordinates":[[[37.61788217,55.75915392],[37.61788634,55.75915524],[37.61788844,55.75915313],[37.61788427,55.75915181],[37.61788217,55.75915392]]]},"properties":{"type":"room_object","subtype":"room","roomObjectType":"ELECTRICAL_BOX"},"type":"Feature"},{"geometry":{"type":"Polygon","coordinates":[[[37.61767574,55.75922547],[37.61765009,55.75925124],[37.61777097,55.7592895],[37.61789186,55.75932776],[37.61791751,55.75930199],[37.61794316,55.75927622],[37.61788251,55.75925703],[37.61788251,55.75925703],[37.61787939,55.75926016],[37.61787937,55.75926017],[37.61787935,55.75926019],[37.61787932,55.7592602],[37.61787929,55.7592602],[37.61787926,55.7592602],[37.61787923,55.7592602],[37.6178792,55.7592602],[37.61787917,55.75926019],[37.61783297,55.75924557],[37.61781053,55.75926812],[37.61779662,55.75926373],[37.61778274,55.75925932],[37.61780362,55.75923834],[37.61780362,55.75923834],[37.61775012,55.75922141],[37.6177501,55.7592214],[37.61775008,55.75922139],[37.61775006,55.75922138],[37.61775005,55.75922136],[37.61775004,55.75922134],[37.61775004,55.75922132],[37.61775005,55.75922131],[37.61775006,55.75922129],[37.61775474,55.75921659],[37.61775474,55.75921659],[37.61770139,55.75919971],[37.61767574,55.75922547]]]},"properties":{"type":"apartment","rooms":3,"totalArea":107.87655555403518,"livingArea":56.67082293332598,"apartmentType":999993},"type":"Feature"},{"geometry":{"type":"Polygon","coordinates":[[[37.61772924,55.7592424],[37.61775488,55.75921663],[37.61770278,55.75920014],[37.61770249,55.75920007],[37.61770219,55.75920004],[37.61770188,55.75920003],[37.61770157,55.75920006],[37.61770128,55.75920013],[37.61770101,55.75920022],[37.61770079,55.75920034],[37.61770061,55.75920049],[37.61767652,55.75922469],[37.6176764,55.75922485],[37.61767633,55.75922502],[37.61767632,55.7592252],[37.61767638,55.75922537],[37.61767649,55.75922554],[37.61767666,55.75922568],[37.61767687,55.75922581],[37.61767713,55.75922591],[37.61772924,55.7592424]]]},"properties":{"type":"room","subtype":"apartment","roomType":"KITCHEN","area":12.656865122064762},"type":"Feature"},{"geometry":{"type":"Polygon","coordinates":[[[37.61774206,55.75922952],[37.61772924,55.7592424],[37.61778135,55.75925889],[37.61778163,55.75925896],[37.61778194,55.75925899],[37.61778225,55.759259],[37.61778256,55.75925897],[37.61778285,55.7592589],[37.61778311,55.75925881],[37.61778334,55.75925869],[37.61778352,55.75925854],[37.61779556,55.75924644],[37.61774206,55.75922952]]]},"properties":{"type":"room","subtype":"apartment","roomType":"HALL","area":6.328489290199386},"type":"Feature"},{"geometry":{"type":"Polygon","coordinates":[[[37.6177502,55.75922134],[37.61774206,55.75922952],[37.61779556,55.75924644],[37.6178037,55.75923827],[37.6177502,55.75922134]]]},"properties":{"type":"room","subtype":"apartment","roomType":"JOINT_BATHROOM","area":4.018544778589097},"type":"Feature"},{"geometry":{"type":"Polygon","coordinates":[[[37.61775904,55.75925184],[37.61767713,55.75922591],[37.61767684,55.75922584],[37.61767654,55.7592258],[37.61767623,55.7592258],[37.61767592,55.75922583],[37.61767563,55.7592259],[37.61767537,55.75922599],[37.61767514,55.75922611],[37.61767496,55.75922626],[37.61765087,55.75925046],[37.61765075,55.75925062],[37.61765068,55.75925079],[37.61765067,55.75925097],[37.61765073,55.75925114],[37.61765084,55.7592513],[37.61765101,55.75925145],[37.61765123,55.75925158],[37.61765148,55.75925168],[37.61773339,55.7592776],[37.61775904,55.75925184]]]},"properties":{"type":"room","subtype":"apartment","roomType":"LIVING_ROOM","area":19.71249685972432},"type":"Feature"},{"geometry":{"type":"Polygon","coordinates":[[[37.61782212,55.7592718],[37.61779647,55.75929757],[37.61789047,55.75932732],[37.61789075,55.75932739],[37.61789106,55.75932742],[37.61789137,55.75932743],[37.61789168,55.7593274],[37.61789197,55.75932733],[37.61789223,55.75932724],[37.61789246,55.75932712],[37.61789264,55.75932697],[37.61791673,55.75930277],[37.61791685,55.75930261],[37.61791692,55.75930244],[37.61791693,55.75930226],[37.61791687,55.75930209],[37.61791676,55.75930192],[37.61791659,55.75930178],[37.61791637,55.75930165],[37.61791612,55.75930155],[37.61782212,55.7592718]]]},"properties":{"type":"room","subtype":"apartment","roomType":"BEDROOM","area":22.57382873277568},"type":"Feature"},{"geometry":{"type":"Polygon","coordinates":[[[37.61785672,55.75928275],[37.61791612,55.75930155],[37.6179164,55.75930162],[37.61791671,55.75930166],[37.61791702,55.75930166],[37.61791733,55.75930163],[37.61791762,55.75930157],[37.61791788,55.75930147],[37.61791811,55.75930135],[37.61791829,55.7593012],[37.61794238,55.759277],[37.6179425,55.75927684],[37.61794257,55.75927667],[37.61794257,55.75927649],[37.61794252,55.75927632],[37.61794241,55.75927616],[37.61794224,55.75927601],[37.61794202,55.75927588],[37.61794177,55.75927578],[37.61788237,55.75925698],[37.61785672,55.75928275]]]},"properties":{"type":"room","subtype":"apartment","roomType":"BEDROOM","area":14.38449734082597},"type":"Feature"},{"geometry":{"type":"Polygon","coordinates":[[[37.61787925,55.75926012],[37.61783305,55.75924549],[37.61782334,55.75925524],[37.61786954,55.75926987],[37.61787925,55.75926012]]]},"properties":{"type":"room","subtype":"apartment","roomType":"JOINT_BATHROOM","area":4.137777854908046},"type":"Feature"},{"geometry":{"type":"Polygon","coordinates":[[[37.61775912,55.75925176],[37.61775909,55.75925175],[37.61775906,55.75925175],[37.61775903,55.75925175],[37.617759,55.75925175],[37.61775897,55.75925176],[37.61775894,55.75925176],[37.61775892,55.75925178],[37.6177589,55.75925179],[37.61773325,55.75927756],[37.61773324,55.75927758],[37.61773323,55.75927759],[37.61773323,55.75927761],[37.61773324,55.75927763],[37.61773325,55.75927764],[37.61773326,55.75927766],[37.61773329,55.75927767],[37.61773331,55.75927768],[37.61776951,55.75928914],[37.61776952,55.75928914],[37.61776981,55.75928921],[37.61776984,55.75928922],[37.61777014,55.75928925],[37.61777017,55.75928926],[37.61777049,55.75928926],[37.61777052,55.75928926],[37.61777082,55.75928923],[37.61777085,55.75928922],[37.61777115,55.75928916],[37.61777117,55.75928915],[37.6177714,55.75928907],[37.6177714,55.75928922],[37.6177714,55.75928924],[37.61777145,55.75928941],[37.61777146,55.75928943],[37.61777158,55.75928959],[37.61777159,55.75928961],[37.61777176,55.75928976],[37.61777178,55.75928977],[37.61777199,55.7592899],[37.61777202,55.75928991],[37.61777227,55.75929001],[37.61777229,55.75929002],[37.61779639,55.75929765],[37.61779642,55.75929765],[37.61779645,55.75929766],[37.61779648,55.75929766],[37.61779651,55.75929765],[37.61779654,55.75929765],[37.61779657,55.75929764],[37.61779659,55.75929763],[37.61779661,55.75929761],[37.61782218,55.75927192],[37.61785664,55.75928283],[37.61785667,55.75928283],[37.6178567,55.75928284],[37.61785673,55.75928284],[37.61785676,55.75928284],[37.61785679,55.75928283],[37.61785682,55.75928282],[37.61785684,55.75928281],[37.61785686,55.75928279],[37.61786968,55.75926991],[37.61786969,55.75926989],[37.6178697,55.75926988],[37.6178697,55.75926986],[37.6178697,55.75926984],[37.61786968,55.75926982],[37.61786967,55.75926981],[37.61786965,55.7592698],[37.61786962,55.75926979],[37.61782342,55.75925517],[37.61782339,55.75925516],[37.61782336,55.75925515],[37.61782333,55.75925515],[37.6178233,55.75925516],[37.61782327,55.75925516],[37.61782324,55.75925517],[37.61782322,55.75925519],[37.6178232,55.7592552],[37.61781116,55.7592673],[37.61781115,55.75926731],[37.61781103,55.75926747],[37.61781102,55.75926749],[37.61781095,55.75926766],[37.61781095,55.75926768],[37.61781094,55.75926785],[37.61781094,55.75926787],[37.617811,55.75926804],[37.61781101,55.75926806],[37.61781111,55.75926821],[37.61779809,55.75926409],[37.61779808,55.75926409],[37.61779779,55.75926402],[37.61779776,55.75926401],[37.61779746,55.75926397],[37.61779743,55.75926397],[37.61779711,55.75926397],[37.61779708,55.75926397],[37.61779677,55.759264],[37.61779674,55.759264],[37.61779645,55.75926407],[37.61779643,55.75926408],[37.6177962,55.75926416],[37.6177962,55.75926401],[37.6177962,55.75926399],[37.61779615,55.75926382],[37.61779614,55.7592638],[37.61779602,55.75926363],[37.61779601,55.75926362],[37.61779584,55.75926347],[37.61779582,55.75926346],[37.61779561,55.75926333],[37.61779558,55.75926332],[37.61779533,55.75926322],[37.61779531,55.75926321],[37.61775912,55.75925176]]]},"properties":{"type":"room","subtype":"apartment","roomType":"CORRIDOR","area":20.630200506883774},"type":"Feature"},{"geometry":{"type":"Polygon","coordinates":[[[37.61793596,55.75930914],[37.61791651,55.75930299],[37.61789342,55.75932619],[37.61791287,55.75933234],[37.61793596,55.75930914]]]},"properties":{"type":"room","subtype":"apartment","roomType":"BALCONY","area":4.145572498564532},"type":"Feature"},{"geometry":{"type":"Polygon","coordinates":[[[37.6176322,55.75924352],[37.61765165,55.75924967],[37.61767474,55.75922647],[37.61765529,55.75922032],[37.6176322,55.75924352]]]},"properties":{"type":"room","subtype":"apartment","roomType":"BALCONY","area":4.145573001201237},"type":"Feature"},{"geometry":{"type":"Polygon","coordinates":[[[37.61777958,55.75925699],[37.61778375,55.75925831],[37.61778586,55.75925619],[37.61778169,55.75925487],[37.61777958,55.75925699]]]},"properties":{"type":"room_object","subtype":"room","roomObjectType":"ELECTRICAL_BOX"},"type":"Feature"},{"geometry":{"type":"Polygon","coordinates":[[[37.6179688,55.75925045],[37.6178887,55.7592251],[37.6178887,55.7592251],[37.6178848,55.75922902],[37.61788478,55.75922903],[37.61788476,55.75922905],[37.61788474,55.75922905],[37.61788471,55.75922906],[37.61788468,55.75922906],[37.61788464,55.75922906],[37.61788461,55.75922906],[37.61788459,55.75922905],[37.61785784,55.75922059],[37.61783617,55.75924236],[37.61783617,55.75924236],[37.61794316,55.75927622],[37.6179688,55.75925045],[37.6179688,55.75925045]]]},"properties":{"type":"apartment","rooms":0,"totalArea":25.324442861040595,"livingArea":18.993331930659412,"apartmentType":999990},"type":"Feature"},{"geometry":{"type":"Polygon","coordinates":[[[37.61788856,55.75922506],[37.61786291,55.75925082],[37.61794316,55.75927622],[37.6179688,55.75925045],[37.6179688,55.75925045],[37.61788856,55.75922506]]]},"properties":{"type":"room","subtype":"apartment","roomType":"STUDIO","area":18.993331930659412},"type":"Feature"},{"geometry":{"type":"Polygon","coordinates":[[[37.61785792,55.75922051],[37.61784899,55.75922948],[37.61787574,55.75923794],[37.61788466,55.75922897],[37.61785792,55.75922051]]]},"properties":{"type":"room","subtype":"apartment","roomType":"JOINT_BATHROOM","area":2.203055480131628},"type":"Feature"},{"geometry":{"type":"Polygon","coordinates":[[[37.61786291,55.75925082],[37.61787574,55.75923794],[37.61784899,55.75922948],[37.61783617,55.75924236],[37.61783617,55.75924236],[37.61786291,55.75925082]]]},"properties":{"type":"room","subtype":"apartment","roomType":"HALL","area":3.165555440158118},"type":"Feature"},{"geometry":{"type":"Polygon","coordinates":[[[37.61798726,55.75925761],[37.61796781,55.75925145],[37.61794415,55.75927522],[37.6179636,55.75928138],[37.61798726,55.75925761]]]},"properties":{"type":"room","subtype":"apartment","roomType":"BALCONY","area":4.2467005447928745},"type":"Feature"},{"geometry":{"type":"Polygon","coordinates":[[[37.61783695,55.75924158],[37.61784112,55.7592429],[37.61784345,55.75924055],[37.61783929,55.75923923],[37.61783695,55.75924158]]]},"properties":{"type":"room_object","subtype":"room","roomObjectType":"ELECTRICAL_BOX"},"type":"Feature"},{"geometry":{"type":"Polygon","coordinates":[[[37.61803643,55.75920821],[37.61801698,55.75920205],[37.61797192,55.75924732],[37.61799138,55.75925347],[37.61803643,55.75920821]]]},"properties":{"type":"balcony","area":8.088889405126176,"subtype":"service"},"type":"Feature"},{"geometry":{"type":"Polygon","coordinates":[[[37.61786182,55.75921659],[37.6179688,55.75925045],[37.61799445,55.75922468],[37.61799445,55.75922468],[37.61788746,55.75919082],[37.61786182,55.75921659],[37.61786182,55.75921659]]]},"properties":{"type":"ladder","area":25.324444443547357,"subtype":"service"},"type":"Feature"},{"geometry":{"type":"Polygon","coordinates":[[[37.61795416,55.75921193],[37.61799445,55.75922468],[37.6180201,55.75919892],[37.6180201,55.75919892],[37.61791311,55.75916506],[37.61788748,55.7591908],[37.61790384,55.75917437],[37.61791079,55.75917657],[37.61792607,55.75918141],[37.6179483,55.75918844],[37.61797054,55.75919548],[37.61795416,55.75921193]]]},"properties":{"type":"corridor","area":15.24444602336665,"subtype":"service"},"type":"Feature"},{"geometry":{"type":"Polygon","coordinates":[[[37.61789441,55.75919302],[37.61791079,55.75917657],[37.61790384,55.75917437],[37.61788748,55.7591908],[37.61788746,55.75919082],[37.61788746,55.75919082],[37.61789441,55.75919302]]]},"properties":{"type":"heating_meter","area":1.0499999993884293,"subtype":"service"},"type":"Feature"},{"geometry":{"type":"Polygon","coordinates":[[[37.6179097,55.75919786],[37.61792607,55.75918141],[37.61791079,55.75917657],[37.61789441,55.75919302],[37.6179097,55.75919786]]]},"properties":{"type":"elevator","area":2.3100000010060477,"subtype":"service"},"type":"Feature"},{"geometry":{"type":"Polygon","coordinates":[[[37.61793193,55.7592049],[37.6179483,55.75918844],[37.61792607,55.75918141],[37.6179097,55.75919786],[37.61793193,55.7592049]]]},"properties":{"type":"elevator","area":3.3599999994454404,"subtype":"service"},"type":"Feature"},{"geometry":{"type":"Polygon","coordinates":[[[37.61795416,55.75921193],[37.61797054,55.75919548],[37.6179483,55.75918844],[37.61793193,55.7592049],[37.61795416,55.75921193]]]},"properties":{"type":"elevator","area":3.360000000125289,"subtype":"service"},"type":"Feature"},{"geometry":{"type":"Polygon","coordinates":[[[37.61778274,55.75925932],[37.61781053,55.75926812],[37.61799005,55.75908776],[37.61796226,55.75907897],[37.61778274,55.75925932]]]},"properties":{"type":"corridor","area":46.04044444349098,"subtype":"service"},"type":"Feature"},{"geometry":{"type":"Polygon","coordinates":[[[37.61793486,55.75914321],[37.61796161,55.75915167],[37.61796551,55.75914775],[37.61793876,55.75913929],[37.61793486,55.75914321]]]},"properties":{"type":"ventilation","area":0.9625000102455301,"subtype":"service"},"type":"Feature"},{"geometry":{"type":"Polygon","coordinates":[[[37.61797208,55.75914468],[37.61796818,55.7591486],[37.61799226,55.75915622],[37.61799615,55.7591523],[37.61797208,55.75914468]]]},"properties":{"type":"ventilation","area":0.8662499993853205,"subtype":"service"},"type":"Feature"},{"geometry":{"type":"Polygon","coordinates":[[[37.61802813,55.75907107],[37.61803203,55.75906715],[37.61800181,55.75905759],[37.61799791,55.75906151],[37.61802813,55.75907107]]]},"properties":{"type":"ventilation","area":1.0875000321740453,"subtype":"service"},"type":"Feature"},{"geometry":{"type":"Polygon","coordinates":[[[37.61797159,55.75904802],[37.61796769,55.75905194],[37.61799791,55.75906151],[37.61800181,55.75905759],[37.61800181,55.75905759],[37.61797159,55.75904802]]]},"properties":{"type":"ventilation","area":1.0875000120825455,"subtype":"service"},"type":"Feature"},{"geometry":{"type":"Polygon","coordinates":[[[37.61792895,55.75907356],[37.61793285,55.75906965],[37.61790878,55.75906203],[37.61790488,55.75906595],[37.61792895,55.75907356]]]},"properties":{"type":"ventilation","area":0.8662499349838542,"subtype":"service"},"type":"Feature"},{"geometry":{"type":"Polygon","coordinates":[[[37.61785748,55.75911356],[37.6178528,55.75911827],[37.61790629,55.7591352],[37.61791019,55.75913128],[37.61791032,55.75913112],[37.61791039,55.75913094],[37.61791039,55.75913077],[37.61791034,55.7591306],[37.61791022,55.75913043],[37.61791006,55.75913028],[37.61790984,55.75913016],[37.61790958,55.75913005],[37.61785748,55.75911356]]]},"properties":{"type":"ventilation","area":2.3078037436295675,"subtype":"service"},"type":"Feature"},{"geometry":{"type":"Polygon","coordinates":[[[37.61781228,55.75922965],[37.61778748,55.7592218],[37.61778358,55.75922572],[37.61780699,55.75923313],[37.61780727,55.7592332],[37.61780758,55.75923323],[37.61780789,55.75923324],[37.6178082,55.75923321],[37.61780849,55.75923314],[37.61780875,55.75923305],[37.61780898,55.75923293],[37.61780916,55.75923278],[37.61781228,55.75922965]]]},"properties":{"type":"ventilation","area":0.8903036521344895,"subtype":"service"},"type":"Feature"},{"geometry":{"type":"Polygon","coordinates":[[[37.6177502,55.75922134],[37.6178037,55.75923827],[37.6178076,55.75923435],[37.61780772,55.75923419],[37.61780779,55.75923402],[37.6178078,55.75923384],[37.61780774,55.75923367],[37.61780763,55.7592335],[37.61780746,55.75923335],[37.61780724,55.75923323],[37.61780699,55.75923313],[37.61775488,55.75921663],[37.6177502,55.75922134]]]},"properties":{"type":"ventilation","area":2.3079082004838996,"subtype":"service"},"type":"Feature"},{"geometry":{"type":"Polygon","coordinates":[[[37.61787925,55.75926012],[37.61788237,55.75925698],[37.61783756,55.7592428],[37.61783727,55.75924273],[37.61783697,55.75924269],[37.61783665,55.75924269],[37.61783635,55.75924272],[37.61783605,55.75924278],[37.61783579,55.75924288],[37.61783557,55.759243],[37.61783539,55.75924314],[37.61783305,55.75924549],[37.61787925,55.75926012]]]},"properties":{"type":"ventilation","area":1.3278033859926217,"subtype":"service"},"type":"Feature"},{"geometry":{"type":"Polygon","coordinates":[[[37.61785792,55.75922051],[37.61788466,55.75922897],[37.61788856,55.75922506],[37.61786182,55.75921659],[37.61785792,55.75922051]]]},"properties":{"type":"ventilation","area":0.9625000105021156,"subtype":"service"},"type":"Feature"},{"geometry":{"type":"Polygon","coordinates":[[[37.6177333,55.7593457],[37.61770752,55.75937161],[37.61773357,55.75937985],[37.61773747,55.75937593],[37.61773749,55.75937592],[37.61773751,55.75937591],[37.61773754,55.7593759],[37.61773757,55.75937589],[37.6177376,55.75937589],[37.61773763,55.75937589],[37.61773766,55.75937589],[37.61773769,55.7593759],[37.61775912,55.75938268],[37.61775914,55.75938269],[37.61775917,55.75938271],[37.61775918,55.75938272],[37.61775919,55.75938274],[37.6177592,55.75938275],[37.6177592,55.75938277],[37.61775919,55.75938279],[37.61775918,55.75938281],[37.61775528,55.75938672],[37.61780276,55.75940175],[37.61780276,55.75940175],[37.61782855,55.75937585],[37.61785433,55.75934994],[37.61775909,55.7593198],[37.61775908,55.75931981],[37.6177333,55.7593457]]]},"properties":{"type":"apartment","rooms":1,"totalArea":45.328688620555276,"livingArea":22.664343599948914,"apartmentType":999991},"type":"Feature"},{"geometry":{"type":"Polygon","coordinates":[[[37.61778092,55.75936077],[37.61775514,55.75938668],[37.61780138,55.75940131],[37.61780166,55.75940138],[37.61780197,55.75940142],[37.61780228,55.75940142],[37.61780259,55.75940139],[37.61780288,55.75940133],[37.61780314,55.75940123],[37.61780337,55.75940111],[37.61780354,55.75940097],[37.61782777,55.75937663],[37.61782789,55.75937647],[37.61782796,55.7593763],[37.61782797,55.75937612],[37.61782791,55.75937595],[37.6178278,55.75937578],[37.61782763,55.75937564],[37.61782742,55.75937551],[37.61782716,55.75937541],[37.61778092,55.75936077]]]},"properties":{"type":"room","subtype":"apartment","roomType":"KITCHEN","area":11.327779982721978},"type":"Feature"},{"geometry":{"type":"Polygon","coordinates":[[[37.61772041,55.75935865],[37.61776803,55.75937373],[37.61778092,55.75936077],[37.61773469,55.75934614],[37.6177344,55.75934607],[37.6177341,55.75934603],[37.61773379,55.75934603],[37.61773348,55.75934606],[37.61773319,55.75934612],[37.61773293,55.75934622],[37.6177327,55.75934634],[37.61773252,55.75934649],[37.61772041,55.75935865]]]},"properties":{"type":"room","subtype":"apartment","roomType":"HALL","area":5.6638894737719925},"type":"Feature"},{"geometry":{"type":"Polygon","coordinates":[[[37.61772041,55.75935865],[37.6177083,55.75937082],[37.61770817,55.75937098],[37.6177081,55.75937116],[37.6177081,55.75937133],[37.61770815,55.75937151],[37.61770827,55.75937167],[37.61770843,55.75937182],[37.61770865,55.75937195],[37.61770891,55.75937205],[37.61773371,55.7593799],[37.6177466,55.75936694],[37.61772041,55.75935865]]]},"properties":{"type":"room","subtype":"apartment","roomType":"BATHROOM","area":3.114151124716419},"type":"Feature"},{"geometry":{"type":"Polygon","coordinates":[[[37.61775904,55.75938276],[37.61776803,55.75937373],[37.6177466,55.75936694],[37.61773761,55.75937598],[37.61775904,55.75938276]]]},"properties":{"type":"room","subtype":"apartment","roomType":"TOILET","area":1.7785513934736907},"type":"Feature"},{"geometry":{"type":"Polygon","coordinates":[[[37.61775908,55.75931981],[37.61775908,55.75931981],[37.6177333,55.7593457],[37.6177333,55.7593457],[37.61782855,55.75937585],[37.61782855,55.75937585],[37.61785433,55.75934994],[37.61785433,55.75934994],[37.61775909,55.7593198],[37.61775908,55.75931981]]]},"properties":{"type":"room","subtype":"apartment","roomType":"BEDROOM","area":22.664343599948914},"type":"Feature"},{"geometry":{"type":"Polygon","coordinates":[[[37.61787279,55.7593571],[37.61785334,55.75935094],[37.61782955,55.75937485],[37.617849,55.759381],[37.61787279,55.7593571]]]},"properties":{"type":"room","subtype":"apartment","roomType":"BALCONY","area":4.2710065590521324},"type":"Feature"},{"geometry":{"type":"Polygon","coordinates":[[[37.61773646,55.75934804],[37.61773229,55.75934672],[37.61773018,55.75934884],[37.61773435,55.75935016],[37.61773646,55.75934804]]]},"properties":{"type":"room_object","subtype":"room","roomObjectType":"ELECTRICAL_BOX"},"type":"Feature"},{"geometry":{"type":"Polygon","coordinates":[[[37.61774519,55.7593154],[37.61785433,55.75934994],[37.61788012,55.75932404],[37.61788012,55.75932404],[37.6177984,55.75929818],[37.6177945,55.75930209],[37.61779448,55.75930211],[37.61779446,55.75930212],[37.61779443,55.75930213],[37.6177944,55.75930214],[37.61779437,55.75930214],[37.61779434,55.75930214],[37.61779431,55.75930214],[37.61779428,55.75930213],[37.617767,55.75929349],[37.61774519,55.7593154],[37.61774519,55.7593154]]]},"properties":{"type":"apartment","rooms":0,"totalArea":25.970593170102376,"livingArea":19.477944769709655,"apartmentType":999990},"type":"Feature"},{"geometry":{"type":"Polygon","coordinates":[[[37.61777248,55.75932404],[37.61785433,55.75934994],[37.61788012,55.75932404],[37.61788012,55.75932404],[37.61779826,55.75929813],[37.61777248,55.75932404]]]},"properties":{"type":"room","subtype":"apartment","roomType":"STUDIO","area":19.477944769709655},"type":"Feature"},{"geometry":{"type":"Polygon","coordinates":[[[37.61779436,55.75930205],[37.61776708,55.75929342],[37.61775808,55.75930245],[37.61778537,55.75931109],[37.61779436,55.75930205]]]},"properties":{"type":"room","subtype":"apartment","roomType":"JOINT_BATHROOM","area":2.264449201228919},"type":"Feature"},{"geometry":{"type":"Polygon","coordinates":[[[37.61775808,55.75930245],[37.61774519,55.7593154],[37.61774519,55.7593154],[37.61777248,55.75932404],[37.61778537,55.75931109],[37.61775808,55.75930245]]]},"properties":{"type":"room","subtype":"apartment","roomType":"HALL","area":3.2463241984128017},"type":"Feature"},{"geometry":{"type":"Polygon","coordinates":[[[37.61789801,55.75933176],[37.61787856,55.75932561],[37.61785533,55.75934894],[37.61787478,55.7593551],[37.61789801,55.75933176]]]},"properties":{"type":"room","subtype":"apartment","roomType":"BALCONY","area":4.169878101671787},"type":"Feature"},{"geometry":{"type":"Polygon","coordinates":[[[37.61774892,55.75931349],[37.61774658,55.75931584],[37.61775075,55.75931716],[37.61775309,55.75931481],[37.61774892,55.75931349]]]},"properties":{"type":"room_object","subtype":"room","roomObjectType":"ELECTRICAL_BOX"},"type":"Feature"},{"geometry":{"type":"Polygon","coordinates":[[[37.6175587,55.75935857],[37.61760618,55.7593736],[37.61761086,55.7593689],[37.61761088,55.75936888],[37.6176109,55.75936887],[37.61761093,55.75936886],[37.61761096,55.75936886],[37.61761099,55.75936885],[37.61761102,55.75936885],[37.61761105,55.75936886],[37.61761108,55.75936886],[37.6176587,55.75938394],[37.61767973,55.75936281],[37.61770551,55.75933691],[37.6177313,55.759311],[37.61774519,55.7593154],[37.617767,55.75929349],[37.617767,55.75929349],[37.61773117,55.75928216],[37.61773115,55.75928215],[37.61773113,55.75928213],[37.61773111,55.75928212],[37.6177311,55.7592821],[37.61773109,55.75928208],[37.61773109,55.75928207],[37.6177311,55.75928205],[37.61773111,55.75928203],[37.61773501,55.75927812],[37.61766183,55.75925496],[37.61763605,55.75928086],[37.61761026,55.75930676],[37.61758448,55.75933267],[37.6175587,55.75935857]]]},"properties":{"type":"apartment","rooms":3,"totalArea":93.96362431012302,"livingArea":51.238112609806365,"apartmentType":999993},"type":"Feature"},{"geometry":{"type":"Polygon","coordinates":[[[37.61760632,55.75937364],[37.6176321,55.75934774],[37.61758587,55.75933311],[37.61758558,55.75933304],[37.61758528,55.759333],[37.61758497,55.75933299],[37.61758466,55.75933303],[37.61758437,55.75933309],[37.6175841,55.75933318],[37.61758388,55.75933331],[37.6175837,55.75933345],[37.61755948,55.75935779],[37.61755935,55.75935795],[37.61755928,55.75935812],[37.61755928,55.7593583],[37.61755933,55.75935847],[37.61755945,55.75935863],[37.61755961,55.75935878],[37.61755983,55.75935891],[37.61756009,55.75935901],[37.61760632,55.75937364]]]},"properties":{"type":"room","subtype":"apartment","roomType":"KITCHEN","area":11.327778999714546},"type":"Feature"},{"geometry":{"type":"Polygon","coordinates":[[[37.61766684,55.75937576],[37.61767895,55.75936359],[37.61767907,55.75936343],[37.61767914,55.75936326],[37.61767915,55.75936309],[37.61767909,55.75936291],[37.61767898,55.75936275],[37.61767881,55.7593626],[37.61767859,55.75936247],[37.61767834,55.75936237],[37.6176321,55.75934774],[37.61761921,55.75936069],[37.61766684,55.75937576]]]},"properties":{"type":"room","subtype":"apartment","roomType":"HALL","area":5.663889491122388},"type":"Feature"},{"geometry":{"type":"Polygon","coordinates":[[[37.61761921,55.75936069],[37.617611,55.75936894],[37.61765862,55.75938401],[37.61766684,55.75937576],[37.61761921,55.75936069]]]},"properties":{"type":"room","subtype":"apartment","roomType":"JOINT_BATHROOM","area":3.609586059941563},"type":"Feature"},{"geometry":{"type":"Polygon","coordinates":[[[37.6176813,55.75932924],[37.61761165,55.7593072],[37.61761137,55.75930713],[37.61761106,55.75930709],[37.61761075,55.75930709],[37.61761044,55.75930712],[37.61761015,55.75930719],[37.61760989,55.75930728],[37.61760966,55.7593074],[37.61760948,55.75930755],[37.61758526,55.75933188],[37.61758513,55.75933204],[37.61758507,55.75933222],[37.61758506,55.75933239],[37.61758512,55.75933257],[37.61758523,55.75933273],[37.6175854,55.75933288],[37.61758561,55.75933301],[37.61758587,55.75933311],[37.61765551,55.75935515],[37.6176813,55.75932924]]]},"properties":{"type":"room","subtype":"apartment","roomType":"LIVING_ROOM","area":16.897982687289023},"type":"Feature"},{"geometry":{"type":"Polygon","coordinates":[[[37.61770709,55.75930334],[37.61763744,55.7592813],[37.61763715,55.75928123],[37.61763685,55.75928119],[37.61763653,55.75928119],[37.61763623,55.75928122],[37.61763594,55.75928128],[37.61763567,55.75928138],[37.61763545,55.7592815],[37.61763527,55.75928164],[37.61761104,55.75930598],[37.61761092,55.75930614],[37.61761085,55.75930631],[37.61761085,55.75930649],[37.6176109,55.75930666],[37.61761101,55.75930683],[37.61761118,55.75930698],[37.6176114,55.7593071],[37.61761165,55.7593072],[37.6176813,55.75932924],[37.61770709,55.75930334]]]},"properties":{"type":"room","subtype":"apartment","roomType":"BEDROOM","area":16.898267488764017},"type":"Feature"},{"geometry":{"type":"Polygon","coordinates":[[[37.61770937,55.75930406],[37.61773515,55.75927816],[37.61766322,55.7592554],[37.61766294,55.75925533],[37.61766263,55.75925529],[37.61766232,55.75925528],[37.61766201,55.75925531],[37.61766172,55.75925538],[37.61766146,55.75925547],[37.61766123,55.7592556],[37.61766105,55.75925574],[37.61763683,55.75928008],[37.6176367,55.75928024],[37.61763664,55.75928041],[37.61763663,55.75928059],[37.61763668,55.75928076],[37.6176368,55.75928092],[37.61763697,55.75928107],[37.61763718,55.7592812],[37.61763744,55.7592813],[37.61770937,55.75930406]]]},"properties":{"type":"room","subtype":"apartment","roomType":"BEDROOM","area":17.441862433753325},"type":"Feature"},{"geometry":{"type":"Polygon","coordinates":[[[37.61773125,55.75928208],[37.61772226,55.75929111],[37.61775808,55.75930245],[37.61776708,55.75929342],[37.61773125,55.75928208]]]},"properties":{"type":"room","subtype":"apartment","roomType":"JOINT_BATHROOM","area":2.973044688498428},"type":"Feature"},{"geometry":{"type":"Polygon","coordinates":[[[37.61768115,55.75932921],[37.61765537,55.7593551],[37.61765536,55.75935512],[37.61765535,55.75935514],[37.61765535,55.75935515],[37.61765536,55.75935517],[37.61765537,55.75935519],[37.61765539,55.7593552],[37.61765541,55.75935522],[37.61765544,55.75935523],[37.61767826,55.75936245],[37.61767827,55.75936245],[37.61767856,55.75936252],[37.61767859,55.75936253],[37.6176789,55.75936257],[37.61767893,55.75936257],[37.61767924,55.75936257],[37.61767927,55.75936257],[37.61767958,55.75936254],[37.61767961,55.75936254],[37.6176799,55.75936247],[37.61767993,55.75936246],[37.61768019,55.75936237],[37.61768021,55.75936236],[37.61768044,55.75936224],[37.61768046,55.75936222],[37.61768064,55.75936208],[37.61768065,55.75936207],[37.61770487,55.75933774],[37.61770488,55.75933773],[37.617705,55.75933757],[37.61770501,55.75933755],[37.61770508,55.75933738],[37.61770508,55.75933736],[37.61770509,55.75933718],[37.61770509,55.75933717],[37.61770503,55.75933699],[37.61770503,55.75933698],[37.61770491,55.75933681],[37.6177049,55.7593368],[37.61770475,55.75933667],[37.61770502,55.75933667],[37.61770505,55.75933667],[37.61770536,55.75933664],[37.61770539,55.75933663],[37.61770568,55.75933657],[37.61770571,55.75933656],[37.61770597,55.75933647],[37.617706,55.75933646],[37.61770622,55.75933633],[37.61770624,55.75933632],[37.61770642,55.75933618],[37.61770643,55.75933617],[37.61773066,55.75931183],[37.61773066,55.75931182],[37.61773079,55.75931166],[37.6177308,55.75931165],[37.61773086,55.75931147],[37.61773087,55.75931146],[37.61773087,55.75931128],[37.61773087,55.75931126],[37.61773082,55.75931109],[37.61773081,55.75931107],[37.6177307,55.75931092],[37.61774372,55.75931504],[37.61774374,55.75931504],[37.61774402,55.75931511],[37.61774405,55.75931512],[37.61774436,55.75931516],[37.61774439,55.75931516],[37.6177447,55.75931516],[37.61774473,55.75931516],[37.61774504,55.75931513],[37.61774507,55.75931513],[37.61774536,55.75931506],[37.61774539,55.75931505],[37.61774565,55.75931496],[37.61774568,55.75931495],[37.6177459,55.75931483],[37.61774592,55.75931481],[37.6177461,55.75931467],[37.61774611,55.75931466],[37.61775822,55.75930249],[37.61775823,55.75930248],[37.61775824,55.75930246],[37.61775824,55.75930244],[37.61775824,55.75930243],[37.61775822,55.75930241],[37.61775821,55.75930239],[37.61775819,55.75930238],[37.61775816,55.75930237],[37.61772234,55.75929103],[37.61772231,55.75929103],[37.61772228,55.75929102],[37.61772225,55.75929102],[37.61772222,55.75929103],[37.61772219,55.75929103],[37.61772216,55.75929104],[37.61772214,55.75929105],[37.61772212,55.75929107],[37.61770931,55.75930394],[37.61770716,55.75930326],[37.61770714,55.75930326],[37.6177071,55.75930325],[37.61770707,55.75930325],[37.61770704,55.75930326],[37.61770701,55.75930326],[37.61770699,55.75930327],[37.61770696,55.75930328],[37.61770695,55.7593033],[37.61768116,55.7593292],[37.61768115,55.75932921]]]},"properties":{"type":"room","subtype":"apartment","roomType":"CORRIDOR","area":15.996017571407158},"type":"Feature"},{"geometry":{"type":"Polygon","coordinates":[[[37.61759181,55.75929961],[37.61761126,55.75930576],[37.61763505,55.75928186],[37.6176156,55.7592757],[37.61759181,55.75929961]]]},"properties":{"type":"room","subtype":"apartment","roomType":"BALCONY","area":4.271006665661673},"type":"Feature"},{"geometry":{"type":"Polygon","coordinates":[[[37.61767871,55.75936383],[37.61767455,55.75936251],[37.61767244,55.75936463],[37.61767661,55.75936595],[37.61767871,55.75936383]]]},"properties":{"type":"room_object","subtype":"room","roomObjectType":"ELECTRICAL_BOX"},"type":"Feature"},{"geometry":{"type":"Polygon","coordinates":[[[37.61748134,55.75943628],[37.61745556,55.75946219],[37.61752874,55.75948535],[37.61752874,55.75948535],[37.61753264,55.75948143],[37.61753266,55.75948141],[37.61753268,55.7594814],[37.6175327,55.75948139],[37.61753273,55.75948139],[37.61753276,55.75948138],[37.6175328,55.75948138],[37.61753283,55.75948139],[37.61753285,55.75948139],[37.61756868,55.75949273],[37.61759049,55.75947082],[37.6175766,55.75946642],[37.61760237,55.75944052],[37.61762816,55.75941462],[37.61764919,55.75939349],[37.61764919,55.75939349],[37.61760156,55.75937842],[37.61760154,55.75937841],[37.61760152,55.7593784],[37.6176015,55.75937838],[37.61760149,55.75937837],[37.61760148,55.75937835],[37.61760148,55.75937833],[37.61760149,55.75937832],[37.6176015,55.7593783],[37.61760618,55.7593736],[37.6175587,55.75935857],[37.61753291,55.75938447],[37.61750713,55.75941038],[37.61748134,55.75943628]]]},"properties":{"type":"apartment","rooms":3,"totalArea":93.96412585571484,"livingArea":51.23811256954524,"apartmentType":999993},"type":"Feature"},{"geometry":{"type":"Polygon","coordinates":[[[37.61760632,55.75937364],[37.61756009,55.75935901],[37.6175598,55.75935894],[37.61755949,55.7593589],[37.61755918,55.7593589],[37.61755887,55.75935893],[37.61755858,55.75935899],[37.61755832,55.75935909],[37.6175581,55.75935921],[37.61755792,55.75935935],[37.61753369,55.75938369],[37.61753357,55.75938385],[37.6175335,55.75938402],[37.61753349,55.7593842],[37.61753355,55.75938437],[37.61753366,55.75938454],[37.61753383,55.75938469],[37.61753405,55.75938481],[37.6175343,55.75938491],[37.61758054,55.75939955],[37.61760632,55.75937364]]]},"properties":{"type":"room","subtype":"apartment","roomType":"KITCHEN","area":11.327779982885163},"type":"Feature"},{"geometry":{"type":"Polygon","coordinates":[[[37.61758054,55.75939955],[37.61762677,55.75941418],[37.61762706,55.75941425],[37.61762736,55.75941429],[37.61762767,55.75941429],[37.61762798,55.75941426],[37.61762827,55.7594142],[37.61762853,55.7594141],[37.61762876,55.75941398],[37.61762894,55.75941384],[37.61764105,55.75940167],[37.61759343,55.75938659],[37.61758054,55.75939955]]]},"properties":{"type":"room","subtype":"apartment","roomType":"HALL","area":5.663889480999403},"type":"Feature"},{"geometry":{"type":"Polygon","coordinates":[[[37.61760164,55.75937834],[37.61759343,55.75938659],[37.61764105,55.75940167],[37.61764926,55.75939342],[37.61760164,55.75937834]]]},"properties":{"type":"room","subtype":"apartment","roomType":"JOINT_BATHROOM","area":3.6095862884365055},"type":"Feature"},{"geometry":{"type":"Polygon","coordinates":[[[37.61760394,55.75940696],[37.6175343,55.75938491],[37.61753402,55.75938484],[37.61753371,55.75938481],[37.6175334,55.7593848],[37.61753309,55.75938483],[37.6175328,55.7593849],[37.61753254,55.75938499],[37.61753231,55.75938511],[37.61753213,55.75938526],[37.61750791,55.75940959],[37.61750778,55.75940976],[37.61750771,55.75940993],[37.61750771,55.7594101],[37.61750776,55.75941028],[37.61750788,55.75941044],[37.61750804,55.75941059],[37.61750826,55.75941072],[37.61750852,55.75941082],[37.61757816,55.75943286],[37.61760394,55.75940696]]]},"properties":{"type":"room","subtype":"apartment","roomType":"LIVING_ROOM","area":16.897982692858562},"type":"Feature"},{"geometry":{"type":"Polygon","coordinates":[[[37.61757816,55.75943286],[37.61750852,55.75941082],[37.61750823,55.75941075],[37.61750793,55.75941071],[37.61750761,55.75941071],[37.61750731,55.75941074],[37.61750701,55.7594108],[37.61750675,55.7594109],[37.61750653,55.75941102],[37.61750635,55.75941116],[37.61748212,55.7594355],[37.617482,55.75943566],[37.61748193,55.75943583],[37.61748192,55.75943601],[37.61748198,55.75943618],[37.61748209,55.75943634],[37.61748226,55.75943649],[37.61748248,55.75943662],[37.61748273,55.75943672],[37.61755238,55.75945876],[37.61757816,55.75943286]]]},"properties":{"type":"room","subtype":"apartment","roomType":"BEDROOM","area":16.898267434161568},"type":"Feature"},{"geometry":{"type":"Polygon","coordinates":[[[37.61755466,55.75945949],[37.61748273,55.75943672],[37.61748245,55.75943665],[37.61748214,55.75943661],[37.61748183,55.75943661],[37.61748152,55.75943664],[37.61748123,55.7594367],[37.61748097,55.7594368],[37.61748074,55.75943692],[37.61748056,55.75943707],[37.61745634,55.7594614],[37.61745621,55.75946156],[37.61745615,55.75946174],[37.61745614,55.75946191],[37.61745619,55.75946208],[37.61745631,55.75946225],[37.61745648,55.7594624],[37.61745669,55.75946252],[37.61745695,55.75946262],[37.61752888,55.75948539],[37.61755466,55.75945949]]]},"properties":{"type":"room","subtype":"apartment","roomType":"BEDROOM","area":17.44186244252511},"type":"Feature"},{"geometry":{"type":"Polygon","coordinates":[[[37.61753278,55.75948147],[37.6175686,55.75949281],[37.61757759,55.75948378],[37.61754177,55.75947244],[37.61753278,55.75948147]]]},"properties":{"type":"room","subtype":"apartment","roomType":"JOINT_BATHROOM","area":2.9730444348054617},"type":"Feature"},{"geometry":{"type":"Polygon","coordinates":[[[37.61754163,55.75947239],[37.61754162,55.75947241],[37.61754161,55.75947243],[37.61754161,55.75947244],[37.61754162,55.75947246],[37.61754163,55.75947248],[37.61754164,55.75947249],[37.61754167,55.75947251],[37.61754169,55.75947252],[37.61757752,55.75948385],[37.61757754,55.75948386],[37.61757757,55.75948386],[37.61757761,55.75948386],[37.61757764,55.75948386],[37.61757767,55.75948386],[37.61757769,55.75948385],[37.61757771,55.75948383],[37.61757773,55.75948382],[37.61758984,55.75947165],[37.61758985,55.75947164],[37.61758998,55.75947148],[37.61758999,55.75947146],[37.61759005,55.75947129],[37.61759006,55.75947128],[37.61759006,55.7594711],[37.61759006,55.75947108],[37.61759001,55.75947091],[37.61759,55.75947089],[37.61758988,55.75947073],[37.61758987,55.75947071],[37.6175897,55.75947056],[37.61758968,55.75947055],[37.61758947,55.75947042],[37.61758944,55.75947041],[37.61758919,55.75947031],[37.61758917,55.75947031],[37.61757615,55.75946618],[37.61757644,55.75946616],[37.61757647,55.75946615],[37.61757676,55.75946609],[37.61757679,55.75946608],[37.61757705,55.75946598],[37.61757708,55.75946597],[37.6175773,55.75946585],[37.61757732,55.75946584],[37.6175775,55.75946569],[37.61757751,55.75946569],[37.61760173,55.75944135],[37.61760174,55.75944134],[37.61760187,55.75944118],[37.61760188,55.75944116],[37.61760194,55.75944099],[37.61760195,55.75944097],[37.61760195,55.7594408],[37.61760195,55.75944078],[37.6176019,55.75944061],[37.61760189,55.75944059],[37.61760177,55.75944043],[37.61760176,55.75944041],[37.61760161,55.75944028],[37.61760189,55.75944028],[37.61760192,55.75944028],[37.61760222,55.75944025],[37.61760225,55.75944025],[37.61760255,55.75944018],[37.61760257,55.75944018],[37.61760284,55.75944008],[37.61760286,55.75944007],[37.61760309,55.75943995],[37.61760311,55.75943993],[37.61760329,55.75943979],[37.61760329,55.75943978],[37.61762752,55.75941545],[37.61762753,55.75941544],[37.61762765,55.75941528],[37.61762766,55.75941526],[37.61762773,55.75941509],[37.61762773,55.75941507],[37.61762774,55.75941489],[37.61762774,55.75941488],[37.61762768,55.7594147],[37.61762767,55.75941469],[37.61762756,55.75941452],[37.61762754,55.75941451],[37.61762738,55.75941436],[37.61762736,55.75941434],[37.61762714,55.75941422],[37.61762712,55.75941421],[37.61762686,55.75941411],[37.61762685,55.7594141],[37.61760402,55.75940688],[37.61760399,55.75940687],[37.61760396,55.75940687],[37.61760393,55.75940687],[37.6176039,55.75940687],[37.61760387,55.75940688],[37.61760385,55.75940688],[37.61760382,55.7594069],[37.61760381,55.75940691],[37.61757803,55.7594328],[37.61757802,55.75943281],[37.61755224,55.75945872],[37.61755223,55.75945874],[37.61755222,55.75945875],[37.61755222,55.75945877],[37.61755223,55.75945879],[37.61755224,55.7594588],[37.61755226,55.75945882],[37.61755228,55.75945883],[37.6175523,55.75945884],[37.61755444,55.75945952],[37.61754163,55.75947239]]]},"properties":{"type":"room","subtype":"apartment","roomType":"CORRIDOR","area":15.996017834977796},"type":"Feature"},{"geometry":{"type":"Polygon","coordinates":[[[37.61746289,55.75942912],[37.61748234,55.75943528],[37.61750613,55.75941138],[37.61748668,55.75940522],[37.61746289,55.75942912]]]},"properties":{"type":"room","subtype":"apartment","roomType":"BALCONY","area":4.2710066656437995},"type":"Feature"},{"geometry":{"type":"Polygon","coordinates":[[[37.617625,55.75941228],[37.61762917,55.7594136],[37.61763128,55.75941148],[37.61762711,55.75941017],[37.617625,55.75941228]]]},"properties":{"type":"room_object","subtype":"room","roomObjectType":"ELECTRICAL_BOX"},"type":"Feature"},{"geometry":{"type":"Polygon","coordinates":[[[37.61759213,55.75950541],[37.61767384,55.75953127],[37.61769963,55.75950537],[37.61759049,55.75947082],[37.61759049,55.75947082],[37.61756868,55.75949273],[37.61756868,55.75949273],[37.61759596,55.75950137],[37.61759599,55.75950138],[37.61759601,55.75950139],[37.61759603,55.7595014],[37.61759604,55.75950142],[37.61759604,55.75950144],[37.61759604,55.75950146],[37.61759604,55.75950147],[37.61759602,55.75950149],[37.61759213,55.75950541]]]},"properties":{"type":"apartment","rooms":0,"totalArea":25.970593192091254,"livingArea":19.477944809585633,"apartmentType":999990},"type":"Feature"},{"geometry":{"type":"Polygon","coordinates":[[[37.61759199,55.75950536],[37.61767384,55.75953127],[37.61769963,55.75950537],[37.61761777,55.75947946],[37.61759199,55.75950536]]]},"properties":{"type":"room","subtype":"apartment","roomType":"STUDIO","area":19.477944809585633},"type":"Feature"},{"geometry":{"type":"Polygon","coordinates":[[[37.6175686,55.75949281],[37.61759589,55.75950145],[37.61760488,55.75949241],[37.61757759,55.75948378],[37.6175686,55.75949281]]]},"properties":{"type":"room","subtype":"apartment","roomType":"JOINT_BATHROOM","area":2.2644491483192106},"type":"Feature"},{"geometry":{"type":"Polygon","coordinates":[[[37.61757759,55.75948378],[37.61760488,55.75949241],[37.61761777,55.75947946],[37.61759049,55.75947082],[37.61759049,55.75947082],[37.61757759,55.75948378]]]},"properties":{"type":"room","subtype":"apartment","roomType":"HALL","area":3.2463242155997962},"type":"Feature"},{"geometry":{"type":"Polygon","coordinates":[[[37.61771808,55.75951252],[37.61769863,55.75950637],[37.6176754,55.7595297],[37.61769486,55.75953586],[37.61771808,55.75951252]]]},"properties":{"type":"room","subtype":"apartment","roomType":"BALCONY","area":4.169878109225938},"type":"Feature"},{"geometry":{"type":"Polygon","coordinates":[[[37.61759187,55.75947126],[37.61758954,55.75947361],[37.6175937,55.75947493],[37.61759604,55.75947258],[37.61759187,55.75947126]]]},"properties":{"type":"room_object","subtype":"room","roomObjectType":"ELECTRICAL_BOX"},"type":"Feature"},{"geometry":{"type":"Polygon","coordinates":[[[37.61763016,55.75944932],[37.61760438,55.75947522],[37.61763043,55.75948347],[37.61763043,55.75948347],[37.61763433,55.75947955],[37.61763435,55.75947953],[37.61763437,55.75947952],[37.6176344,55.75947951],[37.61763443,55.7594795],[37.61763446,55.7594795],[37.61763449,55.7594795],[37.61763452,55.75947951],[37.61763455,55.75947951],[37.61765598,55.7594863],[37.617656,55.75948631],[37.61765603,55.75948632],[37.61765604,55.75948633],[37.61765605,55.75948635],[37.61765606,55.75948637],[37.61765606,55.75948639],[37.61765605,55.7594864],[37.61765604,55.75948642],[37.61765214,55.75949034],[37.61769963,55.75950537],[37.61769963,55.75950537],[37.61772541,55.75947946],[37.61774881,55.75945596],[37.61765356,55.75942581],[37.61763016,55.75944932]]]},"properties":{"type":"apartment","rooms":1,"totalArea":43.2293426143742,"livingArea":20.564999014133278,"apartmentType":999991},"type":"Feature"},{"geometry":{"type":"Polygon","coordinates":[[[37.61767779,55.75946439],[37.617652,55.75949029],[37.61769824,55.75950493],[37.61769852,55.759505],[37.61769883,55.75950503],[37.61769914,55.75950504],[37.61769945,55.75950501],[37.61769974,55.75950494],[37.6177,55.75950485],[37.61770023,55.75950473],[37.61770041,55.75950458],[37.61772463,55.75948025],[37.61772476,55.75948008],[37.61772482,55.75947991],[37.61772483,55.75947974],[37.61772478,55.75947956],[37.61772466,55.7594794],[37.61772449,55.75947925],[37.61772428,55.75947912],[37.61772402,55.75947902],[37.61767779,55.75946439]]]},"properties":{"type":"room","subtype":"apartment","roomType":"KITCHEN","area":11.32777903627847},"type":"Feature"},{"geometry":{"type":"Polygon","coordinates":[[[37.61767779,55.75946439],[37.61763155,55.75944976],[37.61763127,55.75944969],[37.61763096,55.75944965],[37.61763065,55.75944964],[37.61763034,55.75944968],[37.61763005,55.75944974],[37.61762979,55.75944983],[37.61762956,55.75944996],[37.61762938,55.7594501],[37.61761728,55.75946226],[37.6176649,55.75947734],[37.61767779,55.75946439]]]},"properties":{"type":"room","subtype":"apartment","roomType":"HALL","area":5.661767591454713},"type":"Feature"},{"geometry":{"type":"Polygon","coordinates":[[[37.61761728,55.75946226],[37.61760516,55.75947444],[37.61760503,55.7594746],[37.61760497,55.75947477],[37.61760496,55.75947495],[37.61760502,55.75947512],[37.61760513,55.75947528],[37.6176053,55.75947543],[37.61760551,55.75947556],[37.61760577,55.75947566],[37.61763057,55.75948351],[37.61764347,55.75947055],[37.61761728,55.75946226]]]},"properties":{"type":"room","subtype":"apartment","roomType":"BATHROOM","area":3.1154402160303745},"type":"Feature"},{"geometry":{"type":"Polygon","coordinates":[[[37.61763447,55.75947959],[37.6176559,55.75948637],[37.6176649,55.75947734],[37.61764347,55.75947055],[37.61763447,55.75947959]]]},"properties":{"type":"room","subtype":"apartment","roomType":"TOILET","area":1.7792101188622758},"type":"Feature"},{"geometry":{"type":"Polygon","coordinates":[[[37.61765356,55.75942581],[37.61763016,55.75944932],[37.61763016,55.75944932],[37.61772541,55.75947946],[37.61774881,55.75945596],[37.61765356,55.75942581]]]},"properties":{"type":"room","subtype":"apartment","roomType":"BEDROOM","area":20.564999014133278},"type":"Feature"},{"geometry":{"type":"Polygon","coordinates":[[[37.61774387,55.75948662],[37.61772442,55.75948046],[37.61770062,55.75950436],[37.61772008,55.75951052],[37.61774387,55.75948662]]]},"properties":{"type":"room","subtype":"apartment","roomType":"BALCONY","area":4.271006558954626},"type":"Feature"},{"geometry":{"type":"Polygon","coordinates":[[[37.61763332,55.75945165],[37.61762915,55.75945034],[37.61762704,55.75945245],[37.61763121,55.75945377],[37.61763332,55.75945165]]]},"properties":{"type":"room_object","subtype":"room","roomObjectType":"ELECTRICAL_BOX"},"type":"Feature"},{"geometry":{"type":"Polygon","coordinates":[[[37.6178191,55.75941104],[37.61779965,55.75940488],[37.61775193,55.75945282],[37.61777138,55.75945898],[37.6178191,55.75941104]]]},"properties":{"type":"balcony","area":8.566250054497477,"subtype":"service"},"type":"Feature"},{"geometry":{"type":"MultiPolygon","coordinates":[[[[37.61765595,55.75942341],[37.61765356,55.75942581],[37.61774881,55.75945596],[37.6177512,55.75945356],[37.61777698,55.75942765],[37.61768173,55.75939751],[37.61765595,55.75942341]]]]},"properties":{"type":"ladder","area":24.763688481425813,"subtype":"service"},"type":"Feature"},{"geometry":{"type":"Polygon","coordinates":[[[37.61768173,55.75939751],[37.61777698,55.75942765],[37.61780276,55.75940175],[37.61770752,55.75937161],[37.61770752,55.75937161],[37.6176818,55.75939744],[37.61769811,55.75938106],[37.61770506,55.75938326],[37.61772034,55.75938809],[37.61774257,55.75939513],[37.6177648,55.75940216],[37.61774843,55.75941862],[37.6177262,55.75941158],[37.61770396,55.75940455],[37.61768868,55.75939971],[37.61768173,55.75939751]]]},"properties":{"type":"corridor","area":12.584343901814005,"subtype":"service"},"type":"Feature"},{"geometry":{"type":"Polygon","coordinates":[[[37.61768868,55.75939971],[37.61770506,55.75938326],[37.61769811,55.75938106],[37.61768175,55.75939749],[37.61768173,55.75939751],[37.61768173,55.75939751],[37.61768868,55.75939971]]]},"properties":{"type":"heating_meter","area":1.0499999997599712,"subtype":"service"},"type":"Feature"},{"geometry":{"type":"Polygon","coordinates":[[[37.61770396,55.75940455],[37.61772034,55.75938809],[37.61770506,55.75938326],[37.61768868,55.75939971],[37.61770396,55.75940455]]]},"properties":{"type":"elevator","area":2.3100000006995733,"subtype":"service"},"type":"Feature"},{"geometry":{"type":"Polygon","coordinates":[[[37.6177262,55.75941158],[37.61774257,55.75939513],[37.61772034,55.75938809],[37.61770396,55.75940455],[37.6177262,55.75941158]]]},"properties":{"type":"elevator","area":3.3599999998591388,"subtype":"service"},"type":"Feature"},{"geometry":{"type":"Polygon","coordinates":[[[37.61774843,55.75941862],[37.6177648,55.75940216],[37.61774257,55.75939513],[37.6177262,55.75941158],[37.61774843,55.75941862]]]},"properties":{"type":"elevator","area":3.3599999998711874,"subtype":"service"},"type":"Feature"},{"geometry":{"type":"Polygon","coordinates":[[[37.6175766,55.75946642],[37.61760439,55.75947521],[37.61775908,55.75931981],[37.61773129,55.75931101],[37.6175766,55.75946642]]]},"properties":{"type":"corridor","area":39.670998386427385,"subtype":"service"},"type":"Feature"},{"geometry":{"type":"Polygon","coordinates":[[[37.61773761,55.75937598],[37.61773371,55.7593799],[37.61775514,55.75938668],[37.61775904,55.75938276],[37.61773761,55.75937598]]]},"properties":{"type":"ventilation","area":0.7711874995750151,"subtype":"service"},"type":"Feature"},{"geometry":{"type":"Polygon","coordinates":[[[37.61776708,55.75929342],[37.61779436,55.75930205],[37.61779826,55.75929813],[37.61777097,55.7592895],[37.61776708,55.75929342]]]},"properties":{"type":"ventilation","area":0.9818750003959685,"subtype":"service"},"type":"Feature"},{"geometry":{"type":"Polygon","coordinates":[[[37.61765862,55.75938401],[37.617611,55.75936894],[37.61760632,55.75937364],[37.61765255,55.75938828],[37.61765284,55.75938835],[37.61765315,55.75938838],[37.61765346,55.75938839],[37.61765377,55.75938836],[37.61765406,55.75938829],[37.61765432,55.7593882],[37.61765454,55.75938808],[37.61765472,55.75938793],[37.61765862,55.75938401]]]},"properties":{"type":"ventilation","area":2.0543035045292948,"subtype":"service"},"type":"Feature"},{"geometry":{"type":"Polygon","coordinates":[[[37.61776708,55.75929342],[37.6177702,55.75929028],[37.61777032,55.75929012],[37.61777039,55.75928995],[37.61777039,55.75928977],[37.61777034,55.7592896],[37.61777023,55.75928943],[37.61777006,55.75928929],[37.61776984,55.75928916],[37.61776959,55.75928906],[37.61773515,55.75927816],[37.61773125,55.75928208],[37.61776708,55.75929342]]]},"properties":{"type":"ventilation","area":1.2869286151809383,"subtype":"service"},"type":"Feature"},{"geometry":{"type":"Polygon","coordinates":[[[37.61764926,55.75939342],[37.61765316,55.7593895],[37.61765329,55.75938934],[37.61765336,55.75938917],[37.61765336,55.75938899],[37.61765331,55.75938882],[37.61765319,55.75938865],[37.61765303,55.7593885],[37.61765281,55.75938838],[37.61765255,55.75938828],[37.61760632,55.75937364],[37.61760164,55.75937834],[37.61764926,55.75939342]]]},"properties":{"type":"ventilation","area":2.0543037247246314,"subtype":"service"},"type":"Feature"},{"geometry":{"type":"Polygon","coordinates":[[[37.61753278,55.75948147],[37.61752888,55.75948539],[37.61756331,55.75949629],[37.6175636,55.75949636],[37.6175639,55.7594964],[37.61756421,55.7594964],[37.61756452,55.75949637],[37.61756481,55.7594963],[37.61756508,55.75949621],[37.6175653,55.75949609],[37.61756548,55.75949594],[37.6175686,55.75949281],[37.61753278,55.75948147]]]},"properties":{"type":"ventilation","area":1.2869286214658082,"subtype":"service"},"type":"Feature"},{"geometry":{"type":"Polygon","coordinates":[[[37.61759589,55.75950145],[37.6175686,55.75949281],[37.6175647,55.75949673],[37.6175647,55.75949673],[37.61759199,55.75950536],[37.61759589,55.75950145]]]},"properties":{"type":"ventilation","area":0.9818750197659353,"subtype":"service"},"type":"Feature"},{"geometry":{"type":"Polygon","coordinates":[[[37.61763057,55.75948351],[37.617652,55.75949029],[37.6176559,55.75948637],[37.61763447,55.75947959],[37.61763057,55.75948351]]]},"properties":{"type":"ventilation","area":0.7713610917956262,"subtype":"service"},"type":"Feature"},{"geometry":{"type":"Polygon","coordinates":[[[37.61742843,55.75965199],[37.6174207,55.75965974],[37.61744452,55.75966728],[37.61744454,55.75966729],[37.61744456,55.7596673],[37.61744458,55.75966732],[37.61744459,55.75966733],[37.6174446,55.75966735],[37.6174446,55.75966737],[37.61744459,55.75966739],[37.61744458,55.7596674],[37.61744068,55.75967132],[37.61744068,55.75967132],[37.61751198,55.75969388],[37.61751198,55.75969388],[37.61752367,55.75968213],[37.6175487,55.75965699],[37.61745345,55.75962684],[37.61745345,55.75962684],[37.61742843,55.75965199]]]},"properties":{"type":"apartment","rooms":0,"totalArea":32.282154843421615,"livingArea":24.211616394241542,"apartmentType":999990},"type":"Feature"},{"geometry":{"type":"Polygon","coordinates":[[[37.61744054,55.75967128],[37.61751198,55.75969388],[37.61751198,55.75969388],[37.61752367,55.75968213],[37.6175487,55.75965699],[37.61747727,55.75963438],[37.61744054,55.75967128]]]},"properties":{"type":"room","subtype":"apartment","roomType":"STUDIO","area":24.211616394241542},"type":"Feature"},{"geometry":{"type":"Polygon","coordinates":[[[37.6174589,55.75965283],[37.61743509,55.75964529],[37.61742843,55.75965199],[37.61742063,55.75965982],[37.61744444,55.75966736],[37.6174589,55.75965283]]]},"properties":{"type":"room","subtype":"apartment","roomType":"JOINT_BATHROOM","area":3.1783941552982897},"type":"Feature"},{"geometry":{"type":"Polygon","coordinates":[[[37.6174589,55.75965283],[37.61747727,55.75963438],[37.61745345,55.75962684],[37.61745345,55.75962684],[37.61743509,55.75964529],[37.6174589,55.75965283]]]},"properties":{"type":"room","subtype":"apartment","roomType":"HALL","area":4.035269338471485},"type":"Feature"},{"geometry":{"type":"Polygon","coordinates":[[[37.61756716,55.75966415],[37.61754771,55.75965799],[37.61751297,55.75969288],[37.61753242,55.75969904],[37.61756716,55.75966415]]]},"properties":{"type":"room","subtype":"apartment","roomType":"BALCONY","area":6.235257062929435},"type":"Feature"},{"geometry":{"type":"Polygon","coordinates":[[[37.6174745,55.7596057],[37.61745345,55.75962684],[37.61745345,55.75962684],[37.6175487,55.75965699],[37.6175487,55.75965699],[37.61757373,55.75963184],[37.61750243,55.75960928],[37.61749853,55.7596132],[37.61749852,55.75961321],[37.61749849,55.75961322],[37.61749847,55.75961323],[37.61749844,55.75961324],[37.61749841,55.75961324],[37.61749838,55.75961324],[37.61749835,55.75961324],[37.61749832,55.75961323],[37.6174745,55.7596057],[37.6174745,55.7596057]]]},"properties":{"type":"apartment","rooms":0,"totalArea":21.999652302229027,"livingArea":16.499739065685823,"apartmentType":999990},"type":"Feature"},{"geometry":{"type":"Polygon","coordinates":[[[37.61750229,55.75960924],[37.61747727,55.75963438],[37.6175487,55.75965699],[37.6175487,55.75965699],[37.61757373,55.75963184],[37.61750229,55.75960924]]]},"properties":{"type":"room","subtype":"apartment","roomType":"STUDIO","area":16.499739065685823},"type":"Feature"},{"geometry":{"type":"Polygon","coordinates":[[[37.61749839,55.75961315],[37.61747458,55.75960562],[37.61746597,55.75961427],[37.61748978,55.75962181],[37.61749839,55.75961315]]]},"properties":{"type":"room","subtype":"apartment","roomType":"JOINT_BATHROOM","area":1.8930815526016445},"type":"Feature"},{"geometry":{"type":"Polygon","coordinates":[[[37.61748978,55.75962181],[37.61746597,55.75961427],[37.61745345,55.75962684],[37.61745345,55.75962684],[37.61747727,55.75963438],[37.61748978,55.75962181]]]},"properties":{"type":"room","subtype":"apartment","roomType":"HALL","area":2.7499566435439893},"type":"Feature"},{"geometry":{"type":"Polygon","coordinates":[[[37.61759219,55.759639],[37.61757273,55.75963285],[37.6175497,55.75965599],[37.61756915,55.75966214],[37.61759219,55.759639]]]},"properties":{"type":"room","subtype":"apartment","roomType":"BALCONY","area":4.135256157337305},"type":"Feature"},{"geometry":{"type":"Polygon","coordinates":[[[37.61745423,55.75962606],[37.6174584,55.75962738],[37.61746074,55.75962503],[37.61745657,55.75962371],[37.61745423,55.75962606]]]},"properties":{"type":"room_object","subtype":"room","roomObjectType":"ELECTRICAL_BOX"},"type":"Feature"},{"geometry":{"type":"Polygon","coordinates":[[[37.61749953,55.75958055],[37.61747848,55.7596017],[37.61747848,55.7596017],[37.61757373,55.75963184],[37.61757373,55.75963184],[37.61759876,55.7596067],[37.61759876,55.7596067],[37.61752746,55.75958414],[37.61752746,55.75958414],[37.61752356,55.75958805],[37.61752354,55.75958807],[37.61752352,55.75958808],[37.6175235,55.75958809],[37.61752347,55.7595881],[37.61752344,55.7595881],[37.6175234,55.7595881],[37.61752337,55.7595881],[37.61752335,55.75958809],[37.61749953,55.75958055]]]},"properties":{"type":"apartment","rooms":0,"totalArea":21.99965356904168,"livingArea":16.499740193404115,"apartmentType":999990},"type":"Feature"},{"geometry":{"type":"Polygon","coordinates":[[[37.61750229,55.75960924],[37.61757373,55.75963184],[37.61757373,55.75963184],[37.61759876,55.7596067],[37.61759876,55.7596067],[37.61752732,55.75958409],[37.61750229,55.75960924]]]},"properties":{"type":"room","subtype":"apartment","roomType":"STUDIO","area":16.499740193404115},"type":"Feature"},{"geometry":{"type":"Polygon","coordinates":[[[37.61752342,55.75958801],[37.61749961,55.75958047],[37.617491,55.75958913],[37.61751481,55.75959666],[37.61752342,55.75958801]]]},"properties":{"type":"room","subtype":"apartment","roomType":"JOINT_BATHROOM","area":1.8930817005369562},"type":"Feature"},{"geometry":{"type":"Polygon","coordinates":[[[37.61751481,55.75959666],[37.617491,55.75958913],[37.61747848,55.7596017],[37.61747848,55.7596017],[37.61750229,55.75960924],[37.61751481,55.75959666]]]},"properties":{"type":"room","subtype":"apartment","roomType":"HALL","area":2.7499566635586827},"type":"Feature"},{"geometry":{"type":"Polygon","coordinates":[[[37.61761721,55.75961386],[37.61759776,55.7596077],[37.61757473,55.75963084],[37.61759418,55.759637],[37.61761721,55.75961386]]]},"properties":{"type":"room","subtype":"apartment","roomType":"BALCONY","area":4.13525661140315},"type":"Feature"},{"geometry":{"type":"Polygon","coordinates":[[[37.61747926,55.75960092],[37.61748343,55.75960224],[37.61748577,55.75959989],[37.6174816,55.75959857],[37.61747926,55.75960092]]]},"properties":{"type":"room_object","subtype":"room","roomObjectType":"ELECTRICAL_BOX"},"type":"Feature"},{"geometry":{"type":"Polygon","coordinates":[[[37.61762379,55.75958156],[37.61762379,55.75958156],[37.61755249,55.75955899],[37.61755249,55.75955899],[37.61754859,55.75956291],[37.61754857,55.75956292],[37.61754855,55.75956294],[37.61754852,55.75956295],[37.61754849,55.75956295],[37.61754846,55.75956296],[37.61754843,55.75956296],[37.6175484,55.75956295],[37.61754837,55.75956294],[37.61752456,55.75955541],[37.61750351,55.75957656],[37.61759876,55.7596067],[37.61759876,55.7596067],[37.61762379,55.75958156]]]},"properties":{"type":"apartment","rooms":0,"totalArea":21.9996548435362,"livingArea":16.499741334953566,"apartmentType":999990},"type":"Feature"},{"geometry":{"type":"Polygon","coordinates":[[[37.61755235,55.75955895],[37.61752732,55.75958409],[37.61759876,55.7596067],[37.61759876,55.7596067],[37.61762379,55.75958156],[37.61762379,55.75958156],[37.61755235,55.75955895]]]},"properties":{"type":"room","subtype":"apartment","roomType":"STUDIO","area":16.499741334953566},"type":"Feature"},{"geometry":{"type":"Polygon","coordinates":[[[37.61752464,55.75955533],[37.61751602,55.75956398],[37.61753984,55.75957152],[37.61754845,55.75956287],[37.61752464,55.75955533]]]},"properties":{"type":"room","subtype":"apartment","roomType":"JOINT_BATHROOM","area":1.8930816500798435},"type":"Feature"},{"geometry":{"type":"Polygon","coordinates":[[[37.61752732,55.75958409],[37.61753984,55.75957152],[37.61751602,55.75956398],[37.61750351,55.75957656],[37.61752732,55.75958409]]]},"properties":{"type":"room","subtype":"apartment","roomType":"HALL","area":2.74995691118294},"type":"Feature"},{"geometry":{"type":"Polygon","coordinates":[[[37.61764224,55.75958871],[37.61762279,55.75958256],[37.61759975,55.7596057],[37.61761921,55.75961186],[37.61764224,55.75958871]]]},"properties":{"type":"room","subtype":"apartment","roomType":"BALCONY","area":4.135257066985},"type":"Feature"},{"geometry":{"type":"Polygon","coordinates":[[[37.61750429,55.75957577],[37.61750846,55.75957709],[37.6175108,55.75957474],[37.61750663,55.75957342],[37.61750429,55.75957577]]]},"properties":{"type":"room_object","subtype":"room","roomObjectType":"ELECTRICAL_BOX"},"type":"Feature"},{"geometry":{"type":"Polygon","coordinates":[[[37.61752854,55.75955141],[37.6175546,55.75955966],[37.61755849,55.75955574],[37.61755851,55.75955573],[37.61755853,55.75955572],[37.61755856,55.75955571],[37.61755859,55.7595557],[37.61755862,55.7595557],[37.61755865,55.7595557],[37.61755868,55.7595557],[37.61755871,55.75955571],[37.61758014,55.75956249],[37.61758017,55.7595625],[37.61758019,55.75956251],[37.61758021,55.75956253],[37.61758022,55.75956254],[37.61758022,55.75956256],[37.61758022,55.75956258],[37.61758022,55.7595626],[37.6175802,55.75956261],[37.61757631,55.75956653],[37.61757631,55.75956653],[37.61762379,55.75958156],[37.61762379,55.75958156],[37.61764882,55.75955641],[37.61767384,55.75953127],[37.6175647,55.75949673],[37.61753967,55.75952187],[37.61755356,55.75952628],[37.61752854,55.75955141]]]},"properties":{"type":"apartment","rooms":1,"totalArea":47.20909213586595,"livingArea":25.208939995821424,"apartmentType":999991},"type":"Feature"},{"geometry":{"type":"Polygon","coordinates":[[[37.61757617,55.75956649],[37.6176224,55.75958112],[37.61762268,55.75958119],[37.61762299,55.75958123],[37.6176233,55.75958123],[37.61762361,55.7595812],[37.6176239,55.75958113],[37.61762416,55.75958104],[37.61762439,55.75958092],[37.61762457,55.75958077],[37.61764804,55.7595572],[37.61764816,55.75955704],[37.61764823,55.75955686],[37.61764823,55.75955669],[37.61764818,55.75955651],[37.61764807,55.75955635],[37.6176479,55.7595562],[37.61764768,55.75955607],[37.61764743,55.75955597],[37.61760118,55.75954134],[37.61757617,55.75956649]]]},"properties":{"type":"room","subtype":"apartment","roomType":"KITCHEN","area":10.994575345260605},"type":"Feature"},{"geometry":{"type":"Polygon","coordinates":[[[37.61754105,55.75953885],[37.61758867,55.75955392],[37.61760118,55.75954134],[37.61755495,55.75952672],[37.61755466,55.75952665],[37.61755436,55.75952661],[37.61755405,55.7595266],[37.61755374,55.75952663],[37.61755345,55.7595267],[37.61755318,55.75952679],[37.61755296,55.75952692],[37.61755278,55.75952706],[37.61754105,55.75953885]]]},"properties":{"type":"room","subtype":"apartment","roomType":"HALL","area":5.497279528100827},"type":"Feature"},{"geometry":{"type":"Polygon","coordinates":[[[37.61755474,55.7595597],[37.61756724,55.75954714],[37.61754105,55.75953885],[37.61752932,55.75955063],[37.61752919,55.75955079],[37.61752913,55.75955096],[37.61752912,55.75955114],[37.61752917,55.75955131],[37.61752929,55.75955148],[37.61752946,55.75955162],[37.61752967,55.75955175],[37.61752993,55.75955185],[37.61755474,55.7595597]]]},"properties":{"type":"room","subtype":"apartment","roomType":"BATHROOM","area":3.0214553936310447},"type":"Feature"},{"geometry":{"type":"Polygon","coordinates":[[[37.61756724,55.75954714],[37.61755863,55.75955579],[37.61758006,55.75956257],[37.61758867,55.75955392],[37.61756724,55.75954714]]]},"properties":{"type":"room","subtype":"apartment","roomType":"TOILET","area":1.7031148529789752},"type":"Feature"},{"geometry":{"type":"Polygon","coordinates":[[[37.61753967,55.75952187],[37.61764882,55.75955641],[37.61767384,55.75953127],[37.61767384,55.75953127],[37.6175647,55.75949673],[37.61753967,55.75952187]]]},"properties":{"type":"room","subtype":"apartment","roomType":"BEDROOM","area":25.208939995821424},"type":"Feature"},{"geometry":{"type":"Polygon","coordinates":[[[37.61769174,55.75953899],[37.61767228,55.75953284],[37.61764981,55.75955541],[37.61766926,55.75956157],[37.61769174,55.75953899]]]},"properties":{"type":"room","subtype":"apartment","roomType":"BALCONY","area":4.034128556204865},"type":"Feature"},{"geometry":{"type":"Polygon","coordinates":[[[37.61766727,55.75956357],[37.61764782,55.75955741],[37.61762478,55.75958056],[37.61764424,55.75958671],[37.61766727,55.75956357]]]},"properties":{"type":"room","subtype":"apartment","roomType":"BALCONY","area":4.135236511337942},"type":"Feature"},{"geometry":{"type":"Polygon","coordinates":[[[37.61755671,55.75952861],[37.61755255,55.75952729],[37.61755044,55.75952941],[37.61755461,55.75953073],[37.61755671,55.75952861]]]},"properties":{"type":"room_object","subtype":"room","roomObjectType":"ELECTRICAL_BOX"},"type":"Feature"},{"geometry":{"type":"Polygon","coordinates":[[[37.61743053,55.75948733],[37.61753967,55.75952187],[37.61756072,55.75950072],[37.61756072,55.75950072],[37.61753344,55.75949209],[37.61753341,55.75949208],[37.61753339,55.75949206],[37.61753337,55.75949205],[37.61753336,55.75949203],[37.61753336,55.75949202],[37.61753336,55.759492],[37.61753336,55.75949198],[37.61753338,55.75949197],[37.61753728,55.75948805],[37.61745556,55.75946219],[37.61743053,55.75948733]]]},"properties":{"type":"apartment","rooms":0,"totalArea":25.20893856911281,"livingArea":18.906703814903928,"apartmentType":999990},"type":"Feature"},{"geometry":{"type":"Polygon","coordinates":[[[37.61751239,55.75951324],[37.61753742,55.75948809],[37.61745556,55.75946219],[37.61743053,55.75948733],[37.61751239,55.75951324]]]},"properties":{"type":"room","subtype":"apartment","roomType":"STUDIO","area":18.906703814903928},"type":"Feature"},{"geometry":{"type":"Polygon","coordinates":[[[37.61753352,55.75949201],[37.6175249,55.75950066],[37.61755219,55.7595093],[37.6175608,55.75950064],[37.61753352,55.75949201]]]},"properties":{"type":"room","subtype":"apartment","roomType":"JOINT_BATHROOM","area":2.1692423659982842},"type":"Feature"},{"geometry":{"type":"Polygon","coordinates":[[[37.6175249,55.75950066],[37.61751239,55.75951324],[37.61753967,55.75952187],[37.61755219,55.7595093],[37.6175249,55.75950066]]]},"properties":{"type":"room","subtype":"apartment","roomType":"HALL","area":3.1511174059487512},"type":"Feature"},{"geometry":{"type":"Polygon","coordinates":[[[37.61741207,55.75948017],[37.61743153,55.75948633],[37.61745456,55.75946319],[37.61743511,55.75945703],[37.61741207,55.75948017]]]},"properties":{"type":"room","subtype":"apartment","roomType":"BALCONY","area":4.135256358665883},"type":"Feature"},{"geometry":{"type":"Polygon","coordinates":[[[37.61738047,55.75953762],[37.61735545,55.75956276],[37.61745069,55.75959291],[37.61745069,55.75959291],[37.61747572,55.75956776],[37.61750075,55.75954262],[37.61752577,55.75951748],[37.61752578,55.75951747],[37.61749973,55.75950923],[37.61749973,55.75950923],[37.61749583,55.75951315],[37.61749581,55.75951316],[37.61749579,55.75951317],[37.61749576,55.75951318],[37.61749573,55.75951319],[37.6174957,55.75951319],[37.61749567,55.75951319],[37.61749564,55.75951319],[37.61749561,55.75951318],[37.61747418,55.7595064],[37.61747416,55.75950639],[37.61747413,55.75950637],[37.61747412,55.75950636],[37.61747411,55.75950634],[37.6174741,55.75950632],[37.6174741,55.75950631],[37.61747411,55.75950629],[37.61747412,55.75950627],[37.61747802,55.75950236],[37.61743053,55.75948733],[37.6174055,55.75951247],[37.61738047,55.75953762]]]},"properties":{"type":"apartment","rooms":2,"totalArea":65.99896086689621,"livingArea":38.4019305901578,"apartmentType":999992},"type":"Feature"},{"geometry":{"type":"Polygon","coordinates":[[[37.61745312,55.75952754],[37.61747816,55.7595024],[37.61743192,55.75948777],[37.61743163,55.7594877],[37.61743133,55.75948766],[37.61743102,55.75948766],[37.61743071,55.75948769],[37.61743042,55.75948775],[37.61743015,55.75948785],[37.61742993,55.75948797],[37.61742975,55.75948811],[37.61740628,55.75951169],[37.61740616,55.75951185],[37.61740609,55.75951202],[37.61740608,55.7595122],[37.61740614,55.75951237],[37.61740625,55.75951254],[37.61740642,55.75951268],[37.61740664,55.75951281],[37.61740689,55.75951291],[37.61745312,55.75952754]]]},"properties":{"type":"room","subtype":"apartment","roomType":"KITCHEN","area":10.995435038345004},"type":"Feature"},{"geometry":{"type":"Polygon","coordinates":[[[37.61751326,55.75953005],[37.61746564,55.75951498],[37.61745312,55.75952754],[37.61749936,55.75954218],[37.61749965,55.75954225],[37.61749995,55.75954229],[37.61750026,55.75954229],[37.61750057,55.75954226],[37.61750086,55.7595422],[37.61750113,55.7595421],[37.61750135,55.75954198],[37.61750153,55.75954183],[37.61751326,55.75953005]]]},"properties":{"type":"room","subtype":"apartment","roomType":"HALL","area":5.4955840430945555},"type":"Feature"},{"geometry":{"type":"Polygon","coordinates":[[[37.61751326,55.75953005],[37.617525,55.75951826],[37.61752512,55.7595181],[37.61752519,55.75951792],[37.6175252,55.75951775],[37.61752514,55.75951757],[37.61752503,55.75951741],[37.61752486,55.75951726],[37.61752464,55.75951713],[37.61752439,55.75951703],[37.61749959,55.75950918],[37.61748707,55.75952176],[37.61751326,55.75953005]]]},"properties":{"type":"room","subtype":"apartment","roomType":"BATHROOM","area":3.0240567865141017},"type":"Feature"},{"geometry":{"type":"Polygon","coordinates":[[[37.61748707,55.75952176],[37.61749569,55.7595131],[37.61747426,55.75950632],[37.61746564,55.75951498],[37.61748707,55.75952176]]]},"properties":{"type":"room","subtype":"apartment","roomType":"TOILET","area":1.7047795913743435},"type":"Feature"},{"geometry":{"type":"Polygon","coordinates":[[[37.61740689,55.75951291],[37.61740661,55.75951284],[37.6174063,55.7595128],[37.61740599,55.7595128],[37.61740568,55.75951283],[37.61740539,55.7595129],[37.61740513,55.75951299],[37.6174049,55.75951311],[37.61740472,55.75951326],[37.61738125,55.75953683],[37.61738113,55.75953699],[37.61738106,55.75953717],[37.61738105,55.75953734],[37.61738111,55.75953752],[37.61738122,55.75953768],[37.61738139,55.75953783],[37.61738161,55.75953796],[37.61738186,55.75953806],[37.61745151,55.7595601],[37.61747653,55.75953495],[37.61740689,55.75951291]]]},"properties":{"type":"room","subtype":"apartment","roomType":"BEDROOM","area":16.402277021457316},"type":"Feature"},{"geometry":{"type":"Polygon","coordinates":[[[37.61747572,55.75956776],[37.61747572,55.75956776],[37.61738047,55.75953762],[37.61738047,55.75953762],[37.61735545,55.75956276],[37.61735545,55.75956276],[37.61745069,55.75959291],[37.61745069,55.75959291],[37.61747572,55.75956776]]]},"properties":{"type":"room","subtype":"apartment","roomType":"BEDROOM","area":21.99965356870048},"type":"Feature"},{"geometry":{"type":"Polygon","coordinates":[[[37.61747661,55.75953488],[37.61747658,55.75953487],[37.61747655,55.75953486],[37.61747652,55.75953486],[37.61747649,55.75953487],[37.61747646,55.75953487],[37.61747644,55.75953488],[37.61747641,55.7595349],[37.6174764,55.75953491],[37.61745137,55.75956005],[37.61745135,55.75956007],[37.61745135,55.75956009],[37.61745135,55.7595601],[37.61745135,55.75956012],[37.61745136,55.75956014],[37.61745138,55.75956015],[37.6174514,55.75956017],[37.61745143,55.75956018],[37.61747425,55.7595674],[37.61747427,55.7595674],[37.61747455,55.75956747],[37.61747458,55.75956748],[37.61747489,55.75956752],[37.61747492,55.75956752],[37.61747523,55.75956752],[37.61747526,55.75956752],[37.61747557,55.75956749],[37.6174756,55.75956749],[37.61747589,55.75956742],[37.61747592,55.75956741],[37.61747618,55.75956732],[37.61747621,55.75956731],[37.61747643,55.75956719],[37.61747645,55.75956717],[37.61747663,55.75956703],[37.61747664,55.75956702],[37.61750011,55.75954344],[37.61750012,55.75954344],[37.61750024,55.75954328],[37.61750025,55.75954326],[37.61750032,55.75954309],[37.61750032,55.75954307],[37.61750033,55.75954289],[37.61750033,55.75954288],[37.61750027,55.7595427],[37.61750026,55.75954269],[37.61750015,55.75954252],[37.61750013,55.75954251],[37.61749997,55.75954236],[37.61749995,55.75954234],[37.61749973,55.75954222],[37.61749971,55.7595422],[37.61749945,55.7595421],[37.61749944,55.7595421],[37.61747661,55.75953488]]]},"properties":{"type":"room","subtype":"apartment","roomType":"CORRIDOR","area":5.687079225248878},"type":"Feature"},{"geometry":{"type":"Polygon","coordinates":[[[37.61736202,55.75953046],[37.61738147,55.75953662],[37.61740451,55.75951347],[37.61738505,55.75950732],[37.61736202,55.75953046]]]},"properties":{"type":"room","subtype":"apartment","roomType":"BALCONY","area":4.13525615584166},"type":"Feature"},{"geometry":{"type":"Polygon","coordinates":[[[37.6174976,55.75954028],[37.61750176,55.7595416],[37.61750387,55.75953948],[37.6174997,55.75953816],[37.6174976,55.75954028]]]},"properties":{"type":"room_object","subtype":"room","roomObjectType":"ELECTRICAL_BOX"},"type":"Feature"},{"geometry":{"type":"Polygon","coordinates":[[[37.61733042,55.7595879],[37.61730539,55.75961305],[37.61740064,55.75964319],[37.61740064,55.75964319],[37.61742566,55.75961805],[37.61745069,55.75959291],[37.61742464,55.75958466],[37.61742074,55.75958858],[37.61742072,55.75958859],[37.6174207,55.7595886],[37.61742067,55.75958861],[37.61742064,55.75958862],[37.61742061,55.75958862],[37.61742058,55.75958862],[37.61742055,55.75958862],[37.61742052,55.75958861],[37.61739909,55.75958183],[37.61739907,55.75958182],[37.61739904,55.75958181],[37.61739903,55.75958179],[37.61739902,55.75958177],[37.61739901,55.75958176],[37.61739901,55.75958174],[37.61739902,55.75958172],[37.61739903,55.75958171],[37.61740293,55.75957779],[37.61735545,55.75956276],[37.61735545,55.75956276],[37.61733042,55.7595879]]]},"properties":{"type":"apartment","rooms":1,"totalArea":43.99930714578885,"livingArea":21.999652294588145,"apartmentType":999991},"type":"Feature"},{"geometry":{"type":"Polygon","coordinates":[[[37.61737804,55.75960298],[37.61740307,55.75957783],[37.61735683,55.7595632],[37.61735655,55.75956313],[37.61735624,55.75956309],[37.61735593,55.75956309],[37.61735562,55.75956312],[37.61735533,55.75956318],[37.61735507,55.75956328],[37.61735484,55.7595634],[37.61735467,55.75956354],[37.6173312,55.75958712],[37.61733107,55.75958728],[37.617331,55.75958745],[37.617331,55.75958763],[37.61733105,55.7595878],[37.61733117,55.75958797],[37.61733133,55.75958812],[37.61733155,55.75958824],[37.61733181,55.75958834],[37.61737804,55.75960298]]]},"properties":{"type":"room","subtype":"apartment","roomType":"KITCHEN","area":10.995434898390823},"type":"Feature"},{"geometry":{"type":"Polygon","coordinates":[[[37.61743818,55.75960548],[37.61739055,55.75959041],[37.61737804,55.75960298],[37.61742428,55.75961761],[37.61742456,55.75961768],[37.61742487,55.75961772],[37.61742518,55.75961772],[37.61742549,55.75961769],[37.61742578,55.75961763],[37.61742604,55.75961753],[37.61742627,55.75961741],[37.61742644,55.75961727],[37.61743818,55.75960548]]]},"properties":{"type":"room","subtype":"apartment","roomType":"HALL","area":5.497716926265427},"type":"Feature"},{"geometry":{"type":"Polygon","coordinates":[[[37.6174245,55.75958462],[37.61741199,55.75959719],[37.61743818,55.75960548],[37.61744991,55.75959369],[37.61745004,55.75959353],[37.61745011,55.75959336],[37.61745011,55.75959318],[37.61745006,55.75959301],[37.61744994,55.75959284],[37.61744978,55.75959269],[37.61744956,55.75959257],[37.6174493,55.75959247],[37.6174245,55.75958462]]]},"properties":{"type":"room","subtype":"apartment","roomType":"BATHROOM","area":3.0227562300793376},"type":"Feature"},{"geometry":{"type":"Polygon","coordinates":[[[37.61739917,55.75958175],[37.61739055,55.75959041],[37.61741199,55.75959719],[37.6174206,55.75958853],[37.61739917,55.75958175]]]},"properties":{"type":"room","subtype":"apartment","roomType":"TOILET","area":1.7037737514477154},"type":"Feature"},{"geometry":{"type":"Polygon","coordinates":[[[37.61733042,55.7595879],[37.61733042,55.7595879],[37.61730539,55.75961305],[37.61740064,55.75964319],[37.61740064,55.75964319],[37.61742566,55.75961805],[37.61742566,55.75961805],[37.61733042,55.7595879]]]},"properties":{"type":"room","subtype":"apartment","roomType":"BEDROOM","area":21.999652294588145},"type":"Feature"},{"geometry":{"type":"Polygon","coordinates":[[[37.61728693,55.75960589],[37.61730638,55.75961205],[37.61732942,55.75958891],[37.61730997,55.75958275],[37.61728693,55.75960589]]]},"properties":{"type":"room","subtype":"apartment","roomType":"BALCONY","area":4.1352561558032},"type":"Feature"},{"geometry":{"type":"Polygon","coordinates":[[[37.61731196,55.75958075],[37.61733141,55.7595869],[37.61735445,55.75956376],[37.617335,55.75955761],[37.61731196,55.75958075]]]},"properties":{"type":"room","subtype":"apartment","roomType":"BALCONY","area":4.135257068385627},"type":"Feature"},{"geometry":{"type":"Polygon","coordinates":[[[37.61742251,55.75961571],[37.61742668,55.75961703],[37.61742878,55.75961492],[37.61742462,55.7596136],[37.61742251,55.75961571]]]},"properties":{"type":"room_object","subtype":"room","roomObjectType":"ELECTRICAL_BOX"},"type":"Feature"},{"geometry":{"type":"Polygon","coordinates":[[[37.61737669,55.75963561],[37.61730539,55.75961305],[37.61730539,55.75961305],[37.61728036,55.75963819],[37.61737561,55.75966834],[37.61737561,55.75966834],[37.61739666,55.75964719],[37.61739666,55.75964719],[37.61737285,55.75963965],[37.61737282,55.75963964],[37.6173728,55.75963963],[37.61737278,55.75963962],[37.61737277,55.7596396],[37.61737277,55.75963958],[37.61737277,55.75963956],[37.61737277,55.75963955],[37.61737279,55.75963953],[37.61737669,55.75963561]]]},"properties":{"type":"apartment","rooms":0,"totalArea":21.999653568453446,"livingArea":16.499740194074867,"apartmentType":999990},"type":"Feature"},{"geometry":{"type":"Polygon","coordinates":[[[37.6173518,55.7596608],[37.61737682,55.75963566],[37.61730539,55.75961305],[37.61730539,55.75961305],[37.61728036,55.75963819],[37.6173518,55.7596608]]]},"properties":{"type":"room","subtype":"apartment","roomType":"STUDIO","area":16.499740194074867},"type":"Feature"},{"geometry":{"type":"Polygon","coordinates":[[[37.61738812,55.75965577],[37.61739674,55.75964711],[37.61737292,55.75963957],[37.61736431,55.75964823],[37.61738812,55.75965577]]]},"properties":{"type":"room","subtype":"apartment","roomType":"JOINT_BATHROOM","area":1.8930816509811943},"type":"Feature"},{"geometry":{"type":"Polygon","coordinates":[[[37.61738812,55.75965577],[37.61736431,55.75964823],[37.6173518,55.7596608],[37.61737561,55.75966834],[37.61737561,55.75966834],[37.61738812,55.75965577]]]},"properties":{"type":"room","subtype":"apartment","roomType":"HALL","area":2.7499567102528353},"type":"Feature"},{"geometry":{"type":"Polygon","coordinates":[[[37.6172619,55.75963104],[37.61728136,55.75963719],[37.61730439,55.75961405],[37.61728494,55.75960789],[37.6172619,55.75963104]]]},"properties":{"type":"room","subtype":"apartment","roomType":"BALCONY","area":4.13525661140315},"type":"Feature"},{"geometry":{"type":"Polygon","coordinates":[[[37.61737222,55.75966623],[37.61737639,55.75966755],[37.61737873,55.7596652],[37.61737456,55.75966388],[37.61737222,55.75966623]]]},"properties":{"type":"room_object","subtype":"room","roomObjectType":"ELECTRICAL_BOX"},"type":"Feature"},{"geometry":{"type":"Polygon","coordinates":[[[37.6172303,55.75968848],[37.61732555,55.75971862],[37.61735058,55.75969348],[37.61737561,55.75966834],[37.61734955,55.75966009],[37.61734955,55.75966009],[37.61734565,55.75966401],[37.61734564,55.75966402],[37.61734561,55.75966404],[37.61734559,55.75966404],[37.61734556,55.75966405],[37.61734553,55.75966405],[37.6173455,55.75966405],[37.61734547,55.75966405],[37.61734544,55.75966404],[37.61732401,55.75965726],[37.61732398,55.75965725],[37.61732396,55.75965724],[37.61732394,55.75965722],[37.61732393,55.75965721],[37.61732393,55.75965719],[37.61732393,55.75965717],[37.61732393,55.75965715],[37.61732395,55.75965714],[37.61732784,55.75965322],[37.61728036,55.75963819],[37.61728036,55.75963819],[37.61725533,55.75966334],[37.6172303,55.75968848]]]},"properties":{"type":"apartment","rooms":1,"totalArea":43.99930699153979,"livingArea":21.99965229355583,"apartmentType":999991},"type":"Feature"},{"geometry":{"type":"Polygon","coordinates":[[[37.61730296,55.75967841],[37.61732798,55.75965326],[37.61728175,55.75963863],[37.61728146,55.75963856],[37.61728116,55.75963852],[37.61728085,55.75963852],[37.61728054,55.75963855],[37.61728025,55.75963861],[37.61727998,55.75963871],[37.61727976,55.75963883],[37.61727958,55.75963898],[37.61725611,55.75966255],[37.61725599,55.75966271],[37.61725592,55.75966289],[37.61725591,55.75966306],[37.61725597,55.75966324],[37.61725608,55.7596634],[37.61725625,55.75966355],[37.61725646,55.75966368],[37.61725672,55.75966378],[37.61730296,55.75967841]]]},"properties":{"type":"room","subtype":"apartment","roomType":"KITCHEN","area":10.99543479279498},"type":"Feature"},{"geometry":{"type":"Polygon","coordinates":[[[37.61730296,55.75967841],[37.61734919,55.75969304],[37.61734948,55.75969311],[37.61734978,55.75969315],[37.61735009,55.75969315],[37.6173504,55.75969312],[37.61735069,55.75969306],[37.61735096,55.75969296],[37.61735118,55.75969284],[37.61735136,55.7596927],[37.61736309,55.75968091],[37.61731547,55.75966584],[37.61730296,55.75967841]]]},"properties":{"type":"room","subtype":"apartment","roomType":"HALL","area":5.497716939460305},"type":"Feature"},{"geometry":{"type":"Polygon","coordinates":[[[37.61734941,55.75966005],[37.6173369,55.75967262],[37.61736309,55.75968091],[37.61737483,55.75966912],[37.61737495,55.75966896],[37.61737502,55.75966879],[37.61737503,55.75966861],[37.61737497,55.75966844],[37.61737486,55.75966827],[37.61737469,55.75966813],[37.61737447,55.759668],[37.61737422,55.7596679],[37.61734941,55.75966005]]]},"properties":{"type":"room","subtype":"apartment","roomType":"BATHROOM","area":3.0227561954337094},"type":"Feature"},{"geometry":{"type":"Polygon","coordinates":[[[37.61734552,55.75966396],[37.61732408,55.75965718],[37.61731547,55.75966584],[37.6173369,55.75967262],[37.61734552,55.75966396]]]},"properties":{"type":"room","subtype":"apartment","roomType":"TOILET","area":1.703773722957067},"type":"Feature"},{"geometry":{"type":"Polygon","coordinates":[[[37.6172303,55.75968848],[37.61732555,55.75971862],[37.61735058,55.75969348],[37.61725533,55.75966334],[37.6172303,55.75968848]]]},"properties":{"type":"room","subtype":"apartment","roomType":"BEDROOM","area":21.99965229355583},"type":"Feature"},{"geometry":{"type":"Polygon","coordinates":[[[37.61723688,55.75965618],[37.61725633,55.75966234],[37.61727936,55.75963919],[37.61725991,55.75963304],[37.61723688,55.75965618]]]},"properties":{"type":"room","subtype":"apartment","roomType":"BALCONY","area":4.135257013852169},"type":"Feature"},{"geometry":{"type":"Polygon","coordinates":[[[37.61721185,55.75968132],[37.6172313,55.75968748],[37.61725433,55.75966434],[37.61723488,55.75965818],[37.61721185,55.75968132]]]},"properties":{"type":"room","subtype":"apartment","roomType":"BALCONY","area":4.135256154479495},"type":"Feature"},{"geometry":{"type":"Polygon","coordinates":[[[37.61734742,55.75969114],[37.61735159,55.75969246],[37.6173537,55.75969035],[37.61734953,55.75968903],[37.61734742,55.75969114]]]},"properties":{"type":"room_object","subtype":"room","roomObjectType":"ELECTRICAL_BOX"},"type":"Feature"},{"geometry":{"type":"Polygon","coordinates":[[[37.61718025,55.75973877],[37.61727549,55.75976891],[37.61730052,55.75974377],[37.61732555,55.75971862],[37.6172995,55.75971038],[37.6172995,55.75971038],[37.6172956,55.7597143],[37.61729558,55.75971431],[37.61729556,55.75971432],[37.61729553,55.75971433],[37.6172955,55.75971434],[37.61729547,55.75971434],[37.61729544,55.75971434],[37.61729541,55.75971434],[37.61729538,55.75971433],[37.61727395,55.75970755],[37.61727392,55.75970754],[37.6172739,55.75970753],[37.61727389,55.75970751],[37.61727387,55.75970749],[37.61727387,55.75970748],[37.61727387,55.75970746],[37.61727388,55.75970744],[37.61727389,55.75970743],[37.61727779,55.75970351],[37.61727779,55.75970351],[37.6172303,55.75968848],[37.61720527,55.75971362],[37.61718025,55.75973877]]]},"properties":{"type":"apartment","rooms":1,"totalArea":43.99930841743039,"livingArea":21.999653567968007,"apartmentType":999991},"type":"Feature"},{"geometry":{"type":"Polygon","coordinates":[[[37.61727793,55.75970355],[37.61723169,55.75968892],[37.61723141,55.75968885],[37.6172311,55.75968881],[37.61723079,55.75968881],[37.61723048,55.75968884],[37.61723019,55.7596889],[37.61722993,55.759689],[37.6172297,55.75968912],[37.61722952,55.75968926],[37.61720605,55.75971284],[37.61720593,55.759713],[37.61720586,55.75971317],[37.61720586,55.75971335],[37.61720591,55.75971352],[37.61720602,55.75971369],[37.61720619,55.75971384],[37.61720641,55.75971396],[37.61720666,55.75971406],[37.6172529,55.7597287],[37.61727793,55.75970355]]]},"properties":{"type":"room","subtype":"apartment","roomType":"KITCHEN","area":10.995434894717231},"type":"Feature"},{"geometry":{"type":"Polygon","coordinates":[[[37.6172529,55.7597287],[37.61729913,55.75974333],[37.61729942,55.7597434],[37.61729972,55.75974344],[37.61730004,55.75974344],[37.61730034,55.75974341],[37.61730063,55.75974335],[37.6173009,55.75974325],[37.61730112,55.75974313],[37.6173013,55.75974299],[37.61731304,55.7597312],[37.61726541,55.75971612],[37.6172529,55.7597287]]]},"properties":{"type":"room","subtype":"apartment","roomType":"HALL","area":5.4977169319995305},"type":"Feature"},{"geometry":{"type":"Polygon","coordinates":[[[37.61731304,55.7597312],[37.61732477,55.75971941],[37.6173249,55.75971925],[37.61732496,55.75971908],[37.61732497,55.7597189],[37.61732492,55.75971873],[37.6173248,55.75971856],[37.61732463,55.75971841],[37.61732442,55.75971829],[37.61732416,55.75971819],[37.61729936,55.75971034],[37.61728684,55.75972291],[37.61731304,55.7597312]]]},"properties":{"type":"room","subtype":"apartment","roomType":"BATHROOM","area":3.022756223211384},"type":"Feature"},{"geometry":{"type":"Polygon","coordinates":[[[37.61727403,55.75970747],[37.61726541,55.75971612],[37.61728684,55.75972291],[37.61729546,55.75971425],[37.61727403,55.75970747]]]},"properties":{"type":"room","subtype":"apartment","roomType":"TOILET","area":1.7037737493445002},"type":"Feature"},{"geometry":{"type":"Polygon","coordinates":[[[37.61718025,55.75973877],[37.61727549,55.75976891],[37.61730052,55.75974377],[37.61720527,55.75971362],[37.61718025,55.75973877]]]},"properties":{"type":"room","subtype":"apartment","roomType":"BEDROOM","area":21.999653567968007},"type":"Feature"},{"geometry":{"type":"Polygon","coordinates":[[[37.61718682,55.75970647],[37.61720627,55.75971262],[37.61722931,55.75968948],[37.61720985,55.75968332],[37.61718682,55.75970647]]]},"properties":{"type":"room","subtype":"apartment","roomType":"BALCONY","area":4.135257067175038},"type":"Feature"},{"geometry":{"type":"Polygon","coordinates":[[[37.61729737,55.75974143],[37.61730154,55.75974275],[37.61730364,55.75974063],[37.61729947,55.75973932],[37.61729737,55.75974143]]]},"properties":{"type":"room_object","subtype":"room","roomObjectType":"ELECTRICAL_BOX"},"type":"Feature"},{"geometry":{"type":"Polygon","coordinates":[[[37.61715522,55.75976391],[37.61725047,55.75979406],[37.61727152,55.75977291],[37.61727152,55.75977291],[37.6172477,55.75976537],[37.61724768,55.75976536],[37.61724766,55.75976535],[37.61724764,55.75976533],[37.61724763,55.75976532],[37.61724762,55.7597653],[37.61724762,55.75976528],[37.61724763,55.75976527],[37.61724764,55.75976525],[37.61725154,55.75976133],[37.61718025,55.75973877],[37.61715522,55.75976391]]]},"properties":{"type":"apartment","rooms":0,"totalArea":21.999652294049902,"livingArea":16.499739059004565,"apartmentType":999990},"type":"Feature"},{"geometry":{"type":"Polygon","coordinates":[[[37.61715522,55.75976391],[37.61722665,55.75978652],[37.61725168,55.75976138],[37.61718025,55.75973877],[37.61715522,55.75976391]]]},"properties":{"type":"room","subtype":"apartment","roomType":"STUDIO","area":16.499739059004565},"type":"Feature"},{"geometry":{"type":"Polygon","coordinates":[[[37.61727159,55.75977283],[37.61724778,55.75976529],[37.61723917,55.75977395],[37.61726298,55.75978148],[37.61727159,55.75977283]]]},"properties":{"type":"room","subtype":"apartment","roomType":"JOINT_BATHROOM","area":1.8930816379094841},"type":"Feature"},{"geometry":{"type":"Polygon","coordinates":[[[37.61723917,55.75977395],[37.61722665,55.75978652],[37.61725047,55.75979406],[37.61726298,55.75978148],[37.61723917,55.75977395]]]},"properties":{"type":"room","subtype":"apartment","roomType":"HALL","area":2.7499566451773436},"type":"Feature"},{"geometry":{"type":"Polygon","coordinates":[[[37.61713676,55.75975675],[37.61715621,55.75976291],[37.61717925,55.75973977],[37.6171598,55.75973361],[37.61713676,55.75975675]]]},"properties":{"type":"room","subtype":"apartment","roomType":"BALCONY","area":4.135256155708181},"type":"Feature"},{"geometry":{"type":"Polygon","coordinates":[[[37.61724708,55.75979195],[37.61725125,55.75979327],[37.61725358,55.75979092],[37.61724942,55.7597896],[37.61724708,55.75979195]]]},"properties":{"type":"room_object","subtype":"room","roomObjectType":"ELECTRICAL_BOX"},"type":"Feature"},{"geometry":{"type":"Polygon","coordinates":[[[37.61713019,55.75978906],[37.61710516,55.7598142],[37.6172143,55.75984874],[37.61723933,55.7598236],[37.61722544,55.75981919],[37.61725047,55.75979406],[37.61722441,55.75978581],[37.61722051,55.75978973],[37.61722049,55.75978974],[37.61722047,55.75978975],[37.61722044,55.75978976],[37.61722041,55.75978977],[37.61722038,55.75978977],[37.61722035,55.75978977],[37.61722032,55.75978977],[37.61722029,55.75978976],[37.61719886,55.75978298],[37.61719883,55.75978297],[37.61719881,55.75978296],[37.6171988,55.75978294],[37.61719878,55.75978293],[37.61719878,55.75978291],[37.61719878,55.75978289],[37.61719879,55.75978287],[37.6171988,55.75978286],[37.6172027,55.75977894],[37.6172027,55.75977894],[37.61715522,55.75976391],[37.61713019,55.75978906]]]},"properties":{"type":"apartment","rooms":1,"totalArea":47.209093561385814,"livingArea":25.208938548022928,"apartmentType":999991},"type":"Feature"},{"geometry":{"type":"Polygon","coordinates":[[[37.61720284,55.75977898],[37.61715661,55.75976435],[37.61715632,55.75976428],[37.61715602,55.75976424],[37.6171557,55.75976424],[37.6171554,55.75976427],[37.6171551,55.75976433],[37.61715484,55.75976443],[37.61715462,55.75976455],[37.61715444,55.7597647],[37.61713097,55.75978827],[37.61713084,55.75978843],[37.61713078,55.75978861],[37.61713077,55.75978878],[37.61713082,55.75978895],[37.61713094,55.75978912],[37.61713111,55.75978927],[37.61713132,55.75978939],[37.61713158,55.7597895],[37.61717782,55.75980413],[37.61720284,55.75977898]]]},"properties":{"type":"room","subtype":"apartment","roomType":"KITCHEN","area":10.995435035868313},"type":"Feature"},{"geometry":{"type":"Polygon","coordinates":[[[37.61723796,55.75980662],[37.61719033,55.75979155],[37.61717782,55.75980413],[37.61722405,55.75981876],[37.61722433,55.75981883],[37.61722464,55.75981887],[37.61722495,55.75981887],[37.61722526,55.75981884],[37.61722555,55.75981878],[37.61722581,55.75981868],[37.61722604,55.75981856],[37.61722622,55.75981842],[37.61723796,55.75980662]]]},"properties":{"type":"room","subtype":"apartment","roomType":"HALL","area":5.499850378796716},"type":"Feature"},{"geometry":{"type":"Polygon","coordinates":[[[37.61723796,55.75980662],[37.61724969,55.75979484],[37.61724981,55.75979468],[37.61724988,55.75979451],[37.61724988,55.75979433],[37.61724983,55.75979416],[37.61724972,55.75979399],[37.61724955,55.75979384],[37.61724933,55.75979372],[37.61724908,55.75979362],[37.61722427,55.75978577],[37.61721176,55.75979833],[37.61723796,55.75980662]]]},"properties":{"type":"room","subtype":"apartment","roomType":"BATHROOM","area":3.0214551308808413},"type":"Feature"},{"geometry":{"type":"Polygon","coordinates":[[[37.61719894,55.7597829],[37.61719033,55.75979155],[37.61721176,55.75979833],[37.61722037,55.75978968],[37.61719894,55.7597829]]]},"properties":{"type":"room","subtype":"apartment","roomType":"TOILET","area":1.7027678133122222},"type":"Feature"},{"geometry":{"type":"Polygon","coordinates":[[[37.61723933,55.7598236],[37.61723933,55.7598236],[37.61713019,55.75978906],[37.61713019,55.75978906],[37.61710516,55.7598142],[37.61710516,55.7598142],[37.6172143,55.75984874],[37.61723933,55.7598236]]]},"properties":{"type":"room","subtype":"apartment","roomType":"BEDROOM","area":25.208938548022928},"type":"Feature"},{"geometry":{"type":"Polygon","coordinates":[[[37.61708727,55.75980648],[37.61710672,55.75981263],[37.61712919,55.75979006],[37.61710974,55.7597839],[37.61708727,55.75980648]]]},"properties":{"type":"room","subtype":"apartment","roomType":"BALCONY","area":4.034128047433626},"type":"Feature"},{"geometry":{"type":"Polygon","coordinates":[[[37.61722228,55.75981686],[37.61722645,55.75981818],[37.61722856,55.75981606],[37.6172244,55.75981474],[37.61722228,55.75981686]]]},"properties":{"type":"room_object","subtype":"room","roomObjectType":"ELECTRICAL_BOX"},"type":"Feature"},{"geometry":{"type":"Polygon","coordinates":[[[37.61724173,55.75985742],[37.61732345,55.75988328],[37.61734847,55.75985814],[37.61734847,55.75985814],[37.61723933,55.7598236],[37.61723933,55.7598236],[37.61721828,55.75984475],[37.61724557,55.75985338],[37.61724559,55.75985339],[37.61724561,55.7598534],[37.61724563,55.75985342],[37.61724564,55.75985344],[37.61724565,55.75985345],[37.61724565,55.75985347],[37.61724564,55.75985349],[37.61724563,55.7598535],[37.61724173,55.75985742],[37.61724173,55.75985742]]]},"properties":{"type":"apartment","rooms":0,"totalArea":25.208940016922604,"livingArea":18.906705174073174,"apartmentType":999990},"type":"Feature"},{"geometry":{"type":"Polygon","coordinates":[[[37.61726662,55.75983223],[37.61724159,55.75985738],[37.61732345,55.75988328],[37.61734847,55.75985814],[37.61734847,55.75985814],[37.61726662,55.75983223]]]},"properties":{"type":"room","subtype":"apartment","roomType":"STUDIO","area":18.906705174073174},"type":"Feature"},{"geometry":{"type":"Polygon","coordinates":[[[37.61722682,55.75983617],[37.6172182,55.75984482],[37.61724549,55.75985346],[37.6172541,55.75984481],[37.61722682,55.75983617]]]},"properties":{"type":"room","subtype":"apartment","roomType":"JOINT_BATHROOM","area":2.1692423488840995},"type":"Feature"},{"geometry":{"type":"Polygon","coordinates":[[[37.6172541,55.75984481],[37.61726662,55.75983223],[37.61723933,55.7598236],[37.61723933,55.7598236],[37.61722682,55.75983617],[37.6172541,55.75984481]]]},"properties":{"type":"room","subtype":"apartment","roomType":"HALL","area":3.1511175273407916},"type":"Feature"},{"geometry":{"type":"Polygon","coordinates":[[[37.61736693,55.7598653],[37.61734748,55.75985914],[37.61732501,55.75988172],[37.61734446,55.75988787],[37.61736693,55.7598653]]]},"properties":{"type":"room","subtype":"apartment","roomType":"BALCONY","area":4.0341285637925},"type":"Feature"},{"geometry":{"type":"Polygon","coordinates":[[[37.61724072,55.75982404],[37.61723838,55.75982639],[37.61724255,55.75982771],[37.61724489,55.75982536],[37.61724072,55.75982404]]]},"properties":{"type":"room_object","subtype":"room","roomObjectType":"ELECTRICAL_BOX"},"type":"Feature"},{"geometry":{"type":"Polygon","coordinates":[[[37.61725323,55.759828],[37.61734847,55.75985814],[37.61734847,55.75985814],[37.6173735,55.759833],[37.61730221,55.75981043],[37.61730221,55.75981043],[37.61729831,55.75981435],[37.61729829,55.75981436],[37.61729827,55.75981438],[37.61729824,55.75981439],[37.61729821,55.75981439],[37.61729818,55.75981439],[37.61729815,55.75981439],[37.61729812,55.75981439],[37.61729809,55.75981438],[37.61727428,55.75980685],[37.61725323,55.75982799],[37.61725323,55.759828]]]},"properties":{"type":"apartment","rooms":0,"totalArea":21.999652149752176,"livingArea":16.499738930279594,"apartmentType":999990},"type":"Feature"},{"geometry":{"type":"Polygon","coordinates":[[[37.61727704,55.75983553],[37.61734847,55.75985814],[37.61734847,55.75985814],[37.6173735,55.759833],[37.61730207,55.75981039],[37.61727704,55.75983553]]]},"properties":{"type":"room","subtype":"apartment","roomType":"STUDIO","area":16.499738930279594},"type":"Feature"},{"geometry":{"type":"Polygon","coordinates":[[[37.61727436,55.75980677],[37.61726574,55.75981542],[37.61728955,55.75982296],[37.61729817,55.7598143],[37.61727436,55.75980677]]]},"properties":{"type":"room","subtype":"apartment","roomType":"JOINT_BATHROOM","area":1.8930816179336163},"type":"Feature"},{"geometry":{"type":"Polygon","coordinates":[[[37.61728955,55.75982296],[37.61726574,55.75981542],[37.61725323,55.75982799],[37.61725323,55.759828],[37.61727704,55.75983553],[37.61728955,55.75982296]]]},"properties":{"type":"room","subtype":"apartment","roomType":"HALL","area":2.749956590168355},"type":"Feature"},{"geometry":{"type":"Polygon","coordinates":[[[37.61739196,55.75984015],[37.61737251,55.759834],[37.61734947,55.75985714],[37.61736892,55.7598633],[37.61739196,55.75984015]]]},"properties":{"type":"room","subtype":"apartment","roomType":"BALCONY","area":4.135256103937516},"type":"Feature"},{"geometry":{"type":"Polygon","coordinates":[[[37.61725401,55.7598272],[37.61725818,55.75982852],[37.61726052,55.75982617],[37.61725635,55.75982485],[37.61725401,55.7598272]]]},"properties":{"type":"room_object","subtype":"room","roomObjectType":"ELECTRICAL_BOX"},"type":"Feature"},{"geometry":{"type":"Polygon","coordinates":[[[37.61729931,55.7597817],[37.61727825,55.75980285],[37.61727825,55.75980285],[37.6173735,55.759833],[37.61739853,55.75980785],[37.61739853,55.75980785],[37.61732723,55.75978529],[37.61732723,55.75978529],[37.61732333,55.75978921],[37.61732332,55.75978922],[37.61732329,55.75978923],[37.61732327,55.75978924],[37.61732324,55.75978925],[37.61732321,55.75978925],[37.61732318,55.75978925],[37.61732315,55.75978925],[37.61732312,55.75978924],[37.61729931,55.7597817]]]},"properties":{"type":"apartment","rooms":0,"totalArea":21.999654842291942,"livingArea":16.499741339597374,"apartmentType":999990},"type":"Feature"},{"geometry":{"type":"Polygon","coordinates":[[[37.61730207,55.75981039],[37.6173735,55.759833],[37.61739853,55.75980785],[37.61739853,55.75980785],[37.6173271,55.75978524],[37.61730207,55.75981039]]]},"properties":{"type":"room","subtype":"apartment","roomType":"STUDIO","area":16.499741339597374},"type":"Feature"},{"geometry":{"type":"Polygon","coordinates":[[[37.61729938,55.75978162],[37.61729077,55.75979028],[37.61731458,55.75979782],[37.6173232,55.75978916],[37.61729938,55.75978162]]]},"properties":{"type":"room","subtype":"apartment","roomType":"JOINT_BATHROOM","area":1.8930816496504699},"type":"Feature"},{"geometry":{"type":"Polygon","coordinates":[[[37.61730207,55.75981039],[37.61731458,55.75979782],[37.61729077,55.75979028],[37.61727825,55.75980285],[37.61727825,55.75980285],[37.61730207,55.75981039]]]},"properties":{"type":"room","subtype":"apartment","roomType":"HALL","area":2.7499569019135195},"type":"Feature"},{"geometry":{"type":"Polygon","coordinates":[[[37.61741699,55.75981501],[37.61739754,55.75980885],[37.6173745,55.759832],[37.61739395,55.75983815],[37.61741699,55.75981501]]]},"properties":{"type":"room","subtype":"apartment","roomType":"BALCONY","area":4.1352570666049235},"type":"Feature"},{"geometry":{"type":"Polygon","coordinates":[[[37.61727903,55.75980207],[37.6172832,55.75980339],[37.61728554,55.75980104],[37.61728137,55.75979972],[37.61727903,55.75980207]]]},"properties":{"type":"room_object","subtype":"room","roomObjectType":"ELECTRICAL_BOX"},"type":"Feature"},{"geometry":{"type":"Polygon","coordinates":[[[37.61730328,55.75977771],[37.61739853,55.75980785],[37.61742356,55.75978271],[37.61742356,55.75978271],[37.61735226,55.75976014],[37.61734836,55.75976406],[37.61734835,55.75976408],[37.61734832,55.75976409],[37.6173483,55.7597641],[37.61734827,55.7597641],[37.61734824,55.75976411],[37.61734821,55.75976411],[37.61734817,55.7597641],[37.61734815,55.7597641],[37.61732433,55.75975656],[37.61732433,55.75975656],[37.61730328,55.75977771]]]},"properties":{"type":"apartment","rooms":0,"totalArea":21.99965356768553,"livingArea":16.499740193483223,"apartmentType":999990},"type":"Feature"},{"geometry":{"type":"Polygon","coordinates":[[[37.61735212,55.7597601],[37.6173271,55.75978524],[37.61739853,55.75980785],[37.61742356,55.75978271],[37.61742356,55.75978271],[37.61735212,55.7597601]]]},"properties":{"type":"room","subtype":"apartment","roomType":"STUDIO","area":16.499740193483223},"type":"Feature"},{"geometry":{"type":"Polygon","coordinates":[[[37.6173158,55.75976514],[37.61733961,55.75977267],[37.61734822,55.75976402],[37.61732441,55.75975648],[37.6173158,55.75976514]]]},"properties":{"type":"room","subtype":"apartment","roomType":"JOINT_BATHROOM","area":1.893081678798755},"type":"Feature"},{"geometry":{"type":"Polygon","coordinates":[[[37.61733961,55.75977267],[37.6173158,55.75976514],[37.61730328,55.75977771],[37.6173271,55.75978524],[37.61733961,55.75977267]]]},"properties":{"type":"room","subtype":"apartment","roomType":"HALL","area":2.7499567110688887},"type":"Feature"},{"geometry":{"type":"Polygon","coordinates":[[[37.61744202,55.75978987],[37.61742256,55.75978371],[37.61739953,55.75980685],[37.61741898,55.75981301],[37.61744202,55.75978987]]]},"properties":{"type":"room","subtype":"apartment","roomType":"BALCONY","area":4.13525661126967},"type":"Feature"},{"geometry":{"type":"Polygon","coordinates":[[[37.61730406,55.75977692],[37.61730823,55.75977824],[37.61731057,55.75977589],[37.6173064,55.75977457],[37.61730406,55.75977692]]]},"properties":{"type":"room_object","subtype":"room","roomObjectType":"ELECTRICAL_BOX"},"type":"Feature"},{"geometry":{"type":"Polygon","coordinates":[[[37.61732831,55.75975256],[37.61742356,55.75978271],[37.61744859,55.75975756],[37.61737729,55.759735],[37.61737729,55.759735],[37.61737339,55.75973892],[37.61737337,55.75973893],[37.61737335,55.75973894],[37.61737333,55.75973895],[37.6173733,55.75973896],[37.61737327,55.75973896],[37.61737323,55.75973896],[37.6173732,55.75973896],[37.61737317,55.75973895],[37.61734936,55.75973142],[37.61732831,55.75975256]]]},"properties":{"type":"apartment","rooms":0,"totalArea":21.999652300879145,"livingArea":16.499739066091315,"apartmentType":999990},"type":"Feature"},{"geometry":{"type":"Polygon","coordinates":[[[37.61737715,55.75973496],[37.61735212,55.7597601],[37.61742356,55.75978271],[37.61744859,55.75975756],[37.61737715,55.75973496]]]},"properties":{"type":"room","subtype":"apartment","roomType":"STUDIO","area":16.499739066091315},"type":"Feature"},{"geometry":{"type":"Polygon","coordinates":[[[37.61734083,55.75973999],[37.61736464,55.75974753],[37.61737325,55.75973887],[37.61734944,55.75973134],[37.61734083,55.75973999]]]},"properties":{"type":"room","subtype":"apartment","roomType":"JOINT_BATHROOM","area":1.8930816275469675},"type":"Feature"},{"geometry":{"type":"Polygon","coordinates":[[[37.61732831,55.75975256],[37.61735212,55.7597601],[37.61736464,55.75974753],[37.61734083,55.75973999],[37.61732831,55.75975256]]]},"properties":{"type":"room","subtype":"apartment","roomType":"HALL","area":2.749956594500632},"type":"Feature"},{"geometry":{"type":"Polygon","coordinates":[[[37.61746704,55.75976472],[37.61744759,55.75975857],[37.61742456,55.75978171],[37.61744401,55.75978786],[37.61746704,55.75976472]]]},"properties":{"type":"room","subtype":"apartment","roomType":"BALCONY","area":4.1352561559751395},"type":"Feature"},{"geometry":{"type":"Polygon","coordinates":[[[37.61732909,55.75975178],[37.61733326,55.7597531],[37.6173356,55.75975075],[37.61733143,55.75974943],[37.61732909,55.75975178]]]},"properties":{"type":"room_object","subtype":"room","roomObjectType":"ELECTRICAL_BOX"},"type":"Feature"},{"geometry":{"type":"Polygon","coordinates":[[[37.61752831,55.75970317],[37.61750886,55.75969702],[37.61745171,55.75975443],[37.61747116,55.75976059],[37.61752831,55.75970317]]]},"properties":{"type":"balcony","area":10.259000059136627,"subtype":"service"},"type":"Feature"},{"geometry":{"type":"Polygon","coordinates":[[[37.61747362,55.75973242],[37.61737837,55.75970228],[37.61735334,55.75972742],[37.61735334,55.75972742],[37.61744859,55.75975756],[37.61747362,55.75973242],[37.61747362,55.75973242]]]},"properties":{"type":"ladder","area":21.999654841974372,"subtype":"service"},"type":"Feature"},{"geometry":{"type":"Polygon","coordinates":[[[37.6174034,55.75967713],[37.61739475,55.75968582],[37.61740169,55.75968802],[37.61741698,55.75969286],[37.61743921,55.75969989],[37.61746144,55.75970693],[37.61744506,55.75972338],[37.61747362,55.75973242],[37.61749865,55.75970728],[37.61751198,55.75969388],[37.61741673,55.75966374],[37.6174034,55.75967713]]]},"properties":{"type":"corridor","area":23.63680607350929,"subtype":"service"},"type":"Feature"},{"geometry":{"type":"Polygon","coordinates":[[[37.61738532,55.75970447],[37.61740169,55.75968802],[37.61739475,55.75968582],[37.61737837,55.75970228],[37.61738532,55.75970447]]]},"properties":{"type":"heating_meter","area":1.0499999608971131,"subtype":"service"},"type":"Feature"},{"geometry":{"type":"Polygon","coordinates":[[[37.6174006,55.75970931],[37.61741698,55.75969286],[37.61740169,55.75968802],[37.61738532,55.75970447],[37.6174006,55.75970931]]]},"properties":{"type":"elevator","area":2.3100000001821703,"subtype":"service"},"type":"Feature"},{"geometry":{"type":"Polygon","coordinates":[[[37.61742283,55.75971635],[37.61743921,55.75969989],[37.61741698,55.75969286],[37.6174006,55.75970931],[37.61742283,55.75971635]]]},"properties":{"type":"elevator","area":3.35999999924808,"subtype":"service"},"type":"Feature"},{"geometry":{"type":"Polygon","coordinates":[[[37.61744506,55.75972338],[37.61746144,55.75970693],[37.61743921,55.75969989],[37.61742283,55.75971635],[37.61744506,55.75972338]]]},"properties":{"type":"elevator","area":3.359999999959835,"subtype":"service"},"type":"Feature"},{"geometry":{"type":"Polygon","coordinates":[[[37.61722544,55.75981919],[37.61725323,55.75982799],[37.61755356,55.75952628],[37.61752577,55.75951748],[37.61722544,55.75981919]]]},"properties":{"type":"corridor","area":77.01885714336339,"subtype":"service"},"type":"Feature"},{"geometry":{"type":"Polygon","coordinates":[[[37.61744444,55.75966736],[37.61742063,55.75965982],[37.61741673,55.75966374],[37.61744054,55.75967128],[37.61744444,55.75966736]]]},"properties":{"type":"ventilation","area":0.8568749559099764,"subtype":"service"},"type":"Feature"},{"geometry":{"type":"Polygon","coordinates":[[[37.61747458,55.75960562],[37.61749839,55.75961315],[37.61750229,55.75960924],[37.61747848,55.7596017],[37.61747848,55.7596017],[37.61747458,55.75960562]]]},"properties":{"type":"ventilation","area":0.8568750419395851,"subtype":"service"},"type":"Feature"},{"geometry":{"type":"Polygon","coordinates":[[[37.61752342,55.75958801],[37.61752732,55.75958409],[37.61750351,55.75957656],[37.61750351,55.75957656],[37.61749961,55.75958047],[37.61752342,55.75958801]]]},"properties":{"type":"ventilation","area":0.8568750097483679,"subtype":"service"},"type":"Feature"},{"geometry":{"type":"Polygon","coordinates":[[[37.61754845,55.75956287],[37.61755235,55.75955895],[37.61752854,55.75955141],[37.61752854,55.75955141],[37.61752464,55.75955533],[37.61754845,55.75956287]]]},"properties":{"type":"ventilation","area":0.856874948281953,"subtype":"service"},"type":"Feature"},{"geometry":{"type":"Polygon","coordinates":[[[37.61758006,55.75956257],[37.61755863,55.75955579],[37.61755474,55.7595597],[37.61757617,55.75956649],[37.61758006,55.75956257]]]},"properties":{"type":"ventilation","area":0.7710140626668573,"subtype":"service"},"type":"Feature"},{"geometry":{"type":"Polygon","coordinates":[[[37.61753742,55.75948809],[37.61753352,55.75949201],[37.6175608,55.75950064],[37.6175647,55.75949673],[37.6175647,55.75949673],[37.61753742,55.75948809]]]},"properties":{"type":"ventilation","area":0.9818749814616942,"subtype":"service"},"type":"Feature"},{"geometry":{"type":"Polygon","coordinates":[[[37.61749569,55.7595131],[37.61749959,55.75950918],[37.61747816,55.7595024],[37.61747426,55.75950632],[37.61749569,55.7595131]]]},"properties":{"type":"ventilation","area":0.7710139983001332,"subtype":"service"},"type":"Feature"},{"geometry":{"type":"Polygon","coordinates":[[[37.61739917,55.75958175],[37.6174206,55.75958853],[37.6174245,55.75958462],[37.61740307,55.75957783],[37.61739917,55.75958175]]]},"properties":{"type":"ventilation","area":0.7711875001188137,"subtype":"service"},"type":"Feature"},{"geometry":{"type":"Polygon","coordinates":[[[37.61739674,55.75964711],[37.61740064,55.75964319],[37.61740064,55.75964319],[37.61737682,55.75963566],[37.61737292,55.75963957],[37.61739674,55.75964711]]]},"properties":{"type":"ventilation","area":0.8568750119810258,"subtype":"service"},"type":"Feature"},{"geometry":{"type":"Polygon","coordinates":[[[37.61734552,55.75966396],[37.61734941,55.75966005],[37.61732798,55.75965326],[37.61732408,55.75965718],[37.61734552,55.75966396]]]},"properties":{"type":"ventilation","area":0.7711875004195587,"subtype":"service"},"type":"Feature"},{"geometry":{"type":"Polygon","coordinates":[[[37.61727403,55.75970747],[37.61729546,55.75971425],[37.61729936,55.75971034],[37.61727793,55.75970355],[37.61727403,55.75970747]]]},"properties":{"type":"ventilation","area":0.7711875003498357,"subtype":"service"},"type":"Feature"},{"geometry":{"type":"Polygon","coordinates":[[[37.61727159,55.75977283],[37.61727549,55.75976891],[37.61725168,55.75976138],[37.61724778,55.75976529],[37.61727159,55.75977283]]]},"properties":{"type":"ventilation","area":0.8568749542108879,"subtype":"service"},"type":"Feature"},{"geometry":{"type":"Polygon","coordinates":[[[37.61722037,55.75978968],[37.61722427,55.75978577],[37.61720284,55.75977898],[37.61719894,55.7597829],[37.61722037,55.75978968]]]},"properties":{"type":"ventilation","area":0.7713610965559683,"subtype":"service"},"type":"Feature"},{"geometry":{"type":"Polygon","coordinates":[[[37.61724549,55.75985346],[37.6172182,55.75984482],[37.6172143,55.75984874],[37.6172143,55.75984874],[37.61724159,55.75985738],[37.61724549,55.75985346]]]},"properties":{"type":"ventilation","area":0.9818749664394346,"subtype":"service"},"type":"Feature"},{"geometry":{"type":"Polygon","coordinates":[[[37.61729817,55.7598143],[37.61730207,55.75981039],[37.61727825,55.75980285],[37.61727436,55.75980677],[37.61729817,55.7598143]]]},"properties":{"type":"ventilation","area":0.8568750123003627,"subtype":"service"},"type":"Feature"},{"geometry":{"type":"Polygon","coordinates":[[[37.6173232,55.75978916],[37.6173271,55.75978524],[37.61730328,55.75977771],[37.61729938,55.75978162],[37.6173232,55.75978916]]]},"properties":{"type":"ventilation","area":0.8568749501633003,"subtype":"service"},"type":"Feature"},{"geometry":{"type":"Polygon","coordinates":[[[37.61734822,55.75976402],[37.61735212,55.7597601],[37.61732831,55.75975256],[37.61732441,55.75975648],[37.61734822,55.75976402]]]},"properties":{"type":"ventilation","area":0.8568749841449917,"subtype":"service"},"type":"Feature"},{"geometry":{"type":"Polygon","coordinates":[[[37.61737325,55.75973887],[37.61737715,55.75973496],[37.61735334,55.75972742],[37.61734944,55.75973134],[37.61737325,55.75973887]]]},"properties":{"type":"ventilation","area":0.8568750121635944,"subtype":"service"},"type":"Feature"},{"geometry":{"type":"Polygon","coordinates":[[[37.61714923,55.75993247],[37.61724997,55.75996435],[37.61727629,55.75993791],[37.61720088,55.75991404],[37.61719698,55.75991796],[37.61719696,55.75991797],[37.61719694,55.75991798],[37.61719691,55.75991799],[37.61719688,55.759918],[37.61719685,55.759918],[37.61719682,55.759918],[37.61719679,55.759918],[37.61719676,55.75991799],[37.61717158,55.75991002],[37.61717158,55.75991002],[37.61714923,55.75993247],[37.61714923,55.75993247]]]},"properties":{"type":"apartment","rooms":0,"totalArea":24.46874865916022,"livingArea":18.35156132594133,"apartmentType":999990},"type":"Feature"},{"geometry":{"type":"Polygon","coordinates":[[[37.61720074,55.75991399],[37.61717442,55.75994044],[37.61724997,55.75996435],[37.61727629,55.75993791],[37.61720074,55.75991399]]]},"properties":{"type":"room","subtype":"apartment","roomType":"STUDIO","area":18.35156132594133},"type":"Feature"},{"geometry":{"type":"Polygon","coordinates":[[[37.61718758,55.75992722],[37.61719684,55.75991791],[37.61717166,55.75990994],[37.61716239,55.75991924],[37.61718758,55.75992722]]]},"properties":{"type":"room","subtype":"apartment","roomType":"JOINT_BATHROOM","area":2.152343594173484},"type":"Feature"},{"geometry":{"type":"Polygon","coordinates":[[[37.61716239,55.75991924],[37.61714923,55.75993247],[37.61714923,55.75993247],[37.61717442,55.75994044],[37.61718758,55.75992722],[37.61716239,55.75991924]]]},"properties":{"type":"room","subtype":"apartment","roomType":"HALL","area":3.058593693442182},"type":"Feature"},{"geometry":{"type":"Polygon","coordinates":[[[37.61729475,55.75994506],[37.6172753,55.75993891],[37.61725097,55.75996335],[37.61727042,55.7599695],[37.61729475,55.75994506]]]},"properties":{"type":"room","subtype":"apartment","roomType":"BALCONY","area":4.367256156718956},"type":"Feature"},{"geometry":{"type":"Polygon","coordinates":[[[37.61715001,55.75993168],[37.61715418,55.759933],[37.61715652,55.75993065],[37.61715235,55.75992933],[37.61715001,55.75993168]]]},"properties":{"type":"room_object","subtype":"room","roomObjectType":"ELECTRICAL_BOX"},"type":"Feature"},{"geometry":{"type":"Polygon","coordinates":[[[37.6171979,55.75988358],[37.61717556,55.75990602],[37.61717556,55.75990602],[37.61727629,55.75993791],[37.61727629,55.75993791],[37.61730261,55.75991146],[37.61730261,55.75991146],[37.6172272,55.75988759],[37.6172233,55.75989151],[37.61722328,55.75989153],[37.61722326,55.75989154],[37.61722323,55.75989155],[37.6172232,55.75989155],[37.61722317,55.75989156],[37.61722314,55.75989156],[37.61722311,55.75989155],[37.61722308,55.75989155],[37.6171979,55.75988358],[37.6171979,55.75988358]]]},"properties":{"type":"apartment","rooms":0,"totalArea":24.468749999325045,"livingArea":18.35172159079574,"apartmentType":999990},"type":"Feature"},{"geometry":{"type":"Polygon","coordinates":[[[37.61722706,55.75988755],[37.61720074,55.75991399],[37.61727629,55.75993791],[37.61727629,55.75993791],[37.61730261,55.75991146],[37.61730261,55.75991146],[37.61722706,55.75988755]]]},"properties":{"type":"room","subtype":"apartment","roomType":"STUDIO","area":18.35172159079574},"type":"Feature"},{"geometry":{"type":"Polygon","coordinates":[[[37.61718871,55.75989281],[37.61721389,55.75990078],[37.61722316,55.75989147],[37.61719797,55.7598835],[37.61718871,55.75989281]]]},"properties":{"type":"room","subtype":"apartment","roomType":"JOINT_BATHROOM","area":2.1534183588302103},"type":"Feature"},{"geometry":{"type":"Polygon","coordinates":[[[37.61718871,55.75989281],[37.61717556,55.75990602],[37.61717556,55.75990602],[37.61720074,55.75991399],[37.61721389,55.75990078],[37.61718871,55.75989281]]]},"properties":{"type":"room","subtype":"apartment","roomType":"HALL","area":3.0572569805930376},"type":"Feature"},{"geometry":{"type":"Polygon","coordinates":[[[37.61732107,55.75991862],[37.61730162,55.75991246],[37.61727729,55.7599369],[37.61729674,55.75994306],[37.61732107,55.75991862]]]},"properties":{"type":"room","subtype":"apartment","roomType":"BALCONY","area":4.367238193626302},"type":"Feature"},{"geometry":{"type":"Polygon","coordinates":[[[37.61717634,55.75990524],[37.6171805,55.75990656],[37.61718284,55.75990421],[37.61717867,55.75990289],[37.61717634,55.75990524]]]},"properties":{"type":"room_object","subtype":"room","roomObjectType":"ELECTRICAL_BOX"},"type":"Feature"},{"geometry":{"type":"Polygon","coordinates":[[[37.61718798,55.75987518],[37.61730261,55.75991146],[37.61730261,55.75991146],[37.61732893,55.75988502],[37.61732893,55.75988502],[37.6172431,55.75985786],[37.6172392,55.75986177],[37.61723918,55.75986179],[37.61723916,55.7598618],[37.61723913,55.75986181],[37.6172391,55.75986182],[37.61723907,55.75986182],[37.61723904,55.75986182],[37.61723901,55.75986181],[37.61723898,55.75986181],[37.61721033,55.75985274],[37.61718798,55.75987518]]]},"properties":{"type":"apartment","rooms":0,"totalArea":27.84375058722957,"livingArea":20.882813052358735,"apartmentType":999990},"type":"Feature"},{"geometry":{"type":"Polygon","coordinates":[[[37.61724296,55.75985781],[37.61721664,55.75988425],[37.61730261,55.75991146],[37.61730261,55.75991146],[37.61732893,55.75988502],[37.61732893,55.75988502],[37.61724296,55.75985781]]]},"properties":{"type":"room","subtype":"apartment","roomType":"STUDIO","area":20.882813052358735},"type":"Feature"},{"geometry":{"type":"Polygon","coordinates":[[[37.61720114,55.75986196],[37.6172298,55.75987103],[37.61723906,55.75986173],[37.6172104,55.75985266],[37.61720114,55.75986196]]]},"properties":{"type":"room","subtype":"apartment","roomType":"JOINT_BATHROOM","area":2.449218878475207},"type":"Feature"},{"geometry":{"type":"Polygon","coordinates":[[[37.6172298,55.75987103],[37.61720114,55.75986196],[37.61718798,55.75987518],[37.61721664,55.75988425],[37.6172298,55.75987103]]]},"properties":{"type":"room","subtype":"apartment","roomType":"HALL","area":3.4804686575759582},"type":"Feature"},{"geometry":{"type":"Polygon","coordinates":[[[37.61734683,55.75989274],[37.61732737,55.75988659],[37.61730361,55.75991046],[37.61732306,55.75991662],[37.61734683,55.75989274]]]},"properties":{"type":"room","subtype":"apartment","roomType":"BALCONY","area":4.266128503556498},"type":"Feature"},{"geometry":{"type":"Polygon","coordinates":[[[37.61721525,55.75988381],[37.61721759,55.75988146],[37.61721255,55.75987987],[37.61721021,55.75988222],[37.61721525,55.75988381]]]},"properties":{"type":"room_object","subtype":"room","roomObjectType":"ELECTRICAL_BOX"},"type":"Feature"},{"geometry":{"type":"Polygon","coordinates":[[[37.61718798,55.75987518],[37.61718798,55.75987518],[37.61721033,55.75985274],[37.61721033,55.75985274],[37.61718167,55.75984367],[37.61718164,55.75984366],[37.61718162,55.75984364],[37.6171816,55.75984363],[37.61718159,55.75984361],[37.61718159,55.7598436],[37.61718159,55.75984358],[37.61718159,55.75984356],[37.61718161,55.75984355],[37.61718551,55.75983963],[37.61709967,55.75981246],[37.61707335,55.7598389],[37.61718798,55.75987518]]]},"properties":{"type":"apartment","rooms":0,"totalArea":27.84374941102873,"livingArea":20.882811949359123,"apartmentType":999990},"type":"Feature"},{"geometry":{"type":"Polygon","coordinates":[[[37.61715932,55.75986611],[37.61718564,55.75983967],[37.61709967,55.75981246],[37.61707335,55.7598389],[37.61715932,55.75986611]]]},"properties":{"type":"room","subtype":"apartment","roomType":"STUDIO","area":20.882811949359123},"type":"Feature"},{"geometry":{"type":"Polygon","coordinates":[[[37.61717248,55.75985289],[37.61720114,55.75986196],[37.6172104,55.75985266],[37.61718175,55.75984359],[37.61717248,55.75985289]]]},"properties":{"type":"room","subtype":"apartment","roomType":"JOINT_BATHROOM","area":2.449218734085421},"type":"Feature"},{"geometry":{"type":"Polygon","coordinates":[[[37.61720114,55.75986196],[37.61717248,55.75985289],[37.61715932,55.75986611],[37.61718798,55.75987518],[37.61718798,55.75987518],[37.61720114,55.75986196]]]},"properties":{"type":"room","subtype":"apartment","roomType":"HALL","area":3.480468729279017},"type":"Feature"},{"geometry":{"type":"Polygon","coordinates":[[[37.61705489,55.75983175],[37.61707435,55.7598379],[37.61709811,55.75981403],[37.61707866,55.75980787],[37.61705489,55.75983175]]]},"properties":{"type":"room","subtype":"apartment","roomType":"BALCONY","area":4.2661281088165985},"type":"Feature"},{"geometry":{"type":"Polygon","coordinates":[[[37.61714877,55.75986277],[37.61707335,55.7598389],[37.61707335,55.7598389],[37.61704703,55.75986535],[37.61704703,55.75986535],[37.61714777,55.75989723],[37.61714777,55.75989723],[37.6171701,55.75987479],[37.6171701,55.75987479],[37.61714492,55.75986682],[37.61714489,55.75986681],[37.61714487,55.7598668],[37.61714486,55.75986678],[37.61714484,55.75986677],[37.61714484,55.75986675],[37.61714484,55.75986673],[37.61714485,55.75986671],[37.61714486,55.7598667],[37.61714877,55.75986277]]]},"properties":{"type":"apartment","rooms":0,"totalArea":24.468749999067068,"livingArea":18.351721638471723,"apartmentType":999990},"type":"Feature"},{"geometry":{"type":"Polygon","coordinates":[[[37.61712258,55.75988926],[37.61714891,55.75986282],[37.61707335,55.7598389],[37.61707335,55.7598389],[37.61704703,55.75986535],[37.61704703,55.75986535],[37.61712258,55.75988926]]]},"properties":{"type":"room","subtype":"apartment","roomType":"STUDIO","area":18.351721638471723},"type":"Feature"},{"geometry":{"type":"Polygon","coordinates":[[[37.61717018,55.75987471],[37.617145,55.75986674],[37.61713574,55.75987604],[37.61716092,55.75988401],[37.61717018,55.75987471]]]},"properties":{"type":"room","subtype":"apartment","roomType":"JOINT_BATHROOM","area":2.151841660773977},"type":"Feature"},{"geometry":{"type":"Polygon","coordinates":[[[37.61713574,55.75987604],[37.61712258,55.75988926],[37.61714777,55.75989723],[37.61714777,55.75989723],[37.61716092,55.75988401],[37.61713574,55.75987604]]]},"properties":{"type":"room","subtype":"apartment","roomType":"HALL","area":3.0572569581725997},"type":"Feature"},{"geometry":{"type":"Polygon","coordinates":[[[37.61702857,55.75985819],[37.61704803,55.75986435],[37.61707235,55.75983991],[37.6170529,55.75983375],[37.61702857,55.75985819]]]},"properties":{"type":"room","subtype":"apartment","roomType":"BALCONY","area":4.367238191887415},"type":"Feature"},{"geometry":{"type":"Polygon","coordinates":[[[37.61714438,55.75989513],[37.61714855,55.75989645],[37.61715089,55.75989409],[37.61714672,55.75989278],[37.61714438,55.75989513]]]},"properties":{"type":"room_object","subtype":"room","roomObjectType":"ELECTRICAL_BOX"},"type":"Feature"},{"geometry":{"type":"Polygon","coordinates":[[[37.61699439,55.75991823],[37.61709512,55.75995011],[37.61712144,55.75992367],[37.61714777,55.75989723],[37.6171202,55.75988851],[37.6171163,55.75989242],[37.61711628,55.75989244],[37.61711626,55.75989245],[37.61711624,55.75989246],[37.61711621,55.75989246],[37.61711618,55.75989247],[37.61711614,55.75989247],[37.61711611,55.75989246],[37.61711609,55.75989246],[37.61709342,55.75988528],[37.61709339,55.75988527],[37.61709337,55.75988526],[37.61709336,55.75988525],[37.61709334,55.75988523],[37.61709334,55.75988521],[37.61709334,55.75988519],[37.61709335,55.75988518],[37.61709336,55.75988516],[37.61709726,55.75988124],[37.61709726,55.75988124],[37.61704703,55.75986535],[37.61704703,55.75986535],[37.61702071,55.75989179],[37.61699439,55.75991823]]]},"properties":{"type":"apartment","rooms":1,"totalArea":48.93750133927807,"livingArea":24.468749999015753,"apartmentType":999991},"type":"Feature"},{"geometry":{"type":"Polygon","coordinates":[[[37.61707108,55.75990773],[37.6170974,55.75988129],[37.61704842,55.75986579],[37.61704813,55.75986572],[37.61704783,55.75986568],[37.61704752,55.75986567],[37.61704721,55.75986571],[37.61704692,55.75986577],[37.61704665,55.75986586],[37.61704643,55.75986599],[37.61704625,55.75986613],[37.61702149,55.75989101],[37.61702136,55.75989117],[37.6170213,55.75989134],[37.61702129,55.75989151],[37.61702134,55.75989169],[37.61702146,55.75989185],[37.61702162,55.759892],[37.61702184,55.75989213],[37.6170221,55.75989223],[37.61707108,55.75990773]]]},"properties":{"type":"room","subtype":"apartment","roomType":"KITCHEN","area":12.22998315706175},"type":"Feature"},{"geometry":{"type":"Polygon","coordinates":[[[37.61708424,55.75989451],[37.61707108,55.75990773],[37.61712006,55.75992323],[37.61712034,55.7599233],[37.61712065,55.75992334],[37.61712096,55.75992334],[37.61712127,55.75992331],[37.61712156,55.75992325],[37.61712182,55.75992315],[37.61712205,55.75992303],[37.61712222,55.75992289],[37.61713461,55.75991045],[37.61708424,55.75989451]]]},"properties":{"type":"room","subtype":"apartment","roomType":"HALL","area":6.114991610342162},"type":"Feature"},{"geometry":{"type":"Polygon","coordinates":[[[37.6171069,55.75990168],[37.61713461,55.75991045],[37.61714699,55.75989801],[37.61714711,55.75989785],[37.61714718,55.75989768],[37.61714718,55.7598975],[37.61714713,55.75989733],[37.61714702,55.75989717],[37.61714685,55.75989702],[37.61714663,55.75989689],[37.61714638,55.75989679],[37.61712006,55.75988846],[37.6171069,55.75990168]]]},"properties":{"type":"room","subtype":"apartment","roomType":"BATHROOM","area":3.3622566398908824},"type":"Feature"},{"geometry":{"type":"Polygon","coordinates":[[[37.6170935,55.75988521],[37.61708424,55.75989451],[37.6171069,55.75990168],[37.61711616,55.75989238],[37.6170935,55.75988521]]]},"properties":{"type":"room","subtype":"apartment","roomType":"TOILET","area":1.93710933386857},"type":"Feature"},{"geometry":{"type":"Polygon","coordinates":[[[37.61699439,55.75991823],[37.61709512,55.75995011],[37.61712144,55.75992367],[37.61712144,55.75992367],[37.61702071,55.75989179],[37.61699439,55.75991823],[37.61699439,55.75991823]]]},"properties":{"type":"room","subtype":"apartment","roomType":"BEDROOM","area":24.468749999015753},"type":"Feature"},{"geometry":{"type":"Polygon","coordinates":[[[37.61700225,55.75988463],[37.6170217,55.75989079],[37.61704603,55.75986635],[37.61702658,55.75986019],[37.61700225,55.75988463]]]},"properties":{"type":"room","subtype":"apartment","roomType":"BALCONY","area":4.367257067507924},"type":"Feature"},{"geometry":{"type":"Polygon","coordinates":[[[37.61711829,55.75992133],[37.61712246,55.75992265],[37.61712456,55.75992054],[37.6171204,55.75991922],[37.61711829,55.75992133]]]},"properties":{"type":"room_object","subtype":"room","roomObjectType":"ELECTRICAL_BOX"},"type":"Feature"},{"geometry":{"type":"Polygon","coordinates":[[[37.61694174,55.75997112],[37.61704248,55.760003],[37.6170688,55.75997656],[37.61709512,55.75995011],[37.61706756,55.75994139],[37.61706366,55.75994531],[37.61706364,55.75994532],[37.61706362,55.75994533],[37.61706359,55.75994534],[37.61706356,55.75994535],[37.61706353,55.75994535],[37.6170635,55.75994535],[37.61706347,55.75994535],[37.61706344,55.75994534],[37.61704078,55.75993817],[37.61704075,55.75993816],[37.61704073,55.75993814],[37.61704071,55.75993813],[37.6170407,55.75993811],[37.6170407,55.7599381],[37.6170407,55.75993808],[37.6170407,55.75993806],[37.61704072,55.75993805],[37.61704462,55.75993413],[37.61699439,55.75991823],[37.61696807,55.75994467],[37.61694174,55.75997112]]]},"properties":{"type":"apartment","rooms":1,"totalArea":48.93749849757069,"livingArea":24.46874999865118,"apartmentType":999991},"type":"Feature"},{"geometry":{"type":"Polygon","coordinates":[[[37.61704475,55.75993417],[37.61699578,55.75991867],[37.61699549,55.7599186],[37.61699518,55.75991856],[37.61699487,55.75991856],[37.61699457,55.75991859],[37.61699427,55.75991865],[37.61699401,55.75991875],[37.61699379,55.75991887],[37.61699361,55.75991901],[37.61696885,55.75994389],[37.61696872,55.75994405],[37.61696865,55.75994422],[37.61696865,55.7599444],[37.6169687,55.75994457],[37.61696881,55.75994474],[37.61696898,55.75994489],[37.6169692,55.75994501],[37.61696945,55.75994511],[37.61701843,55.75996061],[37.61704475,55.75993417]]]},"properties":{"type":"room","subtype":"apartment","roomType":"KITCHEN","area":12.229981186281325},"type":"Feature"},{"geometry":{"type":"Polygon","coordinates":[[[37.61703159,55.75994739],[37.61701843,55.75996061],[37.61706741,55.75997612],[37.6170677,55.75997619],[37.617068,55.75997622],[37.61706832,55.75997623],[37.61706862,55.7599762],[37.61706891,55.75997613],[37.61706918,55.75997604],[37.6170694,55.75997592],[37.61706958,55.75997577],[37.61708196,55.75996333],[37.61703159,55.75994739]]]},"properties":{"type":"room","subtype":"apartment","roomType":"HALL","area":6.114990775824218},"type":"Feature"},{"geometry":{"type":"Polygon","coordinates":[[[37.61705426,55.75995457],[37.61708196,55.75996333],[37.61709434,55.7599509],[37.61709447,55.75995074],[37.61709454,55.75995056],[37.61709454,55.75995039],[37.61709449,55.75995021],[37.61709437,55.75995005],[37.61709421,55.7599499],[37.61709399,55.75994977],[37.61709373,55.75994967],[37.61706742,55.75994135],[37.61705426,55.75995457]]]},"properties":{"type":"room","subtype":"apartment","roomType":"BATHROOM","area":3.3622566861185215},"type":"Feature"},{"geometry":{"type":"Polygon","coordinates":[[[37.61704086,55.75993809],[37.61703159,55.75994739],[37.61705426,55.75995457],[37.61706352,55.75994526],[37.61704086,55.75993809]]]},"properties":{"type":"room","subtype":"apartment","roomType":"TOILET","area":1.9371093075659778},"type":"Feature"},{"geometry":{"type":"Polygon","coordinates":[[[37.61694174,55.75997112],[37.61704248,55.760003],[37.6170688,55.75997656],[37.61696807,55.75994467],[37.61694174,55.75997112]]]},"properties":{"type":"room","subtype":"apartment","roomType":"BEDROOM","area":24.46874999865118},"type":"Feature"},{"geometry":{"type":"Polygon","coordinates":[[[37.61692329,55.75996396],[37.61694274,55.75997011],[37.61696707,55.75994567],[37.61694762,55.75993952],[37.61692329,55.75996396]]]},"properties":{"type":"room","subtype":"apartment","roomType":"BALCONY","area":4.367256610545809},"type":"Feature"},{"geometry":{"type":"Polygon","coordinates":[[[37.61706565,55.75997422],[37.61706982,55.75997554],[37.61707192,55.75997342],[37.61706775,55.7599721],[37.61706565,55.75997422]]]},"properties":{"type":"room_object","subtype":"room","roomObjectType":"ELECTRICAL_BOX"},"type":"Feature"},{"geometry":{"type":"Polygon","coordinates":[[[37.61691542,55.75999756],[37.61701616,55.76002944],[37.61701617,55.76002943],[37.61701617,55.76002943],[37.6170385,55.76000699],[37.6170385,55.76000699],[37.61701332,55.75999902],[37.61701329,55.75999901],[37.61701327,55.759999],[37.61701325,55.75999898],[37.61701324,55.75999897],[37.61701324,55.75999895],[37.61701324,55.75999893],[37.61701324,55.75999892],[37.61701326,55.7599989],[37.61701716,55.75999498],[37.61701716,55.75999498],[37.61694174,55.75997112],[37.61691542,55.75999756]]]},"properties":{"type":"apartment","rooms":0,"totalArea":24.468749999293298,"livingArea":18.351722819264907,"apartmentType":999990},"type":"Feature"},{"geometry":{"type":"Polygon","coordinates":[[[37.61691542,55.75999756],[37.61699098,55.76002147],[37.61701729,55.75999503],[37.61694174,55.75997112],[37.61691542,55.75999756]]]},"properties":{"type":"room","subtype":"apartment","roomType":"STUDIO","area":18.351722819264907},"type":"Feature"},{"geometry":{"type":"Polygon","coordinates":[[[37.61702933,55.76001621],[37.61703858,55.76000691],[37.6170134,55.75999894],[37.61700414,55.76000824],[37.61702933,55.76001621]]]},"properties":{"type":"room","subtype":"apartment","roomType":"JOINT_BATHROOM","area":2.150921007998539},"type":"Feature"},{"geometry":{"type":"Polygon","coordinates":[[[37.61699098,55.76002147],[37.61701616,55.76002944],[37.61701617,55.76002943],[37.61701617,55.76002943],[37.61702933,55.76001621],[37.61700414,55.76000824],[37.61699098,55.76002147]]]},"properties":{"type":"room","subtype":"apartment","roomType":"HALL","area":3.0597805715300517},"type":"Feature"},{"geometry":{"type":"Polygon","coordinates":[[[37.61689697,55.7599904],[37.61691642,55.75999656],[37.61694075,55.75997212],[37.6169213,55.75996596],[37.61689697,55.7599904]]]},"properties":{"type":"room","subtype":"apartment","roomType":"BALCONY","area":4.3672566106450805},"type":"Feature"},{"geometry":{"type":"Polygon","coordinates":[[[37.61701278,55.76002733],[37.61701695,55.76002865],[37.61701929,55.7600263],[37.61701512,55.76002498],[37.61701278,55.76002733]]]},"properties":{"type":"room_object","subtype":"room","roomObjectType":"ELECTRICAL_BOX"},"type":"Feature"},{"geometry":{"type":"Polygon","coordinates":[[[37.6168891,55.760024],[37.61697494,55.76005117],[37.61697884,55.76004725],[37.61697885,55.76004723],[37.61697888,55.76004722],[37.6169789,55.76004721],[37.61697893,55.76004721],[37.61697896,55.7600472],[37.61697899,55.7600472],[37.61697902,55.76004721],[37.61697905,55.76004721],[37.61700771,55.76005628],[37.61703005,55.76003384],[37.61691542,55.75999756],[37.6168891,55.760024],[37.6168891,55.760024]]]},"properties":{"type":"apartment","rooms":0,"totalArea":27.84375074838088,"livingArea":20.882813202861783,"apartmentType":999990},"type":"Feature"},{"geometry":{"type":"Polygon","coordinates":[[[37.6168891,55.760024],[37.61697508,55.76005121],[37.6170014,55.76002477],[37.61691542,55.75999756],[37.6168891,55.760024],[37.6168891,55.760024]]]},"properties":{"type":"room","subtype":"apartment","roomType":"STUDIO","area":20.882813202861783},"type":"Feature"},{"geometry":{"type":"Polygon","coordinates":[[[37.61701689,55.76004706],[37.61698824,55.76003799],[37.61697897,55.76004729],[37.61700763,55.76005636],[37.61701689,55.76004706]]]},"properties":{"type":"room","subtype":"apartment","roomType":"JOINT_BATHROOM","area":2.449218913160951},"type":"Feature"},{"geometry":{"type":"Polygon","coordinates":[[[37.61698824,55.76003799],[37.61701689,55.76004706],[37.61703005,55.76003384],[37.6170014,55.76002477],[37.61698824,55.76003799]]]},"properties":{"type":"room","subtype":"apartment","roomType":"HALL","area":3.4804686318480957},"type":"Feature"},{"geometry":{"type":"Polygon","coordinates":[[[37.61687121,55.76001628],[37.61689066,55.76002243],[37.61691443,55.75999856],[37.61689497,55.7599924],[37.61687121,55.76001628]]]},"properties":{"type":"room","subtype":"apartment","roomType":"BALCONY","area":4.2661285568228084},"type":"Feature"},{"geometry":{"type":"Polygon","coordinates":[[[37.61700373,55.76006028],[37.61711837,55.76009656],[37.61714469,55.76007012],[37.61717101,55.76004367],[37.61712078,55.76002778],[37.61712078,55.76002778],[37.61711688,55.76003169],[37.61711686,55.76003171],[37.61711684,55.76003172],[37.61711681,55.76003173],[37.61711678,55.76003174],[37.61711675,55.76003174],[37.61711672,55.76003174],[37.61711669,55.76003174],[37.61711666,55.76003173],[37.617094,55.76002456],[37.61709397,55.76002455],[37.61709395,55.76002453],[37.61709393,55.76002452],[37.61709392,55.7600245],[37.61709391,55.76002448],[37.61709392,55.76002447],[37.61709392,55.76002445],[37.61709393,55.76002443],[37.61709783,55.76002052],[37.61707027,55.76001179],[37.61704396,55.76003823],[37.61703005,55.76003384],[37.61700373,55.76006028]]]},"properties":{"type":"apartment","rooms":1,"totalArea":52.313000234247234,"livingArea":27.843749250068992,"apartmentType":999991},"type":"Feature"},{"geometry":{"type":"Polygon","coordinates":[[[37.61709432,55.76005418],[37.6171433,55.76006968],[37.61714358,55.76006975],[37.61714389,55.76006979],[37.6171442,55.76006979],[37.61714451,55.76006976],[37.6171448,55.76006969],[37.61714506,55.7600696],[37.61714529,55.76006948],[37.61714547,55.76006933],[37.61717023,55.76004446],[37.61717035,55.7600443],[37.61717042,55.76004412],[37.61717043,55.76004395],[37.61717037,55.76004377],[37.61717026,55.76004361],[37.61717009,55.76004346],[37.61716987,55.76004334],[37.61716962,55.76004323],[37.61712064,55.76002773],[37.61709432,55.76005418]]]},"properties":{"type":"room","subtype":"apartment","roomType":"KITCHEN","area":12.229982224448216},"type":"Feature"},{"geometry":{"type":"Polygon","coordinates":[[[37.61710748,55.76004095],[37.61705711,55.76002501],[37.61704473,55.76003745],[37.6170446,55.76003761],[37.61704454,55.76003778],[37.61704453,55.76003796],[37.61704458,55.76003813],[37.6170447,55.7600383],[37.61704487,55.76003845],[37.61704508,55.76003857],[37.61704534,55.76003867],[37.61709432,55.76005418],[37.61710748,55.76004095]]]},"properties":{"type":"room","subtype":"apartment","roomType":"HALL","area":6.114991081094219},"type":"Feature"},{"geometry":{"type":"Polygon","coordinates":[[[37.61708481,55.76003378],[37.61709797,55.76002056],[37.61707166,55.76001223],[37.61707137,55.76001216],[37.61707107,55.76001212],[37.61707076,55.76001212],[37.61707045,55.76001215],[37.61707016,55.76001221],[37.61706989,55.76001231],[37.61706967,55.76001243],[37.61706949,55.76001258],[37.61705711,55.76002501],[37.61708481,55.76003378]]]},"properties":{"type":"room","subtype":"apartment","roomType":"BATHROOM","area":3.362256768368176},"type":"Feature"},{"geometry":{"type":"Polygon","coordinates":[[[37.61709407,55.76002448],[37.61708481,55.76003378],[37.61710748,55.76004095],[37.61711674,55.76003165],[37.61709407,55.76002448]]]},"properties":{"type":"room","subtype":"apartment","roomType":"TOILET","area":1.9371093748266894},"type":"Feature"},{"geometry":{"type":"Polygon","coordinates":[[[37.61700373,55.76006028],[37.61711837,55.76009656],[37.61714469,55.76007012],[37.61714469,55.76007012],[37.61703005,55.76003384],[37.61700373,55.76006028],[37.61700373,55.76006028]]]},"properties":{"type":"room","subtype":"apartment","roomType":"BEDROOM","area":27.843749250068992},"type":"Feature"},{"geometry":{"type":"Polygon","coordinates":[[[37.61716314,55.76007727],[37.61714369,55.76007112],[37.61711992,55.76009499],[37.61713938,55.76010115],[37.61716314,55.76007727]]]},"properties":{"type":"room","subtype":"apartment","roomType":"BALCONY","area":4.266128054190522},"type":"Feature"},{"geometry":{"type":"Polygon","coordinates":[[[37.61718946,55.76005083],[37.61717001,55.76004467],[37.61714568,55.76006912],[37.61716514,55.76007527],[37.61718946,55.76005083]]]},"properties":{"type":"room","subtype":"apartment","roomType":"BALCONY","area":4.36725661060662},"type":"Feature"},{"geometry":{"type":"Polygon","coordinates":[[[37.61704496,55.76003722],[37.61704913,55.76003854],[37.61705124,55.76003641],[37.61704708,55.76003509],[37.61704496,55.76003722]]]},"properties":{"type":"room_object","subtype":"room","roomObjectType":"ELECTRICAL_BOX"},"type":"Feature"},{"geometry":{"type":"Polygon","coordinates":[[[37.61707027,55.76001179],[37.61717101,55.76004367],[37.61719733,55.76001723],[37.61712191,55.75999336],[37.61711802,55.75999728],[37.617118,55.7599973],[37.61711798,55.75999731],[37.61711795,55.75999732],[37.61711792,55.75999732],[37.61711789,55.75999733],[37.61711786,55.75999733],[37.61711783,55.75999732],[37.6171178,55.75999732],[37.61709261,55.75998935],[37.61707027,55.76001179]]]},"properties":{"type":"apartment","rooms":0,"totalArea":24.468749998477982,"livingArea":18.351562525568703,"apartmentType":999990},"type":"Feature"},{"geometry":{"type":"Polygon","coordinates":[[[37.61712178,55.75999332],[37.61709545,55.76001976],[37.61717101,55.76004367],[37.61719733,55.76001723],[37.61712178,55.75999332]]]},"properties":{"type":"room","subtype":"apartment","roomType":"STUDIO","area":18.351562525568703},"type":"Feature"},{"geometry":{"type":"Polygon","coordinates":[[[37.61708343,55.75999857],[37.61710862,55.76000654],[37.61711788,55.75999724],[37.61709269,55.75998927],[37.61708343,55.75999857]]]},"properties":{"type":"room","subtype":"apartment","roomType":"JOINT_BATHROOM","area":2.1523437586136014},"type":"Feature"},{"geometry":{"type":"Polygon","coordinates":[[[37.61708343,55.75999857],[37.61707027,55.76001179],[37.61709545,55.76001976],[37.61710862,55.76000654],[37.61708343,55.75999857]]]},"properties":{"type":"room","subtype":"apartment","roomType":"HALL","area":3.0585937044066025},"type":"Feature"},{"geometry":{"type":"Polygon","coordinates":[[[37.61721578,55.76002439],[37.61719633,55.76001823],[37.617172,55.76004267],[37.61719146,55.76004883],[37.61721578,55.76002439]]]},"properties":{"type":"room","subtype":"apartment","roomType":"BALCONY","area":4.36725661060662},"type":"Feature"},{"geometry":{"type":"Polygon","coordinates":[[[37.61707105,55.76001101],[37.61707522,55.76001233],[37.61707756,55.76000998],[37.61707339,55.76000866],[37.61707105,55.76001101]]]},"properties":{"type":"room_object","subtype":"room","roomObjectType":"ELECTRICAL_BOX"},"type":"Feature"},{"geometry":{"type":"Polygon","coordinates":[[[37.6172663,55.75997364],[37.61724685,55.75996748],[37.61720045,55.7600141],[37.6172199,55.76002025],[37.6172663,55.75997364]]]},"properties":{"type":"balcony","area":8.330000515706928,"subtype":"service"},"type":"Feature"},{"geometry":{"type":"Polygon","coordinates":[[[37.61709659,55.75998535],[37.61709659,55.75998535],[37.61712291,55.75995891],[37.61722365,55.75999079],[37.61722365,55.75999079],[37.61719733,55.76001723],[37.61709659,55.75998535]]]},"properties":{"type":"ladder","area":24.46875149929298,"subtype":"service"},"type":"Feature"},{"geometry":{"type":"Polygon","coordinates":[[[37.61718961,55.75998002],[37.61722365,55.75999079],[37.61724997,55.75996435],[37.61724997,55.75996435],[37.61714923,55.75993247],[37.61712869,55.75995311],[37.61713929,55.75994245],[37.61714624,55.75994465],[37.61716152,55.75994949],[37.61718375,55.75995653],[37.61720599,55.75996356],[37.61718961,55.75998002]]]},"properties":{"type":"corridor","area":14.388750048418519,"subtype":"service"},"type":"Feature"},{"geometry":{"type":"Polygon","coordinates":[[[37.61712986,55.75996111],[37.61714624,55.75994465],[37.61713929,55.75994245],[37.61712291,55.75995891],[37.61712291,55.75995891],[37.61712986,55.75996111]]]},"properties":{"type":"heating_meter","area":1.0499999509233195,"subtype":"service"},"type":"Feature"},{"geometry":{"type":"Polygon","coordinates":[[[37.61714514,55.75996594],[37.61716152,55.75994949],[37.61714624,55.75994465],[37.61712986,55.75996111],[37.61714514,55.75996594]]]},"properties":{"type":"elevator","area":2.310000000071529,"subtype":"service"},"type":"Feature"},{"geometry":{"type":"Polygon","coordinates":[[[37.61716738,55.75997298],[37.61718375,55.75995653],[37.61716152,55.75994949],[37.61714514,55.75996594],[37.61716738,55.75997298]]]},"properties":{"type":"elevator","area":3.3600000007324358,"subtype":"service"},"type":"Feature"},{"geometry":{"type":"Polygon","coordinates":[[[37.61718961,55.75998002],[37.61720599,55.75996356],[37.61718375,55.75995653],[37.61716738,55.75997298],[37.61718961,55.75998002]]]},"properties":{"type":"elevator","area":3.3600000005807154,"subtype":"service"},"type":"Feature"},{"geometry":{"type":"Polygon","coordinates":[[[37.61701617,55.76002943],[37.61704396,55.76003823],[37.61720187,55.75987959],[37.61717408,55.75987079],[37.61701617,55.76002943]]]},"properties":{"type":"corridor","area":40.49600763476451,"subtype":"service"},"type":"Feature"},{"geometry":{"type":"Polygon","coordinates":[[[37.61719684,55.75991791],[37.61720074,55.75991399],[37.61717556,55.75990602],[37.61717556,55.75990602],[37.61717166,55.75990994],[37.61719684,55.75991791]]]},"properties":{"type":"ventilation","area":0.9062500445301997,"subtype":"service"},"type":"Feature"},{"geometry":{"type":"Polygon","coordinates":[[[37.61722316,55.75989147],[37.61722706,55.75988755],[37.61720188,55.75987958],[37.61720187,55.75987959],[37.61720187,55.75987959],[37.61719797,55.7598835],[37.61722316,55.75989147]]]},"properties":{"type":"ventilation","area":0.9063530710015815,"subtype":"service"},"type":"Feature"},{"geometry":{"type":"Polygon","coordinates":[[[37.6172104,55.75985266],[37.61723906,55.75986173],[37.61724296,55.75985781],[37.6172143,55.75984874],[37.6172104,55.75985266]]]},"properties":{"type":"ventilation","area":1.0312499996033526,"subtype":"service"},"type":"Feature"},{"geometry":{"type":"Polygon","coordinates":[[[37.61718175,55.75984359],[37.6172104,55.75985266],[37.6172143,55.75984874],[37.6172143,55.75984874],[37.61718564,55.75983967],[37.61718175,55.75984359]]]},"properties":{"type":"ventilation","area":1.0312500009378913,"subtype":"service"},"type":"Feature"},{"geometry":{"type":"Polygon","coordinates":[[[37.61717018,55.75987471],[37.61717408,55.75987079],[37.61717409,55.75987079],[37.61714891,55.75986282],[37.617145,55.75986674],[37.61717018,55.75987471]]]},"properties":{"type":"ventilation","area":0.9079297425451485,"subtype":"service"},"type":"Feature"},{"geometry":{"type":"Polygon","coordinates":[[[37.61711616,55.75989238],[37.61712006,55.75988846],[37.6170974,55.75988129],[37.6170935,55.75988521],[37.61711616,55.75989238]]]},"properties":{"type":"ventilation","area":0.8156250528051865,"subtype":"service"},"type":"Feature"},{"geometry":{"type":"Polygon","coordinates":[[[37.61706352,55.75994526],[37.61706742,55.75994135],[37.61704475,55.75993417],[37.61704086,55.75993809],[37.61706352,55.75994526]]]},"properties":{"type":"ventilation","area":0.8156249993156067,"subtype":"service"},"type":"Feature"},{"geometry":{"type":"Polygon","coordinates":[[[37.6170134,55.75999894],[37.61703858,55.76000691],[37.61704248,55.760003],[37.61704248,55.760003],[37.61701729,55.75999503],[37.6170134,55.75999894]]]},"properties":{"type":"ventilation","area":0.9063255980620695,"subtype":"service"},"type":"Feature"},{"geometry":{"type":"Polygon","coordinates":[[[37.61697897,55.76004729],[37.61697508,55.76005121],[37.61700373,55.76006028],[37.61700763,55.76005636],[37.61697897,55.76004729]]]},"properties":{"type":"ventilation","area":1.0312500005155223,"subtype":"service"},"type":"Feature"},{"geometry":{"type":"Polygon","coordinates":[[[37.61711674,55.76003165],[37.61712064,55.76002773],[37.61709797,55.76002056],[37.61709407,55.76002448],[37.61711674,55.76003165]]]},"properties":{"type":"ventilation","area":0.8156249998733294,"subtype":"service"},"type":"Feature"},{"geometry":{"type":"Polygon","coordinates":[[[37.61709269,55.75998927],[37.61711788,55.75999724],[37.61712178,55.75999332],[37.61709659,55.75998535],[37.61709269,55.75998927]]]},"properties":{"type":"ventilation","area":0.9062500111952103,"subtype":"service"},"type":"Feature"}],"type":"FeatureCollection"}