{"features":[{"geometry":{"type":"Polygon","coordinates":[[[37.61187806,55.76373239],[37.61212271,55.76380597],[37.6123447,55.76357132],[37.61233064,55.76356709],[37.61267563,55.76320244],[37.61268969,55.76320667],[37.61291167,55.76297202],[37.61266703,55.76289845],[37.61244504,55.76313309],[37.6124591,55.76313732],[37.61211411,55.76350197],[37.61210005,55.76349775],[37.61187806,55.76373239]]]},"properties":{"type":"block"},"type":"Feature"},{"geometry":{"type":"Polygon","coordinates":[[[37.60914706,55.76276826],[37.60915548,55.76276063],[37.60971139,55.76295587],[37.60970296,55.76296349],[37.61010332,55.7631041],[37.61011044,55.76309765],[37.6104682,55.76322329],[37.61046715,55.76322425],[37.61106364,55.76343373],[37.61105757,55.76343922],[37.61150529,55.76359644],[37.61176409,55.76336217],[37.61175057,55.76335742],[37.61210735,55.76303445],[37.61211479,55.76303706],[37.61234225,55.76283115],[37.61211908,55.76275278],[37.61189161,55.76295869],[37.61189905,55.7629613],[37.61154227,55.76328427],[37.61152874,55.76327952],[37.61141652,55.7633811],[37.61120417,55.76330652],[37.6111981,55.76331201],[37.61060161,55.76310254],[37.61060055,55.76310349],[37.6102428,55.76297785],[37.61024992,55.7629714],[37.60984956,55.7628308],[37.60984113,55.76283843],[37.60928523,55.76264319],[37.60929365,55.76263557],[37.6088933,55.76249496],[37.6087467,55.76262765],[37.60914706,55.76276826]]]},"properties":{"type":"block"},"type":"Feature"},{"geometry":{"type":"Polygon","coordinates":[[[37.61022813,55.76250132],[37.61021392,55.76249633],[37.610037,55.76265648],[37.61026017,55.76273486],[37.6104371,55.76257471],[37.61042289,55.76256972],[37.61051894,55.76248278],[37.61061632,55.76251698],[37.61059273,55.76253834],[37.61122979,55.76276206],[37.61125338,55.76274071],[37.61140758,55.76279486],[37.61134692,55.76284977],[37.61133272,55.76284478],[37.61110525,55.76305069],[37.61132843,55.76312906],[37.61155589,55.76292316],[37.61154169,55.76291817],[37.61172366,55.76275344],[37.6113747,55.7626309],[37.61139829,55.76260954],[37.61076123,55.76238582],[37.61073764,55.76240717],[37.61044548,55.76230457],[37.61022813,55.76250132]]]},"properties":{"type":"block"},"type":"Feature"},{"geometry":{"type":"Polygon","coordinates":[[[37.60987312,55.76238778],[37.61006773,55.76221161],[37.60943069,55.76198788],[37.60923607,55.76216404],[37.60987312,55.76238778]]]},"properties":{"type":"block"},"type":"Feature"},{"geometry":{"type":"Polygon","coordinates":[[[37.61244504,55.76313309],[37.61268969,55.76320667],[37.61291167,55.76297202],[37.61266703,55.76289845],[37.61244504,55.76313309]]]},"properties":{"type":"section"},"type":"Feature"},{"geometry":{"type":"Polygon","coordinates":[[[37.61211411,55.76350197],[37.61233064,55.76356709],[37.61267563,55.76320244],[37.6124591,55.76313732],[37.61211411,55.76350197]]]},"properties":{"type":"section"},"type":"Feature"},{"geometry":{"type":"Polygon","coordinates":[[[37.61187806,55.76373239],[37.61212271,55.76380597],[37.6123447,55.76357132],[37.61210005,55.76349775],[37.61187806,55.76373239]]]},"properties":{"type":"section"},"type":"Feature"},{"geometry":{"type":"Polygon","coordinates":[[[37.60914706,55.76276826],[37.60929365,55.76263557],[37.6088933,55.76249496],[37.6087467,55.76262765],[37.60914706,55.76276826]]]},"properties":{"type":"section"},"type":"Feature"},{"geometry":{"type":"Polygon","coordinates":[[[37.60971139,55.76295587],[37.60984113,55.76283843],[37.60928523,55.76264319],[37.60915548,55.76276063],[37.60971139,55.76295587]]]},"properties":{"type":"section"},"type":"Feature"},{"geometry":{"type":"Polygon","coordinates":[[[37.61010332,55.7631041],[37.61024992,55.7629714],[37.60984956,55.7628308],[37.60970296,55.76296349],[37.61010332,55.7631041]]]},"properties":{"type":"section"},"type":"Feature"},{"geometry":{"type":"Polygon","coordinates":[[[37.6104682,55.76322329],[37.61060055,55.76310349],[37.6102428,55.76297785],[37.61011044,55.76309765],[37.6104682,55.76322329]]]},"properties":{"type":"section"},"type":"Feature"},{"geometry":{"type":"Polygon","coordinates":[[[37.61106364,55.76343373],[37.6111981,55.76331201],[37.61060161,55.76310254],[37.61046715,55.76322425],[37.61106364,55.76343373]]]},"properties":{"type":"section"},"type":"Feature"},{"geometry":{"type":"Polygon","coordinates":[[[37.61150529,55.76359644],[37.61176409,55.76336217],[37.61152874,55.76327952],[37.61141652,55.7633811],[37.61120417,55.76330652],[37.61105757,55.76343922],[37.61150529,55.76359644]]]},"properties":{"type":"section"},"type":"Feature"},{"geometry":{"type":"Polygon","coordinates":[[[37.61210735,55.76303445],[37.61189905,55.7629613],[37.61154227,55.76328427],[37.61175057,55.76335742],[37.61210735,55.76303445]]]},"properties":{"type":"section"},"type":"Feature"},{"geometry":{"type":"Polygon","coordinates":[[[37.61234225,55.76283115],[37.61211908,55.76275278],[37.61189161,55.76295869],[37.61211479,55.76303706],[37.61234225,55.76283115]]]},"properties":{"type":"section"},"type":"Feature"},{"geometry":{"type":"Polygon","coordinates":[[[37.6104371,55.76257471],[37.61021392,55.76249633],[37.610037,55.76265648],[37.61026017,55.76273486],[37.6104371,55.76257471]]]},"properties":{"type":"section"},"type":"Feature"},{"geometry":{"type":"Polygon","coordinates":[[[37.61051894,55.76248278],[37.61061632,55.76251698],[37.61073764,55.76240717],[37.61044548,55.76230457],[37.61022813,55.76250132],[37.61042289,55.76256972],[37.61051894,55.76248278]]]},"properties":{"type":"section"},"type":"Feature"},{"geometry":{"type":"Polygon","coordinates":[[[37.61122979,55.76276206],[37.61139829,55.76260954],[37.61076123,55.76238582],[37.61059273,55.76253834],[37.61122979,55.76276206]]]},"properties":{"type":"section"},"type":"Feature"},{"geometry":{"type":"Polygon","coordinates":[[[37.61140758,55.76279486],[37.61134692,55.76284977],[37.61154169,55.76291817],[37.61172366,55.76275344],[37.6113747,55.7626309],[37.61125338,55.76274071],[37.61140758,55.76279486]]]},"properties":{"type":"section"},"type":"Feature"},{"geometry":{"type":"Polygon","coordinates":[[[37.61110525,55.76305069],[37.61132843,55.76312906],[37.61155589,55.76292316],[37.61133272,55.76284478],[37.61110525,55.76305069]]]},"properties":{"type":"section"},"type":"Feature"},{"geometry":{"type":"Polygon","coordinates":[[[37.60987312,55.76238778],[37.61006773,55.76221161],[37.60943069,55.76198788],[37.60923607,55.76216404],[37.60987312,55.76238778]]]},"properties":{"type":"section"},"type":"Feature"},{"geometry":{"type":"Polygon","coordinates":[[[37.61270475,55.76304375],[37.61273438,55.76305266],[37.61273813,55.7630487],[37.61273815,55.76304868],[37.61273817,55.76304867],[37.6127382,55.76304866],[37.61273823,55.76304865],[37.61273826,55.76304865],[37.61273829,55.76304865],[37.61273832,55.76304865],[37.61273835,55.76304866],[37.61276271,55.76305599],[37.61276273,55.763056],[37.61276275,55.76305601],[37.61276277,55.76305602],[37.61276278,55.76305604],[37.61276279,55.76305606],[37.61276279,55.76305607],[37.61276278,55.76305609],[37.61276277,55.76305611],[37.61275902,55.76306007],[37.61275902,55.76306007],[37.61281301,55.76307631],[37.61281301,55.76307631],[37.61283768,55.76305024],[37.61286234,55.76302417],[37.61275408,55.76299161],[37.61275408,55.76299161],[37.61270475,55.76304375]]]},"properties":{"type":"apartment","rooms":1,"totalArea":50.648888888488024,"livingArea":25.324444445909315,"apartmentType":999991},"type":"Feature"},{"geometry":{"type":"Polygon","coordinates":[[[37.61278355,55.76303396],[37.61275888,55.76306003],[37.61281161,55.76307589],[37.6128119,55.76307595],[37.6128122,55.76307599],[37.61281251,55.76307599],[37.61281282,55.76307595],[37.61281311,55.76307589],[37.61281337,55.76307579],[37.61281359,55.76307566],[37.61281376,55.76307552],[37.61283693,55.76305103],[37.61283705,55.76305087],[37.61283711,55.76305069],[37.61283711,55.76305052],[37.61283705,55.76305035],[37.61283693,55.76305018],[37.61283675,55.76305004],[37.61283653,55.76304991],[37.61283627,55.76304981],[37.61278355,55.76303396]]]},"properties":{"type":"room","subtype":"apartment","roomType":"KITCHEN","area":12.657829450225588},"type":"Feature"},{"geometry":{"type":"Polygon","coordinates":[[[37.61271708,55.76303071],[37.61277121,55.76304699],[37.61278355,55.76303396],[37.61273082,55.7630181],[37.61273053,55.76301803],[37.61273023,55.763018],[37.61272991,55.763018],[37.61272961,55.76301803],[37.61272932,55.7630181],[37.61272906,55.7630182],[37.61272884,55.76301832],[37.61272867,55.76301847],[37.61271708,55.76303071]]]},"properties":{"type":"room","subtype":"apartment","roomType":"HALL","area":6.3289147056879855},"type":"Feature"},{"geometry":{"type":"Polygon","coordinates":[[[37.61274686,55.76303967],[37.61271708,55.76303071],[37.6127055,55.76304296],[37.61270538,55.76304312],[37.61270532,55.76304329],[37.61270532,55.76304347],[37.61270538,55.76304364],[37.6127055,55.7630438],[37.61270568,55.76304395],[37.6127059,55.76304408],[37.61270616,55.76304417],[37.61273452,55.7630527],[37.61274686,55.76303967]]]},"properties":{"type":"room","subtype":"apartment","roomType":"BATHROOM","area":3.479914742060661},"type":"Feature"},{"geometry":{"type":"Polygon","coordinates":[[[37.61277121,55.76304699],[37.61274686,55.76303967],[37.61273827,55.76304874],[37.61276263,55.76305607],[37.61277121,55.76304699]]]},"properties":{"type":"room","subtype":"apartment","roomType":"TOILET","area":1.9827499985436012},"type":"Feature"},{"geometry":{"type":"Polygon","coordinates":[[[37.61272942,55.76301768],[37.61275408,55.76299161],[37.61275408,55.76299161],[37.61286234,55.76302417],[37.61283768,55.76305024],[37.61272942,55.76301768]]]},"properties":{"type":"room","subtype":"apartment","roomType":"BEDROOM","area":25.324444445909315},"type":"Feature"},{"geometry":{"type":"Polygon","coordinates":[[[37.61288107,55.7630311],[37.61286139,55.76302518],[37.61283864,55.76304922],[37.61285832,55.76305514],[37.61288107,55.7630311]]]},"properties":{"type":"room","subtype":"apartment","roomType":"BALCONY","area":4.246701055322162},"type":"Feature"},{"geometry":{"type":"Polygon","coordinates":[[[37.61273266,55.76301998],[37.61272844,55.76301871],[37.61272642,55.76302085],[37.61273063,55.76302212],[37.61273266,55.76301998]]]},"properties":{"type":"room_object","subtype":"room","roomObjectType":"ELECTRICAL_BOX"},"type":"Feature"},{"geometry":{"type":"Polygon","coordinates":[[[37.61277492,55.76296958],[37.61275408,55.76299161],[37.61286234,55.76302417],[37.61286234,55.76302417],[37.61288701,55.76299809],[37.61280595,55.76297372],[37.6128022,55.76297768],[37.61280218,55.76297769],[37.61280216,55.76297771],[37.61280214,55.76297772],[37.61280211,55.76297772],[37.61280208,55.76297773],[37.61280204,55.76297773],[37.61280201,55.76297772],[37.61280198,55.76297772],[37.61277492,55.76296958],[37.61277492,55.76296958]]]},"properties":{"type":"apartment","rooms":0,"totalArea":25.32444444167882,"livingArea":18.99347129389353,"apartmentType":999990},"type":"Feature"},{"geometry":{"type":"Polygon","coordinates":[[[37.61280581,55.76297367],[37.61278115,55.76299975],[37.61286234,55.76302417],[37.61286234,55.76302417],[37.61288701,55.76299809],[37.61280581,55.76297367]]]},"properties":{"type":"room","subtype":"apartment","roomType":"STUDIO","area":18.99347129389353},"type":"Feature"},{"geometry":{"type":"Polygon","coordinates":[[[37.61280206,55.76297764],[37.612775,55.7629695],[37.61276641,55.76297858],[37.61279347,55.76298672],[37.61280206,55.76297764]]]},"properties":{"type":"room","subtype":"apartment","roomType":"JOINT_BATHROOM","area":2.2042440294282404},"type":"Feature"},{"geometry":{"type":"Polygon","coordinates":[[[37.61278115,55.76299975],[37.61279347,55.76298672],[37.61276641,55.76297858],[37.61275408,55.76299161],[37.61278115,55.76299975]]]},"properties":{"type":"room","subtype":"apartment","roomType":"HALL","area":3.1640997471466994},"type":"Feature"},{"geometry":{"type":"Polygon","coordinates":[[[37.61290573,55.76300503],[37.61288605,55.76299911],[37.6128633,55.76302315],[37.61288299,55.76302907],[37.61290573,55.76300503]]]},"properties":{"type":"room","subtype":"apartment","roomType":"BALCONY","area":4.246701055224999},"type":"Feature"},{"geometry":{"type":"Polygon","coordinates":[[[37.61275483,55.76299081],[37.61275905,55.76299208],[37.6127613,55.7629897],[37.61275708,55.76298844],[37.61275483,55.76299081]]]},"properties":{"type":"room_object","subtype":"room","roomObjectType":"ELECTRICAL_BOX"},"type":"Feature"},{"geometry":{"type":"Polygon","coordinates":[[[37.61264237,55.76292452],[37.61276469,55.76296131],[37.61288701,55.76299809],[37.61288701,55.76299809],[37.61291167,55.76297202],[37.61278858,55.762935],[37.61278873,55.76293513],[37.61278875,55.76293515],[37.61278887,55.76293531],[37.61278888,55.76293533],[37.61278894,55.7629355],[37.61278894,55.76293552],[37.61278894,55.76293569],[37.61278894,55.76293571],[37.61278888,55.76293588],[37.61278887,55.7629359],[37.61278875,55.76293606],[37.61278874,55.76293607],[37.61278574,55.76293924],[37.61278573,55.76293926],[37.6127857,55.76293927],[37.61278568,55.76293928],[37.61278565,55.76293928],[37.61278562,55.76293929],[37.61278559,55.76293929],[37.61278556,55.76293928],[37.61278553,55.76293928],[37.61275973,55.76293152],[37.6127597,55.76293151],[37.61275968,55.7629315],[37.61275966,55.76293148],[37.61275965,55.76293147],[37.61275964,55.76293145],[37.61275964,55.76293143],[37.61275965,55.76293141],[37.61275966,55.7629314],[37.61276341,55.76292743],[37.61276341,55.76292743],[37.61275585,55.76292516],[37.6127521,55.76292912],[37.61275209,55.76292914],[37.61275207,55.76292915],[37.61275204,55.76292916],[37.61275201,55.76292917],[37.61275198,55.76292917],[37.61275195,55.76292917],[37.61275192,55.76292917],[37.61275189,55.76292916],[37.61272437,55.76292088],[37.61272434,55.76292087],[37.61272432,55.76292086],[37.6127243,55.76292085],[37.61272429,55.76292083],[37.61272428,55.76292081],[37.61272428,55.7629208],[37.61272429,55.76292078],[37.6127243,55.76292076],[37.61272805,55.7629168],[37.61272805,55.7629168],[37.61266703,55.76289845],[37.61266703,55.76289845],[37.61264237,55.76292452]]]},"properties":{"type":"apartment","rooms":1,"totalArea":57.226666667709985,"livingArea":28.61333282684609,"apartmentType":999991},"type":"Feature"},{"geometry":{"type":"Polygon","coordinates":[[[37.61270353,55.76294291],[37.61272819,55.76291684],[37.61266844,55.76289887],[37.61266815,55.7628988],[37.61266784,55.76289877],[37.61266753,55.76289877],[37.61266722,55.7628988],[37.61266693,55.76289887],[37.61266668,55.76289897],[37.61266645,55.76289909],[37.61266628,55.76289924],[37.61264312,55.76292373],[37.612643,55.76292389],[37.61264294,55.76292406],[37.61264294,55.76292424],[37.612643,55.76292441],[37.61264312,55.76292457],[37.61264329,55.76292472],[37.61264351,55.76292484],[37.61264377,55.76292494],[37.61270353,55.76294291]]]},"properties":{"type":"room","subtype":"apartment","roomType":"KITCHEN","area":14.302274274533977},"type":"Feature"},{"geometry":{"type":"Polygon","coordinates":[[[37.61271586,55.76292988],[37.61270353,55.76294291],[37.61276328,55.76296088],[37.61276357,55.76296095],[37.61276388,55.76296099],[37.61276419,55.76296099],[37.61276449,55.76296095],[37.61276478,55.76296088],[37.61276504,55.76296079],[37.61276526,55.76296066],[37.61276544,55.76296051],[37.61277702,55.76294827],[37.61271586,55.76292988]]]},"properties":{"type":"room","subtype":"apartment","roomType":"HALL","area":7.151137148173191},"type":"Feature"},{"geometry":{"type":"Polygon","coordinates":[[[37.61272444,55.7629208],[37.61271586,55.76292988],[37.61274338,55.76293815],[37.61275196,55.76292908],[37.61272444,55.7629208]]]},"properties":{"type":"room","subtype":"apartment","roomType":"TOILET","area":2.2402499645350087},"type":"Feature"},{"geometry":{"type":"Polygon","coordinates":[[[37.61276469,55.76296131],[37.61278935,55.76293523],[37.61278935,55.76293523],[37.61291167,55.76297202],[37.61288701,55.76299809],[37.61288701,55.76299809],[37.61276469,55.76296131]]]},"properties":{"type":"room","subtype":"apartment","roomType":"BEDROOM","area":28.61333282684609},"type":"Feature"},{"geometry":{"type":"Polygon","coordinates":[[[37.61275571,55.76292512],[37.61274338,55.76293815],[37.61277702,55.76294827],[37.6127886,55.76293603],[37.6127856,55.7629392],[37.6127598,55.76293144],[37.61276355,55.76292748],[37.61278795,55.76293481],[37.61275571,55.76292512]]]},"properties":{"type":"room","subtype":"apartment","roomType":"BATHROOM","area":3.0168332652742427},"type":"Feature"},{"geometry":{"type":"Polygon","coordinates":[[[37.61292986,55.76297953],[37.61291017,55.76297361],[37.61288797,55.76299708],[37.61290765,55.763003],[37.61292986,55.76297953]]]},"properties":{"type":"room","subtype":"apartment","roomType":"BALCONY","area":4.1455725893626525},"type":"Feature"},{"geometry":{"type":"Polygon","coordinates":[[[37.61262364,55.76291759],[37.61264332,55.76292351],[37.61266553,55.76290003],[37.61264585,55.76289411],[37.61262364,55.76291759]]]},"properties":{"type":"room","subtype":"apartment","roomType":"BALCONY","area":4.145572912478552},"type":"Feature"},{"geometry":{"type":"Polygon","coordinates":[[[37.6126177,55.76295059],[37.61259304,55.76297666],[37.6127013,55.76300922],[37.6127013,55.76300922],[37.61275062,55.76295709],[37.61275063,55.76295708],[37.612721,55.76294817],[37.612721,55.76294817],[37.61271725,55.76295213],[37.61271723,55.76295215],[37.61271721,55.76295216],[37.61271718,55.76295217],[37.61271715,55.76295217],[37.61271712,55.76295218],[37.61271709,55.76295218],[37.61271706,55.76295217],[37.61271703,55.76295217],[37.61269268,55.76294484],[37.61269265,55.76294483],[37.61269263,55.76294482],[37.61269261,55.7629448],[37.6126926,55.76294479],[37.61269259,55.76294477],[37.61269259,55.76294475],[37.6126926,55.76294474],[37.61269261,55.76294472],[37.61269636,55.76294076],[37.61264237,55.76292452],[37.6126177,55.76295059]]]},"properties":{"type":"apartment","rooms":1,"totalArea":50.648888889054994,"livingArea":25.32444444587702,"apartmentType":999991},"type":"Feature"},{"geometry":{"type":"Polygon","coordinates":[[[37.6126965,55.7629408],[37.61264377,55.76292494],[37.61264348,55.76292488],[37.61264318,55.76292484],[37.61264286,55.76292484],[37.61264256,55.76292488],[37.61264227,55.76292494],[37.61264201,55.76292504],[37.61264179,55.76292517],[37.61264162,55.76292531],[37.61261845,55.7629498],[37.61261833,55.76294996],[37.61261827,55.76295013],[37.61261827,55.76295031],[37.61261833,55.76295048],[37.61261845,55.76295065],[37.61261863,55.76295079],[37.61261885,55.76295092],[37.61261911,55.76295101],[37.61267183,55.76296687],[37.6126965,55.7629408]]]},"properties":{"type":"room","subtype":"apartment","roomType":"KITCHEN","area":12.657829476019625},"type":"Feature"},{"geometry":{"type":"Polygon","coordinates":[[[37.61268416,55.76295384],[37.61267183,55.76296687],[37.61272456,55.76298273],[37.61272484,55.76298279],[37.61272515,55.76298283],[37.61272546,55.76298283],[37.61272577,55.76298279],[37.61272606,55.76298273],[37.61272632,55.76298263],[37.61272654,55.7629825],[37.61272671,55.76298236],[37.61273829,55.76297012],[37.61268416,55.76295384]]]},"properties":{"type":"room","subtype":"apartment","roomType":"HALL","area":6.326447348313708},"type":"Feature"},{"geometry":{"type":"Polygon","coordinates":[[[37.61273829,55.76297012],[37.61274988,55.76295787],[37.61275,55.76295771],[37.61275006,55.76295754],[37.61275006,55.76295736],[37.61275,55.76295719],[37.61274988,55.76295702],[37.6127497,55.76295688],[37.61274948,55.76295675],[37.61274922,55.76295666],[37.61272086,55.76294813],[37.61270852,55.76296117],[37.61273829,55.76297012]]]},"properties":{"type":"room","subtype":"apartment","roomType":"BATHROOM","area":3.4814312343125855},"type":"Feature"},{"geometry":{"type":"Polygon","coordinates":[[[37.61271711,55.76295209],[37.61269275,55.76294476],[37.61268416,55.76295384],[37.61270852,55.76296117],[37.61271711,55.76295209]]]},"properties":{"type":"room","subtype":"apartment","roomType":"TOILET","area":1.9838961567030915},"type":"Feature"},{"geometry":{"type":"Polygon","coordinates":[[[37.61272596,55.76298315],[37.6126177,55.76295059],[37.61259304,55.76297666],[37.6127013,55.76300922],[37.6127013,55.76300922],[37.61272596,55.76298315]]]},"properties":{"type":"room","subtype":"apartment","roomType":"BEDROOM","area":25.32444444587702},"type":"Feature"},{"geometry":{"type":"Polygon","coordinates":[[[37.61259897,55.76294366],[37.61261866,55.76294958],[37.61264141,55.76292553],[37.61262172,55.76291961],[37.61259897,55.76294366]]]},"properties":{"type":"room","subtype":"apartment","roomType":"BALCONY","area":4.246701055322162},"type":"Feature"},{"geometry":{"type":"Polygon","coordinates":[[[37.61272272,55.76298085],[37.61272694,55.76298212],[37.61272896,55.76297998],[37.61272474,55.76297871],[37.61272272,55.76298085]]]},"properties":{"type":"room_object","subtype":"room","roomObjectType":"ELECTRICAL_BOX"},"type":"Feature"},{"geometry":{"type":"Polygon","coordinates":[[[37.61267409,55.76300104],[37.61259304,55.76297666],[37.61259304,55.76297666],[37.61256837,55.76300273],[37.61267663,55.76303529],[37.61267663,55.76303529],[37.61269747,55.76301326],[37.61267041,55.76300513],[37.61267038,55.76300512],[37.61267036,55.7630051],[37.61267034,55.76300509],[37.61267033,55.76300507],[37.61267032,55.76300505],[37.61267032,55.76300504],[37.61267033,55.76300502],[37.61267034,55.763005],[37.61267409,55.76300104],[37.61267409,55.76300104]]]},"properties":{"type":"apartment","rooms":0,"totalArea":25.324444442045234,"livingArea":18.99333334632557,"apartmentType":999990},"type":"Feature"},{"geometry":{"type":"Polygon","coordinates":[[[37.61267423,55.76300108],[37.61259304,55.76297666],[37.61259304,55.76297666],[37.61256837,55.76300273],[37.61264957,55.76302715],[37.61267423,55.76300108]]]},"properties":{"type":"room","subtype":"apartment","roomType":"STUDIO","area":18.99333334632557},"type":"Feature"},{"geometry":{"type":"Polygon","coordinates":[[[37.61267048,55.76300505],[37.6126619,55.76301412],[37.61268896,55.76302226],[37.61269755,55.76301319],[37.61267048,55.76300505]]]},"properties":{"type":"room","subtype":"apartment","roomType":"JOINT_BATHROOM","area":2.203055583677535},"type":"Feature"},{"geometry":{"type":"Polygon","coordinates":[[[37.61264957,55.76302715],[37.61267663,55.76303529],[37.61267663,55.76303529],[37.61268896,55.76302226],[37.6126619,55.76301412],[37.61264957,55.76302715]]]},"properties":{"type":"room","subtype":"apartment","roomType":"HALL","area":3.1655555319231743},"type":"Feature"},{"geometry":{"type":"Polygon","coordinates":[[[37.61254964,55.7629958],[37.61256933,55.76300172],[37.61259208,55.76297768],[37.61257239,55.76297176],[37.61254964,55.7629958]]]},"properties":{"type":"room","subtype":"apartment","roomType":"BALCONY","area":4.246701055345513},"type":"Feature"},{"geometry":{"type":"Polygon","coordinates":[[[37.61267316,55.76303323],[37.61267738,55.7630345],[37.61267963,55.76303212],[37.61267541,55.76303085],[37.61267316,55.76303323]]]},"properties":{"type":"room_object","subtype":"room","roomObjectType":"ELECTRICAL_BOX"},"type":"Feature"},{"geometry":{"type":"Polygon","coordinates":[[[37.61264943,55.76302711],[37.61256837,55.76300273],[37.61256837,55.76300273],[37.6125437,55.76302881],[37.6125437,55.76302881],[37.61265197,55.76306137],[37.61267281,55.76303934],[37.61264574,55.7630312],[37.61264572,55.76303119],[37.61264569,55.76303117],[37.61264568,55.76303116],[37.61264566,55.76303114],[37.61264566,55.76303113],[37.61264566,55.76303111],[37.61264566,55.76303109],[37.61264568,55.76303108],[37.61264943,55.76302711],[37.61264943,55.76302711]]]},"properties":{"type":"apartment","rooms":0,"totalArea":25.32444427672168,"livingArea":18.993333191644105,"apartmentType":999990},"type":"Feature"},{"geometry":{"type":"Polygon","coordinates":[[[37.6126249,55.76305323],[37.61264957,55.76302715],[37.61256837,55.76300273],[37.61256837,55.76300273],[37.6125437,55.76302881],[37.6125437,55.76302881],[37.6126249,55.76305323]]]},"properties":{"type":"room","subtype":"apartment","roomType":"STUDIO","area":18.993333191644105},"type":"Feature"},{"geometry":{"type":"Polygon","coordinates":[[[37.61267288,55.76303926],[37.61264582,55.76303112],[37.61263723,55.76304019],[37.6126643,55.76304833],[37.61267288,55.76303926]]]},"properties":{"type":"room","subtype":"apartment","roomType":"JOINT_BATHROOM","area":2.203055571987799},"type":"Feature"},{"geometry":{"type":"Polygon","coordinates":[[[37.6126643,55.76304833],[37.61263723,55.76304019],[37.6126249,55.76305323],[37.61265197,55.76306137],[37.6126643,55.76304833]]]},"properties":{"type":"room","subtype":"apartment","roomType":"HALL","area":3.1655555311374037},"type":"Feature"},{"geometry":{"type":"Polygon","coordinates":[[[37.61252498,55.76302187],[37.61254466,55.76302779],[37.61256741,55.76300375],[37.61254773,55.76299783],[37.61252498,55.76302187]]]},"properties":{"type":"room","subtype":"apartment","roomType":"BALCONY","area":4.246701002354633},"type":"Feature"},{"geometry":{"type":"Polygon","coordinates":[[[37.6126485,55.7630593],[37.61265272,55.76306057],[37.61265497,55.76305819],[37.61265075,55.76305693],[37.6126485,55.7630593]]]},"properties":{"type":"room_object","subtype":"room","roomObjectType":"ELECTRICAL_BOX"},"type":"Feature"},{"geometry":{"type":"Polygon","coordinates":[[[37.61249437,55.76308095],[37.61246971,55.76310702],[37.61257797,55.76313958],[37.61260264,55.76311351],[37.6126273,55.76308744],[37.61265197,55.76306137],[37.61262233,55.76305245],[37.61261858,55.76305642],[37.61261857,55.76305643],[37.61261855,55.76305644],[37.61261852,55.76305645],[37.61261849,55.76305646],[37.61261846,55.76305646],[37.61261843,55.76305646],[37.6126184,55.76305646],[37.61261837,55.76305645],[37.61259401,55.76304913],[37.61259398,55.76304912],[37.61259396,55.76304911],[37.61259394,55.76304909],[37.61259393,55.76304908],[37.61259393,55.76304906],[37.61259393,55.76304904],[37.61259393,55.76304902],[37.61259394,55.76304901],[37.61259769,55.76304504],[37.61259769,55.76304504],[37.6125437,55.76302881],[37.61251904,55.76305488],[37.61249437,55.76308095]]]},"properties":{"type":"apartment","rooms":2,"totalArea":75.97333333547725,"livingArea":44.7738294652165,"apartmentType":999992},"type":"Feature"},{"geometry":{"type":"Polygon","coordinates":[[[37.61257317,55.76307116],[37.61259784,55.76304509],[37.61254511,55.76302923],[37.61254482,55.76302916],[37.61254452,55.76302913],[37.6125442,55.76302913],[37.6125439,55.76302916],[37.61254361,55.76302923],[37.61254335,55.76302933],[37.61254313,55.76302945],[37.61254295,55.7630296],[37.61251979,55.76305409],[37.61251967,55.76305425],[37.61251961,55.76305442],[37.61251961,55.7630546],[37.61251967,55.76305477],[37.61251979,55.76305493],[37.61251996,55.76305508],[37.61252019,55.7630552],[37.61252044,55.7630553],[37.61257317,55.76307116]]]},"properties":{"type":"room","subtype":"apartment","roomType":"KITCHEN","area":12.65782945005896},"type":"Feature"},{"geometry":{"type":"Polygon","coordinates":[[[37.6125855,55.76305812],[37.61257317,55.76307116],[37.61262589,55.76308701],[37.61262618,55.76308708],[37.61262649,55.76308712],[37.6126268,55.76308712],[37.61262711,55.76308708],[37.6126274,55.76308701],[37.61262766,55.76308692],[37.61262788,55.76308679],[37.61262805,55.76308664],[37.61263963,55.7630744],[37.6125855,55.76305812]]]},"properties":{"type":"room","subtype":"apartment","roomType":"HALL","area":6.328914712034041},"type":"Feature"},{"geometry":{"type":"Polygon","coordinates":[[[37.61262219,55.76305241],[37.61260986,55.76306545],[37.61263963,55.7630744],[37.61265122,55.76306216],[37.61265134,55.763062],[37.6126514,55.76306182],[37.6126514,55.76306165],[37.61265133,55.76306147],[37.61265121,55.76306131],[37.61265104,55.76306116],[37.61265082,55.76306104],[37.61265056,55.76306094],[37.61262219,55.76305241]]]},"properties":{"type":"room","subtype":"apartment","roomType":"BATHROOM","area":3.4799147363493357},"type":"Feature"},{"geometry":{"type":"Polygon","coordinates":[[[37.61260986,55.76306545],[37.61261844,55.76305638],[37.61259409,55.76304905],[37.6125855,55.76305812],[37.61260986,55.76306545]]]},"properties":{"type":"room","subtype":"apartment","roomType":"TOILET","area":1.9827500018378301},"type":"Feature"},{"geometry":{"type":"Polygon","coordinates":[[[37.6126022,55.76307989],[37.61252044,55.7630553],[37.61252016,55.76305523],[37.61251985,55.7630552],[37.61251954,55.7630552],[37.61251923,55.76305523],[37.61251894,55.7630553],[37.61251868,55.7630554],[37.61251846,55.76305552],[37.61251829,55.76305567],[37.61249512,55.76308016],[37.612495,55.76308032],[37.61249494,55.76308049],[37.61249494,55.76308067],[37.612495,55.76308084],[37.61249512,55.763081],[37.6124953,55.76308115],[37.61249552,55.76308128],[37.61249578,55.76308137],[37.61257754,55.76310596],[37.6126022,55.76307989]]]},"properties":{"type":"room","subtype":"apartment","roomType":"BEDROOM","area":19.44938502315489},"type":"Feature"},{"geometry":{"type":"Polygon","coordinates":[[[37.61260264,55.76311351],[37.61249437,55.76308095],[37.61246971,55.76310702],[37.61246971,55.76310702],[37.61257797,55.76313958],[37.61257798,55.76313957],[37.61260264,55.76311351],[37.61260264,55.76311351]]]},"properties":{"type":"room","subtype":"apartment","roomType":"BEDROOM","area":25.324444442061612},"type":"Feature"},{"geometry":{"type":"Polygon","coordinates":[[[37.61262669,55.76308827],[37.6126267,55.76308826],[37.61262682,55.7630881],[37.61262683,55.76308808],[37.61262689,55.76308791],[37.61262689,55.76308789],[37.61262689,55.76308772],[37.61262689,55.7630877],[37.61262683,55.76308753],[37.61262682,55.76308751],[37.6126267,55.76308735],[37.61262668,55.76308733],[37.61262651,55.76308719],[37.61262649,55.76308717],[37.61262627,55.76308705],[37.61262624,55.76308704],[37.61262598,55.76308694],[37.61262597,55.76308694],[37.61260228,55.76307981],[37.61260225,55.7630798],[37.61260222,55.7630798],[37.61260219,55.7630798],[37.61260216,55.7630798],[37.61260213,55.76307981],[37.6126021,55.76307982],[37.61260208,55.76307983],[37.61260206,55.76307985],[37.6125774,55.76310592],[37.61257739,55.76310594],[37.61257738,55.76310595],[37.61257738,55.76310597],[37.61257739,55.76310599],[37.6125774,55.763106],[37.61257741,55.76310602],[37.61257744,55.76310603],[37.61257746,55.76310604],[37.61260115,55.76311317],[37.61260117,55.76311317],[37.61260146,55.76311324],[37.61260149,55.76311324],[37.61260179,55.76311328],[37.61260182,55.76311328],[37.61260214,55.76311328],[37.61260217,55.76311328],[37.61260247,55.76311324],[37.6126025,55.76311324],[37.61260279,55.76311317],[37.61260282,55.76311316],[37.61260308,55.76311306],[37.6126031,55.76311305],[37.61260332,55.76311293],[37.61260334,55.76311291],[37.61260352,55.76311277],[37.61260353,55.76311276],[37.61262669,55.76308827]]]},"properties":{"type":"room","subtype":"apartment","roomType":"CORRIDOR","area":5.96720044438958},"type":"Feature"},{"geometry":{"type":"Polygon","coordinates":[[[37.61250031,55.76304795],[37.61252,55.76305387],[37.61254275,55.76302982],[37.61252306,55.7630239],[37.61250031,55.76304795]]]},"properties":{"type":"room","subtype":"apartment","roomType":"BALCONY","area":4.246701057932562},"type":"Feature"},{"geometry":{"type":"Polygon","coordinates":[[[37.61245098,55.76310009],[37.61247067,55.76310601],[37.61249342,55.76308196],[37.61247373,55.76307604],[37.61245098,55.76310009]]]},"properties":{"type":"room","subtype":"apartment","roomType":"BALCONY","area":4.246683684636418},"type":"Feature"},{"geometry":{"type":"Polygon","coordinates":[[[37.61262406,55.76308514],[37.61262828,55.76308641],[37.6126303,55.76308427],[37.61262608,55.763083],[37.61262406,55.76308514]]]},"properties":{"type":"room_object","subtype":"room","roomObjectType":"ELECTRICAL_BOX"},"type":"Feature"},{"geometry":{"type":"Polygon","coordinates":[[[37.61257119,55.76316584],[37.61259203,55.76314381],[37.61259203,55.76314381],[37.61246971,55.76310702],[37.61244504,55.76313309],[37.61253664,55.76316064],[37.61253664,55.76316064],[37.61254039,55.76315668],[37.61254041,55.76315666],[37.61254043,55.76315665],[37.61254046,55.76315664],[37.61254049,55.76315663],[37.61254052,55.76315663],[37.61254055,55.76315663],[37.61254058,55.76315663],[37.61254061,55.76315664],[37.61257119,55.76316584],[37.61257119,55.76316584]]]},"properties":{"type":"apartment","rooms":0,"totalArea":28.61333299480984,"livingArea":21.459999683541675,"apartmentType":999990},"type":"Feature"},{"geometry":{"type":"Polygon","coordinates":[[[37.61253678,55.76316068],[37.61256145,55.76313461],[37.61246971,55.76310702],[37.61244504,55.76313309],[37.61253678,55.76316068]]]},"properties":{"type":"room","subtype":"apartment","roomType":"STUDIO","area":21.459999683541675},"type":"Feature"},{"geometry":{"type":"Polygon","coordinates":[[[37.61254053,55.76315672],[37.61257111,55.76316592],[37.6125797,55.76315685],[37.61254912,55.76314765],[37.61254053,55.76315672]]]},"properties":{"type":"room","subtype":"apartment","roomType":"JOINT_BATHROOM","area":2.4891666569570616},"type":"Feature"},{"geometry":{"type":"Polygon","coordinates":[[[37.6125797,55.76315685],[37.61259203,55.76314381],[37.61259203,55.76314381],[37.61256145,55.76313461],[37.61254912,55.76314765],[37.6125797,55.76315685]]]},"properties":{"type":"room","subtype":"apartment","roomType":"HALL","area":3.576666656393078},"type":"Feature"},{"geometry":{"type":"Polygon","coordinates":[[[37.61242686,55.76312559],[37.61244654,55.76313151],[37.61246875,55.76310803],[37.61244907,55.76310212],[37.61242686,55.76312559]]]},"properties":{"type":"room","subtype":"apartment","roomType":"BALCONY","area":4.145572643541244},"type":"Feature"},{"geometry":{"type":"Polygon","coordinates":[[[37.61259203,55.76314381],[37.61257119,55.76316584],[37.61260177,55.76317503],[37.6126018,55.76317504],[37.61260182,55.76317506],[37.61260183,55.76317507],[37.61260185,55.76317509],[37.61260185,55.76317511],[37.61260185,55.76317512],[37.61260185,55.76317514],[37.61260184,55.76317516],[37.61259809,55.76317912],[37.61268969,55.76320667],[37.61268969,55.76320667],[37.61271435,55.7631806],[37.61271435,55.7631806],[37.61259203,55.76314381]]]},"properties":{"type":"apartment","rooms":0,"totalArea":28.61333366696398,"livingArea":21.46000031108904,"apartmentType":999990},"type":"Feature"},{"geometry":{"type":"Polygon","coordinates":[[[37.61262261,55.76315301],[37.61259794,55.76317908],[37.61268969,55.76320667],[37.61268969,55.76320667],[37.61271435,55.7631806],[37.61271435,55.7631806],[37.61262261,55.76315301]]]},"properties":{"type":"room","subtype":"apartment","roomType":"STUDIO","area":21.46000031108904},"type":"Feature"},{"geometry":{"type":"Polygon","coordinates":[[[37.61261028,55.76316604],[37.6125797,55.76315685],[37.61257111,55.76316592],[37.61260169,55.76317511],[37.61261028,55.76316604]]]},"properties":{"type":"room","subtype":"apartment","roomType":"JOINT_BATHROOM","area":2.4891667409721325},"type":"Feature"},{"geometry":{"type":"Polygon","coordinates":[[[37.61262261,55.76315301],[37.61259203,55.76314381],[37.6125797,55.76315685],[37.61261028,55.76316604],[37.61262261,55.76315301]]]},"properties":{"type":"room","subtype":"apartment","roomType":"HALL","area":3.5766666133369323},"type":"Feature"},{"geometry":{"type":"Polygon","coordinates":[[[37.61273308,55.76318753],[37.61271339,55.76318161],[37.61269119,55.76320508],[37.61271087,55.763211],[37.61273308,55.76318753]]]},"properties":{"type":"room","subtype":"apartment","roomType":"BALCONY","area":4.145572856974434},"type":"Feature"},{"geometry":{"type":"Polygon","coordinates":[[[37.61261895,55.76315496],[37.6126212,55.76315258],[37.61261453,55.76315057],[37.61261228,55.76315295],[37.61261895,55.76315496]]]},"properties":{"type":"room_object","subtype":"room","roomObjectType":"ELECTRICAL_BOX"},"type":"Feature"},{"geometry":{"type":"Polygon","coordinates":[[[37.61260609,55.76314804],[37.61271435,55.7631806],[37.61273902,55.76315452],[37.61273902,55.76315452],[37.61265796,55.76313015],[37.61265421,55.76313411],[37.61265419,55.76313413],[37.61265417,55.76313414],[37.61265415,55.76313415],[37.61265412,55.76313416],[37.61265409,55.76313416],[37.61265406,55.76313416],[37.61265402,55.76313416],[37.612654,55.76313415],[37.61262693,55.76312601],[37.61262693,55.76312601],[37.6126061,55.76314803],[37.6126061,55.76314803],[37.61260609,55.76314804]]]},"properties":{"type":"apartment","rooms":0,"totalArea":25.32444444538774,"livingArea":18.993333347837137,"apartmentType":999990},"type":"Feature"},{"geometry":{"type":"Polygon","coordinates":[[[37.61263316,55.76315618],[37.61271435,55.7631806],[37.61273902,55.76315452],[37.61273902,55.76315452],[37.61265782,55.76313011],[37.61263316,55.76315618]]]},"properties":{"type":"room","subtype":"apartment","roomType":"STUDIO","area":18.993333347837137},"type":"Feature"},{"geometry":{"type":"Polygon","coordinates":[[[37.61261842,55.763135],[37.61264549,55.76314314],[37.61265407,55.76313407],[37.61262701,55.76312593],[37.61261842,55.763135]]]},"properties":{"type":"room","subtype":"apartment","roomType":"JOINT_BATHROOM","area":2.203055548010774},"type":"Feature"},{"geometry":{"type":"Polygon","coordinates":[[[37.61261842,55.763135],[37.6126061,55.76314803],[37.6126061,55.76314803],[37.61260609,55.76314804],[37.61263316,55.76315618],[37.61264549,55.76314314],[37.61261842,55.763135]]]},"properties":{"type":"room","subtype":"apartment","roomType":"HALL","area":3.1655555611766206},"type":"Feature"},{"geometry":{"type":"Polygon","coordinates":[[[37.61275774,55.76316146],[37.61273806,55.76315554],[37.61271531,55.76317958],[37.61273499,55.7631855],[37.61275774,55.76316146]]]},"properties":{"type":"room","subtype":"apartment","roomType":"BALCONY","area":4.246701057969466},"type":"Feature"},{"geometry":{"type":"Polygon","coordinates":[[[37.61260685,55.76314724],[37.61261107,55.76314851],[37.61261331,55.76314613],[37.6126091,55.76314486],[37.61260685,55.76314724]]]},"properties":{"type":"room_object","subtype":"room","roomObjectType":"ELECTRICAL_BOX"},"type":"Feature"},{"geometry":{"type":"Polygon","coordinates":[[[37.6126516,55.76309994],[37.61263076,55.76312197],[37.61263076,55.76312197],[37.61273902,55.76315452],[37.61276368,55.76312845],[37.61276368,55.76312845],[37.61268263,55.76310408],[37.61267888,55.76310804],[37.61267886,55.76310805],[37.61267884,55.76310807],[37.61267881,55.76310808],[37.61267878,55.76310808],[37.61267875,55.76310809],[37.61267872,55.76310809],[37.61267869,55.76310808],[37.61267866,55.76310808],[37.6126516,55.76309994],[37.6126516,55.76309994]]]},"properties":{"type":"apartment","rooms":0,"totalArea":25.32444444520775,"livingArea":18.99333334327437,"apartmentType":999990},"type":"Feature"},{"geometry":{"type":"Polygon","coordinates":[[[37.61265782,55.76313011],[37.61273902,55.76315452],[37.61276368,55.76312845],[37.61276368,55.76312845],[37.61268249,55.76310403],[37.61265782,55.76313011]]]},"properties":{"type":"room","subtype":"apartment","roomType":"STUDIO","area":18.99333334327437},"type":"Feature"},{"geometry":{"type":"Polygon","coordinates":[[[37.61264309,55.76310893],[37.61267015,55.76311707],[37.61267874,55.763108],[37.61265167,55.76309986],[37.61264309,55.76310893]]]},"properties":{"type":"room","subtype":"apartment","roomType":"JOINT_BATHROOM","area":2.2030555463670862},"type":"Feature"},{"geometry":{"type":"Polygon","coordinates":[[[37.61267015,55.76311707],[37.61264309,55.76310893],[37.61263076,55.76312197],[37.61263076,55.76312197],[37.61265782,55.76313011],[37.61267015,55.76311707]]]},"properties":{"type":"room","subtype":"apartment","roomType":"HALL","area":3.1655555638081934},"type":"Feature"},{"geometry":{"type":"Polygon","coordinates":[[[37.61278241,55.76313539],[37.61276272,55.76312947],[37.61273998,55.76315351],[37.61275966,55.76315943],[37.61278241,55.76313539]]]},"properties":{"type":"room","subtype":"apartment","roomType":"BALCONY","area":4.246701056414583},"type":"Feature"},{"geometry":{"type":"Polygon","coordinates":[[[37.61263151,55.76312117],[37.61263572,55.76312244],[37.61263797,55.76312006],[37.61263375,55.7631188],[37.61263151,55.76312117]]]},"properties":{"type":"room_object","subtype":"room","roomObjectType":"ELECTRICAL_BOX"},"type":"Feature"},{"geometry":{"type":"Polygon","coordinates":[[[37.6128297,55.7630854],[37.61281001,55.76307948],[37.61276668,55.76312528],[37.61278637,55.7631312],[37.6128297,55.7630854]]]},"properties":{"type":"balcony","area":8.088888943913599,"subtype":"service"},"type":"Feature"},{"geometry":{"type":"Polygon","coordinates":[[[37.61265542,55.76309589],[37.61265542,55.76309589],[37.61268009,55.76306982],[37.61278835,55.76310238],[37.61278835,55.76310238],[37.61276368,55.76312845],[37.61265542,55.76309589]]]},"properties":{"type":"ladder","area":25.324444441412858,"subtype":"service"},"type":"Feature"},{"geometry":{"type":"Polygon","coordinates":[[[37.61274757,55.76309012],[37.61278835,55.76310238],[37.61281301,55.76307631],[37.61270475,55.76304375],[37.61270475,55.76304375],[37.61268771,55.76306176],[37.61269583,55.76305318],[37.61270286,55.76305529],[37.61271833,55.76305994],[37.61274083,55.76306671],[37.61276332,55.76307347],[37.61274757,55.76309012]]]},"properties":{"type":"corridor","area":15.244444629375328,"subtype":"service"},"type":"Feature"},{"geometry":{"type":"Polygon","coordinates":[[[37.61268712,55.76307194],[37.61270286,55.76305529],[37.61269583,55.76305318],[37.61268009,55.76306982],[37.61268009,55.76306982],[37.61268712,55.76307194]]]},"properties":{"type":"heating_meter","area":1.0499999816303425,"subtype":"service"},"type":"Feature"},{"geometry":{"type":"Polygon","coordinates":[[[37.61270258,55.76307659],[37.61271833,55.76305994],[37.61270286,55.76305529],[37.61268712,55.76307194],[37.61270258,55.76307659]]]},"properties":{"type":"elevator","area":2.309999999999694,"subtype":"service"},"type":"Feature"},{"geometry":{"type":"Polygon","coordinates":[[[37.61272508,55.76308335],[37.61274083,55.76306671],[37.61271833,55.76305994],[37.61270258,55.76307659],[37.61272508,55.76308335]]]},"properties":{"type":"elevator","area":3.3599999998671324,"subtype":"service"},"type":"Feature"},{"geometry":{"type":"Polygon","coordinates":[[[37.61274757,55.76309012],[37.61276332,55.76307347],[37.61274083,55.76306671],[37.61272508,55.76308335],[37.61274757,55.76309012]]]},"properties":{"type":"elevator","area":3.3600000006106674,"subtype":"service"},"type":"Feature"},{"geometry":{"type":"Polygon","coordinates":[[[37.61257798,55.76313957],[37.6126061,55.76314803],[37.61277874,55.76296554],[37.61275062,55.76295709],[37.61257798,55.76313957]]]},"properties":{"type":"corridor","area":46.04044808091324,"subtype":"service"},"type":"Feature"},{"geometry":{"type":"Polygon","coordinates":[[[37.61273827,55.76304874],[37.61273452,55.7630527],[37.61275888,55.76306003],[37.61276263,55.76305607],[37.61273827,55.76304874]]]},"properties":{"type":"ventilation","area":0.8662500008508573,"subtype":"service"},"type":"Feature"},{"geometry":{"type":"Polygon","coordinates":[[[37.61280206,55.76297764],[37.61280581,55.76297367],[37.61277875,55.76296554],[37.61277874,55.76296554],[37.612775,55.7629695],[37.61280206,55.76297764]]]},"properties":{"type":"ventilation","area":0.9626293723785133,"subtype":"service"},"type":"Feature"},{"geometry":{"type":"Polygon","coordinates":[[[37.61272444,55.7629208],[37.61275196,55.76292908],[37.61275571,55.76292512],[37.61272819,55.76291684],[37.61272444,55.7629208]]]},"properties":{"type":"ventilation","area":0.9787500269226102,"subtype":"service"},"type":"Feature"},{"geometry":{"type":"Polygon","coordinates":[[[37.6127856,55.7629392],[37.6127886,55.76293603],[37.61278872,55.76293586],[37.61278878,55.76293569],[37.61278878,55.76293552],[37.61278872,55.76293534],[37.6127886,55.76293518],[37.61278843,55.76293503],[37.61278821,55.76293491],[37.61278795,55.76293481],[37.61276355,55.76292748],[37.6127598,55.76293144],[37.6127856,55.7629392]]]},"properties":{"type":"ventilation","area":0.9153036173012327,"subtype":"service"},"type":"Feature"},{"geometry":{"type":"Polygon","coordinates":[[[37.61272086,55.76294813],[37.6126965,55.7629408],[37.61269275,55.76294476],[37.61271711,55.76295209],[37.61272086,55.76294813]]]},"properties":{"type":"ventilation","area":0.8660546808146021,"subtype":"service"},"type":"Feature"},{"geometry":{"type":"Polygon","coordinates":[[[37.61269755,55.76301319],[37.6127013,55.76300922],[37.61267423,55.76300108],[37.61267048,55.76300505],[37.61269755,55.76301319]]]},"properties":{"type":"ventilation","area":0.9624999823769769,"subtype":"service"},"type":"Feature"},{"geometry":{"type":"Polygon","coordinates":[[[37.61267288,55.76303926],[37.61267663,55.76303529],[37.61264957,55.76302715],[37.61264582,55.76303112],[37.61267288,55.76303926]]]},"properties":{"type":"ventilation","area":0.9624999794064926,"subtype":"service"},"type":"Feature"},{"geometry":{"type":"Polygon","coordinates":[[[37.61261844,55.76305638],[37.61262219,55.76305241],[37.61259784,55.76304509],[37.61259409,55.76304905],[37.61261844,55.76305638]]]},"properties":{"type":"ventilation","area":0.8662499995186792,"subtype":"service"},"type":"Feature"},{"geometry":{"type":"Polygon","coordinates":[[[37.61257111,55.76316592],[37.61254053,55.76315672],[37.61253678,55.76316068],[37.61256736,55.76316988],[37.61256736,55.76316988],[37.61257111,55.76316592]]]},"properties":{"type":"ventilation","area":1.0874999994511578,"subtype":"service"},"type":"Feature"},{"geometry":{"type":"Polygon","coordinates":[[[37.61260169,55.76317511],[37.61257111,55.76316592],[37.61256736,55.76316988],[37.61259794,55.76317908],[37.61260169,55.76317511]]]},"properties":{"type":"ventilation","area":1.08749999947229,"subtype":"service"},"type":"Feature"},{"geometry":{"type":"Polygon","coordinates":[[[37.61265407,55.76313407],[37.61265782,55.76313011],[37.61263076,55.76312197],[37.61262701,55.76312593],[37.61265407,55.76313407]]]},"properties":{"type":"ventilation","area":0.9624999904512034,"subtype":"service"},"type":"Feature"},{"geometry":{"type":"Polygon","coordinates":[[[37.61265167,55.76309986],[37.61267874,55.763108],[37.61268249,55.76310403],[37.61265542,55.76309589],[37.61265167,55.76309986]]]},"properties":{"type":"ventilation","area":0.9624999915859302,"subtype":"service"},"type":"Feature"},{"geometry":{"type":"Polygon","coordinates":[[[37.61252778,55.76335872],[37.61255242,55.76333267],[37.61245822,55.76330434],[37.61243357,55.76333039],[37.61242615,55.76333824],[37.6124497,55.76334532],[37.61244973,55.76334533],[37.61244975,55.76334534],[37.61244976,55.76334536],[37.61244978,55.76334537],[37.61244978,55.76334539],[37.61244978,55.76334541],[37.61244978,55.76334542],[37.61244976,55.76334544],[37.61244602,55.7633494],[37.61244602,55.7633494],[37.61251653,55.76337061],[37.61252778,55.76335872]]]},"properties":{"type":"apartment","rooms":0,"totalArea":32.0642858649767,"livingArea":24.04821445024926,"apartmentType":999990},"type":"Feature"},{"geometry":{"type":"Polygon","coordinates":[[[37.61248177,55.76331143],[37.61244587,55.76334936],[37.61251653,55.76337061],[37.61252778,55.76335872],[37.61255242,55.76333267],[37.61248177,55.76331143]]]},"properties":{"type":"room","subtype":"apartment","roomType":"STUDIO","area":24.04821445024926},"type":"Feature"},{"geometry":{"type":"Polygon","coordinates":[[[37.61244962,55.7633454],[37.61246382,55.76333039],[37.61244027,55.76332331],[37.61243357,55.76333039],[37.61242607,55.76333832],[37.61244962,55.7633454]]]},"properties":{"type":"room","subtype":"apartment","roomType":"JOINT_BATHROOM","area":3.170535745953842},"type":"Feature"},{"geometry":{"type":"Polygon","coordinates":[[[37.61246382,55.76333039],[37.61248177,55.76331143],[37.61245822,55.76330434],[37.61244027,55.76332331],[37.61246382,55.76333039]]]},"properties":{"type":"room","subtype":"apartment","roomType":"HALL","area":4.008035659821465},"type":"Feature"},{"geometry":{"type":"Polygon","coordinates":[[[37.61257114,55.76333961],[37.61255146,55.76333369],[37.61251748,55.7633696],[37.61253717,55.76337552],[37.61257114,55.76333961]]]},"properties":{"type":"room","subtype":"apartment","roomType":"BALCONY","area":6.342256664273616},"type":"Feature"},{"geometry":{"type":"Polygon","coordinates":[[[37.61257706,55.76330663],[37.61250655,55.76328542],[37.6125028,55.76328938],[37.61250278,55.7632894],[37.61250276,55.76328941],[37.61250273,55.76328942],[37.6125027,55.76328943],[37.61250267,55.76328943],[37.61250264,55.76328943],[37.61250261,55.76328943],[37.61250258,55.76328942],[37.61247903,55.76328234],[37.61247903,55.76328234],[37.61245822,55.76330434],[37.61255242,55.76333267],[37.61257706,55.76330663]]]},"properties":{"type":"apartment","rooms":0,"totalArea":22.014285563393777,"livingArea":16.51071416032657,"apartmentType":999990},"type":"Feature"},{"geometry":{"type":"Polygon","coordinates":[[[37.61257706,55.76330663],[37.61250641,55.76328538],[37.61248177,55.76331143],[37.61255242,55.76333267],[37.61257706,55.76330663]]]},"properties":{"type":"room","subtype":"apartment","roomType":"STUDIO","area":16.51071416032657},"type":"Feature"},{"geometry":{"type":"Polygon","coordinates":[[[37.61250266,55.76328934],[37.61247911,55.76328226],[37.61247054,55.76329132],[37.61249409,55.7632984],[37.61250266,55.76328934]]]},"properties":{"type":"room","subtype":"apartment","roomType":"JOINT_BATHROOM","area":1.914285691880136},"type":"Feature"},{"geometry":{"type":"Polygon","coordinates":[[[37.61248177,55.76331143],[37.61249409,55.7632984],[37.61247054,55.76329132],[37.61245822,55.76330434],[37.61248177,55.76331143]]]},"properties":{"type":"room","subtype":"apartment","roomType":"HALL","area":2.7517857184578407},"type":"Feature"},{"geometry":{"type":"Polygon","coordinates":[[[37.61259579,55.76331356],[37.6125761,55.76330764],[37.61255338,55.76333166],[37.61257306,55.76333758],[37.61259579,55.76331356]]]},"properties":{"type":"room","subtype":"apartment","roomType":"BALCONY","area":4.242256557363648},"type":"Feature"},{"geometry":{"type":"Polygon","coordinates":[[[37.61245897,55.76330355],[37.61246318,55.76330482],[37.61246543,55.76330244],[37.61246122,55.76330117],[37.61245897,55.76330355]]]},"properties":{"type":"room_object","subtype":"room","roomObjectType":"ELECTRICAL_BOX"},"type":"Feature"},{"geometry":{"type":"Polygon","coordinates":[[[37.61250367,55.76325629],[37.61248286,55.7632783],[37.61257706,55.76330663],[37.61257706,55.76330663],[37.6126017,55.76328058],[37.61253119,55.76325937],[37.61252744,55.76326334],[37.61252742,55.76326335],[37.6125274,55.76326336],[37.61252737,55.76326337],[37.61252735,55.76326338],[37.61252732,55.76326338],[37.61252728,55.76326338],[37.61252725,55.76326338],[37.61252722,55.76326337],[37.61250367,55.76325629],[37.61250367,55.76325629]]]},"properties":{"type":"apartment","rooms":0,"totalArea":22.014285717483173,"livingArea":16.510714300405855,"apartmentType":999990},"type":"Feature"},{"geometry":{"type":"Polygon","coordinates":[[[37.61257706,55.76330663],[37.61257706,55.76330663],[37.6126017,55.76328058],[37.61253105,55.76325933],[37.61250641,55.76328538],[37.61257706,55.76330663]]]},"properties":{"type":"room","subtype":"apartment","roomType":"STUDIO","area":16.510714300405855},"type":"Feature"},{"geometry":{"type":"Polygon","coordinates":[[[37.6125273,55.7632633],[37.61250375,55.76325621],[37.61249518,55.76326527],[37.61251873,55.76327236],[37.6125273,55.7632633]]]},"properties":{"type":"room","subtype":"apartment","roomType":"JOINT_BATHROOM","area":1.9142857038223353},"type":"Feature"},{"geometry":{"type":"Polygon","coordinates":[[[37.61249518,55.76326527],[37.61248286,55.7632783],[37.61250641,55.76328538],[37.61251873,55.76327236],[37.61249518,55.76326527]]]},"properties":{"type":"room","subtype":"apartment","roomType":"HALL","area":2.7517857217349806},"type":"Feature"},{"geometry":{"type":"Polygon","coordinates":[[[37.61262043,55.76328751],[37.61260074,55.76328159],[37.61257802,55.76330561],[37.6125977,55.76331153],[37.61262043,55.76328751]]]},"properties":{"type":"room","subtype":"apartment","roomType":"BALCONY","area":4.242256611446948},"type":"Feature"},{"geometry":{"type":"Polygon","coordinates":[[[37.61248361,55.7632775],[37.61248783,55.76327877],[37.61249008,55.76327639],[37.61248586,55.76327513],[37.61248361,55.7632775]]]},"properties":{"type":"room_object","subtype":"room","roomObjectType":"ELECTRICAL_BOX"},"type":"Feature"},{"geometry":{"type":"Polygon","coordinates":[[[37.61253214,55.7632262],[37.6125075,55.76325225],[37.61253326,55.76326],[37.61253701,55.76325603],[37.61253703,55.76325602],[37.61253705,55.76325601],[37.61253708,55.763256],[37.61253711,55.76325599],[37.61253714,55.76325599],[37.61253717,55.76325599],[37.6125372,55.76325599],[37.61253723,55.763256],[37.61255842,55.76326237],[37.61255845,55.76326238],[37.61255847,55.76326239],[37.61255849,55.76326241],[37.6125585,55.76326242],[37.61255851,55.76326244],[37.61255851,55.76326246],[37.6125585,55.76326248],[37.61255849,55.76326249],[37.61255474,55.76326646],[37.61255474,55.76326646],[37.6126017,55.76328058],[37.6126017,55.76328058],[37.61265098,55.76322849],[37.61255678,55.76320016],[37.61253214,55.7632262]]]},"properties":{"type":"apartment","rooms":1,"totalArea":44.028571427762344,"livingArea":22.014285563206897,"apartmentType":999991},"type":"Feature"},{"geometry":{"type":"Polygon","coordinates":[[[37.6125546,55.76326641],[37.6126003,55.76328016],[37.61260058,55.76328022],[37.61260089,55.76328026],[37.6126012,55.76328026],[37.61260151,55.76328022],[37.6126018,55.76328016],[37.61260206,55.76328006],[37.61260228,55.76327993],[37.61260245,55.76327979],[37.61262559,55.76325533],[37.61262571,55.76325516],[37.61262577,55.76325499],[37.61262577,55.76325481],[37.61262571,55.76325464],[37.61262559,55.76325448],[37.61262542,55.76325433],[37.6126252,55.76325421],[37.61262494,55.76325411],[37.61257924,55.76324037],[37.6125546,55.76326641]]]},"properties":{"type":"room","subtype":"apartment","roomType":"KITCHEN","area":11.002750186615746},"type":"Feature"},{"geometry":{"type":"Polygon","coordinates":[[[37.61256692,55.76325339],[37.61257924,55.76324037],[37.61253355,55.76322663],[37.61253326,55.76322656],[37.61253295,55.76322652],[37.61253264,55.76322652],[37.61253233,55.76322656],[37.61253204,55.76322663],[37.61253178,55.76322672],[37.61253156,55.76322685],[37.61253139,55.763227],[37.61251982,55.76323923],[37.61256692,55.76325339]]]},"properties":{"type":"room","subtype":"apartment","roomType":"HALL","area":5.50137501437376},"type":"Feature"},{"geometry":{"type":"Polygon","coordinates":[[[37.61254573,55.76324702],[37.61251982,55.76323923],[37.61250825,55.76325146],[37.61250813,55.76325162],[37.61250807,55.76325179],[37.61250807,55.76325197],[37.61250813,55.76325214],[37.61250825,55.7632523],[37.61250842,55.76325245],[37.61250865,55.76325257],[37.6125089,55.76325267],[37.6125334,55.76326004],[37.61254573,55.76324702]]]},"properties":{"type":"room","subtype":"apartment","roomType":"BATHROOM","area":3.0247679439193424},"type":"Feature"},{"geometry":{"type":"Polygon","coordinates":[[[37.61255835,55.76326245],[37.61256692,55.76325339],[37.61254573,55.76324702],[37.61253715,55.76325608],[37.61255835,55.76326245]]]},"properties":{"type":"room","subtype":"apartment","roomType":"TOILET","area":1.7228571679559042},"type":"Feature"},{"geometry":{"type":"Polygon","coordinates":[[[37.61265098,55.76322849],[37.61255678,55.76320016],[37.61255677,55.76320016],[37.61253214,55.7632262],[37.61262634,55.76325453],[37.61265098,55.76322849]]]},"properties":{"type":"room","subtype":"apartment","roomType":"BEDROOM","area":22.014285563206897},"type":"Feature"},{"geometry":{"type":"Polygon","coordinates":[[[37.61264507,55.76326147],[37.61262538,55.76325555],[37.61260266,55.76327957],[37.61262234,55.76328549],[37.61264507,55.76326147]]]},"properties":{"type":"room","subtype":"apartment","roomType":"BALCONY","area":4.2422566643405},"type":"Feature"},{"geometry":{"type":"Polygon","coordinates":[[[37.61253538,55.7632285],[37.61253117,55.76322723],[37.61252914,55.76322937],[37.61253336,55.76323064],[37.61253538,55.7632285]]]},"properties":{"type":"room_object","subtype":"room","roomObjectType":"ELECTRICAL_BOX"},"type":"Feature"},{"geometry":{"type":"Polygon","coordinates":[[[37.61256354,55.76317392],[37.61254272,55.76319593],[37.61265098,55.76322849],[37.61265098,55.76322849],[37.61267563,55.76320244],[37.61259457,55.76317806],[37.61259082,55.76318203],[37.6125908,55.76318204],[37.61259078,55.76318205],[37.61259076,55.76318206],[37.61259073,55.76318207],[37.6125907,55.76318207],[37.61259066,55.76318207],[37.61259063,55.76318207],[37.6125906,55.76318206],[37.61256354,55.76317392],[37.61256354,55.76317392]]]},"properties":{"type":"apartment","rooms":0,"totalArea":25.2999997057966,"livingArea":18.97499973439973,"apartmentType":999990},"type":"Feature"},{"geometry":{"type":"Polygon","coordinates":[[[37.61256979,55.76320407],[37.61265098,55.76322849],[37.61265098,55.76322849],[37.61267563,55.76320244],[37.61259443,55.76317802],[37.61256979,55.76320407]]]},"properties":{"type":"room","subtype":"apartment","roomType":"STUDIO","area":18.97499973439973},"type":"Feature"},{"geometry":{"type":"Polygon","coordinates":[[[37.61259068,55.76318198],[37.61256361,55.76317384],[37.61255504,55.7631829],[37.61258211,55.76319104],[37.61259068,55.76318198]]]},"properties":{"type":"room","subtype":"apartment","roomType":"JOINT_BATHROOM","area":2.1999999626707685},"type":"Feature"},{"geometry":{"type":"Polygon","coordinates":[[[37.61258211,55.76319104],[37.61255504,55.7631829],[37.61254272,55.76319593],[37.61256979,55.76320407],[37.61258211,55.76319104]]]},"properties":{"type":"room","subtype":"apartment","roomType":"HALL","area":3.162499996914071},"type":"Feature"},{"geometry":{"type":"Polygon","coordinates":[[[37.61269381,55.76320995],[37.61267413,55.76320403],[37.61265194,55.76322747],[37.61267163,55.76323339],[37.61269381,55.76320995]]]},"properties":{"type":"room","subtype":"apartment","roomType":"BALCONY","area":4.141128198454887},"type":"Feature"},{"geometry":{"type":"Polygon","coordinates":[[[37.61254638,55.76319397],[37.61254413,55.76319635],[37.61254835,55.76319762],[37.6125506,55.76319524],[37.61254638,55.76319397]]]},"properties":{"type":"room_object","subtype":"room","roomObjectType":"ELECTRICAL_BOX"},"type":"Feature"},{"geometry":{"type":"Polygon","coordinates":[[[37.61243446,55.76316337],[37.61240982,55.76318942],[37.61245678,55.76320354],[37.61245678,55.76320354],[37.61246053,55.76319957],[37.61246055,55.76319956],[37.61246057,55.76319955],[37.61246059,55.76319954],[37.61246062,55.76319953],[37.61246065,55.76319953],[37.61246068,55.76319953],[37.61246072,55.76319953],[37.61246074,55.76319954],[37.61248194,55.76320591],[37.61248196,55.76320592],[37.61248199,55.76320593],[37.612482,55.76320595],[37.61248202,55.76320596],[37.61248202,55.76320598],[37.61248202,55.763206],[37.61248202,55.76320602],[37.612482,55.76320603],[37.61247825,55.76321],[37.61250402,55.76321775],[37.61252866,55.7631917],[37.61254272,55.76319593],[37.61254272,55.76319593],[37.61256736,55.76316988],[37.6124591,55.76313732],[37.6124591,55.76313732],[37.61243446,55.76316337]]]},"properties":{"type":"apartment","rooms":1,"totalArea":47.31428615801966,"livingArea":25.300000300436807,"apartmentType":999991},"type":"Feature"},{"geometry":{"type":"Polygon","coordinates":[[[37.61243587,55.76316379],[37.61243558,55.76316372],[37.61243527,55.76316369],[37.61243496,55.76316369],[37.61243465,55.76316372],[37.61243436,55.76316379],[37.6124341,55.76316389],[37.61243388,55.76316402],[37.61243371,55.76316416],[37.61241057,55.76318862],[37.61241045,55.76318879],[37.61241039,55.76318896],[37.61241039,55.76318913],[37.61241045,55.76318931],[37.61241057,55.76318947],[37.61241074,55.76318962],[37.61241096,55.76318974],[37.61241122,55.76318984],[37.61245692,55.76320358],[37.61248156,55.76317754],[37.61243587,55.76316379]]]},"properties":{"type":"room","subtype":"apartment","roomType":"KITCHEN","area":11.00191439923896},"type":"Feature"},{"geometry":{"type":"Polygon","coordinates":[[[37.61251633,55.76320473],[37.61252791,55.7631925],[37.61252802,55.76319234],[37.61252809,55.76319216],[37.61252808,55.76319199],[37.61252802,55.76319182],[37.6125279,55.76319165],[37.61252773,55.76319151],[37.61252751,55.76319138],[37.61252725,55.76319128],[37.61248156,55.76317754],[37.61246924,55.76319056],[37.61251633,55.76320473]]]},"properties":{"type":"room","subtype":"apartment","roomType":"HALL","area":5.500925936927094},"type":"Feature"},{"geometry":{"type":"Polygon","coordinates":[[[37.61249043,55.76319694],[37.61247811,55.76320995],[37.61250261,55.76321732],[37.6125029,55.76321739],[37.61250321,55.76321742],[37.61250352,55.76321742],[37.61250383,55.76321739],[37.61250412,55.76321732],[37.61250438,55.76321722],[37.6125046,55.7632171],[37.61250477,55.76321695],[37.61251633,55.76320473],[37.61249043,55.76319694]]]},"properties":{"type":"room","subtype":"apartment","roomType":"BATHROOM","area":3.0235213467165956},"type":"Feature"},{"geometry":{"type":"Polygon","coordinates":[[[37.61248186,55.76320599],[37.61249043,55.76319694],[37.61246924,55.76319056],[37.61246067,55.76319961],[37.61248186,55.76320599]]]},"properties":{"type":"room","subtype":"apartment","roomType":"TOILET","area":1.7218797753058865},"type":"Feature"},{"geometry":{"type":"Polygon","coordinates":[[[37.61254272,55.76319593],[37.61243446,55.76316337],[37.6124591,55.76313732],[37.6124591,55.76313732],[37.61256736,55.76316988],[37.61254272,55.76319593],[37.61254272,55.76319593]]]},"properties":{"type":"room","subtype":"apartment","roomType":"BEDROOM","area":25.300000300436807},"type":"Feature"},{"geometry":{"type":"Polygon","coordinates":[[[37.61239109,55.76318248],[37.61241078,55.7631884],[37.6124335,55.76316438],[37.61241382,55.76315846],[37.61239109,55.76318248]]]},"properties":{"type":"room","subtype":"apartment","roomType":"BALCONY","area":4.242236680523825},"type":"Feature"},{"geometry":{"type":"Polygon","coordinates":[[[37.61252768,55.76319274],[37.61252346,55.76319147],[37.61252144,55.76319361],[37.61252566,55.76319488],[37.61252768,55.76319274]]]},"properties":{"type":"room_object","subtype":"room","roomObjectType":"ELECTRICAL_BOX"},"type":"Feature"},{"geometry":{"type":"Polygon","coordinates":[[[37.61236054,55.76324151],[37.61233589,55.76326756],[37.6124301,55.76329589],[37.61245474,55.76326984],[37.61247938,55.76324379],[37.61250402,55.76321775],[37.61247826,55.76321],[37.61247451,55.76321396],[37.61247449,55.76321398],[37.61247447,55.76321399],[37.61247444,55.763214],[37.61247441,55.763214],[37.61247438,55.76321401],[37.61247435,55.76321401],[37.61247432,55.763214],[37.61247429,55.763214],[37.61245309,55.76320762],[37.61245307,55.76320761],[37.61245305,55.7632076],[37.61245303,55.76320759],[37.61245302,55.76320757],[37.61245301,55.76320755],[37.61245301,55.76320754],[37.61245302,55.76320752],[37.61245303,55.7632075],[37.61245678,55.76320354],[37.61240982,55.76318942],[37.61238518,55.76321546],[37.61236054,55.76324151]]]},"properties":{"type":"apartment","rooms":2,"totalArea":66.04285714511674,"livingArea":38.32346453194501,"apartmentType":999992},"type":"Feature"},{"geometry":{"type":"Polygon","coordinates":[[[37.61245692,55.76320358],[37.61241122,55.76318984],[37.61241094,55.76318977],[37.61241063,55.76318974],[37.61241032,55.76318974],[37.61241001,55.76318977],[37.61240972,55.76318984],[37.61240946,55.76318994],[37.61240924,55.76319006],[37.61240907,55.76319021],[37.61238593,55.76321467],[37.61238581,55.76321483],[37.61238575,55.763215],[37.61238575,55.76321518],[37.61238581,55.76321535],[37.61238593,55.76321552],[37.6123861,55.76321566],[37.61238632,55.76321579],[37.61238658,55.76321588],[37.61243228,55.76322963],[37.61245692,55.76320358]]]},"properties":{"type":"room","subtype":"apartment","roomType":"KITCHEN","area":11.00274998493357},"type":"Feature"},{"geometry":{"type":"Polygon","coordinates":[[[37.6124917,55.76323077],[37.6124446,55.7632166],[37.61243228,55.76322963],[37.61247797,55.76324337],[37.61247826,55.76324344],[37.61247857,55.76324347],[37.61247888,55.76324347],[37.61247919,55.76324344],[37.61247948,55.76324337],[37.61247973,55.76324327],[37.61247996,55.76324315],[37.61248013,55.763243],[37.6124917,55.76323077]]]},"properties":{"type":"room","subtype":"apartment","roomType":"HALL","area":5.50137500986772},"type":"Feature"},{"geometry":{"type":"Polygon","coordinates":[[[37.61246579,55.76322298],[37.6124917,55.76323077],[37.61250327,55.76321854],[37.61250339,55.76321838],[37.61250345,55.7632182],[37.61250345,55.76321803],[37.61250339,55.76321785],[37.61250327,55.76321769],[37.6125031,55.76321755],[37.61250287,55.76321742],[37.61250261,55.76321732],[37.61247812,55.76320996],[37.61246579,55.76322298]]]},"properties":{"type":"room","subtype":"apartment","roomType":"BATHROOM","area":3.024767903803061},"type":"Feature"},{"geometry":{"type":"Polygon","coordinates":[[[37.61247437,55.76321392],[37.61245317,55.76320754],[37.6124446,55.7632166],[37.61246579,55.76322298],[37.61247437,55.76321392]]]},"properties":{"type":"room","subtype":"apartment","roomType":"TOILET","area":1.7228571292278334},"type":"Feature"},{"geometry":{"type":"Polygon","coordinates":[[[37.61243034,55.7632625],[37.61245498,55.76323646],[37.61238658,55.76321588],[37.61238629,55.76321582],[37.61238599,55.76321578],[37.61238568,55.76321578],[37.61238537,55.76321582],[37.61238508,55.76321589],[37.61238482,55.76321598],[37.6123846,55.76321611],[37.61238443,55.76321625],[37.61236129,55.76324072],[37.61236117,55.76324088],[37.61236111,55.76324105],[37.61236111,55.76324123],[37.61236117,55.7632414],[37.61236129,55.76324156],[37.61236146,55.76324171],[37.61236168,55.76324183],[37.61236194,55.76324193],[37.61243034,55.7632625]]]},"properties":{"type":"room","subtype":"apartment","roomType":"BEDROOM","area":16.30917867518995},"type":"Feature"},{"geometry":{"type":"Polygon","coordinates":[[[37.61245474,55.76326984],[37.61236054,55.76324151],[37.61236054,55.76324151],[37.61233589,55.76326756],[37.6124301,55.76329589],[37.61245474,55.76326984]]]},"properties":{"type":"room","subtype":"apartment","roomType":"BEDROOM","area":22.014285856755052},"type":"Feature"},{"geometry":{"type":"Polygon","coordinates":[[[37.61247877,55.76324463],[37.61247878,55.76324462],[37.6124789,55.76324446],[37.6124789,55.76324444],[37.61247897,55.76324427],[37.61247897,55.76324425],[37.61247897,55.76324407],[37.61247896,55.76324406],[37.6124789,55.76324388],[37.61247889,55.76324387],[37.61247877,55.7632437],[37.61247876,55.76324369],[37.61247859,55.76324354],[37.61247857,55.76324353],[37.61247835,55.7632434],[37.61247832,55.76324339],[37.61247806,55.76324329],[37.61247805,55.76324329],[37.61245506,55.76323638],[37.61245503,55.76323637],[37.612455,55.76323637],[37.61245497,55.76323637],[37.61245494,55.76323637],[37.61245491,55.76323638],[37.61245488,55.76323639],[37.61245486,55.7632364],[37.61245484,55.76323641],[37.6124302,55.76326246],[37.61243019,55.76326248],[37.61243018,55.76326249],[37.61243018,55.76326251],[37.61243019,55.76326253],[37.6124302,55.76326255],[37.61243022,55.76326256],[37.61243024,55.76326257],[37.61243027,55.76326258],[37.61245326,55.7632695],[37.61245327,55.7632695],[37.61245356,55.76326957],[37.61245359,55.76326957],[37.6124539,55.76326961],[37.61245393,55.76326961],[37.61245424,55.76326961],[37.61245427,55.76326961],[37.61245458,55.76326957],[37.61245461,55.76326957],[37.61245489,55.7632695],[37.61245492,55.76326949],[37.61245518,55.76326939],[37.61245521,55.76326938],[37.61245543,55.76326926],[37.61245545,55.76326924],[37.61245562,55.7632691],[37.61245563,55.76326909],[37.61247877,55.76324463]]]},"properties":{"type":"room","subtype":"apartment","roomType":"CORRIDOR","area":5.796184566138026},"type":"Feature"},{"geometry":{"type":"Polygon","coordinates":[[[37.61234181,55.76323458],[37.61236149,55.7632405],[37.61238422,55.76321647],[37.61236453,55.76321056],[37.61234181,55.76323458]]]},"properties":{"type":"room","subtype":"apartment","roomType":"BALCONY","area":4.242256611446948},"type":"Feature"},{"geometry":{"type":"Polygon","coordinates":[[[37.61247614,55.76324149],[37.61248035,55.76324276],[37.61248238,55.76324062],[37.61247816,55.76323935],[37.61247614,55.76324149]]]},"properties":{"type":"room_object","subtype":"room","roomObjectType":"ELECTRICAL_BOX"},"type":"Feature"},{"geometry":{"type":"Polygon","coordinates":[[[37.6124064,55.76328876],[37.61233589,55.76326756],[37.61231125,55.7632936],[37.61240545,55.76332193],[37.61240545,55.76332193],[37.61242627,55.76329993],[37.61240272,55.76329285],[37.61240269,55.76329284],[37.61240267,55.76329282],[37.61240265,55.76329281],[37.61240264,55.76329279],[37.61240264,55.76329278],[37.61240264,55.76329276],[37.61240264,55.76329274],[37.61240265,55.76329272],[37.6124064,55.76328876],[37.6124064,55.76328876]]]},"properties":{"type":"apartment","rooms":0,"totalArea":22.014285570196446,"livingArea":16.51071416819456,"apartmentType":999990},"type":"Feature"},{"geometry":{"type":"Polygon","coordinates":[[[37.61240654,55.7632888],[37.61233589,55.76326756],[37.61231125,55.7632936],[37.6123819,55.76331485],[37.61240654,55.7632888]]]},"properties":{"type":"room","subtype":"apartment","roomType":"STUDIO","area":16.51071416819456},"type":"Feature"},{"geometry":{"type":"Polygon","coordinates":[[[37.61240279,55.76329277],[37.61239422,55.76330183],[37.61241777,55.76330891],[37.61242635,55.76329985],[37.61240279,55.76329277]]]},"properties":{"type":"room","subtype":"apartment","roomType":"JOINT_BATHROOM","area":1.9142857319155924},"type":"Feature"},{"geometry":{"type":"Polygon","coordinates":[[[37.61241777,55.76330891],[37.61239422,55.76330183],[37.6123819,55.76331485],[37.61240545,55.76332193],[37.61240545,55.76332193],[37.61241777,55.76330891]]]},"properties":{"type":"room","subtype":"apartment","roomType":"HALL","area":2.7517856869553325},"type":"Feature"},{"geometry":{"type":"Polygon","coordinates":[[[37.61229253,55.76328667],[37.61231221,55.76329259],[37.61233494,55.76326857],[37.61231525,55.76326265],[37.61229253,55.76328667]]]},"properties":{"type":"room","subtype":"apartment","roomType":"BALCONY","area":4.242256558821368},"type":"Feature"},{"geometry":{"type":"Polygon","coordinates":[[[37.61240199,55.76331987],[37.6124062,55.76332114],[37.61240845,55.76331876],[37.61240424,55.76331749],[37.61240199,55.76331987]]]},"properties":{"type":"room_object","subtype":"room","roomObjectType":"ELECTRICAL_BOX"},"type":"Feature"},{"geometry":{"type":"Polygon","coordinates":[[[37.61238176,55.76331481],[37.61231125,55.7632936],[37.61231125,55.7632936],[37.61228661,55.76331965],[37.61238081,55.76334798],[37.61240163,55.76332598],[37.61237808,55.76331889],[37.61237805,55.76331888],[37.61237803,55.76331887],[37.61237801,55.76331886],[37.612378,55.76331884],[37.61237799,55.76331882],[37.61237799,55.7633188],[37.612378,55.76331879],[37.61237801,55.76331877],[37.61238176,55.76331481],[37.61238176,55.76331481]]]},"properties":{"type":"apartment","rooms":0,"totalArea":22.014285856925568,"livingArea":16.51071442240722,"apartmentType":999990},"type":"Feature"},{"geometry":{"type":"Polygon","coordinates":[[[37.6123819,55.76331485],[37.61231125,55.7632936],[37.61231125,55.7632936],[37.61228661,55.76331965],[37.61235726,55.7633409],[37.6123819,55.76331485]]]},"properties":{"type":"room","subtype":"apartment","roomType":"STUDIO","area":16.51071442240722},"type":"Feature"},{"geometry":{"type":"Polygon","coordinates":[[[37.6124017,55.7633259],[37.61237815,55.76331881],[37.61236958,55.76332787],[37.61239313,55.76333496],[37.6124017,55.7633259]]]},"properties":{"type":"room","subtype":"apartment","roomType":"JOINT_BATHROOM","area":1.9142857595592286},"type":"Feature"},{"geometry":{"type":"Polygon","coordinates":[[[37.61239313,55.76333496],[37.61236958,55.76332787],[37.61235726,55.7633409],[37.61238081,55.76334798],[37.61239313,55.76333496]]]},"properties":{"type":"room","subtype":"apartment","roomType":"HALL","area":2.751785682480001},"type":"Feature"},{"geometry":{"type":"Polygon","coordinates":[[[37.61226788,55.76331272],[37.61228757,55.76331864],[37.61231029,55.76329461],[37.61229061,55.76328869],[37.61226788,55.76331272]]]},"properties":{"type":"room","subtype":"apartment","roomType":"BALCONY","area":4.242256662979861},"type":"Feature"},{"geometry":{"type":"Polygon","coordinates":[[[37.61237734,55.76334592],[37.61238156,55.76334719],[37.61238381,55.76334481],[37.61237959,55.76334354],[37.61237734,55.76334592]]]},"properties":{"type":"room_object","subtype":"room","roomObjectType":"ELECTRICAL_BOX"},"type":"Feature"},{"geometry":{"type":"Polygon","coordinates":[[[37.61235712,55.76334085],[37.61228661,55.76331965],[37.61226197,55.76334569],[37.61235617,55.76337403],[37.61235617,55.76337403],[37.61237699,55.76335202],[37.61235344,55.76334494],[37.61235341,55.76334493],[37.61235339,55.76334492],[37.61235337,55.7633449],[37.61235336,55.76334489],[37.61235335,55.76334487],[37.61235335,55.76334485],[37.61235336,55.76334483],[37.61235337,55.76334482],[37.61235712,55.76334085]]]},"properties":{"type":"apartment","rooms":0,"totalArea":22.014285570366965,"livingArea":16.510714165653162,"apartmentType":999990},"type":"Feature"},{"geometry":{"type":"Polygon","coordinates":[[[37.61235726,55.7633409],[37.61228661,55.76331965],[37.61226197,55.76334569],[37.61233262,55.76336694],[37.61235726,55.7633409]]]},"properties":{"type":"room","subtype":"apartment","roomType":"STUDIO","area":16.510714165653162},"type":"Feature"},{"geometry":{"type":"Polygon","coordinates":[[[37.61237706,55.76335194],[37.61235351,55.76334486],[37.61234494,55.76335392],[37.61236849,55.763361],[37.61237706,55.76335194]]]},"properties":{"type":"room","subtype":"apartment","roomType":"JOINT_BATHROOM","area":1.9142857337479358},"type":"Feature"},{"geometry":{"type":"Polygon","coordinates":[[[37.61236849,55.763361],[37.61234494,55.76335392],[37.61233262,55.76336694],[37.61235617,55.76337403],[37.61235617,55.76337403],[37.61236849,55.763361]]]},"properties":{"type":"room","subtype":"apartment","roomType":"HALL","area":2.7517856866304116},"type":"Feature"},{"geometry":{"type":"Polygon","coordinates":[[[37.61224324,55.76333876],[37.61226293,55.76334468],[37.61228565,55.76332066],[37.61226597,55.76331474],[37.61224324,55.76333876]]]},"properties":{"type":"room","subtype":"apartment","roomType":"BALCONY","area":4.242256558881544},"type":"Feature"},{"geometry":{"type":"Polygon","coordinates":[[[37.6123527,55.76337196],[37.61235692,55.76337323],[37.61235917,55.76337085],[37.61235495,55.76336959],[37.6123527,55.76337196]]]},"properties":{"type":"room_object","subtype":"room","roomObjectType":"ELECTRICAL_BOX"},"type":"Feature"},{"geometry":{"type":"Polygon","coordinates":[[[37.61221268,55.76339779],[37.61230689,55.76342612],[37.61233153,55.76340007],[37.61235617,55.76337403],[37.6123304,55.76336628],[37.61232665,55.76337024],[37.61232664,55.76337026],[37.61232662,55.76337027],[37.61232659,55.76337028],[37.61232656,55.76337028],[37.61232653,55.76337029],[37.6123265,55.76337029],[37.61232647,55.76337028],[37.61232644,55.76337028],[37.61230524,55.7633639],[37.61230522,55.76336389],[37.6123052,55.76336388],[37.61230518,55.76336387],[37.61230517,55.76336385],[37.61230516,55.76336383],[37.61230516,55.76336382],[37.61230517,55.7633638],[37.61230518,55.76336378],[37.61230893,55.76335982],[37.61230893,55.76335982],[37.61226197,55.76334569],[37.61226197,55.76334569],[37.61223733,55.76337174],[37.61221268,55.76339779]]]},"properties":{"type":"apartment","rooms":1,"totalArea":44.02857157457011,"livingArea":22.014285856752,"apartmentType":999991},"type":"Feature"},{"geometry":{"type":"Polygon","coordinates":[[[37.61230907,55.76335986],[37.61226337,55.76334612],[37.61226308,55.76334605],[37.61226278,55.76334602],[37.61226247,55.76334602],[37.61226216,55.76334605],[37.61226187,55.76334612],[37.61226161,55.76334622],[37.61226139,55.76334634],[37.61226122,55.76334649],[37.61223808,55.76337095],[37.61223796,55.76337111],[37.6122379,55.76337128],[37.6122379,55.76337146],[37.61223796,55.76337163],[37.61223808,55.7633718],[37.61223825,55.76337194],[37.61223847,55.76337207],[37.61223873,55.76337216],[37.61228443,55.76338591],[37.61230907,55.76335986]]]},"properties":{"type":"room","subtype":"apartment","roomType":"KITCHEN","area":11.002750084440148},"type":"Feature"},{"geometry":{"type":"Polygon","coordinates":[[[37.61229675,55.76337288],[37.61228443,55.76338591],[37.61233012,55.76339965],[37.61233041,55.76339972],[37.61233072,55.76339975],[37.61233103,55.76339975],[37.61233134,55.76339972],[37.61233162,55.76339965],[37.61233188,55.76339955],[37.6123321,55.76339943],[37.61233228,55.76339928],[37.61234385,55.76338705],[37.61229675,55.76337288]]]},"properties":{"type":"room","subtype":"apartment","roomType":"HALL","area":5.501375028061095},"type":"Feature"},{"geometry":{"type":"Polygon","coordinates":[[[37.61234385,55.76338705],[37.61235542,55.76337482],[37.61235554,55.76337466],[37.6123556,55.76337448],[37.6123556,55.76337431],[37.61235554,55.76337413],[37.61235542,55.76337397],[37.61235524,55.76337382],[37.61235502,55.7633737],[37.61235476,55.7633736],[37.61233026,55.76336623],[37.61231794,55.76337926],[37.61234385,55.76338705]]]},"properties":{"type":"room","subtype":"apartment","roomType":"BATHROOM","area":3.024767911885582},"type":"Feature"},{"geometry":{"type":"Polygon","coordinates":[[[37.61232651,55.7633702],[37.61230532,55.76336382],[37.61229675,55.76337288],[37.61231794,55.76337926],[37.61232651,55.7633702]]]},"properties":{"type":"room","subtype":"apartment","roomType":"TOILET","area":1.7228571430579267},"type":"Feature"},{"geometry":{"type":"Polygon","coordinates":[[[37.61221268,55.76339779],[37.61223733,55.76337174],[37.61223733,55.76337174],[37.61233153,55.76340007],[37.61230689,55.76342612],[37.61221268,55.76339779]]]},"properties":{"type":"room","subtype":"apartment","roomType":"BEDROOM","area":22.014285856752},"type":"Feature"},{"geometry":{"type":"Polygon","coordinates":[[[37.6122186,55.76336481],[37.61223828,55.76337073],[37.61226101,55.76334671],[37.61224133,55.76334079],[37.6122186,55.76336481]]]},"properties":{"type":"room","subtype":"apartment","roomType":"BALCONY","area":4.242256611349869},"type":"Feature"},{"geometry":{"type":"Polygon","coordinates":[[[37.61232828,55.76339777],[37.6123325,55.76339904],[37.61233453,55.7633969],[37.61233031,55.76339563],[37.61232828,55.76339777]]]},"properties":{"type":"room_object","subtype":"room","roomObjectType":"ELECTRICAL_BOX"},"type":"Feature"},{"geometry":{"type":"Polygon","coordinates":[[[37.6121634,55.76344988],[37.6122576,55.76347821],[37.6122576,55.76347821],[37.61230689,55.76342612],[37.61228112,55.76341837],[37.61227737,55.76342233],[37.61227735,55.76342235],[37.61227733,55.76342236],[37.61227731,55.76342237],[37.61227728,55.76342238],[37.61227725,55.76342238],[37.61227721,55.76342238],[37.61227718,55.76342238],[37.61227716,55.76342237],[37.61225596,55.763416],[37.61225593,55.76341599],[37.61225591,55.76341597],[37.61225589,55.76341596],[37.61225588,55.76341594],[37.61225588,55.76341593],[37.61225588,55.76341591],[37.61225588,55.76341589],[37.61225589,55.76341587],[37.61225964,55.76341191],[37.61225964,55.76341191],[37.61221268,55.76339779],[37.6121634,55.76344988]]]},"properties":{"type":"apartment","rooms":1,"totalArea":44.028571287935264,"livingArea":22.014285570884617,"apartmentType":999991},"type":"Feature"},{"geometry":{"type":"Polygon","coordinates":[[[37.61221409,55.76339821],[37.6122138,55.76339814],[37.61221349,55.76339811],[37.61221318,55.76339811],[37.61221288,55.76339814],[37.61221259,55.76339821],[37.61221233,55.76339831],[37.61221211,55.76339843],[37.61221193,55.76339858],[37.61218879,55.76342304],[37.61218867,55.7634232],[37.61218861,55.76342338],[37.61218861,55.76342355],[37.61218867,55.76342373],[37.61218879,55.76342389],[37.61218897,55.76342404],[37.61218919,55.76342416],[37.61218945,55.76342426],[37.61223514,55.763438],[37.61225978,55.76341195],[37.61221409,55.76339821]]]},"properties":{"type":"room","subtype":"apartment","roomType":"KITCHEN","area":11.00275008462073},"type":"Feature"},{"geometry":{"type":"Polygon","coordinates":[[[37.61229456,55.76343914],[37.61224746,55.76342498],[37.61223514,55.763438],[37.61228084,55.76345174],[37.61228113,55.76345181],[37.61228143,55.76345184],[37.61228175,55.76345184],[37.61228205,55.76345181],[37.61228234,55.76345174],[37.6122826,55.76345164],[37.61228282,55.76345152],[37.61228299,55.76345137],[37.61229456,55.76343914]]]},"properties":{"type":"room","subtype":"apartment","roomType":"HALL","area":5.501375018658718},"type":"Feature"},{"geometry":{"type":"Polygon","coordinates":[[[37.61226866,55.76343135],[37.61229456,55.76343914],[37.61230614,55.76342691],[37.61230625,55.76342675],[37.61230632,55.76342658],[37.61230632,55.7634264],[37.61230625,55.76342623],[37.61230613,55.76342606],[37.61230596,55.76342592],[37.61230574,55.76342579],[37.61230548,55.7634257],[37.61228098,55.76341833],[37.61226866,55.76343135]]]},"properties":{"type":"room","subtype":"apartment","roomType":"BATHROOM","area":3.0247679215805454},"type":"Feature"},{"geometry":{"type":"Polygon","coordinates":[[[37.61226866,55.76343135],[37.61227723,55.76342229],[37.61225603,55.76341592],[37.61224746,55.76342498],[37.61226866,55.76343135]]]},"properties":{"type":"room","subtype":"apartment","roomType":"TOILET","area":1.7228571442725884},"type":"Feature"},{"geometry":{"type":"Polygon","coordinates":[[[37.6121634,55.76344988],[37.61218804,55.76342383],[37.61228224,55.76345217],[37.6122576,55.76347821],[37.6122576,55.76347821],[37.6121634,55.76344988]]]},"properties":{"type":"room","subtype":"apartment","roomType":"BEDROOM","area":22.014285570884617},"type":"Feature"},{"geometry":{"type":"Polygon","coordinates":[[[37.61216932,55.7634169],[37.612189,55.76342282],[37.61221173,55.7633988],[37.61219204,55.76339288],[37.61216932,55.7634169]]]},"properties":{"type":"room","subtype":"apartment","roomType":"BALCONY","area":4.242256611714921},"type":"Feature"},{"geometry":{"type":"Polygon","coordinates":[[[37.612279,55.76344987],[37.61228322,55.76345113],[37.61228524,55.76344899],[37.61228103,55.76344773],[37.612279,55.76344987]]]},"properties":{"type":"room_object","subtype":"room","roomObjectType":"ELECTRICAL_BOX"},"type":"Feature"},{"geometry":{"type":"Polygon","coordinates":[[[37.61213876,55.76347593],[37.61211411,55.76350197],[37.61218631,55.76352369],[37.61219006,55.76351972],[37.61219008,55.76351971],[37.6121901,55.7635197],[37.61219013,55.76351969],[37.61219016,55.76351968],[37.61219019,55.76351968],[37.61219022,55.76351968],[37.61219025,55.76351968],[37.61219028,55.76351969],[37.6122262,55.76353049],[37.61222623,55.7635305],[37.61222625,55.76353051],[37.61222627,55.76353053],[37.61222628,55.76353054],[37.61222629,55.76353056],[37.61222629,55.76353058],[37.61222628,55.7635306],[37.61222627,55.76353061],[37.61222327,55.76353378],[37.61222326,55.76353379],[37.61222309,55.76353394],[37.61222307,55.76353395],[37.61222285,55.76353408],[37.61222282,55.76353409],[37.61222256,55.76353418],[37.61222253,55.76353419],[37.61222225,55.76353426],[37.61222222,55.76353427],[37.61222191,55.7635343],[37.61222188,55.7635343],[37.61222161,55.7635343],[37.61233064,55.76356709],[37.61233064,55.76356709],[37.61235528,55.76354105],[37.61224702,55.76350849],[37.61223297,55.76350425],[37.6122576,55.76347821],[37.61223183,55.76347046],[37.61222808,55.76347443],[37.61222807,55.76347444],[37.61222804,55.76347445],[37.61222802,55.76347446],[37.61222799,55.76347447],[37.61222796,55.76347447],[37.61222793,55.76347447],[37.6122279,55.76347447],[37.61222787,55.76347446],[37.61220667,55.76346809],[37.61220665,55.76346808],[37.61220662,55.76346807],[37.61220661,55.76346805],[37.61220659,55.76346804],[37.61220659,55.76346802],[37.61220659,55.763468],[37.61220659,55.76346799],[37.61220661,55.76346797],[37.61221036,55.763464],[37.61221036,55.763464],[37.6121634,55.76344988],[37.6121634,55.76344988],[37.61213876,55.76347593]]]},"properties":{"type":"apartment","rooms":2,"totalArea":72.6147871901937,"livingArea":42.200607278505295,"apartmentType":999992},"type":"Feature"},{"geometry":{"type":"Polygon","coordinates":[[[37.61216481,55.7634503],[37.61216452,55.76345024],[37.61216421,55.7634502],[37.6121639,55.7634502],[37.61216359,55.76345024],[37.6121633,55.7634503],[37.61216304,55.7634504],[37.61216282,55.76345053],[37.61216265,55.76345067],[37.61213951,55.76347513],[37.61213939,55.7634753],[37.61213933,55.76347547],[37.61213933,55.76347565],[37.61213939,55.76347582],[37.61213951,55.76347598],[37.61213968,55.76347613],[37.6121399,55.76347625],[37.61214016,55.76347635],[37.61218586,55.76349009],[37.6122105,55.76346405],[37.61216481,55.7634503]]]},"properties":{"type":"room","subtype":"apartment","roomType":"KITCHEN","area":11.002750119209441},"type":"Feature"},{"geometry":{"type":"Polygon","coordinates":[[[37.61224529,55.76349123],[37.61219818,55.76347707],[37.61218586,55.76349009],[37.61223155,55.76350384],[37.61223184,55.7635039],[37.61223215,55.76350394],[37.61223246,55.76350394],[37.61223277,55.7635039],[37.61223306,55.76350383],[37.61223332,55.76350374],[37.61223354,55.76350361],[37.61223371,55.76350347],[37.61224529,55.76349123]]]},"properties":{"type":"room","subtype":"apartment","roomType":"HALL","area":5.50344216650727},"type":"Feature"},{"geometry":{"type":"Polygon","coordinates":[[[37.61221938,55.76348344],[37.61224529,55.76349123],[37.61225685,55.763479],[37.61225697,55.76347884],[37.61225703,55.76347867],[37.61225703,55.76347849],[37.61225697,55.76347832],[37.61225685,55.76347816],[37.61225668,55.76347801],[37.61225646,55.76347789],[37.6122562,55.76347779],[37.61223169,55.76347042],[37.61221938,55.76348344]]]},"properties":{"type":"room","subtype":"apartment","roomType":"BATHROOM","area":3.023513873469069},"type":"Feature"},{"geometry":{"type":"Polygon","coordinates":[[[37.61222794,55.76347438],[37.61220675,55.76346801],[37.61219818,55.76347707],[37.61221938,55.76348344],[37.61222794,55.76347438]]]},"properties":{"type":"room","subtype":"apartment","roomType":"TOILET","area":1.7218738900654862},"type":"Feature"},{"geometry":{"type":"Polygon","coordinates":[[[37.6122111,55.76349768],[37.61214016,55.76347635],[37.61213987,55.76347628],[37.61213957,55.76347625],[37.61213926,55.76347625],[37.61213895,55.76347628],[37.61213866,55.76347635],[37.6121384,55.76347645],[37.61213818,55.76347657],[37.61213801,55.76347672],[37.61211486,55.76350118],[37.61211475,55.76350134],[37.61211468,55.76350152],[37.61211469,55.76350169],[37.61211475,55.76350187],[37.61211487,55.76350203],[37.61211504,55.76350217],[37.61211526,55.7635023],[37.61211552,55.7635024],[37.61218645,55.76352373],[37.6122111,55.76349768]]]},"properties":{"type":"room","subtype":"apartment","roomType":"BEDROOM","area":16.900606977881736},"type":"Feature"},{"geometry":{"type":"Polygon","coordinates":[[[37.61222238,55.76353453],[37.61224702,55.76350849],[37.61224702,55.76350849],[37.61235528,55.76354105],[37.61233064,55.76356709],[37.61233064,55.76356709],[37.61222238,55.76353453]]]},"properties":{"type":"room","subtype":"apartment","roomType":"BEDROOM","area":25.30000030062356},"type":"Feature"},{"geometry":{"type":"Polygon","coordinates":[[[37.61221117,55.7634976],[37.61221114,55.7634976],[37.61221111,55.76349759],[37.61221108,55.76349759],[37.61221105,55.7634976],[37.61221102,55.7634976],[37.61221099,55.76349761],[37.61221097,55.76349763],[37.61221096,55.76349764],[37.61218631,55.76352369],[37.6121863,55.7635237],[37.6121863,55.76352372],[37.6121863,55.76352374],[37.6121863,55.76352376],[37.61218631,55.76352377],[37.61218633,55.76352379],[37.61218635,55.7635238],[37.61218638,55.76352381],[37.6122209,55.76353419],[37.61222091,55.76353419],[37.6122212,55.76353426],[37.61222123,55.76353427],[37.61222154,55.7635343],[37.61222157,55.7635343],[37.61222188,55.7635343],[37.61222191,55.7635343],[37.61222222,55.76353427],[37.61222225,55.76353426],[37.61222253,55.76353419],[37.61222256,55.76353418],[37.61222282,55.76353409],[37.61222285,55.76353408],[37.61222307,55.76353395],[37.61222309,55.76353394],[37.61222326,55.76353379],[37.61222327,55.76353378],[37.61224641,55.76350932],[37.61224642,55.76350931],[37.61224654,55.76350915],[37.61224655,55.76350913],[37.61224661,55.76350896],[37.61224661,55.76350894],[37.61224661,55.76350877],[37.61224661,55.76350875],[37.61224654,55.76350858],[37.61224654,55.76350856],[37.61224642,55.7635084],[37.6122464,55.76350838],[37.61224623,55.76350824],[37.61224621,55.76350822],[37.61224599,55.7635081],[37.61224596,55.76350809],[37.6122457,55.76350799],[37.61224569,55.76350798],[37.61221117,55.7634976]],[[37.61222613,55.76353057],[37.61222313,55.76353374],[37.61222295,55.76353389],[37.61222273,55.76353401],[37.61222247,55.76353411],[37.61222219,55.76353418],[37.61222188,55.76353421],[37.61222157,55.76353421],[37.61222126,55.76353418],[37.61222097,55.76353411],[37.61218645,55.76352373],[37.6121902,55.76351977],[37.61222613,55.76353057]]]},"properties":{"type":"room","subtype":"apartment","roomType":"CORRIDOR","area":7.231566650155515},"type":"Feature"},{"geometry":{"type":"Polygon","coordinates":[[[37.61237401,55.76354798],[37.61235432,55.76354206],[37.61233214,55.76356551],[37.61235182,55.76357143],[37.61237401,55.76354798]]]},"properties":{"type":"room","subtype":"apartment","roomType":"BALCONY","area":4.1411284133672766},"type":"Feature"},{"geometry":{"type":"Polygon","coordinates":[[[37.61212003,55.76346899],[37.61213972,55.76347491],[37.61216244,55.76345089],[37.61214276,55.76344497],[37.61212003,55.76346899]]]},"properties":{"type":"room","subtype":"apartment","roomType":"BALCONY","area":4.242256610049403},"type":"Feature"},{"geometry":{"type":"Polygon","coordinates":[[[37.61222972,55.76350196],[37.61223393,55.76350323],[37.61223597,55.76350108],[37.61223175,55.76349981],[37.61222972,55.76350196]]]},"properties":{"type":"room_object","subtype":"room","roomObjectType":"ELECTRICAL_BOX"},"type":"Feature"},{"geometry":{"type":"Polygon","coordinates":[[[37.61228572,55.76348667],[37.61226108,55.76351272],[37.61228684,55.76352046],[37.61229059,55.7635165],[37.61229061,55.76351649],[37.61229063,55.76351647],[37.61229066,55.76351646],[37.61229069,55.76351646],[37.61229072,55.76351645],[37.61229075,55.76351645],[37.61229078,55.76351646],[37.61229081,55.76351646],[37.61231201,55.76352284],[37.61231203,55.76352285],[37.61231205,55.76352286],[37.61231207,55.76352287],[37.61231208,55.76352289],[37.61231209,55.76352291],[37.61231209,55.76352293],[37.61231208,55.76352294],[37.61231207,55.76352296],[37.61230832,55.76352692],[37.61230832,55.76352692],[37.61235528,55.76354105],[37.61235528,55.76354105],[37.61237992,55.763515],[37.61240457,55.76348895],[37.61231036,55.76346062],[37.61228572,55.76348667]]]},"properties":{"type":"apartment","rooms":1,"totalArea":44.02857157457621,"livingArea":22.01428586372824,"apartmentType":999991},"type":"Feature"},{"geometry":{"type":"Polygon","coordinates":[[[37.61230818,55.76352688],[37.61235388,55.76354062],[37.61235416,55.76354069],[37.61235447,55.76354072],[37.61235478,55.76354072],[37.61235509,55.76354069],[37.61235538,55.76354062],[37.61235564,55.76354052],[37.61235586,55.7635404],[37.61235603,55.76354025],[37.61237917,55.76351579],[37.61237929,55.76351563],[37.61237935,55.76351546],[37.61237935,55.76351528],[37.61237929,55.76351511],[37.61237917,55.76351494],[37.612379,55.7635148],[37.61237878,55.76351467],[37.61237852,55.76351458],[37.61233282,55.76350083],[37.61230818,55.76352688]]]},"properties":{"type":"room","subtype":"apartment","roomType":"KITCHEN","area":11.002750080649953},"type":"Feature"},{"geometry":{"type":"Polygon","coordinates":[[[37.6123205,55.76351386],[37.61233282,55.76350083],[37.61228713,55.76348709],[37.61228684,55.76348702],[37.61228653,55.76348699],[37.61228622,55.76348699],[37.61228591,55.76348702],[37.61228563,55.76348709],[37.61228537,55.76348719],[37.61228514,55.76348731],[37.61228497,55.76348746],[37.6122734,55.76349969],[37.6123205,55.76351386]]]},"properties":{"type":"room","subtype":"apartment","roomType":"HALL","area":5.501375022827831},"type":"Feature"},{"geometry":{"type":"Polygon","coordinates":[[[37.61228699,55.76352051],[37.61229931,55.76350748],[37.6122734,55.76349969],[37.61226183,55.76351192],[37.61226171,55.76351209],[37.61226165,55.76351226],[37.61226165,55.76351243],[37.61226171,55.76351261],[37.61226183,55.76351277],[37.612262,55.76351292],[37.61226223,55.76351304],[37.61226249,55.76351314],[37.61228699,55.76352051]]]},"properties":{"type":"room","subtype":"apartment","roomType":"BATHROOM","area":3.0247679130429295},"type":"Feature"},{"geometry":{"type":"Polygon","coordinates":[[[37.61229074,55.76351654],[37.61231193,55.76352292],[37.6123205,55.76351386],[37.61229931,55.76350748],[37.61229074,55.76351654]]]},"properties":{"type":"room","subtype":"apartment","roomType":"TOILET","area":1.7228571431875275},"type":"Feature"},{"geometry":{"type":"Polygon","coordinates":[[[37.61237992,55.763515],[37.61228572,55.76348667],[37.61231036,55.76346062],[37.61240457,55.76348895],[37.61237992,55.763515],[37.61237992,55.763515]]]},"properties":{"type":"room","subtype":"apartment","roomType":"BEDROOM","area":22.01428586372824},"type":"Feature"},{"geometry":{"type":"Polygon","coordinates":[[[37.61242329,55.76349589],[37.61240361,55.76348997],[37.61238088,55.76351399],[37.61240057,55.76351991],[37.61242329,55.76349589]]]},"properties":{"type":"room","subtype":"apartment","roomType":"BALCONY","area":4.2422566643405},"type":"Feature"},{"geometry":{"type":"Polygon","coordinates":[[[37.61228896,55.76348897],[37.61228475,55.7634877],[37.61228272,55.76348984],[37.61228694,55.76349111],[37.61228896,55.76348897]]]},"properties":{"type":"room_object","subtype":"room","roomObjectType":"ELECTRICAL_BOX"},"type":"Feature"},{"geometry":{"type":"Polygon","coordinates":[[[37.61233501,55.76343458],[37.61231036,55.76346062],[37.61233613,55.76346837],[37.61233988,55.76346441],[37.6123399,55.76346439],[37.61233992,55.76346438],[37.61233994,55.76346437],[37.61233997,55.76346436],[37.61234,55.76346436],[37.61234003,55.76346436],[37.61234007,55.76346436],[37.61234009,55.76346437],[37.61236129,55.76347074],[37.61236132,55.76347075],[37.61236134,55.76347077],[37.61236136,55.76347078],[37.61236137,55.7634708],[37.61236137,55.76347081],[37.61236137,55.76347083],[37.61236137,55.76347085],[37.61236136,55.76347087],[37.61235761,55.76347483],[37.61240457,55.76348895],[37.61245385,55.76343686],[37.61235965,55.76340853],[37.61235965,55.76340853],[37.61233501,55.76343458]]]},"properties":{"type":"apartment","rooms":1,"totalArea":44.02857127973611,"livingArea":22.014285563052745,"apartmentType":999991},"type":"Feature"},{"geometry":{"type":"Polygon","coordinates":[[[37.61235746,55.76347479],[37.61240316,55.76348853],[37.61240345,55.7634886],[37.61240376,55.76348863],[37.61240407,55.76348863],[37.61240437,55.7634886],[37.61240466,55.76348853],[37.61240492,55.76348843],[37.61240514,55.76348831],[37.61240532,55.76348816],[37.61242846,55.7634637],[37.61242858,55.76346354],[37.61242864,55.76346336],[37.61242864,55.76346319],[37.61242858,55.76346301],[37.61242846,55.76346285],[37.61242828,55.76346271],[37.61242806,55.76346258],[37.6124278,55.76346248],[37.61238211,55.76344874],[37.61235746,55.76347479]]]},"properties":{"type":"room","subtype":"apartment","roomType":"KITCHEN","area":11.002750082626617},"type":"Feature"},{"geometry":{"type":"Polygon","coordinates":[[[37.61232268,55.7634476],[37.61236979,55.76346176],[37.61238211,55.76344874],[37.61233641,55.763435],[37.61233612,55.76343493],[37.61233582,55.7634349],[37.6123355,55.7634349],[37.6123352,55.76343493],[37.61233491,55.763435],[37.61233465,55.7634351],[37.61233443,55.76343522],[37.61233426,55.76343537],[37.61232268,55.7634476]]]},"properties":{"type":"room","subtype":"apartment","roomType":"HALL","area":5.50137502897003},"type":"Feature"},{"geometry":{"type":"Polygon","coordinates":[[[37.61234859,55.76345539],[37.61232268,55.7634476],[37.61231111,55.76345983],[37.61231099,55.76345999],[37.61231093,55.76346016],[37.61231093,55.76346034],[37.612311,55.76346051],[37.61231111,55.76346068],[37.61231129,55.76346082],[37.61231151,55.76346095],[37.61231177,55.76346104],[37.61233627,55.76346841],[37.61234859,55.76345539]]]},"properties":{"type":"room","subtype":"apartment","roomType":"BATHROOM","area":3.0247679180827567},"type":"Feature"},{"geometry":{"type":"Polygon","coordinates":[[[37.61234859,55.76345539],[37.61234002,55.76346445],[37.61236121,55.76347082],[37.61236979,55.76346176],[37.61234859,55.76345539]]]},"properties":{"type":"room","subtype":"apartment","roomType":"TOILET","area":1.7228571424260823},"type":"Feature"},{"geometry":{"type":"Polygon","coordinates":[[[37.61245385,55.76343686],[37.61235965,55.76340853],[37.61235965,55.76340853],[37.61233501,55.76343458],[37.61242921,55.76346291],[37.61245385,55.76343686]]]},"properties":{"type":"room","subtype":"apartment","roomType":"BEDROOM","area":22.014285563052745},"type":"Feature"},{"geometry":{"type":"Polygon","coordinates":[[[37.61244793,55.76346984],[37.61242825,55.76346392],[37.61240552,55.76348794],[37.61242521,55.76349386],[37.61244793,55.76346984]]]},"properties":{"type":"room","subtype":"apartment","roomType":"BALCONY","area":4.242256611678015},"type":"Feature"},{"geometry":{"type":"Polygon","coordinates":[[[37.61247258,55.76344379],[37.61245289,55.76343787],[37.61243017,55.76346189],[37.61244985,55.76346781],[37.61247258,55.76344379]]]},"properties":{"type":"room","subtype":"apartment","roomType":"BALCONY","area":4.242256557266567},"type":"Feature"},{"geometry":{"type":"Polygon","coordinates":[[[37.61233825,55.76343687],[37.61233403,55.76343561],[37.61233201,55.76343775],[37.61233622,55.76343901],[37.61233825,55.76343687]]]},"properties":{"type":"room_object","subtype":"room","roomObjectType":"ELECTRICAL_BOX"},"type":"Feature"},{"geometry":{"type":"Polygon","coordinates":[[[37.61253321,55.7633797],[37.61251353,55.76337378],[37.61245685,55.76343369],[37.61247653,55.76343961],[37.61253321,55.7633797]]]},"properties":{"type":"balcony","area":10.57999999973133,"subtype":"service"},"type":"Feature"},{"geometry":{"type":"Polygon","coordinates":[[[37.61247849,55.76341081],[37.61238429,55.76338248],[37.61238429,55.76338248],[37.61235965,55.76340853],[37.61245385,55.76343686],[37.61245385,55.76343686],[37.61247849,55.76341081]]]},"properties":{"type":"ladder","area":22.014285717142144,"subtype":"service"},"type":"Feature"},{"geometry":{"type":"Polygon","coordinates":[[[37.61245178,55.76340278],[37.61247849,55.76341081],[37.61247849,55.76341081],[37.61251653,55.76337061],[37.61242232,55.76334228],[37.61240893,55.76335644],[37.61240004,55.76336584],[37.61240707,55.76336795],[37.61242254,55.7633726],[37.61244503,55.76337937],[37.61246753,55.76338613],[37.61245178,55.76340278]]]},"properties":{"type":"corridor","area":23.898571447227194,"subtype":"service"},"type":"Feature"},{"geometry":{"type":"Polygon","coordinates":[[[37.61239132,55.7633846],[37.61240707,55.76336795],[37.61240004,55.76336584],[37.61238429,55.76338248],[37.61239132,55.7633846]]]},"properties":{"type":"heating_meter","area":1.0499999777979405,"subtype":"service"},"type":"Feature"},{"geometry":{"type":"Polygon","coordinates":[[[37.61240679,55.76338925],[37.61242254,55.7633726],[37.61240707,55.76336795],[37.61239132,55.7633846],[37.61240679,55.76338925]]]},"properties":{"type":"elevator","area":2.310000000356232,"subtype":"service"},"type":"Feature"},{"geometry":{"type":"Polygon","coordinates":[[[37.61242928,55.76339601],[37.61244503,55.76337937],[37.61242254,55.7633726],[37.61240679,55.76338925],[37.61242928,55.76339601]]]},"properties":{"type":"elevator","area":3.3599999993296708,"subtype":"service"},"type":"Feature"},{"geometry":{"type":"Polygon","coordinates":[[[37.61245178,55.76340278],[37.61246753,55.76338613],[37.61244503,55.76337937],[37.61242928,55.76339601],[37.61245178,55.76340278]]]},"properties":{"type":"elevator","area":3.3600000000485784,"subtype":"service"},"type":"Feature"},{"geometry":{"type":"Polygon","coordinates":[[[37.61223297,55.76350425],[37.61226109,55.76351271],[37.61255677,55.76320016],[37.61252865,55.76319171],[37.61223297,55.76350425]]]},"properties":{"type":"corridor","area":78.8531430886539,"subtype":"service"},"type":"Feature"},{"geometry":{"type":"Polygon","coordinates":[[[37.61244587,55.76334936],[37.61244962,55.7633454],[37.61242607,55.76333832],[37.61242232,55.76334228],[37.61244587,55.76334936]]]},"properties":{"type":"ventilation","area":0.8375000082421288,"subtype":"service"},"type":"Feature"},{"geometry":{"type":"Polygon","coordinates":[[[37.61247911,55.76328226],[37.61250266,55.76328934],[37.61250641,55.76328538],[37.61248286,55.7632783],[37.61248286,55.7632783],[37.61247911,55.76328226]]]},"properties":{"type":"ventilation","area":0.8374999925419734,"subtype":"service"},"type":"Feature"},{"geometry":{"type":"Polygon","coordinates":[[[37.6125273,55.7632633],[37.61253105,55.76325933],[37.6125075,55.76325225],[37.6125075,55.76325225],[37.61250375,55.76325621],[37.6125273,55.7632633]]]},"properties":{"type":"ventilation","area":0.8374999912986381,"subtype":"service"},"type":"Feature"},{"geometry":{"type":"Polygon","coordinates":[[[37.61253715,55.76325608],[37.6125334,55.76326004],[37.6125546,55.76326641],[37.61255835,55.76326245],[37.61253715,55.76325608]]]},"properties":{"type":"ventilation","area":0.7537500010864647,"subtype":"service"},"type":"Feature"},{"geometry":{"type":"Polygon","coordinates":[[[37.61256361,55.76317384],[37.61259068,55.76318198],[37.61259443,55.76317802],[37.61256736,55.76316988],[37.61256736,55.76316988],[37.61256361,55.76317384]]]},"properties":{"type":"ventilation","area":0.9625000104728,"subtype":"service"},"type":"Feature"},{"geometry":{"type":"Polygon","coordinates":[[[37.61246067,55.76319961],[37.61245692,55.76320358],[37.61247811,55.76320995],[37.61248186,55.76320599],[37.61246067,55.76319961]]]},"properties":{"type":"ventilation","area":0.7539191006619604,"subtype":"service"},"type":"Feature"},{"geometry":{"type":"Polygon","coordinates":[[[37.61247812,55.76320996],[37.61245692,55.76320358],[37.61245317,55.76320754],[37.61247437,55.76321392],[37.61247812,55.76320996]]]},"properties":{"type":"ventilation","area":0.7537499946823184,"subtype":"service"},"type":"Feature"},{"geometry":{"type":"Polygon","coordinates":[[[37.61240279,55.76329277],[37.61242635,55.76329985],[37.6124301,55.76329589],[37.61240654,55.7632888],[37.61240279,55.76329277]]]},"properties":{"type":"ventilation","area":0.83749998333532,"subtype":"service"},"type":"Feature"},{"geometry":{"type":"Polygon","coordinates":[[[37.61237815,55.76331881],[37.6124017,55.7633259],[37.61240545,55.76332193],[37.6123819,55.76331485],[37.61237815,55.76331881]]]},"properties":{"type":"ventilation","area":0.837499990446767,"subtype":"service"},"type":"Feature"},{"geometry":{"type":"Polygon","coordinates":[[[37.61237706,55.76335194],[37.61238081,55.76334798],[37.61235726,55.7633409],[37.61235351,55.76334486],[37.61237706,55.76335194]]]},"properties":{"type":"ventilation","area":0.8374999845449654,"subtype":"service"},"type":"Feature"},{"geometry":{"type":"Polygon","coordinates":[[[37.61230532,55.76336382],[37.61232651,55.7633702],[37.61233026,55.76336623],[37.61230907,55.76335986],[37.61230532,55.76336382]]]},"properties":{"type":"ventilation","area":0.7537500005903531,"subtype":"service"},"type":"Feature"},{"geometry":{"type":"Polygon","coordinates":[[[37.61225603,55.76341592],[37.61227723,55.76342229],[37.61228098,55.76341833],[37.61225978,55.76341195],[37.61225603,55.76341592]]]},"properties":{"type":"ventilation","area":0.7537499998733502,"subtype":"service"},"type":"Feature"},{"geometry":{"type":"Polygon","coordinates":[[[37.61223169,55.76347042],[37.6122105,55.76346405],[37.61220675,55.76346801],[37.61222794,55.76347438],[37.61223169,55.76347042]]]},"properties":{"type":"ventilation","area":0.753920113380443,"subtype":"service"},"type":"Feature"},{"geometry":{"type":"Polygon","coordinates":[[[37.61222613,55.76353057],[37.6121902,55.76351977],[37.61218645,55.76352373],[37.61222097,55.76353411],[37.61222126,55.76353418],[37.61222157,55.76353421],[37.61222188,55.76353421],[37.61222219,55.76353418],[37.61222247,55.76353411],[37.61222273,55.76353401],[37.61222295,55.76353389],[37.61222313,55.76353374],[37.61222613,55.76353057]]]},"properties":{"type":"ventilation","area":1.2753036041144081,"subtype":"service"},"type":"Feature"},{"geometry":{"type":"Polygon","coordinates":[[[37.61228699,55.76352051],[37.61230818,55.76352688],[37.61231193,55.76352292],[37.61229074,55.76351654],[37.61228699,55.76352051]]]},"properties":{"type":"ventilation","area":0.7537500006941459,"subtype":"service"},"type":"Feature"},{"geometry":{"type":"Polygon","coordinates":[[[37.61234002,55.76346445],[37.61233627,55.76346841],[37.61235746,55.76347479],[37.61236121,55.76347082],[37.61234002,55.76346445]]]},"properties":{"type":"ventilation","area":0.7537500004750948,"subtype":"service"},"type":"Feature"},{"geometry":{"type":"Polygon","coordinates":[[[37.61216244,55.76361698],[37.61213777,55.76364305],[37.6121674,55.76365196],[37.61217115,55.763648],[37.61217117,55.76364798],[37.61217119,55.76364797],[37.61217122,55.76364796],[37.61217125,55.76364795],[37.61217128,55.76364795],[37.61217131,55.76364795],[37.61217134,55.76364795],[37.61217137,55.76364796],[37.61219573,55.76365529],[37.61219576,55.76365529],[37.61219578,55.76365531],[37.6121958,55.76365532],[37.61219581,55.76365534],[37.61219581,55.76365536],[37.61219581,55.76365537],[37.61219581,55.76365539],[37.6121958,55.76365541],[37.61219205,55.76365937],[37.61219205,55.76365937],[37.61224604,55.76367561],[37.6122707,55.76364954],[37.61229537,55.76362346],[37.61232003,55.76359739],[37.61221177,55.76356483],[37.61218711,55.76359091],[37.61216244,55.76361698]]]},"properties":{"type":"apartment","rooms":2,"totalArea":75.97333349903307,"livingArea":44.77382962070218,"apartmentType":999992},"type":"Feature"},{"geometry":{"type":"Polygon","coordinates":[[[37.61226995,55.76365033],[37.61227007,55.76365017],[37.61227013,55.76364999],[37.61227013,55.76364982],[37.61227007,55.76364964],[37.61226995,55.76364948],[37.61226978,55.76364934],[37.61226956,55.76364921],[37.6122693,55.76364911],[37.61221657,55.76363326],[37.6121919,55.76365933],[37.61224463,55.76367518],[37.61224492,55.76367525],[37.61224523,55.76367529],[37.61224554,55.76367529],[37.61224584,55.76367525],[37.61224613,55.76367518],[37.61224639,55.76367509],[37.61224661,55.76367496],[37.61224679,55.76367481],[37.61226995,55.76365033]]]},"properties":{"type":"room","subtype":"apartment","roomType":"KITCHEN","area":12.657829445104753},"type":"Feature"},{"geometry":{"type":"Polygon","coordinates":[[[37.61215011,55.76363001],[37.61220424,55.76364629],[37.61221657,55.76363326],[37.61216385,55.7636174],[37.61216356,55.76361733],[37.61216325,55.7636173],[37.61216294,55.7636173],[37.61216263,55.76361733],[37.61216234,55.7636174],[37.61216208,55.7636175],[37.61216186,55.76361762],[37.61216169,55.76361777],[37.61215011,55.76363001]]]},"properties":{"type":"room","subtype":"apartment","roomType":"HALL","area":6.328914714820992},"type":"Feature"},{"geometry":{"type":"Polygon","coordinates":[[[37.61217988,55.76363897],[37.61215011,55.76363001],[37.61213852,55.76364226],[37.6121384,55.76364242],[37.61213834,55.76364259],[37.61213834,55.76364277],[37.6121384,55.76364294],[37.61213852,55.7636431],[37.6121387,55.76364325],[37.61213892,55.76364337],[37.61213918,55.76364347],[37.61216755,55.763652],[37.61217988,55.76363897]]]},"properties":{"type":"room","subtype":"apartment","roomType":"BATHROOM","area":3.4799147344209174},"type":"Feature"},{"geometry":{"type":"Polygon","coordinates":[[[37.61219565,55.76365536],[37.61220424,55.76364629],[37.61217988,55.76363897],[37.6121713,55.76364804],[37.61219565,55.76365536]]]},"properties":{"type":"room","subtype":"apartment","roomType":"TOILET","area":1.9827500001983556},"type":"Feature"},{"geometry":{"type":"Polygon","coordinates":[[[37.61218754,55.76362452],[37.6122693,55.76364911],[37.61226958,55.76364918],[37.61226989,55.76364921],[37.6122702,55.76364921],[37.61227051,55.76364918],[37.6122708,55.76364911],[37.61227106,55.76364901],[37.61227128,55.76364889],[37.61227145,55.76364874],[37.61229462,55.76362426],[37.61229474,55.76362409],[37.6122948,55.76362392],[37.6122948,55.76362375],[37.61229474,55.76362357],[37.61229462,55.76362341],[37.61229444,55.76362326],[37.61229422,55.76362314],[37.61229396,55.76362304],[37.6122122,55.76359845],[37.61218754,55.76362452]]]},"properties":{"type":"room","subtype":"apartment","roomType":"BEDROOM","area":19.449385178912973},"type":"Feature"},{"geometry":{"type":"Polygon","coordinates":[[[37.61229537,55.76362346],[37.61218711,55.76359091],[37.61221176,55.76356484],[37.61221177,55.76356483],[37.61232003,55.76359739],[37.61229537,55.76362346],[37.61229537,55.76362346]]]},"properties":{"type":"room","subtype":"apartment","roomType":"BEDROOM","area":25.324444441789208},"type":"Feature"},{"geometry":{"type":"Polygon","coordinates":[[[37.61221234,55.7635985],[37.61221236,55.76359848],[37.61221236,55.76359846],[37.61221236,55.76359844],[37.61221236,55.76359843],[37.61221234,55.76359841],[37.61221233,55.7635984],[37.6122123,55.76359838],[37.61221228,55.76359837],[37.61218859,55.76359125],[37.61218857,55.76359124],[37.61218828,55.76359118],[37.61218825,55.76359117],[37.61218795,55.76359114],[37.61218792,55.76359114],[37.6121876,55.76359114],[37.61218757,55.76359114],[37.61218727,55.76359117],[37.61218724,55.76359118],[37.61218695,55.76359125],[37.61218692,55.76359125],[37.61218666,55.76359135],[37.61218664,55.76359136],[37.61218642,55.76359149],[37.6121864,55.7635915],[37.61218622,55.76359165],[37.61218621,55.76359166],[37.61216305,55.76361614],[37.61216304,55.76361615],[37.61216292,55.76361631],[37.61216291,55.76361633],[37.61216285,55.7636165],[37.61216285,55.76361652],[37.61216285,55.7636167],[37.61216285,55.76361671],[37.61216291,55.76361689],[37.61216292,55.7636169],[37.61216304,55.76361707],[37.61216306,55.76361708],[37.61216323,55.76361723],[37.61216325,55.76361724],[37.61216347,55.76361737],[37.6121635,55.76361738],[37.61216376,55.76361747],[37.61216377,55.76361748],[37.61218746,55.7636246],[37.61218749,55.76362461],[37.61218752,55.76362461],[37.61218755,55.76362461],[37.61218758,55.76362461],[37.61218761,55.7636246],[37.61218764,55.76362459],[37.61218766,55.76362458],[37.61218768,55.76362457],[37.61221234,55.7635985]]]},"properties":{"type":"room","subtype":"apartment","roomType":"CORRIDOR","area":5.96720045833018},"type":"Feature"},{"geometry":{"type":"Polygon","coordinates":[[[37.61231409,55.7636304],[37.61229441,55.76362448],[37.61227166,55.76364852],[37.61229134,55.76365444],[37.61231409,55.7636304]]]},"properties":{"type":"room","subtype":"apartment","roomType":"BALCONY","area":4.246701110923441},"type":"Feature"},{"geometry":{"type":"Polygon","coordinates":[[[37.61216568,55.76361928],[37.61216146,55.76361801],[37.61215944,55.76362015],[37.61216366,55.76362142],[37.61216568,55.76361928]]]},"properties":{"type":"room_object","subtype":"room","roomObjectType":"ELECTRICAL_BOX"},"type":"Feature"},{"geometry":{"type":"Polygon","coordinates":[[[37.61221855,55.76353858],[37.61219771,55.7635606],[37.61232003,55.76359739],[37.61232003,55.76359739],[37.6123447,55.76357132],[37.6122531,55.76354377],[37.6122531,55.76354377],[37.61224935,55.76354774],[37.61224933,55.76354775],[37.61224931,55.76354776],[37.61224928,55.76354777],[37.61224925,55.76354778],[37.61224922,55.76354778],[37.61224919,55.76354778],[37.61224916,55.76354778],[37.61224913,55.76354777],[37.61221855,55.76353858]]]},"properties":{"type":"apartment","rooms":0,"totalArea":28.613332826646083,"livingArea":21.459999527263165,"apartmentType":999990},"type":"Feature"},{"geometry":{"type":"Polygon","coordinates":[[[37.61225296,55.76354373],[37.61222829,55.7635698],[37.61232003,55.76359739],[37.61232003,55.76359739],[37.6123447,55.76357132],[37.61225296,55.76354373]]]},"properties":{"type":"room","subtype":"apartment","roomType":"STUDIO","area":21.459999527263165},"type":"Feature"},{"geometry":{"type":"Polygon","coordinates":[[[37.61224062,55.76355677],[37.61224921,55.76354769],[37.61221863,55.7635385],[37.61221004,55.76354757],[37.61224062,55.76355677]]]},"properties":{"type":"room","subtype":"apartment","roomType":"JOINT_BATHROOM","area":2.4891666494472444},"type":"Feature"},{"geometry":{"type":"Polygon","coordinates":[[[37.61222829,55.7635698],[37.61224062,55.76355677],[37.61221004,55.76354757],[37.61219771,55.7635606],[37.61222829,55.7635698]]]},"properties":{"type":"room","subtype":"apartment","roomType":"HALL","area":3.5766666503159565},"type":"Feature"},{"geometry":{"type":"Polygon","coordinates":[[[37.61236288,55.76357883],[37.6123432,55.76357291],[37.61232099,55.76359638],[37.61234068,55.7636023],[37.61236288,55.76357883]]]},"properties":{"type":"room","subtype":"apartment","roomType":"BALCONY","area":4.1455725893626525},"type":"Feature"},{"geometry":{"type":"Polygon","coordinates":[[[37.61222689,55.76356938],[37.61222914,55.763567],[37.61222246,55.76356499],[37.61222021,55.76356737],[37.61222689,55.76356938]]]},"properties":{"type":"room_object","subtype":"room","roomObjectType":"ELECTRICAL_BOX"},"type":"Feature"},{"geometry":{"type":"Polygon","coordinates":[[[37.61219166,55.76352529],[37.61210005,55.76349775],[37.61210005,55.76349775],[37.61207539,55.76352382],[37.61219771,55.7635606],[37.61221855,55.76353858],[37.61218797,55.76352938],[37.61218795,55.76352937],[37.61218792,55.76352936],[37.61218791,55.76352934],[37.61218789,55.76352933],[37.61218789,55.76352931],[37.61218789,55.76352929],[37.61218789,55.76352927],[37.61218791,55.76352926],[37.61219166,55.76352529],[37.61219166,55.76352529]]]},"properties":{"type":"apartment","rooms":0,"totalArea":28.613333840175866,"livingArea":21.460000491479377,"apartmentType":999990},"type":"Feature"},{"geometry":{"type":"Polygon","coordinates":[[[37.6121918,55.76352534],[37.61210005,55.76349775],[37.61210005,55.76349775],[37.61207539,55.76352382],[37.61216713,55.76355141],[37.6121918,55.76352534]]]},"properties":{"type":"room","subtype":"apartment","roomType":"STUDIO","area":21.460000491479377},"type":"Feature"},{"geometry":{"type":"Polygon","coordinates":[[[37.61221863,55.7635385],[37.61218805,55.7635293],[37.61217946,55.76353837],[37.61221004,55.76354757],[37.61221863,55.7635385]]]},"properties":{"type":"room","subtype":"apartment","roomType":"JOINT_BATHROOM","area":2.489166589782815},"type":"Feature"},{"geometry":{"type":"Polygon","coordinates":[[[37.61221004,55.76354757],[37.61217946,55.76353837],[37.61216713,55.76355141],[37.61219771,55.7635606],[37.61221004,55.76354757]]]},"properties":{"type":"room","subtype":"apartment","roomType":"HALL","area":3.576666754095455},"type":"Feature"},{"geometry":{"type":"Polygon","coordinates":[[[37.61205666,55.76351688],[37.61207635,55.7635228],[37.61209855,55.76349933],[37.61207887,55.76349341],[37.61205666,55.76351688]]]},"properties":{"type":"room","subtype":"apartment","roomType":"BALCONY","area":4.145572912478552},"type":"Feature"},{"geometry":{"type":"Polygon","coordinates":[[[37.61207539,55.76352382],[37.61205072,55.76354989],[37.61215899,55.76358245],[37.61217982,55.76356043],[37.61215276,55.76355229],[37.61215273,55.76355228],[37.61215271,55.76355227],[37.61215269,55.76355225],[37.61215268,55.76355224],[37.61215267,55.76355222],[37.61215267,55.7635522],[37.61215268,55.76355218],[37.61215269,55.76355217],[37.61215645,55.7635482],[37.61207539,55.76352382]]]},"properties":{"type":"apartment","rooms":0,"totalArea":25.324444442696056,"livingArea":18.99347073642362,"apartmentType":999990},"type":"Feature"},{"geometry":{"type":"Polygon","coordinates":[[[37.61215659,55.76354824],[37.61207539,55.76352382],[37.61205072,55.76354989],[37.61213192,55.76357431],[37.61215659,55.76354824]]]},"properties":{"type":"room","subtype":"apartment","roomType":"STUDIO","area":18.99347073642362},"type":"Feature"},{"geometry":{"type":"Polygon","coordinates":[[[37.61217989,55.76356035],[37.61215283,55.76355221],[37.61214425,55.76356128],[37.61217131,55.76356942],[37.61217989,55.76356035]]]},"properties":{"type":"room","subtype":"apartment","roomType":"JOINT_BATHROOM","area":2.2025580028785523},"type":"Feature"},{"geometry":{"type":"Polygon","coordinates":[[[37.61217131,55.76356942],[37.61214425,55.76356128],[37.61213192,55.76357431],[37.61215899,55.76358245],[37.61217131,55.76356942]]]},"properties":{"type":"room","subtype":"apartment","roomType":"HALL","area":3.1641053513531396},"type":"Feature"},{"geometry":{"type":"Polygon","coordinates":[[[37.612032,55.76354296],[37.61205168,55.76354888],[37.61207443,55.76352483],[37.61205475,55.76351891],[37.612032,55.76354296]]]},"properties":{"type":"room","subtype":"apartment","roomType":"BALCONY","area":4.24668364340447},"type":"Feature"},{"geometry":{"type":"Polygon","coordinates":[[[37.61215552,55.76358039],[37.61215974,55.76358166],[37.61216199,55.76357928],[37.61215777,55.76357801],[37.61215552,55.76358039]]]},"properties":{"type":"room_object","subtype":"room","roomObjectType":"ELECTRICAL_BOX"},"type":"Feature"},{"geometry":{"type":"Polygon","coordinates":[[[37.61213178,55.76357427],[37.61205072,55.76354989],[37.61202606,55.76357596],[37.61202606,55.76357596],[37.61213432,55.76360852],[37.61215516,55.76358649],[37.61212809,55.76357835],[37.61212807,55.76357834],[37.61212805,55.76357833],[37.61212803,55.76357831],[37.61212802,55.7635783],[37.61212801,55.76357828],[37.61212801,55.76357826],[37.61212802,55.76357825],[37.61212803,55.76357823],[37.61213178,55.76357427]]]},"properties":{"type":"apartment","rooms":0,"totalArea":25.324444280927125,"livingArea":18.993333197367757,"apartmentType":999990},"type":"Feature"},{"geometry":{"type":"Polygon","coordinates":[[[37.61210725,55.76360038],[37.61213192,55.76357431],[37.61205072,55.76354989],[37.61202606,55.76357596],[37.61202606,55.76357596],[37.61210725,55.76360038]]]},"properties":{"type":"room","subtype":"apartment","roomType":"STUDIO","area":18.993333197367757},"type":"Feature"},{"geometry":{"type":"Polygon","coordinates":[[[37.61215524,55.76358641],[37.61212817,55.76357827],[37.61211959,55.76358734],[37.61214665,55.76359548],[37.61215524,55.76358641]]]},"properties":{"type":"room","subtype":"apartment","roomType":"JOINT_BATHROOM","area":2.203055574113548},"type":"Feature"},{"geometry":{"type":"Polygon","coordinates":[[[37.61214665,55.76359548],[37.61211959,55.76358734],[37.61210725,55.76360038],[37.61213432,55.76360852],[37.61214665,55.76359548]]]},"properties":{"type":"room","subtype":"apartment","roomType":"HALL","area":3.165555528078642},"type":"Feature"},{"geometry":{"type":"Polygon","coordinates":[[[37.61200733,55.76356903],[37.61202701,55.76357495],[37.61204976,55.7635509],[37.61203008,55.76354498],[37.61200733,55.76356903]]]},"properties":{"type":"room","subtype":"apartment","roomType":"BALCONY","area":4.246701002391539},"type":"Feature"},{"geometry":{"type":"Polygon","coordinates":[[[37.61213085,55.76360646],[37.61213507,55.76360773],[37.61213732,55.76360535],[37.6121331,55.76360408],[37.61213085,55.76360646]]]},"properties":{"type":"room_object","subtype":"room","roomObjectType":"ELECTRICAL_BOX"},"type":"Feature"},{"geometry":{"type":"Polygon","coordinates":[[[37.61200139,55.76360203],[37.61197672,55.7636281],[37.61208499,55.76366066],[37.61210965,55.76363459],[37.61213432,55.76360852],[37.61210469,55.76359961],[37.61210094,55.76360357],[37.61210092,55.76360359],[37.6121009,55.7636036],[37.61210087,55.76360361],[37.61210084,55.76360362],[37.61210081,55.76360362],[37.61210078,55.76360362],[37.61210075,55.76360362],[37.61210072,55.76360361],[37.61207636,55.76359628],[37.61207634,55.76359627],[37.61207631,55.76359626],[37.6120763,55.76359625],[37.61207629,55.76359623],[37.61207628,55.76359621],[37.61207628,55.7635962],[37.61207629,55.76359618],[37.6120763,55.76359616],[37.61208005,55.7635922],[37.61208005,55.7635922],[37.61202606,55.76357596],[37.61200139,55.76360203]]]},"properties":{"type":"apartment","rooms":1,"totalArea":50.648889054894184,"livingArea":25.324444611859857,"apartmentType":999991},"type":"Feature"},{"geometry":{"type":"Polygon","coordinates":[[[37.61208019,55.76359224],[37.61202746,55.76357638],[37.61202717,55.76357632],[37.61202687,55.76357628],[37.61202655,55.76357628],[37.61202625,55.76357632],[37.61202596,55.76357638],[37.6120257,55.76357648],[37.61202548,55.76357661],[37.61202531,55.76357675],[37.61200214,55.76360124],[37.61200202,55.7636014],[37.61200196,55.76360158],[37.61200196,55.76360175],[37.61200202,55.76360192],[37.61200214,55.76360209],[37.61200232,55.76360223],[37.61200254,55.76360236],[37.6120028,55.76360246],[37.61205552,55.76361831],[37.61208019,55.76359224]]]},"properties":{"type":"room","subtype":"apartment","roomType":"KITCHEN","area":12.657829449225469},"type":"Feature"},{"geometry":{"type":"Polygon","coordinates":[[[37.61212199,55.76362156],[37.61206785,55.76360528],[37.61205552,55.76361831],[37.61210825,55.76363417],[37.61210854,55.76363424],[37.61210884,55.76363427],[37.61210915,55.76363427],[37.61210946,55.76363424],[37.61210975,55.76363417],[37.61211001,55.76363407],[37.61211023,55.76363395],[37.6121104,55.7636338],[37.61212199,55.76362156]]]},"properties":{"type":"room","subtype":"apartment","roomType":"HALL","area":6.328914712424447},"type":"Feature"},{"geometry":{"type":"Polygon","coordinates":[[[37.61209221,55.7636126],[37.61212199,55.76362156],[37.61213357,55.76360931],[37.61213369,55.76360915],[37.61213375,55.76360898],[37.61213375,55.7636088],[37.61213369,55.76360863],[37.61213357,55.76360847],[37.61213339,55.76360832],[37.61213317,55.76360819],[37.61213291,55.7636081],[37.61210455,55.76359957],[37.61209221,55.7636126]]]},"properties":{"type":"room","subtype":"apartment","roomType":"BATHROOM","area":3.47991473453732},"type":"Feature"},{"geometry":{"type":"Polygon","coordinates":[[[37.61207644,55.7635962],[37.61206785,55.76360528],[37.61209221,55.7636126],[37.6121008,55.76360353],[37.61207644,55.7635962]]]},"properties":{"type":"room","subtype":"apartment","roomType":"TOILET","area":1.9827499988773007},"type":"Feature"},{"geometry":{"type":"Polygon","coordinates":[[[37.61200139,55.76360203],[37.61197672,55.7636281],[37.61208499,55.76366066],[37.61210965,55.76363459],[37.61210965,55.76363459],[37.61200139,55.76360203]]]},"properties":{"type":"room","subtype":"apartment","roomType":"BEDROOM","area":25.324444611859857},"type":"Feature"},{"geometry":{"type":"Polygon","coordinates":[[[37.61198266,55.7635951],[37.61200235,55.76360102],[37.6120251,55.76357697],[37.61200541,55.76357105],[37.61198266,55.7635951]]]},"properties":{"type":"room","subtype":"apartment","roomType":"BALCONY","area":4.246701056572004},"type":"Feature"},{"geometry":{"type":"Polygon","coordinates":[[[37.61210641,55.76363229],[37.61211063,55.76363356],[37.61211265,55.76363142],[37.61210843,55.76363015],[37.61210641,55.76363229]]]},"properties":{"type":"room_object","subtype":"room","roomObjectType":"ELECTRICAL_BOX"},"type":"Feature"},{"geometry":{"type":"Polygon","coordinates":[[[37.61205778,55.76365248],[37.61197672,55.7636281],[37.61195206,55.76365418],[37.61206032,55.76368673],[37.61208116,55.76366471],[37.6120541,55.76365657],[37.61205407,55.76365656],[37.61205405,55.76365654],[37.61205403,55.76365653],[37.61205402,55.76365651],[37.61205401,55.7636565],[37.61205401,55.76365648],[37.61205402,55.76365646],[37.61205403,55.76365644],[37.61205778,55.76365248]]]},"properties":{"type":"apartment","rooms":0,"totalArea":25.32444444233257,"livingArea":18.99333334555423,"apartmentType":999990},"type":"Feature"},{"geometry":{"type":"Polygon","coordinates":[[[37.61205792,55.76365252],[37.61197672,55.7636281],[37.61195206,55.76365418],[37.61203326,55.7636786],[37.61205792,55.76365252]]]},"properties":{"type":"room","subtype":"apartment","roomType":"STUDIO","area":18.99333334555423},"type":"Feature"},{"geometry":{"type":"Polygon","coordinates":[[[37.61207265,55.7636737],[37.61208124,55.76366463],[37.61205417,55.76365649],[37.61204559,55.76366556],[37.61207265,55.7636737]]]},"properties":{"type":"room","subtype":"apartment","roomType":"JOINT_BATHROOM","area":2.203055587923838},"type":"Feature"},{"geometry":{"type":"Polygon","coordinates":[[[37.61203326,55.7636786],[37.61206032,55.76368673],[37.61207265,55.7636737],[37.61204559,55.76366556],[37.61203326,55.7636786]]]},"properties":{"type":"room","subtype":"apartment","roomType":"HALL","area":3.165555528366517},"type":"Feature"},{"geometry":{"type":"Polygon","coordinates":[[[37.61193333,55.76364724],[37.61195302,55.76365316],[37.61197577,55.76362912],[37.61195608,55.7636232],[37.61193333,55.76364724]]]},"properties":{"type":"room","subtype":"apartment","roomType":"BALCONY","area":4.246701055322162},"type":"Feature"},{"geometry":{"type":"Polygon","coordinates":[[[37.61205685,55.76368467],[37.61206107,55.76368594],[37.61206332,55.76368356],[37.6120591,55.7636823],[37.61205685,55.76368467]]]},"properties":{"type":"room_object","subtype":"room","roomObjectType":"ELECTRICAL_BOX"},"type":"Feature"},{"geometry":{"type":"Polygon","coordinates":[[[37.61195206,55.76365418],[37.61192739,55.76368025],[37.61192739,55.76368025],[37.61203565,55.76371281],[37.6120565,55.76369078],[37.61202943,55.76368264],[37.6120294,55.76368263],[37.61202938,55.76368262],[37.61202936,55.7636826],[37.61202935,55.76368258],[37.61202935,55.76368257],[37.61202935,55.76368255],[37.61202935,55.76368253],[37.61202936,55.76368252],[37.61203311,55.76367855],[37.61195206,55.76365418]]]},"properties":{"type":"apartment","rooms":0,"totalArea":25.324444280585766,"livingArea":18.993333196804937,"apartmentType":999990},"type":"Feature"},{"geometry":{"type":"Polygon","coordinates":[[[37.61203326,55.7636786],[37.61195206,55.76365418],[37.61192739,55.76368025],[37.61192739,55.76368025],[37.61200859,55.76370467],[37.61203326,55.7636786]]]},"properties":{"type":"room","subtype":"apartment","roomType":"STUDIO","area":18.993333196804937},"type":"Feature"},{"geometry":{"type":"Polygon","coordinates":[[[37.61202951,55.76368256],[37.61202092,55.76369163],[37.61204799,55.76369977],[37.61205657,55.7636907],[37.61202951,55.76368256]]]},"properties":{"type":"room","subtype":"apartment","roomType":"JOINT_BATHROOM","area":2.203055577864232},"type":"Feature"},{"geometry":{"type":"Polygon","coordinates":[[[37.61202092,55.76369163],[37.61200859,55.76370467],[37.61203565,55.76371281],[37.61204799,55.76369977],[37.61202092,55.76369163]]]},"properties":{"type":"room","subtype":"apartment","roomType":"HALL","area":3.16555552342178},"type":"Feature"},{"geometry":{"type":"Polygon","coordinates":[[[37.61190867,55.76367331],[37.61192835,55.76367923],[37.6119511,55.76365519],[37.61193142,55.76364927],[37.61190867,55.76367331]]]},"properties":{"type":"room","subtype":"apartment","roomType":"BALCONY","area":4.246701002391539},"type":"Feature"},{"geometry":{"type":"Polygon","coordinates":[[[37.61203219,55.76371075],[37.6120364,55.76371201],[37.61203865,55.76370964],[37.61203444,55.76370837],[37.61203219,55.76371075]]]},"properties":{"type":"room_object","subtype":"room","roomObjectType":"ELECTRICAL_BOX"},"type":"Feature"},{"geometry":{"type":"Polygon","coordinates":[[[37.61192739,55.76368025],[37.61190273,55.76370632],[37.61190273,55.76370632],[37.61201099,55.76373888],[37.612011,55.76373887],[37.61203183,55.76371685],[37.61200476,55.76370871],[37.61200474,55.7637087],[37.61200471,55.76370869],[37.6120047,55.76370867],[37.61200468,55.76370866],[37.61200468,55.76370864],[37.61200468,55.76370862],[37.61200468,55.7637086],[37.6120047,55.76370859],[37.61200845,55.76370462],[37.61200845,55.76370462],[37.61192739,55.76368025]]]},"properties":{"type":"apartment","rooms":0,"totalArea":25.324444441706262,"livingArea":18.99347088931151,"apartmentType":999990},"type":"Feature"},{"geometry":{"type":"Polygon","coordinates":[[[37.61198393,55.76373074],[37.61200859,55.76370467],[37.61192739,55.76368025],[37.61190273,55.76370632],[37.61190273,55.76370632],[37.61198393,55.76373074]]]},"properties":{"type":"room","subtype":"apartment","roomType":"STUDIO","area":18.99347088931151},"type":"Feature"},{"geometry":{"type":"Polygon","coordinates":[[[37.6120319,55.76371677],[37.61200484,55.76370863],[37.61199626,55.7637177],[37.61202333,55.76372583],[37.6120319,55.76371677]]]},"properties":{"type":"room","subtype":"apartment","roomType":"JOINT_BATHROOM","area":2.2015344422139522},"type":"Feature"},{"geometry":{"type":"Polygon","coordinates":[[[37.61202333,55.76372583],[37.61199626,55.7637177],[37.61198393,55.76373074],[37.61201099,55.76373888],[37.612011,55.76373887],[37.61202333,55.76372583]]]},"properties":{"type":"room","subtype":"apartment","roomType":"HALL","area":3.1668695478167086},"type":"Feature"},{"geometry":{"type":"Polygon","coordinates":[[[37.611884,55.76369939],[37.61190368,55.76370531],[37.61192643,55.76368126],[37.61190675,55.76367534],[37.611884,55.76369939]]]},"properties":{"type":"room","subtype":"apartment","roomType":"BALCONY","area":4.246683624819395},"type":"Feature"},{"geometry":{"type":"Polygon","coordinates":[[[37.61200753,55.76373681],[37.61201175,55.76373808],[37.612014,55.7637357],[37.61200978,55.76373443],[37.61200753,55.76373681]]]},"properties":{"type":"room_object","subtype":"room","roomObjectType":"ELECTRICAL_BOX"},"type":"Feature"},{"geometry":{"type":"Polygon","coordinates":[[[37.61202505,55.76374311],[37.61190273,55.76370632],[37.61187806,55.76373239],[37.61196966,55.76375994],[37.61196966,55.76375994],[37.61197341,55.76375598],[37.61197343,55.76375596],[37.61197345,55.76375595],[37.61197348,55.76375594],[37.61197351,55.76375593],[37.61197354,55.76375593],[37.61197357,55.76375593],[37.6119736,55.76375593],[37.61197363,55.76375594],[37.61200421,55.76376514],[37.61200421,55.76376514],[37.61202505,55.76374311],[37.61202505,55.76374311]]]},"properties":{"type":"apartment","rooms":0,"totalArea":28.613332994980517,"livingArea":21.459999683883034,"apartmentType":999990},"type":"Feature"},{"geometry":{"type":"Polygon","coordinates":[[[37.6119698,55.76375998],[37.61199447,55.76373391],[37.61190273,55.76370632],[37.61187806,55.76373239],[37.6119698,55.76375998]]]},"properties":{"type":"room","subtype":"apartment","roomType":"STUDIO","area":21.459999683883034},"type":"Feature"},{"geometry":{"type":"Polygon","coordinates":[[[37.61200413,55.76376521],[37.61201272,55.76375614],[37.61198213,55.76374695],[37.61197355,55.76375602],[37.61200413,55.76376521]]]},"properties":{"type":"room","subtype":"apartment","roomType":"JOINT_BATHROOM","area":2.4891666568976687},"type":"Feature"},{"geometry":{"type":"Polygon","coordinates":[[[37.61198213,55.76374695],[37.61201272,55.76375614],[37.61202505,55.76374311],[37.61202505,55.76374311],[37.61199447,55.76373391],[37.61198213,55.76374695]]]},"properties":{"type":"room","subtype":"apartment","roomType":"HALL","area":3.576666656307737},"type":"Feature"},{"geometry":{"type":"Polygon","coordinates":[[[37.61185988,55.76372489],[37.61187956,55.76373081],[37.61190177,55.76370733],[37.61188208,55.76370141],[37.61185988,55.76372489]]]},"properties":{"type":"room","subtype":"apartment","roomType":"BALCONY","area":4.145572643445956},"type":"Feature"},{"geometry":{"type":"Polygon","coordinates":[[[37.61203911,55.76374734],[37.61202505,55.76374311],[37.61200038,55.76376918],[37.61212271,55.76380597],[37.61212271,55.76380597],[37.61214737,55.76377989],[37.61217204,55.76375382],[37.61211805,55.76373759],[37.61211805,55.76373759],[37.6121143,55.76374155],[37.61211428,55.76374156],[37.61211426,55.76374158],[37.61211423,55.76374159],[37.6121142,55.76374159],[37.61211417,55.7637416],[37.61211414,55.7637416],[37.61211411,55.76374159],[37.61211408,55.76374159],[37.61208973,55.76373426],[37.6120897,55.76373425],[37.61208968,55.76373424],[37.61208966,55.76373422],[37.61208965,55.76373421],[37.61208964,55.76373419],[37.61208964,55.76373417],[37.61208965,55.76373415],[37.61208966,55.76373414],[37.61209341,55.76373018],[37.61206377,55.76372126],[37.61203911,55.76374734]]]},"properties":{"type":"apartment","rooms":1,"totalArea":53.937778113950685,"livingArea":28.613333666763975,"apartmentType":999991},"type":"Feature"},{"geometry":{"type":"Polygon","coordinates":[[[37.61209324,55.76376361],[37.61214597,55.76377947],[37.61214625,55.76377954],[37.61214656,55.76377957],[37.61214687,55.76377957],[37.61214718,55.76377954],[37.61214747,55.76377947],[37.61214773,55.76377937],[37.61214795,55.76377925],[37.61214812,55.7637791],[37.61217129,55.76375462],[37.61217141,55.76375445],[37.61217147,55.76375428],[37.61217147,55.7637541],[37.61217141,55.76375393],[37.61217129,55.76375377],[37.61217111,55.76375362],[37.61217089,55.7637535],[37.61217063,55.7637534],[37.61211791,55.76373754],[37.61209324,55.76376361]]]},"properties":{"type":"room","subtype":"apartment","roomType":"KITCHEN","area":12.65686689613789},"type":"Feature"},{"geometry":{"type":"Polygon","coordinates":[[[37.61205145,55.76373429],[37.61203987,55.76374653],[37.61203975,55.7637467],[37.61203969,55.76374687],[37.61203969,55.76374705],[37.61203975,55.76374722],[37.61203987,55.76374738],[37.61204004,55.76374753],[37.61204026,55.76374765],[37.61204052,55.76374775],[37.61209324,55.76376361],[37.61210558,55.76375058],[37.61205145,55.76373429]]]},"properties":{"type":"room","subtype":"apartment","roomType":"HALL","area":6.328490200649874},"type":"Feature"},{"geometry":{"type":"Polygon","coordinates":[[[37.61205145,55.76373429],[37.61208122,55.76374325],[37.61209355,55.76373022],[37.61206518,55.76372169],[37.61206489,55.76372162],[37.61206459,55.76372158],[37.61206427,55.76372159],[37.61206397,55.76372162],[37.61206368,55.76372169],[37.61206342,55.76372179],[37.6120632,55.76372191],[37.61206302,55.76372206],[37.61205145,55.76373429]]]},"properties":{"type":"room","subtype":"apartment","roomType":"BATHROOM","area":3.4784024483738434},"type":"Feature"},{"geometry":{"type":"Polygon","coordinates":[[[37.61211416,55.76374151],[37.6120898,55.76373418],[37.61208122,55.76374325],[37.61210558,55.76375058],[37.61211416,55.76374151]]]},"properties":{"type":"room","subtype":"apartment","roomType":"TOILET","area":1.981996853058236},"type":"Feature"},{"geometry":{"type":"Polygon","coordinates":[[[37.61214737,55.76377989],[37.61202505,55.76374311],[37.61200038,55.76376918],[37.61212271,55.76380597],[37.61212271,55.76380597],[37.61214737,55.76377989],[37.61214737,55.76377989]]]},"properties":{"type":"room","subtype":"apartment","roomType":"BEDROOM","area":28.613333666763975},"type":"Feature"},{"geometry":{"type":"Polygon","coordinates":[[[37.6121661,55.76378683],[37.61214641,55.76378091],[37.61212421,55.76380438],[37.61214389,55.7638103],[37.6121661,55.76378683]]]},"properties":{"type":"room","subtype":"apartment","roomType":"BALCONY","area":4.145572856974434},"type":"Feature"},{"geometry":{"type":"Polygon","coordinates":[[[37.61204009,55.7637463],[37.61204431,55.76374757],[37.61204633,55.76374542],[37.61204212,55.76374416],[37.61204009,55.7637463]]]},"properties":{"type":"room_object","subtype":"room","roomObjectType":"ELECTRICAL_BOX"},"type":"Feature"},{"geometry":{"type":"Polygon","coordinates":[[[37.61208462,55.76369923],[37.61206377,55.76372126],[37.61206377,55.76372126],[37.61217204,55.76375382],[37.6121967,55.76372775],[37.61211565,55.76370337],[37.6121119,55.76370734],[37.61211188,55.76370735],[37.61211186,55.76370736],[37.61211183,55.76370737],[37.6121118,55.76370738],[37.61211177,55.76370738],[37.61211174,55.76370738],[37.61211171,55.76370738],[37.61211168,55.76370737],[37.61208462,55.76369923],[37.61208462,55.76369923]]]},"properties":{"type":"apartment","rooms":0,"totalArea":25.32444461068583,"livingArea":18.993333492476193,"apartmentType":999990},"type":"Feature"},{"geometry":{"type":"Polygon","coordinates":[[[37.61211551,55.76370333],[37.61209084,55.7637294],[37.61217204,55.76375382],[37.6121967,55.76372775],[37.61211551,55.76370333]]]},"properties":{"type":"room","subtype":"apartment","roomType":"STUDIO","area":18.993333492476193},"type":"Feature"},{"geometry":{"type":"Polygon","coordinates":[[[37.61211176,55.7637073],[37.61208469,55.76369916],[37.61207611,55.76370823],[37.61210317,55.76371637],[37.61211176,55.7637073]]]},"properties":{"type":"room","subtype":"apartment","roomType":"JOINT_BATHROOM","area":2.2030555416493525},"type":"Feature"},{"geometry":{"type":"Polygon","coordinates":[[[37.61210317,55.76371637],[37.61207611,55.76370823],[37.61206377,55.76372126],[37.61206377,55.76372126],[37.61209084,55.7637294],[37.61210317,55.76371637]]]},"properties":{"type":"room","subtype":"apartment","roomType":"HALL","area":3.1655555928934116},"type":"Feature"},{"geometry":{"type":"Polygon","coordinates":[[[37.61221543,55.76373468],[37.61219575,55.76372876],[37.612173,55.76375281],[37.61219268,55.76375873],[37.61221543,55.76373468]]]},"properties":{"type":"room","subtype":"apartment","roomType":"BALCONY","area":4.246701109368557},"type":"Feature"},{"geometry":{"type":"Polygon","coordinates":[[[37.61206452,55.76372047],[37.61206874,55.76372174],[37.61207099,55.76371936],[37.61206677,55.76371809],[37.61206452,55.76372047]]]},"properties":{"type":"room_object","subtype":"room","roomObjectType":"ELECTRICAL_BOX"},"type":"Feature"},{"geometry":{"type":"Polygon","coordinates":[[[37.61226272,55.7636847],[37.61224304,55.76367878],[37.6121997,55.76372458],[37.61221939,55.7637305],[37.61226272,55.7636847]]]},"properties":{"type":"balcony","area":8.088888832736991,"subtype":"service"},"type":"Feature"},{"geometry":{"type":"Polygon","coordinates":[[[37.61208844,55.76369519],[37.61211311,55.76366912],[37.61211311,55.76366912],[37.61222137,55.76370168],[37.6121967,55.76372775],[37.6121967,55.76372775],[37.61208844,55.76369519]]]},"properties":{"type":"ladder","area":25.324444441687724,"subtype":"service"},"type":"Feature"},{"geometry":{"type":"Polygon","coordinates":[[[37.61224604,55.76367561],[37.61213777,55.76364305],[37.61212886,55.76365247],[37.61213589,55.76365459],[37.61215135,55.76365924],[37.61217385,55.763666],[37.61219635,55.76367277],[37.6121806,55.76368942],[37.61222137,55.76370168],[37.61222137,55.76370168],[37.61224604,55.76367561],[37.61224604,55.76367561]]]},"properties":{"type":"corridor","area":15.244444304780767,"subtype":"service"},"type":"Feature"},{"geometry":{"type":"Polygon","coordinates":[[[37.61212014,55.76367123],[37.61213589,55.76365459],[37.61212886,55.76365247],[37.61211311,55.76366912],[37.61212014,55.76367123]]]},"properties":{"type":"heating_meter","area":1.0499999728663703,"subtype":"service"},"type":"Feature"},{"geometry":{"type":"Polygon","coordinates":[[[37.6121356,55.76367589],[37.61215135,55.76365924],[37.61213589,55.76365459],[37.61212014,55.76367123],[37.6121356,55.76367589]]]},"properties":{"type":"elevator","area":2.309999999820699,"subtype":"service"},"type":"Feature"},{"geometry":{"type":"Polygon","coordinates":[[[37.6121581,55.76368265],[37.61217385,55.763666],[37.61215135,55.76365924],[37.6121356,55.76367589],[37.6121581,55.76368265]]]},"properties":{"type":"elevator","area":3.3599999990018623,"subtype":"service"},"type":"Feature"},{"geometry":{"type":"Polygon","coordinates":[[[37.6121806,55.76368942],[37.61219635,55.76367277],[37.61217385,55.763666],[37.6121581,55.76368265],[37.6121806,55.76368942]]]},"properties":{"type":"elevator","area":3.360000000940334,"subtype":"service"},"type":"Feature"},{"geometry":{"type":"Polygon","coordinates":[[[37.612011,55.76373887],[37.61203912,55.76374733],[37.61221176,55.76356484],[37.61218364,55.76355638],[37.612011,55.76373887]]]},"properties":{"type":"corridor","area":46.04044911083412,"subtype":"service"},"type":"Feature"},{"geometry":{"type":"Polygon","coordinates":[[[37.6121713,55.76364804],[37.61216755,55.763652],[37.6121919,55.76365933],[37.61219565,55.76365536],[37.6121713,55.76364804]]]},"properties":{"type":"ventilation","area":0.8662499995088181,"subtype":"service"},"type":"Feature"},{"geometry":{"type":"Polygon","coordinates":[[[37.61221863,55.7635385],[37.61224921,55.76354769],[37.61225296,55.76354373],[37.61222238,55.76353453],[37.61222238,55.76353453],[37.61221863,55.7635385]]]},"properties":{"type":"ventilation","area":1.0874999992803984,"subtype":"service"},"type":"Feature"},{"geometry":{"type":"Polygon","coordinates":[[[37.61221863,55.7635385],[37.61222238,55.76353453],[37.6121918,55.76352534],[37.61218805,55.7635293],[37.61221863,55.7635385]]]},"properties":{"type":"ventilation","area":1.0875000073606855,"subtype":"service"},"type":"Feature"},{"geometry":{"type":"Polygon","coordinates":[[[37.61217989,55.76356035],[37.61218364,55.76355638],[37.61218364,55.76355638],[37.61218365,55.76355638],[37.61215659,55.76354824],[37.61215283,55.76355221],[37.61217989,55.76356035]]]},"properties":{"type":"ventilation","area":0.9643103514498454,"subtype":"service"},"type":"Feature"},{"geometry":{"type":"Polygon","coordinates":[[[37.61212817,55.76357827],[37.61215524,55.76358641],[37.61215899,55.76358245],[37.61213192,55.76357431],[37.61212817,55.76357827]]]},"properties":{"type":"ventilation","area":0.9624999825067178,"subtype":"service"},"type":"Feature"},{"geometry":{"type":"Polygon","coordinates":[[[37.6121008,55.76360353],[37.61210455,55.76359957],[37.61208019,55.76359224],[37.61207644,55.7635962],[37.6121008,55.76360353]]]},"properties":{"type":"ventilation","area":0.8662499988827593,"subtype":"service"},"type":"Feature"},{"geometry":{"type":"Polygon","coordinates":[[[37.61205417,55.76365649],[37.61208124,55.76366463],[37.61208499,55.76366066],[37.61205792,55.76365252],[37.61205417,55.76365649]]]},"properties":{"type":"ventilation","area":0.9624999824943193,"subtype":"service"},"type":"Feature"},{"geometry":{"type":"Polygon","coordinates":[[[37.61203326,55.7636786],[37.61202951,55.76368256],[37.61205657,55.7636907],[37.61206032,55.76368673],[37.61203326,55.7636786]]]},"properties":{"type":"ventilation","area":0.9624999825078691,"subtype":"service"},"type":"Feature"},{"geometry":{"type":"Polygon","coordinates":[[[37.61200859,55.76370467],[37.61200484,55.76370863],[37.6120319,55.76371677],[37.61203565,55.76371281],[37.61203565,55.76371281],[37.61200859,55.76370467]]]},"properties":{"type":"ventilation","area":0.9625695616914988,"subtype":"service"},"type":"Feature"},{"geometry":{"type":"Polygon","coordinates":[[[37.61197355,55.76375602],[37.6119698,55.76375998],[37.61200038,55.76376918],[37.61200038,55.76376918],[37.61200413,55.76376521],[37.61197355,55.76375602]]]},"properties":{"type":"ventilation","area":1.0874999994252097,"subtype":"service"},"type":"Feature"},{"geometry":{"type":"Polygon","coordinates":[[[37.61211416,55.76374151],[37.61211791,55.76373754],[37.61209355,55.76373022],[37.6120898,55.76373418],[37.61211416,55.76374151]]]},"properties":{"type":"ventilation","area":0.8660552514018567,"subtype":"service"},"type":"Feature"},{"geometry":{"type":"Polygon","coordinates":[[[37.61208469,55.76369916],[37.61211176,55.7637073],[37.61211551,55.76370333],[37.61208844,55.76369519],[37.61208844,55.76369519],[37.61208469,55.76369916]]]},"properties":{"type":"ventilation","area":0.9624999853020165,"subtype":"service"},"type":"Feature"},{"geometry":{"type":"Polygon","coordinates":[[[37.60896912,55.76270577],[37.60896912,55.76270577],[37.60901361,55.76272139],[37.60906218,55.76267743],[37.60906218,55.76267743],[37.60905541,55.76267505],[37.60905539,55.76267504],[37.60905537,55.76267503],[37.60905535,55.76267501],[37.60905534,55.762675],[37.60905534,55.76267498],[37.60905534,55.76267496],[37.60905535,55.76267494],[37.60905536,55.76267493],[37.60907158,55.76266025],[37.60907158,55.76266025],[37.609034,55.76264705],[37.60896912,55.76270577]]]},"properties":{"type":"apartment","rooms":0,"totalArea":25.32444444592176,"livingArea":18.99333337652955,"apartmentType":999990},"type":"Feature"},{"geometry":{"type":"Polygon","coordinates":[[[37.60896912,55.76270577],[37.60896912,55.76270577],[37.60901361,55.76272139],[37.60906226,55.76267735],[37.60901778,55.76266173],[37.60896912,55.76270577]]]},"properties":{"type":"room","subtype":"apartment","roomType":"STUDIO","area":18.99333337652955},"type":"Feature"},{"geometry":{"type":"Polygon","coordinates":[[[37.60905624,55.76265486],[37.60904002,55.76266954],[37.6090555,55.76267497],[37.60907172,55.76266029],[37.60905624,55.76265486]]]},"properties":{"type":"room","subtype":"apartment","roomType":"JOINT_BATHROOM","area":2.2030555137779126},"type":"Feature"},{"geometry":{"type":"Polygon","coordinates":[[[37.60904002,55.76266954],[37.60905624,55.76265486],[37.609034,55.76264705],[37.60901778,55.76266173],[37.60904002,55.76266954]]]},"properties":{"type":"room","subtype":"apartment","roomType":"HALL","area":3.1655555899783567},"type":"Feature"},{"geometry":{"type":"Polygon","coordinates":[[[37.60900008,55.76273146],[37.60901188,55.76272078],[37.60897085,55.76270637],[37.60895906,55.76271705],[37.60900008,55.76273146]]]},"properties":{"type":"room","subtype":"apartment","roomType":"BALCONY","area":4.246701057406689},"type":"Feature"},{"geometry":{"type":"Polygon","coordinates":[[[37.60903535,55.76264752],[37.60903282,55.76264981],[37.60903688,55.76265123],[37.60903941,55.76264895],[37.60903535,55.76264752]]]},"properties":{"type":"room_object","subtype":"room","roomObjectType":"ELECTRICAL_BOX"},"type":"Feature"},{"geometry":{"type":"Polygon","coordinates":[[[37.60901361,55.76272139],[37.60901361,55.76272139],[37.60905809,55.76273701],[37.60910666,55.76269305],[37.6090999,55.76269067],[37.60909987,55.76269066],[37.60909985,55.76269065],[37.60909984,55.76269064],[37.60909983,55.76269062],[37.60909982,55.7626906],[37.60909983,55.76269058],[37.60909983,55.76269057],[37.60909985,55.76269055],[37.60911607,55.76267587],[37.60907848,55.76266267],[37.60901361,55.76272139]]]},"properties":{"type":"apartment","rooms":0,"totalArea":25.32444186334524,"livingArea":18.99333104402332,"apartmentType":999990},"type":"Feature"},{"geometry":{"type":"Polygon","coordinates":[[[37.60910675,55.76269297],[37.60906226,55.76267735],[37.60901361,55.76272139],[37.60901361,55.76272139],[37.60905809,55.76273701],[37.60910675,55.76269297]]]},"properties":{"type":"room","subtype":"apartment","roomType":"STUDIO","area":18.99333104402332},"type":"Feature"},{"geometry":{"type":"Polygon","coordinates":[[[37.60910072,55.76267048],[37.6090845,55.76268516],[37.60909998,55.7626906],[37.6091162,55.76267592],[37.60910072,55.76267048]]]},"properties":{"type":"room","subtype":"apartment","roomType":"JOINT_BATHROOM","area":2.203055431092494},"type":"Feature"},{"geometry":{"type":"Polygon","coordinates":[[[37.60910072,55.76267048],[37.60907848,55.76266267],[37.60906226,55.76267735],[37.6090845,55.76268516],[37.60910072,55.76267048]]]},"properties":{"type":"room","subtype":"apartment","roomType":"HALL","area":3.1655553735947066},"type":"Feature"},{"geometry":{"type":"Polygon","coordinates":[[[37.60904457,55.76274708],[37.60905636,55.76273641],[37.60901533,55.762722],[37.60900354,55.76273267],[37.60904457,55.76274708]]]},"properties":{"type":"room","subtype":"apartment","roomType":"BALCONY","area":4.246700226344377},"type":"Feature"},{"geometry":{"type":"Polygon","coordinates":[[[37.60907983,55.76266315],[37.6090773,55.76266543],[37.60908136,55.76266686],[37.60908389,55.76266457],[37.60907983,55.76266315]]]},"properties":{"type":"room_object","subtype":"room","roomObjectType":"ELECTRICAL_BOX"},"type":"Feature"},{"geometry":{"type":"Polygon","coordinates":[[[37.60905809,55.76273701],[37.60910257,55.76275264],[37.60914706,55.76276826],[37.60914706,55.76276826],[37.60922036,55.76270191],[37.60917587,55.76268629],[37.60916743,55.76269391],[37.60912296,55.76267829],[37.60910521,55.76269437],[37.60911197,55.76269674],[37.60911199,55.76269675],[37.60911201,55.76269676],[37.60911203,55.76269678],[37.60911204,55.7626968],[37.60911204,55.76269681],[37.60911204,55.76269683],[37.60911203,55.76269685],[37.60911202,55.76269686],[37.60909742,55.76271008],[37.6090974,55.76271009],[37.60909738,55.7627101],[37.60909735,55.76271011],[37.60909732,55.76271012],[37.60909729,55.76271012],[37.60909726,55.76271012],[37.60909723,55.76271011],[37.6090972,55.76271011],[37.60909044,55.76270773],[37.60909044,55.76270773],[37.60905809,55.76273701]]]},"properties":{"type":"apartment","rooms":1,"totalArea":53.93827734936114,"livingArea":28.61333445960753,"apartmentType":999991},"type":"Feature"},{"geometry":{"type":"Polygon","coordinates":[[[37.60909053,55.76270765],[37.60905893,55.76273625],[37.60905879,55.76273641],[37.60905871,55.76273658],[37.60905869,55.76273675],[37.60905873,55.76273693],[37.60905883,55.7627371],[37.60905899,55.76273725],[37.6090592,55.76273738],[37.60905944,55.76273749],[37.60910122,55.76275216],[37.6091015,55.76275224],[37.6091018,55.76275228],[37.60910212,55.7627523],[37.60910242,55.76275227],[37.60910272,55.76275222],[37.60910299,55.76275213],[37.60910323,55.76275201],[37.60910342,55.76275187],[37.60913501,55.76272327],[37.60909053,55.76270765]]]},"properties":{"type":"room","subtype":"apartment","roomType":"KITCHEN","area":12.656869206783899},"type":"Feature"},{"geometry":{"type":"Polygon","coordinates":[[[37.60911276,55.76271546],[37.60913501,55.76272327],[37.60916659,55.76269467],[37.60916673,55.76269452],[37.60916681,55.76269435],[37.60916683,55.76269417],[37.60916679,55.762694],[37.60916669,55.76269383],[37.60916653,55.76269368],[37.60916633,55.76269354],[37.60916608,55.76269344],[37.60914519,55.7626861],[37.60911276,55.76271546]]]},"properties":{"type":"room","subtype":"apartment","roomType":"HALL","area":6.3284912492016225},"type":"Feature"},{"geometry":{"type":"Polygon","coordinates":[[[37.60910512,55.76269444],[37.60912736,55.76270225],[37.60914519,55.7626861],[37.60912432,55.76267877],[37.60912404,55.76267869],[37.60912373,55.76267864],[37.60912342,55.76267863],[37.60912311,55.76267866],[37.60912282,55.76267871],[37.60912255,55.7626788],[37.60912231,55.76267892],[37.60912212,55.76267906],[37.60910512,55.76269444]]]},"properties":{"type":"room","subtype":"apartment","roomType":"BATHROOM","area":3.4784060461410284},"type":"Feature"},{"geometry":{"type":"Polygon","coordinates":[[[37.60911188,55.76269682],[37.60909729,55.76271003],[37.60911276,55.76271546],[37.60912736,55.76270225],[37.60911188,55.76269682]]]},"properties":{"type":"room","subtype":"apartment","roomType":"TOILET","area":1.9819986586695855},"type":"Feature"},{"geometry":{"type":"Polygon","coordinates":[[[37.60910257,55.76275264],[37.60914706,55.76276826],[37.60914706,55.76276826],[37.60922036,55.76270191],[37.60922036,55.76270191],[37.60917587,55.76268629],[37.60910257,55.76275264]]]},"properties":{"type":"room","subtype":"apartment","roomType":"BEDROOM","area":28.61333445960753},"type":"Feature"},{"geometry":{"type":"Polygon","coordinates":[[[37.60913256,55.76277799],[37.60914435,55.76276731],[37.6091043,55.76275324],[37.60909251,55.76276392],[37.60913256,55.76277799]]]},"properties":{"type":"room","subtype":"apartment","roomType":"BALCONY","area":4.1455731109336345},"type":"Feature"},{"geometry":{"type":"Polygon","coordinates":[[[37.60916315,55.76269558],[37.60916568,55.76269329],[37.60916202,55.76269201],[37.6091595,55.7626943],[37.60916315,55.76269558]]]},"properties":{"type":"room_object","subtype":"room","roomObjectType":"ELECTRICAL_BOX"},"type":"Feature"},{"geometry":{"type":"Polygon","coordinates":[[[37.60913981,55.76266304],[37.60918428,55.76267866],[37.60917587,55.76268629],[37.60922036,55.76270191],[37.60922036,55.76270191],[37.60929365,55.76263557],[37.60924917,55.76261994],[37.60920469,55.76260432],[37.60917234,55.7626336],[37.60917234,55.7626336],[37.6091791,55.76263598],[37.60917913,55.76263599],[37.60917915,55.762636],[37.60917916,55.76263602],[37.60917917,55.76263604],[37.60917918,55.76263605],[37.60917917,55.76263607],[37.60917917,55.76263609],[37.60917915,55.7626361],[37.60916455,55.76264931],[37.60916453,55.76264933],[37.60916451,55.76264934],[37.60916448,55.76264935],[37.60916445,55.76264935],[37.60916442,55.76264936],[37.60916439,55.76264936],[37.60916436,55.76264935],[37.60916433,55.76264934],[37.60915757,55.76264697],[37.60913981,55.76266304]]]},"properties":{"type":"apartment","rooms":1,"totalArea":53.93827512101031,"livingArea":28.613332202501226,"apartmentType":999991},"type":"Feature"},{"geometry":{"type":"Polygon","coordinates":[[[37.60917225,55.76263368],[37.60921673,55.7626493],[37.60924833,55.76262071],[37.60924847,55.76262055],[37.60924855,55.76262038],[37.60924857,55.7626202],[37.60924853,55.76262003],[37.60924843,55.76261986],[37.60924827,55.76261971],[37.60924807,55.76261958],[37.60924782,55.76261947],[37.60920604,55.7626048],[37.60920576,55.76260472],[37.60920546,55.76260467],[37.60920515,55.76260466],[37.60920484,55.76260468],[37.60920454,55.76260474],[37.60920427,55.76260483],[37.60920403,55.76260494],[37.60920384,55.76260508],[37.60917225,55.76263368]]]},"properties":{"type":"room","subtype":"apartment","roomType":"KITCHEN","area":12.656869145511934},"type":"Feature"},{"geometry":{"type":"Polygon","coordinates":[[[37.60919449,55.76264149],[37.60916204,55.76267085],[37.60918293,55.76267818],[37.60918321,55.76267826],[37.60918351,55.76267831],[37.60918383,55.76267832],[37.60918413,55.7626783],[37.60918443,55.76267824],[37.6091847,55.76267815],[37.60918494,55.76267804],[37.60918513,55.7626779],[37.60921673,55.7626493],[37.60919449,55.76264149]]]},"properties":{"type":"room","subtype":"apartment","roomType":"HALL","area":6.3284911381668785},"type":"Feature"},{"geometry":{"type":"Polygon","coordinates":[[[37.60915766,55.76264689],[37.60914066,55.76266228],[37.60914052,55.76266244],[37.60914044,55.76266261],[37.60914042,55.76266278],[37.60914046,55.76266296],[37.60914056,55.76266312],[37.60914071,55.76266328],[37.60914092,55.76266341],[37.60914117,55.76266352],[37.60916204,55.76267085],[37.60917989,55.7626547],[37.60915766,55.76264689]]]},"properties":{"type":"room","subtype":"apartment","roomType":"BATHROOM","area":3.478406039769128},"type":"Feature"},{"geometry":{"type":"Polygon","coordinates":[[[37.60916442,55.76264927],[37.60917989,55.7626547],[37.60919449,55.76264149],[37.60917902,55.76263606],[37.60916442,55.76264927]]]},"properties":{"type":"room","subtype":"apartment","roomType":"TOILET","area":1.9816099929339703},"type":"Feature"},{"geometry":{"type":"Polygon","coordinates":[[[37.60917587,55.76268629],[37.60922036,55.76270191],[37.60922036,55.76270191],[37.60929365,55.76263557],[37.60929365,55.76263557],[37.60924917,55.76261994],[37.60917587,55.76268629]]]},"properties":{"type":"room","subtype":"apartment","roomType":"BEDROOM","area":28.613332202501226},"type":"Feature"},{"geometry":{"type":"Polygon","coordinates":[[[37.60926269,55.76260987],[37.6092509,55.76262055],[37.60929095,55.76263462],[37.60930274,55.76262394],[37.60926269,55.76260987]]]},"properties":{"type":"room","subtype":"apartment","roomType":"BALCONY","area":4.145572392476036},"type":"Feature"},{"geometry":{"type":"Polygon","coordinates":[[[37.60918253,55.76267804],[37.60918505,55.76267575],[37.6091814,55.76267447],[37.60917887,55.76267676],[37.60918253,55.76267804]]]},"properties":{"type":"room_object","subtype":"room","roomObjectType":"ELECTRICAL_BOX"},"type":"Feature"},{"geometry":{"type":"Polygon","coordinates":[[[37.60900636,55.76261617],[37.60905085,55.7626318],[37.60909533,55.76264742],[37.60913981,55.76266304],[37.60915757,55.76264697],[37.60915081,55.76264459],[37.60915078,55.76264458],[37.60915076,55.76264457],[37.60915075,55.76264456],[37.60915074,55.76264454],[37.60915073,55.76264452],[37.60915073,55.7626445],[37.60915074,55.76264449],[37.60915076,55.76264447],[37.60916535,55.76263126],[37.60916537,55.76263124],[37.60916539,55.76263123],[37.60916542,55.76263122],[37.60916545,55.76263122],[37.60916548,55.76263122],[37.60916551,55.76263122],[37.60916554,55.76263122],[37.60916557,55.76263123],[37.60917233,55.7626336],[37.60920469,55.76260432],[37.6091602,55.7625887],[37.60911572,55.76257308],[37.60907124,55.76255745],[37.60900636,55.76261617]]]},"properties":{"type":"apartment","rooms":2,"totalArea":75.97333333420016,"livingArea":44.77382694918926,"apartmentType":999992},"type":"Feature"},{"geometry":{"type":"Polygon","coordinates":[[[37.60912777,55.76261806],[37.60917225,55.76263368],[37.60920384,55.76260508],[37.60920398,55.76260493],[37.60920406,55.76260476],[37.60920408,55.76260458],[37.60920404,55.76260441],[37.60920394,55.76260424],[37.60920379,55.76260409],[37.60920358,55.76260395],[37.60920333,55.76260385],[37.60916156,55.76258917],[37.60916128,55.7625891],[37.60916097,55.76258905],[37.60916066,55.76258904],[37.60916035,55.76258906],[37.60916006,55.76258912],[37.60915979,55.76258921],[37.60915955,55.76258932],[37.60915936,55.76258946],[37.60912777,55.76261806]]]},"properties":{"type":"room","subtype":"apartment","roomType":"KITCHEN","area":12.657831248379019},"type":"Feature"},{"geometry":{"type":"Polygon","coordinates":[[[37.60912777,55.76261806],[37.60909617,55.76264666],[37.60909603,55.76264681],[37.60909595,55.76264698],[37.60909593,55.76264716],[37.60909597,55.76264733],[37.60909607,55.7626475],[37.60909623,55.76264765],[37.60909643,55.76264779],[37.60909668,55.76264789],[37.60911757,55.76265523],[37.60915001,55.76262587],[37.60912777,55.76261806]]]},"properties":{"type":"room","subtype":"apartment","roomType":"HALL","area":6.328914518992502},"type":"Feature"},{"geometry":{"type":"Polygon","coordinates":[[[37.60913541,55.76263908],[37.60911757,55.76265523],[37.60913846,55.76266257],[37.60913874,55.76266264],[37.60913904,55.76266269],[37.60913935,55.7626627],[37.60913966,55.76266268],[37.60913996,55.76266262],[37.60914023,55.76266253],[37.60914047,55.76266242],[37.60914066,55.76266228],[37.60915765,55.76264689],[37.60913541,55.76263908]]]},"properties":{"type":"room","subtype":"apartment","roomType":"BATHROOM","area":3.4799152456528786},"type":"Feature"},{"geometry":{"type":"Polygon","coordinates":[[[37.60913541,55.76263908],[37.60915089,55.76264452],[37.60916549,55.76263131],[37.60915001,55.76262587],[37.60913541,55.76263908]]]},"properties":{"type":"room","subtype":"apartment","roomType":"TOILET","area":1.9827504594202212},"type":"Feature"},{"geometry":{"type":"Polygon","coordinates":[[[37.60911037,55.76263381],[37.60915936,55.76258946],[37.6091595,55.7625893],[37.60915958,55.76258913],[37.6091596,55.76258896],[37.60915956,55.76258878],[37.60915946,55.76258862],[37.6091593,55.76258846],[37.6091591,55.76258833],[37.60915885,55.76258822],[37.60911707,55.76257355],[37.60911679,55.76257347],[37.60911649,55.76257343],[37.60911618,55.76257341],[37.60911587,55.76257344],[37.60911557,55.76257349],[37.6091153,55.76257358],[37.60911507,55.7625737],[37.60911488,55.76257384],[37.60906588,55.76261818],[37.60911037,55.76263381]]]},"properties":{"type":"room","subtype":"apartment","roomType":"BEDROOM","area":19.449385080210973},"type":"Feature"},{"geometry":{"type":"Polygon","coordinates":[[[37.60900636,55.76261617],[37.60905085,55.7626318],[37.60911572,55.76257308],[37.60911572,55.76257308],[37.60907124,55.76255745],[37.60900636,55.76261617]]]},"properties":{"type":"room","subtype":"apartment","roomType":"BEDROOM","area":25.324441868978283},"type":"Feature"},{"geometry":{"type":"Polygon","coordinates":[[[37.6091105,55.76263385],[37.60911052,55.76263384],[37.60911053,55.76263382],[37.60911053,55.7626338],[37.60911052,55.76263379],[37.60911051,55.76263377],[37.6091105,55.76263375],[37.60911048,55.76263374],[37.60911045,55.76263373],[37.60906597,55.76261811],[37.60906594,55.7626181],[37.60906591,55.76261809],[37.60906588,55.76261809],[37.60906585,55.7626181],[37.60906582,55.7626181],[37.60906579,55.76261811],[37.60906577,55.76261812],[37.60906575,55.76261814],[37.60905155,55.76263098],[37.60905155,55.76263099],[37.60905141,55.76263115],[37.6090514,55.76263117],[37.60905132,55.76263134],[37.60905131,55.76263135],[37.60905129,55.76263153],[37.60905129,55.76263155],[37.60905133,55.76263172],[37.60905134,55.76263174],[37.60905144,55.76263191],[37.60905145,55.76263192],[37.60905161,55.76263208],[37.60905163,55.76263209],[37.60905183,55.76263222],[37.60905185,55.76263223],[37.6090521,55.76263234],[37.60905211,55.76263235],[37.60909389,55.76264702],[37.60909391,55.76264702],[37.60909419,55.7626471],[37.60909422,55.76264711],[37.60909452,55.76264715],[37.60909455,55.76264716],[37.60909486,55.76264717],[37.60909489,55.76264717],[37.6090952,55.76264714],[37.60909523,55.76264714],[37.60909553,55.76264708],[37.60909556,55.76264708],[37.60909583,55.76264699],[37.60909585,55.76264698],[37.60909609,55.76264686],[37.60909611,55.76264685],[37.6090963,55.76264671],[37.60909631,55.7626467],[37.6091105,55.76263385]]]},"properties":{"type":"room","subtype":"apartment","roomType":"CORRIDOR","area":5.9672003796912225},"type":"Feature"},{"geometry":{"type":"Polygon","coordinates":[[[37.60912924,55.76256301],[37.60911745,55.76257368],[37.60915847,55.76258809],[37.60917027,55.76257741],[37.60912924,55.76256301]]]},"properties":{"type":"room","subtype":"apartment","roomType":"BALCONY","area":4.246701058904849},"type":"Feature"},{"geometry":{"type":"Polygon","coordinates":[[[37.60909962,55.76264575],[37.60909709,55.76264804],[37.60910074,55.76264932],[37.60910327,55.76264703],[37.60909962,55.76264575]]]},"properties":{"type":"room_object","subtype":"room","roomObjectType":"ELECTRICAL_BOX"},"type":"Feature"},{"geometry":{"type":"Polygon","coordinates":[[[37.60887292,55.76256931],[37.60891739,55.76258493],[37.60896188,55.76260055],[37.60900636,55.76261617],[37.60902412,55.7626001],[37.60901736,55.76259773],[37.60901733,55.76259771],[37.60901731,55.7625977],[37.60901729,55.76259769],[37.60901728,55.76259767],[37.60901728,55.76259765],[37.60901728,55.76259763],[37.60901729,55.76259762],[37.6090173,55.7625976],[37.6090319,55.76258439],[37.60903192,55.76258438],[37.60903194,55.76258436],[37.60903197,55.76258436],[37.609032,55.76258435],[37.60903203,55.76258435],[37.60903206,55.76258435],[37.60903209,55.76258435],[37.60903212,55.76258436],[37.60903888,55.76258674],[37.60903888,55.76258674],[37.60907124,55.76255745],[37.60902675,55.76254183],[37.60898227,55.76252621],[37.60893778,55.76251058],[37.60887291,55.7625693],[37.60887292,55.76256931]]]},"properties":{"type":"apartment","rooms":2,"totalArea":75.97333590401094,"livingArea":44.77383184922549,"apartmentType":999992},"type":"Feature"},{"geometry":{"type":"Polygon","coordinates":[[[37.6090388,55.76258681],[37.60907039,55.76255821],[37.60907053,55.76255806],[37.60907061,55.76255789],[37.60907063,55.76255771],[37.60907059,55.76255754],[37.60907049,55.76255737],[37.60907034,55.76255722],[37.60907013,55.76255708],[37.60906988,55.76255698],[37.6090281,55.7625423],[37.60902782,55.76254223],[37.60902752,55.76254218],[37.60902721,55.76254217],[37.6090269,55.76254219],[37.60902661,55.76254225],[37.60902633,55.76254234],[37.6090261,55.76254245],[37.60902591,55.76254259],[37.60899432,55.76257119],[37.6090388,55.76258681]]]},"properties":{"type":"room","subtype":"apartment","roomType":"KITCHEN","area":12.657829445997624},"type":"Feature"},{"geometry":{"type":"Polygon","coordinates":[[[37.60901656,55.762579],[37.60899432,55.76257119],[37.60896272,55.76259979],[37.60896258,55.76259994],[37.6089625,55.76260011],[37.60896248,55.76260029],[37.60896252,55.76260046],[37.60896262,55.76260063],[37.60896278,55.76260078],[37.60896298,55.76260092],[37.60896323,55.76260102],[37.60898412,55.76260836],[37.60901656,55.762579]]]},"properties":{"type":"room","subtype":"apartment","roomType":"HALL","area":6.328914759561362},"type":"Feature"},{"geometry":{"type":"Polygon","coordinates":[[[37.60898412,55.76260836],[37.60900501,55.7626157],[37.60900529,55.76261578],[37.60900559,55.76261582],[37.6090059,55.76261583],[37.60900621,55.76261581],[37.60900651,55.76261575],[37.60900678,55.76261567],[37.60900701,55.76261555],[37.6090072,55.76261541],[37.6090242,55.76260002],[37.60900196,55.76259221],[37.60898412,55.76260836]]]},"properties":{"type":"room","subtype":"apartment","roomType":"BATHROOM","area":3.4799146847414555},"type":"Feature"},{"geometry":{"type":"Polygon","coordinates":[[[37.60900196,55.76259221],[37.60901744,55.76259765],[37.60903204,55.76258444],[37.60901656,55.762579],[37.60900196,55.76259221]]]},"properties":{"type":"room","subtype":"apartment","roomType":"TOILET","area":1.9827500019690825},"type":"Feature"},{"geometry":{"type":"Polygon","coordinates":[[[37.60893243,55.76257131],[37.60897692,55.76258694],[37.60902591,55.76254259],[37.60902605,55.76254243],[37.60902613,55.76254226],[37.60902615,55.76254209],[37.60902611,55.76254191],[37.60902601,55.76254175],[37.60902585,55.76254159],[37.60902565,55.76254146],[37.6090254,55.76254135],[37.60898362,55.76252668],[37.60898334,55.7625266],[37.60898304,55.76252656],[37.60898273,55.76252655],[37.60898242,55.76252657],[37.60898212,55.76252662],[37.60898185,55.76252671],[37.60898162,55.76252683],[37.60898143,55.76252697],[37.60893243,55.76257131]]]},"properties":{"type":"room","subtype":"apartment","roomType":"BEDROOM","area":19.449387403501447},"type":"Feature"},{"geometry":{"type":"Polygon","coordinates":[[[37.60887292,55.76256931],[37.60887292,55.76256931],[37.60891739,55.76258493],[37.60898227,55.76252621],[37.60898227,55.76252621],[37.60893778,55.76251058],[37.60887291,55.7625693],[37.60887292,55.76256931]]]},"properties":{"type":"room","subtype":"apartment","roomType":"BEDROOM","area":25.324444445724037},"type":"Feature"},{"geometry":{"type":"Polygon","coordinates":[[[37.6089181,55.76258412],[37.60891809,55.76258412],[37.60891796,55.76258428],[37.60891794,55.7625843],[37.60891786,55.76258447],[37.60891786,55.76258449],[37.60891784,55.76258466],[37.60891784,55.76258468],[37.60891788,55.76258485],[37.60891789,55.76258487],[37.60891799,55.76258504],[37.608918,55.76258505],[37.60891816,55.76258521],[37.60891817,55.76258522],[37.60891838,55.76258535],[37.6089184,55.76258536],[37.60891865,55.76258547],[37.60891866,55.76258548],[37.60896044,55.76260015],[37.60896046,55.76260015],[37.60896074,55.76260023],[37.60896076,55.76260024],[37.60896107,55.76260028],[37.6089611,55.76260029],[37.60896141,55.7626003],[37.60896144,55.7626003],[37.60896175,55.76260028],[37.60896178,55.76260027],[37.60896208,55.76260022],[37.6089621,55.76260021],[37.60896238,55.76260012],[37.6089624,55.76260011],[37.60896264,55.76259999],[37.60896266,55.76259998],[37.60896285,55.76259984],[37.60896286,55.76259983],[37.60897705,55.76258698],[37.60897707,55.76258697],[37.60897707,55.76258695],[37.60897708,55.76258693],[37.60897707,55.76258692],[37.60897706,55.7625869],[37.60897705,55.76258688],[37.60897703,55.76258687],[37.608977,55.76258686],[37.60893252,55.76257124],[37.60893249,55.76257123],[37.60893246,55.76257122],[37.60893243,55.76257122],[37.6089324,55.76257123],[37.60893237,55.76257123],[37.60893234,55.76257124],[37.60893232,55.76257125],[37.6089323,55.76257127],[37.6089181,55.76258412]]]},"properties":{"type":"room","subtype":"apartment","roomType":"CORRIDOR","area":5.967200633114514},"type":"Feature"},{"geometry":{"type":"Polygon","coordinates":[[[37.60904027,55.76253176],[37.60902848,55.76254244],[37.60906951,55.76255685],[37.6090813,55.76254617],[37.60904027,55.76253176]]]},"properties":{"type":"room","subtype":"apartment","roomType":"BALCONY","area":4.24670105722709},"type":"Feature"},{"geometry":{"type":"Polygon","coordinates":[[[37.60896616,55.76259888],[37.60896364,55.76260117],[37.60896729,55.76260245],[37.60896982,55.76260016],[37.60896616,55.76259888]]]},"properties":{"type":"room_object","subtype":"room","roomObjectType":"ELECTRICAL_BOX"},"type":"Feature"},{"geometry":{"type":"Polygon","coordinates":[[[37.60885606,55.76258455],[37.60886449,55.76257693],[37.60886495,55.76257651],[37.60886471,55.76257659],[37.60886468,55.76257659],[37.60886439,55.76257665],[37.60886436,55.76257666],[37.60886405,55.76257668],[37.60886402,55.76257668],[37.6088637,55.76257667],[37.60886367,55.76257666],[37.60886337,55.76257662],[37.60886334,55.76257661],[37.60886306,55.76257653],[37.60886305,55.76257653],[37.60885764,55.76257463],[37.60885761,55.76257462],[37.60885759,55.76257461],[37.60885758,55.76257459],[37.60885757,55.76257457],[37.60885756,55.76257456],[37.60885757,55.76257454],[37.60885757,55.76257452],[37.60885759,55.76257451],[37.60887305,55.76256051],[37.60887307,55.7625605],[37.60887309,55.76256049],[37.60887312,55.76256048],[37.60887315,55.76256047],[37.60887318,55.76256047],[37.60887321,55.76256047],[37.60887324,55.76256048],[37.60887327,55.76256048],[37.60888003,55.76256286],[37.60893778,55.76251058],[37.6088933,55.76249496],[37.6088933,55.76249496],[37.6087467,55.76262765],[37.60879119,55.76264327],[37.60883567,55.7626589],[37.60888015,55.76267452],[37.60891251,55.76264524],[37.60890574,55.76264286],[37.60890572,55.76264285],[37.6089057,55.76264284],[37.60890568,55.76264282],[37.60890567,55.76264281],[37.60890567,55.76264279],[37.60890567,55.76264277],[37.60890568,55.76264275],[37.60890569,55.76264274],[37.60893813,55.76261338],[37.60890054,55.76260018],[37.60885606,55.76258455]]]},"properties":{"type":"apartment","rooms":3,"totalArea":107.8755529735801,"livingArea":61.735958551095266,"apartmentType":999993},"type":"Feature"},{"geometry":{"type":"Polygon","coordinates":[[[37.60886811,55.76262954],[37.60883651,55.76265814],[37.60883638,55.76265829],[37.60883629,55.76265846],[37.60883627,55.76265864],[37.60883631,55.76265881],[37.60883641,55.76265898],[37.60883657,55.76265913],[37.60883678,55.76265927],[37.60883702,55.76265937],[37.6088788,55.76267405],[37.60887908,55.76267412],[37.60887938,55.76267417],[37.6088797,55.76267418],[37.60888001,55.76267416],[37.6088803,55.7626741],[37.60888057,55.76267401],[37.60888081,55.7626739],[37.608881,55.76267376],[37.60891259,55.76264516],[37.60886811,55.76262954]]]},"properties":{"type":"room","subtype":"apartment","roomType":"KITCHEN","area":12.657827648199396},"type":"Feature"},{"geometry":{"type":"Polygon","coordinates":[[[37.60892279,55.76260799],[37.6089019,55.76260065],[37.60890162,55.76260057],[37.60890132,55.76260053],[37.608901,55.76260052],[37.60890069,55.76260054],[37.6089004,55.7626006],[37.60890013,55.76260068],[37.60889989,55.7626008],[37.6088997,55.76260094],[37.60886811,55.76262954],[37.60889035,55.76263735],[37.60892279,55.76260799]]]},"properties":{"type":"room","subtype":"apartment","roomType":"HALL","area":6.328914168516097},"type":"Feature"},{"geometry":{"type":"Polygon","coordinates":[[[37.60893827,55.76261343],[37.60892279,55.76260799],[37.60889035,55.76263735],[37.60890583,55.76264279],[37.60893827,55.76261343]]]},"properties":{"type":"room","subtype":"apartment","roomType":"JOINT_BATHROOM","area":4.4061108639498805},"type":"Feature"},{"geometry":{"type":"Polygon","coordinates":[[[37.6088855,55.76261379],[37.60884102,55.76259816],[37.60879203,55.76264251],[37.60879189,55.76264267],[37.60879181,55.76264284],[37.60879179,55.76264302],[37.60879183,55.76264319],[37.60879193,55.76264336],[37.60879209,55.76264351],[37.60879229,55.76264364],[37.60879254,55.76264375],[37.60883432,55.76265842],[37.6088346,55.7626585],[37.6088349,55.76265855],[37.60883521,55.76265856],[37.60883552,55.76265854],[37.60883582,55.76265848],[37.60883609,55.76265839],[37.60883632,55.76265827],[37.60883651,55.76265814],[37.6088855,55.76261379]]]},"properties":{"type":"room","subtype":"apartment","roomType":"LIVING_ROOM","area":19.449633066101214},"type":"Feature"},{"geometry":{"type":"Polygon","coordinates":[[[37.6088417,55.76259756],[37.60879721,55.76258193],[37.60874755,55.76262689],[37.60874741,55.76262705],[37.60874733,55.76262722],[37.60874731,55.76262739],[37.60874735,55.76262757],[37.60874745,55.76262773],[37.6087476,55.76262789],[37.60874781,55.76262802],[37.60874806,55.76262813],[37.60878983,55.7626428],[37.60879011,55.76264288],[37.60879042,55.76264292],[37.60879073,55.76264293],[37.60879104,55.76264291],[37.60879133,55.76264286],[37.6087916,55.76264277],[37.60879184,55.76264265],[37.60879203,55.76264251],[37.6088417,55.76259756]]]},"properties":{"type":"room","subtype":"apartment","roomType":"BEDROOM","area":19.712497457470715},"type":"Feature"},{"geometry":{"type":"Polygon","coordinates":[[[37.60883546,55.76254731],[37.60887995,55.76256294],[37.60893694,55.76251135],[37.60893708,55.76251119],[37.60893716,55.76251102],[37.60893718,55.76251084],[37.60893714,55.76251067],[37.60893704,55.7625105],[37.60893689,55.76251035],[37.60893668,55.76251022],[37.60893643,55.76251011],[37.60889465,55.76249543],[37.60889437,55.76249536],[37.60889407,55.76249531],[37.60889376,55.7624953],[37.60889345,55.76249532],[37.60889315,55.76249538],[37.60889288,55.76249547],[37.60889265,55.76249558],[37.60889246,55.76249572],[37.60883546,55.76254731]]]},"properties":{"type":"room","subtype":"apartment","roomType":"BEDROOM","area":22.57382802752333},"type":"Feature"},{"geometry":{"type":"Polygon","coordinates":[[[37.60887318,55.76256056],[37.6088577,55.76255512],[37.60884224,55.76256912],[37.60885772,55.76257455],[37.60887318,55.76256056]]]},"properties":{"type":"room","subtype":"apartment","roomType":"JOINT_BATHROOM","area":2.1000555843229294},"type":"Feature"},{"geometry":{"type":"Polygon","coordinates":[[[37.60882074,55.76256157],[37.60882047,55.76256156],[37.60882044,55.76256156],[37.60882013,55.76256158],[37.6088201,55.76256158],[37.6088198,55.76256164],[37.60881978,55.76256165],[37.60881951,55.76256173],[37.60881948,55.76256174],[37.60881925,55.76256186],[37.60881922,55.76256187],[37.60881903,55.76256201],[37.60881902,55.76256202],[37.60879708,55.76258189],[37.60879706,55.7625819],[37.60879706,55.76258192],[37.60879705,55.76258194],[37.60879706,55.76258195],[37.60879707,55.76258197],[37.60879708,55.76258199],[37.6087971,55.762582],[37.60879713,55.76258201],[37.60884148,55.76259759],[37.60884089,55.76259812],[37.60884088,55.76259813],[37.60884087,55.76259815],[37.60884087,55.76259817],[37.60884087,55.76259819],[37.60884088,55.7625982],[37.60884089,55.76259822],[37.60884092,55.76259823],[37.60884094,55.76259824],[37.60888542,55.76261387],[37.60888545,55.76261388],[37.60888548,55.76261388],[37.60888551,55.76261388],[37.60888554,55.76261388],[37.60888557,55.76261387],[37.6088856,55.76261386],[37.60888562,55.76261385],[37.60888564,55.76261384],[37.60889984,55.76260099],[37.60889984,55.76260098],[37.60889998,55.76260082],[37.60889999,55.76260081],[37.60890008,55.76260064],[37.60890008,55.76260062],[37.6089001,55.76260044],[37.6089001,55.76260042],[37.60890006,55.76260025],[37.60890005,55.76260023],[37.60889995,55.76260007],[37.60889994,55.76260005],[37.60889978,55.7625999],[37.60889977,55.76259988],[37.60889956,55.76259975],[37.60889954,55.76259974],[37.60889929,55.76259963],[37.60889928,55.76259963],[37.6088575,55.76258495],[37.60885748,55.76258495],[37.6088572,55.76258487],[37.60885717,55.76258486],[37.60885687,55.76258482],[37.60885684,55.76258482],[37.60885653,55.7625848],[37.6088565,55.76258481],[37.60885619,55.76258483],[37.60885616,55.76258483],[37.60885588,55.76258488],[37.60886378,55.76257774],[37.60886379,55.76257773],[37.60886392,55.76257757],[37.60886394,55.76257756],[37.60886402,55.76257739],[37.60886402,55.76257737],[37.60886404,55.76257719],[37.60886404,55.76257718],[37.608864,55.762577],[37.60886399,55.76257698],[37.60886389,55.76257682],[37.60886388,55.7625768],[37.60886372,55.76257665],[37.60886371,55.76257663],[37.6088635,55.7625765],[37.60886348,55.76257649],[37.60886323,55.76257638],[37.60886322,55.76257638],[37.60884246,55.76256909],[37.60885784,55.76255517],[37.60885785,55.76255516],[37.60885786,55.76255514],[37.60885786,55.76255512],[37.60885786,55.7625551],[37.60885785,55.76255509],[37.60885783,55.76255507],[37.60885781,55.76255506],[37.60885779,55.76255505],[37.60883555,55.76254724],[37.60883552,55.76254723],[37.60883549,55.76254722],[37.60883546,55.76254722],[37.60883543,55.76254722],[37.6088354,55.76254723],[37.60883537,55.76254724],[37.60883535,55.76254725],[37.60883533,55.76254726],[37.60882071,55.7625605],[37.6088207,55.7625605],[37.60882056,55.76256066],[37.60882055,55.76256068],[37.60882047,55.76256085],[37.60882047,55.76256087],[37.60882045,55.76256104],[37.60882045,55.76256106],[37.60882049,55.76256123],[37.60882049,55.76256125],[37.60882059,55.76256142],[37.60882061,55.76256143],[37.60882074,55.76256157]]]},"properties":{"type":"room","subtype":"apartment","roomType":"CORRIDOR","area":17.998383923440123},"type":"Feature"},{"geometry":{"type":"Polygon","coordinates":[[[37.60886663,55.76268459],[37.60887843,55.76267391],[37.6088374,55.7626595],[37.6088256,55.76267018],[37.60886663,55.76268459]]]},"properties":{"type":"room","subtype":"apartment","roomType":"BALCONY","area":4.24670022642455},"type":"Feature"},{"geometry":{"type":"Polygon","coordinates":[[[37.60877766,55.76265334],[37.60878946,55.76264267],[37.60874941,55.7626286],[37.60873761,55.76263928],[37.60877766,55.76265334]]]},"properties":{"type":"room","subtype":"apartment","roomType":"BALCONY","area":4.145573223438921},"type":"Feature"},{"geometry":{"type":"Polygon","coordinates":[[[37.6089078,55.76248523],[37.60889601,55.76249591],[37.60893606,55.76250998],[37.60894785,55.7624993],[37.6089078,55.76248523]]]},"properties":{"type":"room","subtype":"apartment","roomType":"BALCONY","area":4.145572278041411},"type":"Feature"},{"geometry":{"type":"Polygon","coordinates":[[[37.6089023,55.7626008],[37.60889978,55.76260308],[37.60890343,55.76260437],[37.60890595,55.76260208],[37.6089023,55.7626008]]]},"properties":{"type":"room_object","subtype":"room","roomObjectType":"ELECTRICAL_BOX"},"type":"Feature"},{"geometry":{"type":"Polygon","coordinates":[[[37.60895192,55.76271454],[37.60896371,55.76270387],[37.60888557,55.76267642],[37.60887377,55.7626871],[37.60895192,55.76271454]]]},"properties":{"type":"balcony","area":8.088889729929898,"subtype":"service"},"type":"Feature"},{"geometry":{"type":"Polygon","coordinates":[[[37.60888015,55.76267452],[37.60892464,55.76269014],[37.60898951,55.76263142],[37.60894503,55.7626158],[37.60888015,55.76267452]]]},"properties":{"type":"ladder","area":25.324444444608375,"subtype":"service"},"type":"Feature"},{"geometry":{"type":"Polygon","coordinates":[[[37.60892464,55.76269014],[37.60896912,55.76270577],[37.609034,55.76264705],[37.609034,55.76264705],[37.60898951,55.76263142],[37.60901792,55.7626414],[37.6090137,55.76264521],[37.60900444,55.7626536],[37.60899096,55.7626658],[37.60897748,55.762678],[37.60894907,55.76266803],[37.60892464,55.76269014]]]},"properties":{"type":"corridor","area":15.24444701575289,"subtype":"service"},"type":"Feature"},{"geometry":{"type":"Polygon","coordinates":[[[37.6089853,55.76263524],[37.6090137,55.76264521],[37.60901792,55.7626414],[37.60898951,55.76263142],[37.6089853,55.76263524]]]},"properties":{"type":"heating_meter","area":1.0500000001303953,"subtype":"service"},"type":"Feature"},{"geometry":{"type":"Polygon","coordinates":[[[37.60897603,55.76264363],[37.60900444,55.7626536],[37.6090137,55.76264521],[37.6089853,55.76263524],[37.60897603,55.76264363]]]},"properties":{"type":"elevator","area":2.3100000008005184,"subtype":"service"},"type":"Feature"},{"geometry":{"type":"Polygon","coordinates":[[[37.60896255,55.76265583],[37.60899096,55.7626658],[37.60900444,55.7626536],[37.60897603,55.76264363],[37.60896255,55.76265583]]]},"properties":{"type":"elevator","area":3.359999999380021,"subtype":"service"},"type":"Feature"},{"geometry":{"type":"Polygon","coordinates":[[[37.60894907,55.76266803],[37.60897748,55.762678],[37.60899096,55.7626658],[37.60896255,55.76265583],[37.60894907,55.76266803]]]},"properties":{"type":"elevator","area":3.360000000894645,"subtype":"service"},"type":"Feature"},{"geometry":{"type":"Polygon","coordinates":[[[37.60916743,55.76269391],[37.60918428,55.76267866],[37.60887292,55.76256931],[37.60885607,55.76258456],[37.60916743,55.76269391]]]},"properties":{"type":"corridor","area":46.04044694926172,"subtype":"service"},"type":"Feature"},{"geometry":{"type":"Polygon","coordinates":[[[37.6090555,55.76267497],[37.60906226,55.76267735],[37.60907848,55.76266267],[37.60907848,55.76266267],[37.60907172,55.76266029],[37.6090555,55.76267497]]]},"properties":{"type":"ventilation","area":0.9624999656319989,"subtype":"service"},"type":"Feature"},{"geometry":{"type":"Polygon","coordinates":[[[37.6091162,55.76267592],[37.60909998,55.7626906],[37.60910675,55.76269297],[37.60912296,55.76267829],[37.6091162,55.76267592]]]},"properties":{"type":"ventilation","area":0.9625000150809417,"subtype":"service"},"type":"Feature"},{"geometry":{"type":"Polygon","coordinates":[[[37.60909729,55.76271003],[37.60911188,55.76269682],[37.60910512,55.76269444],[37.60909053,55.76270765],[37.60909729,55.76271003]]]},"properties":{"type":"ventilation","area":0.8660557178073134,"subtype":"service"},"type":"Feature"},{"geometry":{"type":"Polygon","coordinates":[[[37.60916442,55.76264927],[37.60917902,55.76263606],[37.60917225,55.76263368],[37.60915766,55.76264689],[37.60916442,55.76264927]]]},"properties":{"type":"ventilation","area":0.8664443292743116,"subtype":"service"},"type":"Feature"},{"geometry":{"type":"Polygon","coordinates":[[[37.60916549,55.76263131],[37.60915089,55.76264452],[37.60915765,55.76264689],[37.60917225,55.76263368],[37.60916549,55.76263131]]]},"properties":{"type":"ventilation","area":0.8662499991738746,"subtype":"service"},"type":"Feature"},{"geometry":{"type":"Polygon","coordinates":[[[37.60901744,55.76259765],[37.6090242,55.76260002],[37.6090388,55.76258681],[37.60903204,55.76258444],[37.60901744,55.76259765]]]},"properties":{"type":"ventilation","area":0.8662499991941929,"subtype":"service"},"type":"Feature"},{"geometry":{"type":"Polygon","coordinates":[[[37.60890583,55.76264279],[37.60891259,55.76264516],[37.60894419,55.76261656],[37.60894432,55.76261641],[37.60894441,55.76261624],[37.60894443,55.76261606],[37.60894439,55.76261589],[37.60894429,55.76261572],[37.60894413,55.76261557],[37.60894392,55.76261543],[37.60894368,55.76261533],[37.60893827,55.76261343],[37.60890583,55.76264279]]]},"properties":{"type":"ventilation","area":1.9228036341788997,"subtype":"service"},"type":"Feature"},{"geometry":{"type":"Polygon","coordinates":[[[37.60885772,55.76257455],[37.60886313,55.76257645],[37.60886341,55.76257653],[37.60886372,55.76257658],[37.60886403,55.76257659],[37.60886434,55.76257657],[37.60886463,55.76257651],[37.6088649,55.76257642],[37.60886514,55.76257631],[37.60886533,55.76257617],[37.60887995,55.76256294],[37.60887318,55.76256056],[37.60885772,55.76257455]]]},"properties":{"type":"ventilation","area":0.9153035540646088,"subtype":"service"},"type":"Feature"},{"geometry":{"type":"Polygon","coordinates":[[[37.60947976,55.76287452],[37.60947976,55.76287452],[37.60952608,55.76289079],[37.60956834,55.76285254],[37.60956834,55.76285254],[37.60956157,55.76285017],[37.60956155,55.76285016],[37.60956153,55.76285015],[37.60956151,55.76285013],[37.6095615,55.76285011],[37.6095615,55.7628501],[37.6095615,55.76285008],[37.60956151,55.76285006],[37.60956152,55.76285005],[37.60957563,55.76283727],[37.60953621,55.76282343],[37.60947976,55.76287452]]]},"properties":{"type":"apartment","rooms":0,"totalArea":22.947502272680367,"livingArea":17.21062707628012,"apartmentType":999990},"type":"Feature"},{"geometry":{"type":"Polygon","coordinates":[[[37.60952209,55.7628362],[37.60947976,55.76287452],[37.60947976,55.76287452],[37.60952608,55.76289079],[37.60956842,55.76285247],[37.60952209,55.7628362]]]},"properties":{"type":"room","subtype":"apartment","roomType":"STUDIO","area":17.21062707628012},"type":"Feature"},{"geometry":{"type":"Polygon","coordinates":[[[37.60956166,55.76285009],[37.60957577,55.76283732],[37.60955937,55.76283156],[37.60954526,55.76284433],[37.60956166,55.76285009]]]},"properties":{"type":"room","subtype":"apartment","roomType":"JOINT_BATHROOM","area":2.0309374218862852},"type":"Feature"},{"geometry":{"type":"Polygon","coordinates":[[[37.60955937,55.76283156],[37.60953621,55.76282343],[37.60952209,55.7628362],[37.60954526,55.76284433],[37.60955937,55.76283156]]]},"properties":{"type":"room","subtype":"apartment","roomType":"HALL","area":2.868437866238238},"type":"Feature"},{"geometry":{"type":"Polygon","coordinates":[[[37.60951256,55.76290086],[37.60952436,55.76289018],[37.60948149,55.76287513],[37.60946969,55.7628858],[37.60951256,55.76290086]]]},"properties":{"type":"room","subtype":"apartment","roomType":"BALCONY","area":4.437257442525535},"type":"Feature"},{"geometry":{"type":"Polygon","coordinates":[[[37.60953756,55.7628239],[37.60953503,55.76282619],[37.60953909,55.76282761],[37.60954162,55.76282533],[37.60953756,55.7628239]]]},"properties":{"type":"room_object","subtype":"room","roomObjectType":"ELECTRICAL_BOX"},"type":"Feature"},{"geometry":{"type":"Polygon","coordinates":[[[37.60952608,55.76289079],[37.60957241,55.76290706],[37.60961873,55.76292333],[37.60967518,55.76287223],[37.60962886,55.76285596],[37.60958253,55.7628397],[37.60956709,55.76285367],[37.60956709,55.76285367],[37.60957386,55.76285604],[37.60957388,55.76285606],[37.6095739,55.76285607],[37.60957392,55.76285608],[37.60957393,55.7628561],[37.60957393,55.76285612],[37.60957393,55.76285614],[37.60957392,55.76285615],[37.60957391,55.76285617],[37.60956121,55.76286766],[37.60956119,55.76286768],[37.60956116,55.76286769],[37.60956114,55.7628677],[37.60956111,55.7628677],[37.60956108,55.76286771],[37.60956104,55.76286771],[37.60956101,55.7628677],[37.60956099,55.76286769],[37.60955422,55.76286532],[37.60952608,55.76289079]]]},"properties":{"type":"apartment","rooms":1,"totalArea":45.89499772484092,"livingArea":22.947499995538106,"apartmentType":999991},"type":"Feature"},{"geometry":{"type":"Polygon","coordinates":[[[37.60960063,55.76288151],[37.60955431,55.76286524],[37.60952693,55.76289003],[37.60952679,55.76289018],[37.60952671,55.76289035],[37.60952669,55.76289053],[37.60952673,55.76289071],[37.60952683,55.76289087],[37.60952698,55.76289102],[37.60952719,55.76289116],[37.60952744,55.76289126],[37.60957106,55.76290658],[37.60957134,55.76290666],[37.60957164,55.76290671],[37.60957195,55.76290672],[37.60957226,55.7629067],[37.60957256,55.76290664],[37.60957283,55.76290655],[37.60957306,55.76290644],[37.60957325,55.7629063],[37.60960063,55.76288151]]]},"properties":{"type":"room","subtype":"apartment","roomType":"KITCHEN","area":11.469355650299102},"type":"Feature"},{"geometry":{"type":"Polygon","coordinates":[[[37.60960569,55.76284783],[37.60957747,55.76287338],[37.60960063,55.76288151],[37.60962801,55.76285673],[37.60962815,55.76285657],[37.60962823,55.7628564],[37.60962825,55.76285622],[37.60962821,55.76285605],[37.60962811,55.76285588],[37.60962796,55.76285573],[37.60962775,55.7628556],[37.6096275,55.76285549],[37.60960569,55.76284783]]]},"properties":{"type":"room","subtype":"apartment","roomType":"HALL","area":5.7346784030173055},"type":"Feature"},{"geometry":{"type":"Polygon","coordinates":[[[37.60959017,55.76286188],[37.60960569,55.76284783],[37.60958388,55.76284017],[37.6095836,55.76284009],[37.6095833,55.76284005],[37.60958299,55.76284003],[37.60958268,55.76284006],[37.60958239,55.76284011],[37.60958211,55.7628402],[37.60958188,55.76284032],[37.60958169,55.76284046],[37.60956701,55.76285375],[37.60959017,55.76286188]]]},"properties":{"type":"room","subtype":"apartment","roomType":"BATHROOM","area":3.1530846823697525},"type":"Feature"},{"geometry":{"type":"Polygon","coordinates":[[[37.60957377,55.76285612],[37.60956107,55.76286762],[37.60957747,55.76287338],[37.60959017,55.76286188],[37.60957377,55.76285612]]]},"properties":{"type":"room","subtype":"apartment","roomType":"TOILET","area":1.8278433570760486},"type":"Feature"},{"geometry":{"type":"Polygon","coordinates":[[[37.60957241,55.76290706],[37.60957241,55.76290706],[37.60961873,55.76292333],[37.60967518,55.76287223],[37.60967518,55.76287223],[37.60962886,55.76285596],[37.60957241,55.76290706]]]},"properties":{"type":"room","subtype":"apartment","roomType":"BEDROOM","area":22.947499995538106},"type":"Feature"},{"geometry":{"type":"Polygon","coordinates":[[[37.60960521,55.7629334],[37.60961701,55.76292272],[37.60957414,55.76290767],[37.60956234,55.76291834],[37.60960521,55.7629334]]]},"properties":{"type":"room","subtype":"apartment","roomType":"BALCONY","area":4.437256613295226},"type":"Feature"},{"geometry":{"type":"Polygon","coordinates":[[[37.60955889,55.76291713],[37.60957068,55.76290645],[37.60952781,55.7628914],[37.60951602,55.76290207],[37.60955889,55.76291713]]]},"properties":{"type":"room","subtype":"apartment","roomType":"BALCONY","area":4.437255783522678},"type":"Feature"},{"geometry":{"type":"Polygon","coordinates":[[[37.60962457,55.76285763],[37.6096271,55.76285535],[37.60962345,55.76285406],[37.60962092,55.76285635],[37.60962457,55.76285763]]]},"properties":{"type":"room_object","subtype":"room","roomObjectType":"ELECTRICAL_BOX"},"type":"Feature"},{"geometry":{"type":"Polygon","coordinates":[[[37.60961873,55.76292333],[37.60961873,55.76292333],[37.60966506,55.7629396],[37.60970731,55.76290135],[37.60970055,55.76289898],[37.60970053,55.76289897],[37.60970051,55.76289895],[37.60970049,55.76289894],[37.60970048,55.76289892],[37.60970048,55.7628989],[37.60970048,55.76289889],[37.60970049,55.76289887],[37.6097005,55.76289885],[37.60971461,55.76288608],[37.60971461,55.76288608],[37.60967518,55.76287223],[37.60961873,55.76292333]]]},"properties":{"type":"apartment","rooms":0,"totalArea":22.94750227346267,"livingArea":17.21080922007525,"apartmentType":999990},"type":"Feature"},{"geometry":{"type":"Polygon","coordinates":[[[37.6097074,55.76290127],[37.60966107,55.76288501],[37.60961873,55.76292333],[37.60961873,55.76292333],[37.60966506,55.7629396],[37.6097074,55.76290127]]]},"properties":{"type":"room","subtype":"apartment","roomType":"STUDIO","area":17.21080922007525},"type":"Feature"},{"geometry":{"type":"Polygon","coordinates":[[[37.60971474,55.76288613],[37.60969833,55.76288036],[37.60968422,55.76289314],[37.60970064,55.7628989],[37.60971474,55.76288613]]]},"properties":{"type":"room","subtype":"apartment","roomType":"JOINT_BATHROOM","area":2.0318950224383827},"type":"Feature"},{"geometry":{"type":"Polygon","coordinates":[[[37.60969833,55.76288036],[37.60967518,55.76287223],[37.60966107,55.76288501],[37.60968422,55.76289314],[37.60969833,55.76288036]]]},"properties":{"type":"room","subtype":"apartment","roomType":"HALL","area":2.867224488814806},"type":"Feature"},{"geometry":{"type":"Polygon","coordinates":[[[37.60965154,55.76294967],[37.60966333,55.76293899],[37.60962046,55.76292394],[37.60960867,55.76293461],[37.60965154,55.76294967]]]},"properties":{"type":"room","subtype":"apartment","roomType":"BALCONY","area":4.437257442525535},"type":"Feature"},{"geometry":{"type":"Polygon","coordinates":[[[37.60967654,55.76287271],[37.60967401,55.762875],[37.60967807,55.76287642],[37.60968059,55.76287413],[37.60967654,55.76287271]]]},"properties":{"type":"room_object","subtype":"room","roomObjectType":"ELECTRICAL_BOX"},"type":"Feature"},{"geometry":{"type":"Polygon","coordinates":[[[37.60966506,55.7629396],[37.60971139,55.76295587],[37.60971139,55.76295587],[37.60975996,55.7629119],[37.60975319,55.76290953],[37.60975317,55.76290952],[37.60975315,55.7629095],[37.60975313,55.76290949],[37.60975312,55.76290947],[37.60975312,55.76290945],[37.60975312,55.76290944],[37.60975313,55.76290942],[37.60975314,55.7629094],[37.60976936,55.76289472],[37.60976936,55.76289472],[37.60972993,55.76288088],[37.60966506,55.7629396],[37.60966506,55.7629396]]]},"properties":{"type":"apartment","rooms":0,"totalArea":26.372498684200448,"livingArea":19.77937382440928,"apartmentType":999990},"type":"Feature"},{"geometry":{"type":"Polygon","coordinates":[[[37.60966506,55.7629396],[37.60971139,55.76295587],[37.60971139,55.76295587],[37.60976004,55.76291183],[37.60971371,55.76289556],[37.60966506,55.7629396],[37.60966506,55.7629396]]]},"properties":{"type":"room","subtype":"apartment","roomType":"STUDIO","area":19.77937382440928},"type":"Feature"},{"geometry":{"type":"Polygon","coordinates":[[[37.6097531,55.76288901],[37.60973688,55.76290369],[37.60975328,55.76290945],[37.6097695,55.76289477],[37.6097531,55.76288901]]]},"properties":{"type":"room","subtype":"apartment","roomType":"JOINT_BATHROOM","area":2.334062323908718},"type":"Feature"},{"geometry":{"type":"Polygon","coordinates":[[[37.60973688,55.76290369],[37.6097531,55.76288901],[37.60972993,55.76288088],[37.60971371,55.76289556],[37.60973688,55.76290369]]]},"properties":{"type":"room","subtype":"apartment","roomType":"HALL","area":3.296562493623816},"type":"Feature"},{"geometry":{"type":"Polygon","coordinates":[[[37.60969689,55.76296559],[37.60970868,55.76295492],[37.60966679,55.7629402],[37.60965499,55.76295088],[37.60969689,55.76296559]]]},"properties":{"type":"room","subtype":"apartment","roomType":"BALCONY","area":4.33612783504414},"type":"Feature"},{"geometry":{"type":"Polygon","coordinates":[[[37.60969203,55.76285698],[37.60973836,55.76287325],[37.60972993,55.76288088],[37.60977626,55.76289715],[37.60977626,55.76289715],[37.60984113,55.76283843],[37.60979481,55.76282216],[37.60974848,55.76280589],[37.60972034,55.76283136],[37.60972034,55.76283136],[37.60972711,55.76283373],[37.60972713,55.76283374],[37.60972715,55.76283376],[37.60972717,55.76283377],[37.60972718,55.76283379],[37.60972718,55.76283381],[37.60972718,55.76283382],[37.60972717,55.76283384],[37.60972716,55.76283386],[37.60971446,55.76284535],[37.60971444,55.76284537],[37.60971441,55.76284538],[37.60971439,55.76284539],[37.60971436,55.76284539],[37.60971432,55.76284539],[37.60971429,55.76284539],[37.60971426,55.76284539],[37.60971424,55.76284538],[37.60970747,55.76284301],[37.60969203,55.76285698]]]},"properties":{"type":"apartment","rooms":1,"totalArea":49.319999042119825,"livingArea":26.37250131205335,"apartmentType":999991},"type":"Feature"},{"geometry":{"type":"Polygon","coordinates":[[[37.60976657,55.7628477],[37.60979396,55.76282292],[37.6097941,55.76282276],[37.60979418,55.76282259],[37.6097942,55.76282242],[37.60979416,55.76282224],[37.60979406,55.76282207],[37.60979391,55.76282192],[37.6097937,55.76282179],[37.60979345,55.76282168],[37.60974983,55.76280636],[37.60974955,55.76280628],[37.60974925,55.76280624],[37.60974894,55.76280623],[37.60974863,55.76280625],[37.60974833,55.76280631],[37.60974806,55.76280639],[37.60974783,55.76280651],[37.60974764,55.76280665],[37.60972026,55.76283143],[37.60976657,55.7628477]]]},"properties":{"type":"room","subtype":"apartment","roomType":"KITCHEN","area":11.468517340192477},"type":"Feature"},{"geometry":{"type":"Polygon","coordinates":[[[37.60971518,55.76286511],[37.60973699,55.76287277],[37.60973727,55.76287285],[37.60973757,55.7628729],[37.60973789,55.76287291],[37.6097382,55.76287288],[37.60973849,55.76287283],[37.60973876,55.76287274],[37.609739,55.76287262],[37.60973919,55.76287248],[37.60976657,55.7628477],[37.60974341,55.76283957],[37.60971518,55.76286511]]]},"properties":{"type":"room","subtype":"apartment","roomType":"HALL","area":5.734209837292144},"type":"Feature"},{"geometry":{"type":"Polygon","coordinates":[[[37.60971518,55.76286511],[37.60973071,55.76285106],[37.60970756,55.76284293],[37.60969288,55.76285622],[37.60969274,55.76285638],[37.60969266,55.76285655],[37.60969263,55.76285672],[37.60969268,55.7628569],[37.60969278,55.76285706],[37.60969293,55.76285722],[37.60969314,55.76285735],[37.60969339,55.76285746],[37.60971518,55.76286511]]]},"properties":{"type":"room","subtype":"apartment","roomType":"BATHROOM","area":3.1518521395732666},"type":"Feature"},{"geometry":{"type":"Polygon","coordinates":[[[37.60973071,55.76285106],[37.60974341,55.76283957],[37.60972702,55.76283381],[37.60971432,55.7628453],[37.60973071,55.76285106]]]},"properties":{"type":"room","subtype":"apartment","roomType":"TOILET","area":1.8268634931063157},"type":"Feature"},{"geometry":{"type":"Polygon","coordinates":[[[37.60972993,55.76288088],[37.60977626,55.76289715],[37.60977626,55.76289715],[37.60984113,55.76283843],[37.60984113,55.76283843],[37.60979481,55.76282216],[37.60972993,55.76288088],[37.60972993,55.76288088]]]},"properties":{"type":"room","subtype":"apartment","roomType":"BEDROOM","area":26.37250131205335},"type":"Feature"},{"geometry":{"type":"Polygon","coordinates":[[[37.60980833,55.76281209],[37.60979653,55.76282276],[37.60983843,55.76283748],[37.60985022,55.7628268],[37.60980833,55.76281209]]]},"properties":{"type":"room","subtype":"apartment","roomType":"BALCONY","area":4.336128779836748},"type":"Feature"},{"geometry":{"type":"Polygon","coordinates":[[[37.60973659,55.76287263],[37.60973911,55.76287034],[37.60973546,55.76286906],[37.60973293,55.76287135],[37.60973659,55.76287263]]]},"properties":{"type":"room_object","subtype":"room","roomObjectType":"ELECTRICAL_BOX"},"type":"Feature"},{"geometry":{"type":"Polygon","coordinates":[[[37.60964571,55.76284071],[37.60964571,55.76284071],[37.60968513,55.76285456],[37.60968513,55.76285456],[37.60969925,55.76284179],[37.60969927,55.76284177],[37.60969929,55.76284176],[37.60969932,55.76284175],[37.60969935,55.76284175],[37.60969938,55.76284174],[37.60969941,55.76284174],[37.60969944,55.76284175],[37.60969947,55.76284176],[37.60970623,55.76284413],[37.60970623,55.76284413],[37.60974848,55.76280589],[37.60974848,55.76280589],[37.60970215,55.76278962],[37.60964571,55.76284071]]]},"properties":{"type":"apartment","rooms":0,"totalArea":22.94750000111252,"livingArea":17.210625046794256,"apartmentType":999990},"type":"Feature"},{"geometry":{"type":"Polygon","coordinates":[[[37.60970614,55.76284421],[37.60974848,55.76280589],[37.60974848,55.76280589],[37.60970215,55.76278962],[37.60965982,55.76282794],[37.60970614,55.76284421]]]},"properties":{"type":"room","subtype":"apartment","roomType":"STUDIO","area":17.210625046794256},"type":"Feature"},{"geometry":{"type":"Polygon","coordinates":[[[37.60969938,55.76284183],[37.60968298,55.76283607],[37.60966887,55.76284885],[37.60968527,55.76285461],[37.60969938,55.76284183]]]},"properties":{"type":"room","subtype":"apartment","roomType":"JOINT_BATHROOM","area":2.03093741063743},"type":"Feature"},{"geometry":{"type":"Polygon","coordinates":[[[37.60966887,55.76284885],[37.60968298,55.76283607],[37.60965982,55.76282794],[37.60964571,55.76284071],[37.60964571,55.76284071],[37.60966887,55.76284885]]]},"properties":{"type":"room","subtype":"apartment","roomType":"HALL","area":2.8684375263561},"type":"Feature"},{"geometry":{"type":"Polygon","coordinates":[[[37.60971568,55.76277955],[37.60970388,55.76279023],[37.60974675,55.76280528],[37.60975855,55.7627946],[37.60971568,55.76277955]]]},"properties":{"type":"room","subtype":"apartment","roomType":"BALCONY","area":4.437256613785365},"type":"Feature"},{"geometry":{"type":"Polygon","coordinates":[[[37.60964959,55.7628389],[37.60964706,55.76284119],[37.60965112,55.76284261],[37.60965364,55.76284032],[37.60964959,55.7628389]]]},"properties":{"type":"room_object","subtype":"room","roomObjectType":"ELECTRICAL_BOX"},"type":"Feature"},{"geometry":{"type":"Polygon","coordinates":[[[37.60959938,55.76282444],[37.60963881,55.76283829],[37.60965292,55.76282552],[37.60965294,55.7628255],[37.60965296,55.76282549],[37.60965299,55.76282548],[37.60965302,55.76282548],[37.60965305,55.76282547],[37.60965308,55.76282548],[37.60965311,55.76282548],[37.60965314,55.76282549],[37.6096599,55.76282786],[37.6096599,55.76282786],[37.60970215,55.76278962],[37.60970215,55.76278962],[37.60965583,55.76277335],[37.60959938,55.76282444],[37.60959938,55.76282444]]]},"properties":{"type":"apartment","rooms":0,"totalArea":22.94750227231787,"livingArea":17.210627083213353,"apartmentType":999990},"type":"Feature"},{"geometry":{"type":"Polygon","coordinates":[[[37.60965982,55.76282794],[37.60970215,55.76278962],[37.60970215,55.76278962],[37.60965583,55.76277335],[37.60961349,55.76281167],[37.60965982,55.76282794]]]},"properties":{"type":"room","subtype":"apartment","roomType":"STUDIO","area":17.210627083213353},"type":"Feature"},{"geometry":{"type":"Polygon","coordinates":[[[37.60962254,55.76283258],[37.60963894,55.76283834],[37.60965306,55.76282556],[37.60963666,55.7628198],[37.60962254,55.76283258]]]},"properties":{"type":"room","subtype":"apartment","roomType":"JOINT_BATHROOM","area":2.030937270251672},"type":"Feature"},{"geometry":{"type":"Polygon","coordinates":[[[37.60962254,55.76283258],[37.60963666,55.7628198],[37.60961349,55.76281167],[37.60959938,55.76282444],[37.60959938,55.76282444],[37.60962254,55.76283258]]]},"properties":{"type":"room","subtype":"apartment","roomType":"HALL","area":2.8684378470378844},"type":"Feature"},{"geometry":{"type":"Polygon","coordinates":[[[37.60966935,55.76276328],[37.60965756,55.76277396],[37.60970043,55.76278901],[37.60971222,55.76277833],[37.60966935,55.76276328]]]},"properties":{"type":"room","subtype":"apartment","roomType":"BALCONY","area":4.437257444221572},"type":"Feature"},{"geometry":{"type":"Polygon","coordinates":[[[37.60960326,55.76282263],[37.60960073,55.76282492],[37.60960479,55.76282634],[37.60960732,55.76282406],[37.60960326,55.76282263]]]},"properties":{"type":"room_object","subtype":"room","roomObjectType":"ELECTRICAL_BOX"},"type":"Feature"},{"geometry":{"type":"Polygon","coordinates":[[[37.60955306,55.76280817],[37.60955306,55.76280817],[37.60959248,55.76282202],[37.60959248,55.76282202],[37.6096066,55.76280925],[37.60960661,55.76280923],[37.60960664,55.76280922],[37.60960667,55.76280921],[37.6096067,55.76280921],[37.60960673,55.7628092],[37.60960676,55.76280921],[37.60960679,55.76280921],[37.60960682,55.76280922],[37.60961358,55.76281159],[37.60965583,55.76277335],[37.60965583,55.76277335],[37.6096095,55.76275708],[37.60955306,55.76280817]]]},"properties":{"type":"apartment","rooms":0,"totalArea":22.94749772855262,"livingArea":17.210623021183064,"apartmentType":999990},"type":"Feature"},{"geometry":{"type":"Polygon","coordinates":[[[37.60961349,55.76281167],[37.60965583,55.76277335],[37.60965583,55.76277335],[37.6096095,55.76275708],[37.60956717,55.7627954],[37.60961349,55.76281167]]]},"properties":{"type":"room","subtype":"apartment","roomType":"STUDIO","area":17.210623021183064},"type":"Feature"},{"geometry":{"type":"Polygon","coordinates":[[[37.60957622,55.76281631],[37.60959262,55.76282207],[37.60960673,55.76280929],[37.60959033,55.76280353],[37.60957622,55.76281631]]]},"properties":{"type":"room","subtype":"apartment","roomType":"JOINT_BATHROOM","area":2.0309374433717977},"type":"Feature"},{"geometry":{"type":"Polygon","coordinates":[[[37.60959033,55.76280353],[37.60956717,55.7627954],[37.60955306,55.76280817],[37.60955306,55.76280817],[37.60957622,55.76281631],[37.60959033,55.76280353]]]},"properties":{"type":"room","subtype":"apartment","roomType":"HALL","area":2.8684373018092244},"type":"Feature"},{"geometry":{"type":"Polygon","coordinates":[[[37.60962303,55.76274701],[37.60961123,55.76275769],[37.6096541,55.76277274],[37.6096659,55.76276207],[37.60962303,55.76274701]]]},"properties":{"type":"room","subtype":"apartment","roomType":"BALCONY","area":4.4372557824815},"type":"Feature"},{"geometry":{"type":"Polygon","coordinates":[[[37.60955694,55.76280636],[37.60955441,55.76280865],[37.60955847,55.76281007],[37.60956099,55.76280779],[37.60955694,55.76280636]]]},"properties":{"type":"room_object","subtype":"room","roomObjectType":"ELECTRICAL_BOX"},"type":"Feature"},{"geometry":{"type":"Polygon","coordinates":[[[37.60946041,55.76277563],[37.60950673,55.7627919],[37.60955306,55.76280817],[37.6095685,55.7627942],[37.60956173,55.76279182],[37.60956171,55.76279181],[37.60956169,55.7627918],[37.60956167,55.76279178],[37.60956166,55.76279177],[37.60956166,55.76279175],[37.60956166,55.76279173],[37.60956167,55.76279172],[37.60956168,55.7627917],[37.60957438,55.7627802],[37.6095744,55.76278019],[37.60957443,55.76278018],[37.60957445,55.76278017],[37.60957448,55.76278016],[37.60957451,55.76278016],[37.60957454,55.76278016],[37.60957457,55.76278017],[37.6095746,55.76278018],[37.60958136,55.76278255],[37.60958136,55.76278255],[37.6096095,55.76275708],[37.60956318,55.76274081],[37.60951685,55.76272454],[37.60946041,55.76277563]]]},"properties":{"type":"apartment","rooms":1,"totalArea":45.89500227213913,"livingArea":22.947502269591652,"apartmentType":999991},"type":"Feature"},{"geometry":{"type":"Polygon","coordinates":[[[37.60953496,55.76276636],[37.60958128,55.76278263],[37.60960866,55.76275784],[37.6096088,55.76275768],[37.60960888,55.76275751],[37.6096089,55.76275734],[37.60960886,55.76275716],[37.60960876,55.762757],[37.60960861,55.76275684],[37.6096084,55.76275671],[37.60960815,55.7627566],[37.60956453,55.76274128],[37.60956425,55.76274121],[37.60956395,55.76274116],[37.60956364,55.76274115],[37.60956333,55.76274117],[37.60956303,55.76274123],[37.60956276,55.76274132],[37.60956253,55.76274143],[37.60956234,55.76274157],[37.60953496,55.76276636]]]},"properties":{"type":"room","subtype":"apartment","roomType":"KITCHEN","area":11.469357229101162},"type":"Feature"},{"geometry":{"type":"Polygon","coordinates":[[[37.60955812,55.76277449],[37.60953496,55.76276636],[37.60950757,55.76279114],[37.60950744,55.7627913],[37.60950735,55.76279147],[37.60950733,55.76279165],[37.60950737,55.76279182],[37.60950747,55.76279199],[37.60950763,55.76279214],[37.60950784,55.76279227],[37.60950808,55.76279238],[37.60952989,55.76280004],[37.60955812,55.76277449]]]},"properties":{"type":"room","subtype":"apartment","roomType":"HALL","area":5.734678654784637},"type":"Feature"},{"geometry":{"type":"Polygon","coordinates":[[[37.60954542,55.76278599],[37.60952989,55.76280004],[37.6095517,55.7628077],[37.60955198,55.76280778],[37.60955229,55.76280782],[37.6095526,55.76280783],[37.60955291,55.76280781],[37.6095532,55.76280775],[37.60955347,55.76280767],[37.60955371,55.76280755],[37.6095539,55.76280741],[37.60956858,55.76279412],[37.60954542,55.76278599]]]},"properties":{"type":"room","subtype":"apartment","roomType":"BATHROOM","area":3.1530848160620746},"type":"Feature"},{"geometry":{"type":"Polygon","coordinates":[[[37.60956182,55.76279175],[37.60957452,55.76278025],[37.60955812,55.76277449],[37.60954542,55.76278599],[37.60956182,55.76279175]]]},"properties":{"type":"room","subtype":"apartment","roomType":"TOILET","area":1.8278437535276477},"type":"Feature"},{"geometry":{"type":"Polygon","coordinates":[[[37.60946041,55.76277563],[37.60950673,55.7627919],[37.60956318,55.76274081],[37.60956318,55.76274081],[37.60951685,55.76272454],[37.60946041,55.76277563],[37.60946041,55.76277563]]]},"properties":{"type":"room","subtype":"apartment","roomType":"BEDROOM","area":22.947502269591652},"type":"Feature"},{"geometry":{"type":"Polygon","coordinates":[[[37.6095767,55.76273074],[37.60956491,55.76274142],[37.60960778,55.76275647],[37.60961957,55.7627458],[37.6095767,55.76273074]]]},"properties":{"type":"room","subtype":"apartment","roomType":"BALCONY","area":4.437256613785365},"type":"Feature"},{"geometry":{"type":"Polygon","coordinates":[[[37.60953038,55.76271447],[37.60951858,55.76272515],[37.60956145,55.7627402],[37.60957325,55.76272953],[37.60953038,55.76271447]]]},"properties":{"type":"room","subtype":"apartment","roomType":"BALCONY","area":4.437257444221572},"type":"Feature"},{"geometry":{"type":"Polygon","coordinates":[[[37.60951102,55.76279023],[37.60950849,55.76279252],[37.60951214,55.7627938],[37.60951467,55.76279152],[37.60951102,55.76279023]]]},"properties":{"type":"room_object","subtype":"room","roomObjectType":"ELECTRICAL_BOX"},"type":"Feature"},{"geometry":{"type":"Polygon","coordinates":[[[37.60936776,55.7627431],[37.60941408,55.76275937],[37.60946041,55.76277563],[37.60947585,55.76276166],[37.60946908,55.76275928],[37.60946906,55.76275927],[37.60946904,55.76275926],[37.60946902,55.76275925],[37.60946901,55.76275923],[37.60946901,55.76275921],[37.60946901,55.76275919],[37.60946902,55.76275918],[37.60946903,55.76275916],[37.60948173,55.76274767],[37.60948175,55.76274765],[37.60948177,55.76274764],[37.6094818,55.76274763],[37.60948183,55.76274762],[37.60948186,55.76274762],[37.60948189,55.76274762],[37.60948192,55.76274763],[37.60948195,55.76274764],[37.60948871,55.76275001],[37.60951685,55.76272454],[37.60947053,55.76270827],[37.6094242,55.762692],[37.60936776,55.7627431]]]},"properties":{"type":"apartment","rooms":1,"totalArea":45.8949977279442,"livingArea":22.947500001148796,"apartmentType":999991},"type":"Feature"},{"geometry":{"type":"Polygon","coordinates":[[[37.60948863,55.76275009],[37.60951601,55.7627253],[37.60951615,55.76272515],[37.60951623,55.76272498],[37.60951625,55.7627248],[37.60951621,55.76272462],[37.60951611,55.76272446],[37.60951596,55.76272431],[37.60951575,55.76272417],[37.6095155,55.76272407],[37.60947188,55.76270875],[37.6094716,55.76270867],[37.6094713,55.76270862],[37.60947099,55.76270861],[37.60947068,55.76270863],[37.60947038,55.76270869],[37.60947011,55.76270878],[37.60946988,55.76270889],[37.60946969,55.76270903],[37.60944231,55.76273382],[37.60948863,55.76275009]]]},"properties":{"type":"room","subtype":"apartment","roomType":"KITCHEN","area":11.469355654274686},"type":"Feature"},{"geometry":{"type":"Polygon","coordinates":[[[37.60946547,55.76274195],[37.60944231,55.76273382],[37.60941492,55.7627586],[37.60941479,55.76275876],[37.6094147,55.76275893],[37.60941468,55.76275911],[37.60941472,55.76275928],[37.60941482,55.76275945],[37.60941498,55.7627596],[37.60941519,55.76275973],[37.60941543,55.76275984],[37.60943724,55.7627675],[37.60946547,55.76274195]]]},"properties":{"type":"room","subtype":"apartment","roomType":"HALL","area":5.734678107549351},"type":"Feature"},{"geometry":{"type":"Polygon","coordinates":[[[37.60945277,55.76275345],[37.60943724,55.7627675],[37.60945905,55.76277516],[37.60945933,55.76277524],[37.60945964,55.76277528],[37.60945995,55.7627753],[37.60946026,55.76277527],[37.60946055,55.76277522],[37.60946082,55.76277513],[37.60946106,55.76277501],[37.60946125,55.76277487],[37.60947593,55.76276158],[37.60945277,55.76275345]]]},"properties":{"type":"room","subtype":"apartment","roomType":"BATHROOM","area":3.153084784476661},"type":"Feature"},{"geometry":{"type":"Polygon","coordinates":[[[37.60946917,55.76275921],[37.60948187,55.76274771],[37.60946547,55.76274195],[37.60945277,55.76275345],[37.60946917,55.76275921]]]},"properties":{"type":"room","subtype":"apartment","roomType":"TOILET","area":1.8278436342101743},"type":"Feature"},{"geometry":{"type":"Polygon","coordinates":[[[37.60936776,55.7627431],[37.60936776,55.7627431],[37.60941408,55.76275937],[37.60947053,55.76270827],[37.60947053,55.76270827],[37.6094242,55.762692],[37.60936776,55.7627431]]]},"properties":{"type":"room","subtype":"apartment","roomType":"BEDROOM","area":22.947500001148796},"type":"Feature"},{"geometry":{"type":"Polygon","coordinates":[[[37.60943773,55.76268193],[37.60942593,55.76269261],[37.6094688,55.76270766],[37.6094806,55.76269699],[37.60943773,55.76268193]]]},"properties":{"type":"room","subtype":"apartment","roomType":"BALCONY","area":4.437256613785365},"type":"Feature"},{"geometry":{"type":"Polygon","coordinates":[[[37.60948405,55.7626982],[37.60947226,55.76270888],[37.60951513,55.76272393],[37.60952692,55.76271326],[37.60948405,55.7626982]]]},"properties":{"type":"room","subtype":"apartment","roomType":"BALCONY","area":4.43725578257588},"type":"Feature"},{"geometry":{"type":"Polygon","coordinates":[[[37.60941837,55.76275769],[37.60941584,55.76275998],[37.60941949,55.76276127],[37.60942202,55.76275898],[37.60941837,55.76275769]]]},"properties":{"type":"room_object","subtype":"room","roomObjectType":"ELECTRICAL_BOX"},"type":"Feature"},{"geometry":{"type":"Polygon","coordinates":[[[37.60937788,55.76267573],[37.60933155,55.76265946],[37.60927511,55.76271056],[37.60927512,55.76271056],[37.60932143,55.76272683],[37.60936776,55.7627431],[37.6093832,55.76272912],[37.60937643,55.76272675],[37.60937641,55.76272674],[37.60937639,55.76272672],[37.60937637,55.76272671],[37.60937636,55.76272669],[37.60937636,55.76272667],[37.60937636,55.76272666],[37.60937637,55.76272664],[37.60937638,55.76272662],[37.60938908,55.76271513],[37.6093891,55.76271511],[37.60938912,55.7627151],[37.60938915,55.76271509],[37.60938918,55.76271509],[37.60938921,55.76271508],[37.60938924,55.76271508],[37.60938927,55.76271509],[37.6093893,55.7627151],[37.60939606,55.76271747],[37.60939606,55.76271747],[37.6094242,55.762692],[37.60937788,55.76267573]]]},"properties":{"type":"apartment","rooms":1,"totalArea":45.894999997712794,"livingArea":22.94749764443793,"apartmentType":999991},"type":"Feature"},{"geometry":{"type":"Polygon","coordinates":[[[37.60942336,55.76269276],[37.6094235,55.76269261],[37.60942358,55.76269244],[37.6094236,55.76269226],[37.60942356,55.76269209],[37.60942346,55.76269192],[37.6094233,55.76269177],[37.6094231,55.76269163],[37.60942285,55.76269153],[37.60937923,55.76267621],[37.60937895,55.76267613],[37.60937865,55.76267608],[37.60937834,55.76267607],[37.60937803,55.76267609],[37.60937773,55.76267615],[37.60937746,55.76267624],[37.60937723,55.76267636],[37.60937704,55.76267649],[37.60934966,55.76270128],[37.60939598,55.76271755],[37.60942336,55.76269276]]]},"properties":{"type":"room","subtype":"apartment","roomType":"KITCHEN","area":11.469358859698527},"type":"Feature"},{"geometry":{"type":"Polygon","coordinates":[[[37.60934459,55.76273496],[37.60937282,55.76270941],[37.60934966,55.76270128],[37.60932227,55.76272606],[37.60932214,55.76272622],[37.60932205,55.76272639],[37.60932203,55.76272657],[37.60932207,55.76272674],[37.60932217,55.76272691],[37.60932233,55.76272706],[37.60932254,55.76272719],[37.60932278,55.7627273],[37.60934459,55.76273496]]]},"properties":{"type":"room","subtype":"apartment","roomType":"HALL","area":5.734679450744227},"type":"Feature"},{"geometry":{"type":"Polygon","coordinates":[[[37.60934459,55.76273496],[37.6093664,55.76274262],[37.60936668,55.7627427],[37.60936699,55.76274274],[37.6093673,55.76274276],[37.60936761,55.76274273],[37.6093679,55.76274268],[37.60936817,55.76274259],[37.60936841,55.76274247],[37.6093686,55.76274233],[37.60938328,55.76272904],[37.60936012,55.76272091],[37.60934459,55.76273496]]]},"properties":{"type":"room","subtype":"apartment","roomType":"BATHROOM","area":3.1530847153497708},"type":"Feature"},{"geometry":{"type":"Polygon","coordinates":[[[37.60938922,55.76271517],[37.60937282,55.76270941],[37.60936012,55.76272091],[37.60937652,55.76272667],[37.60938922,55.76271517]]]},"properties":{"type":"room","subtype":"apartment","roomType":"TOILET","area":1.8278436869081207},"type":"Feature"},{"geometry":{"type":"Polygon","coordinates":[[[37.60932143,55.76272683],[37.60927512,55.76271056],[37.60927512,55.76271056],[37.60927511,55.76271056],[37.60933155,55.76265946],[37.60937788,55.76267573],[37.60937788,55.76267573],[37.60932143,55.76272683]]]},"properties":{"type":"room","subtype":"apartment","roomType":"BEDROOM","area":22.94749764443793},"type":"Feature"},{"geometry":{"type":"Polygon","coordinates":[[[37.6093914,55.76266566],[37.60937961,55.76267634],[37.60942248,55.76269139],[37.60943427,55.76268072],[37.6093914,55.76266566]]]},"properties":{"type":"room","subtype":"apartment","roomType":"BALCONY","area":4.43725747495792},"type":"Feature"},{"geometry":{"type":"Polygon","coordinates":[[[37.60932572,55.76272516],[37.60932319,55.76272744],[37.60932684,55.76272873],[37.60932937,55.76272644],[37.60932572,55.76272516]]]},"properties":{"type":"room_object","subtype":"room","roomObjectType":"ELECTRICAL_BOX"},"type":"Feature"},{"geometry":{"type":"Polygon","coordinates":[[[37.60922725,55.76270434],[37.60926668,55.76271818],[37.60933155,55.76265946],[37.60933155,55.76265946],[37.60928523,55.76264319],[37.60928523,55.76264319],[37.60923666,55.76268716],[37.60923666,55.76268716],[37.60924342,55.76268953],[37.60924345,55.76268954],[37.60924347,55.76268956],[37.60924348,55.76268957],[37.60924349,55.76268959],[37.6092435,55.76268961],[37.60924349,55.76268962],[37.60924349,55.76268964],[37.60924347,55.76268966],[37.60922725,55.76270434]]]},"properties":{"type":"apartment","rooms":0,"totalArea":26.372500995358575,"livingArea":19.779375978133036,"apartmentType":999990},"type":"Feature"},{"geometry":{"type":"Polygon","coordinates":[[[37.60923657,55.76268723],[37.6092829,55.7627035],[37.60933155,55.76265946],[37.60933155,55.76265946],[37.60928523,55.76264319],[37.60928523,55.76264319],[37.60923657,55.76268723]]]},"properties":{"type":"room","subtype":"apartment","roomType":"STUDIO","area":19.779375978133036},"type":"Feature"},{"geometry":{"type":"Polygon","coordinates":[[[37.60924334,55.76268961],[37.60922712,55.76270429],[37.60924352,55.76271005],[37.60925974,55.76269537],[37.60924334,55.76268961]]]},"properties":{"type":"room","subtype":"apartment","roomType":"JOINT_BATHROOM","area":2.3340623524284307},"type":"Feature"},{"geometry":{"type":"Polygon","coordinates":[[[37.60924352,55.76271005],[37.60926668,55.76271818],[37.6092829,55.7627035],[37.60925974,55.76269537],[37.60924352,55.76271005]]]},"properties":{"type":"room","subtype":"apartment","roomType":"HALL","area":3.296562647657324},"type":"Feature"},{"geometry":{"type":"Polygon","coordinates":[[[37.60929973,55.76263347],[37.60928793,55.76264414],[37.60932983,55.76265886],[37.60934162,55.76264818],[37.60929973,55.76263347]]]},"properties":{"type":"room","subtype":"apartment","roomType":"BALCONY","area":4.336128665236807},"type":"Feature"},{"geometry":{"type":"Polygon","coordinates":[[[37.60926347,55.762716],[37.60926752,55.76271742],[37.60927005,55.76271513],[37.60926599,55.76271371],[37.60926347,55.762716]]]},"properties":{"type":"room_object","subtype":"room","roomObjectType":"ELECTRICAL_BOX"},"type":"Feature"},{"geometry":{"type":"Polygon","coordinates":[[[37.60920181,55.7627769],[37.60924813,55.76279317],[37.60927627,55.7627677],[37.60927627,55.7627677],[37.60926951,55.76276533],[37.60926948,55.76276532],[37.60926946,55.7627653],[37.60926945,55.76276529],[37.60926944,55.76276527],[37.60926943,55.76276525],[37.60926944,55.76276524],[37.60926944,55.76276522],[37.60926946,55.7627652],[37.60928216,55.76275371],[37.60928218,55.76275369],[37.6092822,55.76275368],[37.60928223,55.76275367],[37.60928226,55.76275367],[37.60928229,55.76275367],[37.60928232,55.76275367],[37.60928235,55.76275367],[37.60928238,55.76275368],[37.60928914,55.76275605],[37.60930458,55.76274208],[37.60925827,55.76272581],[37.60926668,55.76271818],[37.60922036,55.76270191],[37.60922036,55.76270191],[37.60915548,55.76276063],[37.60920181,55.7627769]]]},"properties":{"type":"apartment","rooms":1,"totalArea":49.32050137555575,"livingArea":26.372498999792633,"apartmentType":999991},"type":"Feature"},{"geometry":{"type":"Polygon","coordinates":[[[37.60923003,55.76275135],[37.60920265,55.76277614],[37.60920251,55.7627763],[37.60920243,55.76277647],[37.60920241,55.76277664],[37.60920245,55.76277682],[37.60920255,55.76277699],[37.60920271,55.76277714],[37.60920291,55.76277727],[37.60920316,55.76277738],[37.60924678,55.7627927],[37.60924706,55.76279278],[37.60924736,55.76279282],[37.60924767,55.76279283],[37.60924798,55.76279281],[37.60924828,55.76279275],[37.60924855,55.76279267],[37.60924879,55.76279255],[37.60924898,55.76279241],[37.60927636,55.76276763],[37.60923003,55.76275135]]]},"properties":{"type":"room","subtype":"apartment","roomType":"KITCHEN","area":11.469358897020083},"type":"Feature"},{"geometry":{"type":"Polygon","coordinates":[[[37.60928143,55.76273395],[37.60925961,55.76272628],[37.60925933,55.76272621],[37.60925903,55.76272616],[37.60925872,55.76272615],[37.60925841,55.76272617],[37.60925811,55.76272623],[37.60925784,55.76272632],[37.6092576,55.76272643],[37.60925741,55.76272657],[37.60923003,55.76275135],[37.6092532,55.76275949],[37.60928143,55.76273395]]]},"properties":{"type":"room","subtype":"apartment","roomType":"HALL","area":5.736723160955103},"type":"Feature"},{"geometry":{"type":"Polygon","coordinates":[[[37.60928906,55.76275613],[37.60930374,55.76274284],[37.60930388,55.76274268],[37.60930396,55.76274251],[37.60930398,55.76274234],[37.60930394,55.76274216],[37.60930384,55.762742],[37.60930368,55.76274184],[37.60930348,55.76274171],[37.60930323,55.7627416],[37.60928143,55.76273395],[37.6092659,55.762748],[37.60928906,55.76275613]]]},"properties":{"type":"room","subtype":"apartment","roomType":"BATHROOM","area":3.151851744382946},"type":"Feature"},{"geometry":{"type":"Polygon","coordinates":[[[37.6092659,55.762748],[37.6092532,55.76275949],[37.60926959,55.76276525],[37.6092823,55.76275376],[37.6092659,55.762748]]]},"properties":{"type":"room","subtype":"apartment","roomType":"TOILET","area":1.82720268039134},"type":"Feature"},{"geometry":{"type":"Polygon","coordinates":[[[37.60920181,55.7627769],[37.60926668,55.76271818],[37.60926668,55.76271818],[37.60922036,55.76270191],[37.60922036,55.76270191],[37.60915548,55.76276063],[37.60915548,55.76276063],[37.60920181,55.7627769]]]},"properties":{"type":"room","subtype":"apartment","roomType":"BEDROOM","area":26.372498999792633},"type":"Feature"},{"geometry":{"type":"Polygon","coordinates":[[[37.60918829,55.76278697],[37.60920008,55.7627763],[37.60915819,55.76276158],[37.60914639,55.76277226],[37.60918829,55.76278697]]]},"properties":{"type":"room","subtype":"apartment","roomType":"BALCONY","area":4.33612794896609},"type":"Feature"},{"geometry":{"type":"Polygon","coordinates":[[[37.60923461,55.76280324],[37.60924641,55.76279257],[37.60920354,55.76277751],[37.60919174,55.76278819],[37.60923461,55.76280324]]]},"properties":{"type":"room","subtype":"apartment","roomType":"BALCONY","area":4.4372574735998205},"type":"Feature"},{"geometry":{"type":"Polygon","coordinates":[[[37.60926001,55.76272643],[37.60925749,55.76272871],[37.60926115,55.76273],[37.60926368,55.76272771],[37.60926001,55.76272643]]]},"properties":{"type":"room_object","subtype":"room","roomObjectType":"ELECTRICAL_BOX"},"type":"Feature"},{"geometry":{"type":"Polygon","coordinates":[[[37.60930458,55.76274208],[37.60924813,55.76279317],[37.60924813,55.76279317],[37.60929446,55.76280944],[37.60933671,55.7627712],[37.60933671,55.7627712],[37.60932995,55.76276882],[37.60932992,55.76276881],[37.6093299,55.7627688],[37.60932989,55.76276878],[37.60932988,55.76276877],[37.60932987,55.76276875],[37.60932987,55.76276873],[37.60932988,55.76276871],[37.6093299,55.7627687],[37.60934401,55.76275593],[37.60930458,55.76274208]]]},"properties":{"type":"apartment","rooms":0,"totalArea":22.947497643370756,"livingArea":17.210622934918113,"apartmentType":999990},"type":"Feature"},{"geometry":{"type":"Polygon","coordinates":[[[37.60933679,55.76277112],[37.60929047,55.76275485],[37.60924813,55.76279317],[37.60924813,55.76279317],[37.60929446,55.76280944],[37.60933679,55.76277112]]]},"properties":{"type":"room","subtype":"apartment","roomType":"STUDIO","area":17.210622934918113},"type":"Feature"},{"geometry":{"type":"Polygon","coordinates":[[[37.60933003,55.76276875],[37.60934414,55.76275597],[37.60932774,55.76275021],[37.60931363,55.76276299],[37.60933003,55.76276875]]]},"properties":{"type":"room","subtype":"apartment","roomType":"JOINT_BATHROOM","area":2.030937372750779},"type":"Feature"},{"geometry":{"type":"Polygon","coordinates":[[[37.60931363,55.76276299],[37.60932774,55.76275021],[37.60930458,55.76274208],[37.60929047,55.76275485],[37.60931363,55.76276299]]]},"properties":{"type":"room","subtype":"apartment","roomType":"HALL","area":2.8684373155830354},"type":"Feature"},{"geometry":{"type":"Polygon","coordinates":[[[37.60928094,55.76281951],[37.60929273,55.76280883],[37.60924986,55.76279378],[37.60923807,55.76280446],[37.60928094,55.76281951]]]},"properties":{"type":"room","subtype":"apartment","roomType":"BALCONY","area":4.437255752585372},"type":"Feature"},{"geometry":{"type":"Polygon","coordinates":[[[37.60930593,55.76274255],[37.60930341,55.76274484],[37.60930746,55.76274627],[37.60930999,55.76274398],[37.60930593,55.76274255]]]},"properties":{"type":"room_object","subtype":"room","roomObjectType":"ELECTRICAL_BOX"},"type":"Feature"},{"geometry":{"type":"Polygon","coordinates":[[[37.60929446,55.76280944],[37.60929446,55.76280944],[37.60934078,55.76282571],[37.60938304,55.76278747],[37.60937627,55.76278509],[37.60937625,55.76278508],[37.60937623,55.76278507],[37.60937621,55.76278505],[37.6093762,55.76278504],[37.6093762,55.76278502],[37.6093762,55.762785],[37.60937621,55.76278498],[37.60937622,55.76278497],[37.60939033,55.76277219],[37.60935091,55.76275835],[37.60929446,55.76280944]]]},"properties":{"type":"apartment","rooms":0,"totalArea":22.94749999837346,"livingArea":17.210625042358263,"apartmentType":999990},"type":"Feature"},{"geometry":{"type":"Polygon","coordinates":[[[37.60938312,55.76278739],[37.60933679,55.76277112],[37.60929446,55.76280944],[37.60929446,55.76280944],[37.60934078,55.76282571],[37.60938312,55.76278739]]]},"properties":{"type":"room","subtype":"apartment","roomType":"STUDIO","area":17.210625042358263},"type":"Feature"},{"geometry":{"type":"Polygon","coordinates":[[[37.60939047,55.76277224],[37.60937407,55.76276648],[37.60935996,55.76277926],[37.60937636,55.76278502],[37.60939047,55.76277224]]]},"properties":{"type":"room","subtype":"apartment","roomType":"JOINT_BATHROOM","area":2.030937512139799},"type":"Feature"},{"geometry":{"type":"Polygon","coordinates":[[[37.60937407,55.76276648],[37.60935091,55.76275835],[37.60933679,55.76277112],[37.60935996,55.76277926],[37.60937407,55.76276648]]]},"properties":{"type":"room","subtype":"apartment","roomType":"HALL","area":2.868437425673715},"type":"Feature"},{"geometry":{"type":"Polygon","coordinates":[[[37.60932726,55.76283578],[37.60933906,55.7628251],[37.60929619,55.76281005],[37.60928439,55.76282073],[37.60932726,55.76283578]]]},"properties":{"type":"room","subtype":"apartment","roomType":"BALCONY","area":4.437256611541349},"type":"Feature"},{"geometry":{"type":"Polygon","coordinates":[[[37.60935226,55.76275882],[37.60934973,55.76276111],[37.60935379,55.76276254],[37.60935632,55.76276025],[37.60935226,55.76275882]]]},"properties":{"type":"room_object","subtype":"room","roomObjectType":"ELECTRICAL_BOX"},"type":"Feature"},{"geometry":{"type":"Polygon","coordinates":[[[37.60934078,55.76282571],[37.60934078,55.76282571],[37.60938136,55.76283996],[37.60942361,55.76280172],[37.60942361,55.76280172],[37.60941685,55.76279934],[37.60941682,55.76279933],[37.6094168,55.76279932],[37.60941679,55.7627993],[37.60941678,55.76279929],[37.60941677,55.76279927],[37.60941678,55.76279925],[37.60941678,55.76279923],[37.6094168,55.76279922],[37.60943091,55.76278645],[37.60939723,55.76277462],[37.60934078,55.76282571]]]},"properties":{"type":"apartment","rooms":0,"totalArea":20.099998250594474,"livingArea":15.074999037927238,"apartmentType":999990},"type":"Feature"},{"geometry":{"type":"Polygon","coordinates":[[[37.60938312,55.76278739],[37.60934078,55.76282571],[37.60934078,55.76282571],[37.60938136,55.76283996],[37.6094237,55.76280164],[37.60938312,55.76278739]]]},"properties":{"type":"room","subtype":"apartment","roomType":"STUDIO","area":15.074999037927238},"type":"Feature"},{"geometry":{"type":"Polygon","coordinates":[[[37.60943105,55.76278649],[37.60941752,55.76278174],[37.60940341,55.76279452],[37.60941693,55.76279927],[37.60943105,55.76278649]]]},"properties":{"type":"room","subtype":"apartment","roomType":"JOINT_BATHROOM","area":1.6749994206245378},"type":"Feature"},{"geometry":{"type":"Polygon","coordinates":[[[37.60941752,55.76278174],[37.60939723,55.76277462],[37.60938312,55.76278739],[37.60940341,55.76279452],[37.60941752,55.76278174]]]},"properties":{"type":"room","subtype":"apartment","roomType":"HALL","area":2.5124998819367046},"type":"Feature"},{"geometry":{"type":"Polygon","coordinates":[[[37.60936784,55.76285003],[37.60937963,55.76283936],[37.60934251,55.76282632],[37.60933072,55.76283699],[37.60936784,55.76285003]]]},"properties":{"type":"room","subtype":"apartment","roomType":"BALCONY","area":3.8422566021523763},"type":"Feature"},{"geometry":{"type":"Polygon","coordinates":[[[37.60946255,55.7628833],[37.60947435,55.76287262],[37.60938677,55.76284186],[37.60937498,55.76285254],[37.60946255,55.7628833]]]},"properties":{"type":"balcony","area":9.065000000724188,"subtype":"service"},"type":"Feature"},{"geometry":{"type":"MultiPolygon","coordinates":[[[[37.60938136,55.76283996],[37.60938711,55.76284198],[37.60943343,55.76285825],[37.60948988,55.76280716],[37.60944356,55.76279089],[37.60943781,55.76278887],[37.60938136,55.76283996]]]]},"properties":{"type":"ladder","area":25.79500175135219,"subtype":"service"},"type":"Feature"},{"geometry":{"type":"Polygon","coordinates":[[[37.60943343,55.76285825],[37.60943343,55.76285825],[37.60947976,55.76287452],[37.60953621,55.76282343],[37.60953621,55.76282343],[37.60948988,55.76280716],[37.60951829,55.76281713],[37.60951407,55.76282094],[37.60950481,55.76282933],[37.60949133,55.76284153],[37.60947785,55.76285374],[37.60944944,55.76284376],[37.60943343,55.76285825]]]},"properties":{"type":"corridor","area":12.867499996515742,"subtype":"service"},"type":"Feature"},{"geometry":{"type":"Polygon","coordinates":[[[37.60948567,55.76281097],[37.60951407,55.76282094],[37.60951829,55.76281713],[37.60948988,55.76280716],[37.60948567,55.76281097]]]},"properties":{"type":"heating_meter","area":1.0500000003686476,"subtype":"service"},"type":"Feature"},{"geometry":{"type":"Polygon","coordinates":[[[37.6094764,55.76281936],[37.60950481,55.76282933],[37.60951407,55.76282094],[37.60948567,55.76281097],[37.6094764,55.76281936]]]},"properties":{"type":"elevator","area":2.309999999361316,"subtype":"service"},"type":"Feature"},{"geometry":{"type":"Polygon","coordinates":[[[37.60946292,55.76283156],[37.60949133,55.76284153],[37.60950481,55.76282933],[37.6094764,55.76281936],[37.60946292,55.76283156]]]},"properties":{"type":"elevator","area":3.3599999995949097,"subtype":"service"},"type":"Feature"},{"geometry":{"type":"Polygon","coordinates":[[[37.60944944,55.76284376],[37.60947785,55.76285374],[37.60949133,55.76284153],[37.60946292,55.76283156],[37.60944944,55.76284376]]]},"properties":{"type":"elevator","area":3.35999999957742,"subtype":"service"},"type":"Feature"},{"geometry":{"type":"Polygon","coordinates":[[[37.60972149,55.7628885],[37.60973834,55.76287325],[37.60927512,55.76271056],[37.60925827,55.76272581],[37.60972149,55.7628885]]]},"properties":{"type":"corridor","area":68.49599999338184,"subtype":"service"},"type":"Feature"},{"geometry":{"type":"Polygon","coordinates":[[[37.60956166,55.76285009],[37.60956842,55.76285247],[37.60958253,55.7628397],[37.60958253,55.7628397],[37.60957577,55.76283732],[37.60956166,55.76285009]]]},"properties":{"type":"ventilation","area":0.8374999082498441,"subtype":"service"},"type":"Feature"},{"geometry":{"type":"Polygon","coordinates":[[[37.60957377,55.76285612],[37.60956701,55.76285375],[37.60955431,55.76286524],[37.60956107,55.76286762],[37.60957377,55.76285612]]]},"properties":{"type":"ventilation","area":0.7537500885431287,"subtype":"service"},"type":"Feature"},{"geometry":{"type":"Polygon","coordinates":[[[37.6097074,55.76290127],[37.60972151,55.7628885],[37.60972149,55.7628885],[37.60972149,55.7628885],[37.60971474,55.76288613],[37.60970064,55.7628989],[37.6097074,55.76290127]]]},"properties":{"type":"ventilation","area":0.8375735399803117,"subtype":"service"},"type":"Feature"},{"geometry":{"type":"Polygon","coordinates":[[[37.6097695,55.76289477],[37.60975328,55.76290945],[37.60976004,55.76291183],[37.60977626,55.76289715],[37.60977626,55.76289715],[37.6097695,55.76289477]]]},"properties":{"type":"ventilation","area":0.9625000417893198,"subtype":"service"},"type":"Feature"},{"geometry":{"type":"Polygon","coordinates":[[[37.60972702,55.76283381],[37.60972026,55.76283143],[37.60970756,55.76284293],[37.60971432,55.7628453],[37.60972702,55.76283381]]]},"properties":{"type":"ventilation","area":0.7539195181973214,"subtype":"service"},"type":"Feature"},{"geometry":{"type":"Polygon","coordinates":[[[37.60968527,55.76285461],[37.60969203,55.76285698],[37.60970614,55.76284421],[37.60969938,55.76284183],[37.60968527,55.76285461]]]},"properties":{"type":"ventilation","area":0.8375000163521445,"subtype":"service"},"type":"Feature"},{"geometry":{"type":"Polygon","coordinates":[[[37.60965306,55.76282556],[37.60963894,55.76283834],[37.60964571,55.76284071],[37.60965982,55.76282794],[37.60965306,55.76282556]]]},"properties":{"type":"ventilation","area":0.8375000719572898,"subtype":"service"},"type":"Feature"},{"geometry":{"type":"Polygon","coordinates":[[[37.60959262,55.76282207],[37.60959938,55.76282444],[37.60961349,55.76281167],[37.60960673,55.76280929],[37.60959262,55.76282207]]]},"properties":{"type":"ventilation","area":0.8374999625172231,"subtype":"service"},"type":"Feature"},{"geometry":{"type":"Polygon","coordinates":[[[37.60956858,55.76279412],[37.60958128,55.76278263],[37.60957452,55.76278025],[37.60956182,55.76279175],[37.60956858,55.76279412]]]},"properties":{"type":"ventilation","area":0.7537499997219719,"subtype":"service"},"type":"Feature"},{"geometry":{"type":"Polygon","coordinates":[[[37.60946917,55.76275921],[37.60947593,55.76276158],[37.60948863,55.76275009],[37.60948187,55.76274771],[37.60946917,55.76275921]]]},"properties":{"type":"ventilation","area":0.7537499996536233,"subtype":"service"},"type":"Feature"},{"geometry":{"type":"Polygon","coordinates":[[[37.60938328,55.76272904],[37.60939598,55.76271755],[37.60938922,55.76271517],[37.60937652,55.76272667],[37.60938328,55.76272904]]]},"properties":{"type":"ventilation","area":0.7537500916373252,"subtype":"service"},"type":"Feature"},{"geometry":{"type":"Polygon","coordinates":[[[37.60924334,55.76268961],[37.60923657,55.76268723],[37.60922036,55.76270191],[37.60922036,55.76270191],[37.60922712,55.76270429],[37.60924334,55.76268961]]]},"properties":{"type":"ventilation","area":0.9625000188637438,"subtype":"service"},"type":"Feature"},{"geometry":{"type":"Polygon","coordinates":[[[37.60926959,55.76276525],[37.60927636,55.76276763],[37.60928906,55.76275613],[37.6092823,55.76275376],[37.60926959,55.76276525]]]},"properties":{"type":"ventilation","area":0.7535803293187637,"subtype":"service"},"type":"Feature"},{"geometry":{"type":"Polygon","coordinates":[[[37.60933679,55.76277112],[37.60935091,55.76275835],[37.60935091,55.76275835],[37.60934414,55.76275597],[37.60933003,55.76276875],[37.60933679,55.76277112]]]},"properties":{"type":"ventilation","area":0.8375000192402251,"subtype":"service"},"type":"Feature"},{"geometry":{"type":"Polygon","coordinates":[[[37.60937636,55.76278502],[37.60938312,55.76278739],[37.60939723,55.76277462],[37.60939723,55.76277462],[37.60939047,55.76277224],[37.60937636,55.76278502]]]},"properties":{"type":"ventilation","area":0.8375000182332472,"subtype":"service"},"type":"Feature"},{"geometry":{"type":"Polygon","coordinates":[[[37.60941693,55.76279927],[37.6094237,55.76280164],[37.60943781,55.76278887],[37.60943105,55.76278649],[37.60941693,55.76279927]]]},"properties":{"type":"ventilation","area":0.8374999082984196,"subtype":"service"},"type":"Feature"},{"geometry":{"type":"Polygon","coordinates":[[[37.60992538,55.76304161],[37.60996987,55.76305723],[37.61001435,55.76307285],[37.61005884,55.76308848],[37.61012371,55.76302975],[37.6101237,55.76302975],[37.61007922,55.76301413],[37.61003474,55.76299851],[37.60999026,55.76298289],[37.6099725,55.76299896],[37.60997926,55.76300133],[37.60997929,55.76300134],[37.60997931,55.76300136],[37.60997932,55.76300137],[37.60997933,55.76300139],[37.60997934,55.76300141],[37.60997934,55.76300142],[37.60997933,55.76300144],[37.60997931,55.76300146],[37.60996472,55.76301467],[37.6099647,55.76301468],[37.60996468,55.76301469],[37.60996465,55.7630147],[37.60996462,55.76301471],[37.60996459,55.76301471],[37.60996456,55.76301471],[37.60996453,55.76301471],[37.6099645,55.7630147],[37.60995774,55.76301232],[37.60992538,55.76304161]]]},"properties":{"type":"apartment","rooms":2,"totalArea":75.97333075238734,"livingArea":44.773827175977374,"apartmentType":999992},"type":"Feature"},{"geometry":{"type":"Polygon","coordinates":[[[37.60992623,55.76304084],[37.60992609,55.763041],[37.60992601,55.76304117],[37.60992599,55.76304135],[37.60992603,55.76304152],[37.60992613,55.76304169],[37.60992628,55.76304184],[37.60992649,55.76304197],[37.60992674,55.76304208],[37.60996852,55.76305675],[37.6099688,55.76305683],[37.6099691,55.76305688],[37.60996941,55.76305689],[37.60996972,55.76305687],[37.60997001,55.76305681],[37.60997029,55.76305672],[37.60997052,55.76305661],[37.60997071,55.76305647],[37.6100023,55.76302787],[37.60995782,55.76301225],[37.60992623,55.76304084]]]},"properties":{"type":"room","subtype":"apartment","roomType":"KITCHEN","area":12.657829448330506},"type":"Feature"},{"geometry":{"type":"Polygon","coordinates":[[[37.6100023,55.76302787],[37.6100339,55.76299927],[37.61003404,55.76299911],[37.61003412,55.76299894],[37.61003414,55.76299877],[37.6100341,55.76299859],[37.610034,55.76299843],[37.61003384,55.76299827],[37.61003364,55.76299814],[37.61003339,55.76299803],[37.6100125,55.7629907],[37.60998006,55.76302006],[37.6100023,55.76302787]]]},"properties":{"type":"room","subtype":"apartment","roomType":"HALL","area":6.328914675571841},"type":"Feature"},{"geometry":{"type":"Polygon","coordinates":[[[37.60997242,55.76299903],[37.60999466,55.76300685],[37.6100125,55.7629907],[37.60999161,55.76298336],[37.60999133,55.76298328],[37.60999103,55.76298324],[37.60999071,55.76298323],[37.60999041,55.76298325],[37.60999011,55.76298331],[37.60998984,55.76298339],[37.6099896,55.76298351],[37.60998941,55.76298365],[37.60997242,55.76299903]]]},"properties":{"type":"room","subtype":"apartment","roomType":"BATHROOM","area":3.47991477286582},"type":"Feature"},{"geometry":{"type":"Polygon","coordinates":[[[37.60997918,55.76300141],[37.60996458,55.76301462],[37.60998006,55.76302006],[37.60999466,55.76300685],[37.60997918,55.76300141]]]},"properties":{"type":"room","subtype":"apartment","roomType":"TOILET","area":1.9827499973886922},"type":"Feature"},{"geometry":{"type":"Polygon","coordinates":[[[37.61006419,55.76302774],[37.6100197,55.76301212],[37.60997071,55.76305647],[37.60997057,55.76305662],[37.60997049,55.7630568],[37.60997047,55.76305697],[37.60997051,55.76305715],[37.60997061,55.76305731],[37.60997077,55.76305746],[37.60997097,55.7630576],[37.60997122,55.7630577],[37.610013,55.76307238],[37.61001328,55.76307246],[37.61001358,55.7630725],[37.61001389,55.76307251],[37.6100142,55.76307249],[37.6100145,55.76307243],[37.61001477,55.76307235],[37.610015,55.76307223],[37.6100152,55.76307209],[37.61006419,55.76302774]]]},"properties":{"type":"room","subtype":"apartment","roomType":"BEDROOM","area":19.449382731589974},"type":"Feature"},{"geometry":{"type":"Polygon","coordinates":[[[37.61001435,55.76307285],[37.61005884,55.76308848],[37.61012371,55.76302975],[37.6101237,55.76302975],[37.6101237,55.76302975],[37.61007922,55.76301413],[37.61001435,55.76307285]]]},"properties":{"type":"room","subtype":"apartment","roomType":"BEDROOM","area":25.324444444387396},"type":"Feature"},{"geometry":{"type":"Polygon","coordinates":[[[37.6100641,55.76302782],[37.61006413,55.76302783],[37.61006416,55.76302783],[37.61006419,55.76302783],[37.61006422,55.76302783],[37.61006425,55.76302783],[37.61006428,55.76302782],[37.6100643,55.76302781],[37.61006432,55.76302779],[37.61007852,55.76301494],[37.61007853,55.76301493],[37.61007866,55.76301478],[37.61007867,55.76301476],[37.61007876,55.76301459],[37.61007876,55.76301457],[37.61007878,55.7630144],[37.61007878,55.76301438],[37.61007874,55.7630142],[37.61007873,55.76301419],[37.61007863,55.76301402],[37.61007862,55.763014],[37.61007846,55.76301385],[37.61007845,55.76301384],[37.61007824,55.7630137],[37.61007822,55.76301369],[37.61007797,55.76301359],[37.61007796,55.76301358],[37.61003618,55.76299891],[37.61003616,55.7629989],[37.61003588,55.76299883],[37.61003585,55.76299882],[37.61003555,55.76299877],[37.61003552,55.76299877],[37.61003521,55.76299876],[37.61003518,55.76299876],[37.61003487,55.76299878],[37.61003484,55.76299879],[37.61003454,55.76299884],[37.61003451,55.76299885],[37.61003424,55.76299894],[37.61003422,55.76299895],[37.61003398,55.76299906],[37.61003396,55.76299908],[37.61003377,55.76299922],[37.61003376,55.76299922],[37.61001957,55.76301207],[37.61001955,55.76301209],[37.61001954,55.76301211],[37.61001954,55.76301212],[37.61001955,55.76301214],[37.61001956,55.76301216],[37.61001957,55.76301217],[37.61001959,55.76301219],[37.61001962,55.7630122],[37.6100641,55.76302782]]]},"properties":{"type":"room","subtype":"apartment","roomType":"CORRIDOR","area":5.967200145325221},"type":"Feature"},{"geometry":{"type":"Polygon","coordinates":[[[37.61000083,55.76308292],[37.61001262,55.76307225],[37.6099716,55.76305784],[37.6099598,55.76306851],[37.61000083,55.76308292]]]},"properties":{"type":"room","subtype":"apartment","roomType":"BALCONY","area":4.246700226344377},"type":"Feature"},{"geometry":{"type":"Polygon","coordinates":[[[37.61003045,55.76300018],[37.61003298,55.76299789],[37.61002933,55.76299661],[37.6100268,55.7629989],[37.61003045,55.76300018]]]},"properties":{"type":"room_object","subtype":"room","roomObjectType":"ELECTRICAL_BOX"},"type":"Feature"},{"geometry":{"type":"Polygon","coordinates":[[[37.61005884,55.76308848],[37.61010332,55.7631041],[37.61010332,55.7631041],[37.61015821,55.76305441],[37.61015145,55.76305204],[37.61015142,55.76305203],[37.6101514,55.76305201],[37.61015139,55.763052],[37.61015138,55.76305198],[37.61015137,55.76305197],[37.61015137,55.76305195],[37.61015138,55.76305193],[37.6101514,55.76305192],[37.61016972,55.76303533],[37.61013213,55.76302213],[37.61005884,55.76308848]]]},"properties":{"type":"apartment","rooms":0,"totalArea":28.61333445960753,"livingArea":21.46000105186137,"apartmentType":999990},"type":"Feature"},{"geometry":{"type":"Polygon","coordinates":[[[37.61015829,55.76305434],[37.61011381,55.76303872],[37.61005884,55.76308848],[37.61010332,55.7631041],[37.61010332,55.7631041],[37.61015829,55.76305434]]]},"properties":{"type":"room","subtype":"apartment","roomType":"STUDIO","area":21.46000105186137},"type":"Feature"},{"geometry":{"type":"Polygon","coordinates":[[[37.61015153,55.76305196],[37.61016986,55.76303538],[37.61015438,55.76302994],[37.61013605,55.76304653],[37.61015153,55.76305196]]]},"properties":{"type":"room","subtype":"apartment","roomType":"JOINT_BATHROOM","area":2.4891669186503935},"type":"Feature"},{"geometry":{"type":"Polygon","coordinates":[[[37.61015438,55.76302994],[37.61013213,55.76302213],[37.61011381,55.76303872],[37.61013605,55.76304653],[37.61015438,55.76302994]]]},"properties":{"type":"room","subtype":"apartment","roomType":"HALL","area":3.5766664878660563},"type":"Feature"},{"geometry":{"type":"Polygon","coordinates":[[[37.61008882,55.76311382],[37.61010062,55.76310315],[37.61006057,55.76308908],[37.61004877,55.76309976],[37.61008882,55.76311382]]]},"properties":{"type":"room","subtype":"apartment","roomType":"BALCONY","area":4.1455731109336345},"type":"Feature"},{"geometry":{"type":"Polygon","coordinates":[[[37.61005159,55.76298326],[37.61009607,55.76299888],[37.61014056,55.7630145],[37.61013213,55.76302213],[37.61017662,55.76303775],[37.61017662,55.76303775],[37.61024992,55.7629714],[37.61020543,55.76295578],[37.61016095,55.76294016],[37.61011646,55.76292454],[37.61008411,55.76295382],[37.61008411,55.76295382],[37.61009087,55.7629562],[37.6100909,55.76295621],[37.61009092,55.76295622],[37.61009093,55.76295623],[37.61009094,55.76295625],[37.61009095,55.76295627],[37.61009095,55.76295629],[37.61009094,55.7629563],[37.61009092,55.76295632],[37.61007633,55.76296953],[37.61007631,55.76296955],[37.61007629,55.76296956],[37.61007626,55.76296957],[37.61007623,55.76296957],[37.6100762,55.76296957],[37.61007617,55.76296957],[37.61007614,55.76296957],[37.61007611,55.76296956],[37.61006935,55.76296719],[37.61005159,55.76298326]]]},"properties":{"type":"apartment","rooms":2,"totalArea":79.26222366840935,"livingArea":48.06069950024741,"apartmentType":999992},"type":"Feature"},{"geometry":{"type":"Polygon","coordinates":[[[37.61008403,55.7629539],[37.61012851,55.76296952],[37.6101601,55.76294092],[37.61016024,55.76294076],[37.61016032,55.76294059],[37.61016034,55.76294042],[37.6101603,55.76294024],[37.6101602,55.76294008],[37.61016005,55.76293992],[37.61015984,55.76293979],[37.61015959,55.76293968],[37.61011781,55.76292501],[37.61011753,55.76292493],[37.61011723,55.76292489],[37.61011692,55.76292488],[37.61011661,55.7629249],[37.61011632,55.76292496],[37.61011605,55.76292504],[37.61011581,55.76292516],[37.61011562,55.7629253],[37.61008403,55.7629539]]]},"properties":{"type":"room","subtype":"apartment","roomType":"KITCHEN","area":12.657831241843235},"type":"Feature"},{"geometry":{"type":"Polygon","coordinates":[[[37.61007383,55.76299107],[37.61009472,55.7629984],[37.610095,55.76299848],[37.6100953,55.76299853],[37.61009562,55.76299854],[37.61009593,55.76299852],[37.61009622,55.76299846],[37.61009649,55.76299837],[37.61009673,55.76299826],[37.61009692,55.76299812],[37.61012851,55.76296952],[37.61010627,55.76296171],[37.61007383,55.76299107]]]},"properties":{"type":"room","subtype":"apartment","roomType":"HALL","area":6.328915707711925},"type":"Feature"},{"geometry":{"type":"Polygon","coordinates":[[[37.61006943,55.76296711],[37.61005243,55.76298249],[37.61005229,55.76298265],[37.61005221,55.76298282],[37.61005219,55.762983],[37.61005223,55.76298317],[37.61005233,55.76298334],[37.61005249,55.76298349],[37.6100527,55.76298362],[37.61005294,55.76298373],[37.61007383,55.76299107],[37.61009167,55.76297492],[37.61006943,55.76296711]]]},"properties":{"type":"room","subtype":"apartment","roomType":"BATHROOM","area":3.479914504297027},"type":"Feature"},{"geometry":{"type":"Polygon","coordinates":[[[37.61007619,55.76296948],[37.61009167,55.76297492],[37.61010627,55.76296171],[37.61009079,55.76295627],[37.61007619,55.76296948]]]},"properties":{"type":"room","subtype":"apartment","roomType":"TOILET","area":1.9827499133111648},"type":"Feature"},{"geometry":{"type":"Polygon","coordinates":[[[37.61011111,55.76298527],[37.61015559,55.76300089],[37.61020459,55.76295654],[37.61020473,55.76295639],[37.61020481,55.76295622],[37.61020483,55.76295604],[37.61020479,55.76295587],[37.61020469,55.7629557],[37.61020453,55.76295555],[37.61020433,55.76295541],[37.61020408,55.76295531],[37.6101623,55.76294063],[37.61016202,55.76294056],[37.61016172,55.76294051],[37.61016141,55.7629405],[37.6101611,55.76294052],[37.6101608,55.76294058],[37.61016053,55.76294067],[37.61016029,55.76294078],[37.6101601,55.76294092],[37.61011111,55.76298527]]]},"properties":{"type":"room","subtype":"apartment","roomType":"BEDROOM","area":19.447367297746183},"type":"Feature"},{"geometry":{"type":"Polygon","coordinates":[[[37.61013213,55.76302213],[37.61017662,55.76303775],[37.61017662,55.76303775],[37.61024992,55.7629714],[37.61024992,55.7629714],[37.61020543,55.76295578],[37.61013213,55.76302213]]]},"properties":{"type":"room","subtype":"apartment","roomType":"BEDROOM","area":28.613332202501226},"type":"Feature"},{"geometry":{"type":"Polygon","coordinates":[[[37.61009678,55.76299807],[37.61009677,55.76299808],[37.61009664,55.76299824],[37.61009663,55.76299825],[37.61009654,55.76299842],[37.61009654,55.76299844],[37.61009652,55.76299861],[37.61009652,55.76299863],[37.61009656,55.76299881],[37.61009657,55.76299882],[37.61009667,55.76299899],[37.61009668,55.76299901],[37.61009684,55.76299916],[37.61009685,55.76299917],[37.61009706,55.76299931],[37.61009708,55.76299932],[37.61009733,55.76299943],[37.61009734,55.76299943],[37.61013911,55.7630141],[37.61013912,55.7630141],[37.6101394,55.76301418],[37.61013943,55.76301419],[37.61013973,55.76301423],[37.61013976,55.76301424],[37.61014008,55.76301425],[37.61014011,55.76301425],[37.61014042,55.76301422],[37.61014045,55.76301422],[37.61014074,55.76301416],[37.61014077,55.76301416],[37.61014104,55.76301407],[37.61014107,55.76301406],[37.6101413,55.76301394],[37.61014132,55.76301393],[37.61014151,55.76301379],[37.61014152,55.76301378],[37.61015572,55.76300094],[37.61015573,55.76300092],[37.61015574,55.7630009],[37.61015574,55.76300089],[37.61015574,55.76300087],[37.61015573,55.76300085],[37.61015571,55.76300084],[37.61015569,55.76300082],[37.61015567,55.76300081],[37.6101112,55.76298519],[37.61011117,55.76298518],[37.61011114,55.76298518],[37.61011111,55.76298518],[37.61011108,55.76298518],[37.61011105,55.76298518],[37.61011102,55.76298519],[37.610111,55.7629852],[37.61011098,55.76298522],[37.61009678,55.76299807]]]},"properties":{"type":"room","subtype":"apartment","roomType":"CORRIDOR","area":5.965363092526808},"type":"Feature"},{"geometry":{"type":"Polygon","coordinates":[[[37.61021895,55.76294571],[37.61020716,55.76295639],[37.61024721,55.76297045],[37.61025901,55.76295978],[37.61021895,55.76294571]]]},"properties":{"type":"room","subtype":"apartment","roomType":"BALCONY","area":4.145572392476036},"type":"Feature"},{"geometry":{"type":"Polygon","coordinates":[[[37.61009432,55.76299826],[37.61009684,55.76299597],[37.61009319,55.76299469],[37.61009066,55.76299698],[37.61009432,55.76299826]]]},"properties":{"type":"room_object","subtype":"room","roomObjectType":"ELECTRICAL_BOX"},"type":"Feature"},{"geometry":{"type":"Polygon","coordinates":[[[37.61000711,55.76296763],[37.61000711,55.76296763],[37.61004469,55.76298083],[37.61004469,55.76298083],[37.61006091,55.76296615],[37.61006093,55.76296614],[37.61006095,55.76296613],[37.61006098,55.76296612],[37.61006101,55.76296611],[37.61006104,55.76296611],[37.61006107,55.76296611],[37.6100611,55.76296612],[37.61006113,55.76296613],[37.61006789,55.7629685],[37.61011646,55.76292454],[37.61011646,55.76292454],[37.61007198,55.76290891],[37.61000711,55.76296763]]]},"properties":{"type":"apartment","rooms":0,"totalArea":25.32444444371936,"livingArea":18.993333378064108,"apartmentType":999990},"type":"Feature"},{"geometry":{"type":"Polygon","coordinates":[[[37.61002332,55.76295295],[37.61006781,55.76296858],[37.61011646,55.76292454],[37.61011646,55.76292454],[37.61007198,55.76290891],[37.61002332,55.76295295]]]},"properties":{"type":"room","subtype":"apartment","roomType":"STUDIO","area":18.993333378064108},"type":"Feature"},{"geometry":{"type":"Polygon","coordinates":[[[37.61002935,55.76297545],[37.61004483,55.76298088],[37.61006105,55.7629662],[37.61004557,55.76296077],[37.61002935,55.76297545]]]},"properties":{"type":"room","subtype":"apartment","roomType":"JOINT_BATHROOM","area":2.203055642808354},"type":"Feature"},{"geometry":{"type":"Polygon","coordinates":[[[37.61004557,55.76296077],[37.61002332,55.76295295],[37.61000711,55.76296763],[37.61000711,55.76296763],[37.61002935,55.76297545],[37.61004557,55.76296077]]]},"properties":{"type":"room","subtype":"apartment","roomType":"HALL","area":3.165555474065194},"type":"Feature"},{"geometry":{"type":"Polygon","coordinates":[[[37.6100855,55.76289884],[37.61007371,55.76290952],[37.61011473,55.76292393],[37.61012653,55.76291325],[37.6100855,55.76289884]]]},"properties":{"type":"room","subtype":"apartment","roomType":"BALCONY","area":4.246701058904849},"type":"Feature"},{"geometry":{"type":"Polygon","coordinates":[[[37.61001099,55.76296582],[37.61000846,55.76296811],[37.61001252,55.76296953],[37.61001504,55.76296725],[37.61001099,55.76296582]]]},"properties":{"type":"room_object","subtype":"room","roomObjectType":"ELECTRICAL_BOX"},"type":"Feature"},{"geometry":{"type":"Polygon","coordinates":[[[37.60996262,55.76295201],[37.61000021,55.76296521],[37.61000021,55.76296521],[37.61001643,55.76295053],[37.61001644,55.76295052],[37.61001647,55.76295051],[37.6100165,55.7629505],[37.61001652,55.76295049],[37.61001656,55.76295049],[37.61001659,55.76295049],[37.61001662,55.7629505],[37.61001665,55.7629505],[37.61002341,55.76295288],[37.61002341,55.76295288],[37.61007198,55.76290891],[37.61007198,55.76290891],[37.61002749,55.76289329],[37.60996262,55.76295201]]]},"properties":{"type":"apartment","rooms":0,"totalArea":25.324441871806016,"livingArea":18.993331056269334,"apartmentType":999990},"type":"Feature"},{"geometry":{"type":"Polygon","coordinates":[[[37.60997884,55.76293733],[37.61002332,55.76295295],[37.61007198,55.76290891],[37.61007198,55.76290891],[37.61002749,55.76289329],[37.60997884,55.76293733]]]},"properties":{"type":"room","subtype":"apartment","roomType":"STUDIO","area":18.993331056269334},"type":"Feature"},{"geometry":{"type":"Polygon","coordinates":[[[37.60998486,55.76295982],[37.61000034,55.76296526],[37.61001656,55.76295058],[37.61000108,55.76294514],[37.60998486,55.76295982]]]},"properties":{"type":"room","subtype":"apartment","roomType":"JOINT_BATHROOM","area":2.203055507671317},"type":"Feature"},{"geometry":{"type":"Polygon","coordinates":[[[37.60998486,55.76295982],[37.61000108,55.76294514],[37.60997884,55.76293733],[37.60996262,55.76295201],[37.60998486,55.76295982]]]},"properties":{"type":"room","subtype":"apartment","roomType":"HALL","area":3.1655553573364585},"type":"Feature"},{"geometry":{"type":"Polygon","coordinates":[[[37.61004102,55.76288322],[37.61002922,55.7628939],[37.61007025,55.76290831],[37.61008204,55.76289763],[37.61004102,55.76288322]]]},"properties":{"type":"room","subtype":"apartment","roomType":"BALCONY","area":4.246700228491968},"type":"Feature"},{"geometry":{"type":"Polygon","coordinates":[[[37.6099665,55.7629502],[37.60996397,55.76295249],[37.60996803,55.76295391],[37.60997056,55.76295162],[37.6099665,55.7629502]]]},"properties":{"type":"room_object","subtype":"room","roomObjectType":"ELECTRICAL_BOX"},"type":"Feature"},{"geometry":{"type":"Polygon","coordinates":[[[37.60993852,55.76286205],[37.60989404,55.76284642],[37.60982917,55.76290514],[37.60982918,55.76290515],[37.60987365,55.76292077],[37.60991814,55.76293639],[37.60996262,55.76295201],[37.60998038,55.76293594],[37.60998038,55.76293594],[37.60997361,55.76293356],[37.60997359,55.76293355],[37.60997357,55.76293354],[37.60997355,55.76293353],[37.60997354,55.76293351],[37.60997354,55.76293349],[37.60997354,55.76293347],[37.60997355,55.76293346],[37.60997356,55.76293344],[37.60998816,55.76292023],[37.60998818,55.76292021],[37.6099882,55.7629202],[37.60998823,55.76292019],[37.60998826,55.76292019],[37.60998829,55.76292019],[37.60998832,55.76292019],[37.60998835,55.76292019],[37.60998838,55.7629202],[37.60999514,55.76292258],[37.60999514,55.76292258],[37.61002749,55.76289329],[37.60998301,55.76287767],[37.60993852,55.76286205]]]},"properties":{"type":"apartment","rooms":2,"totalArea":75.9733359101322,"livingArea":44.77383184706449,"apartmentType":999992},"type":"Feature"},{"geometry":{"type":"Polygon","coordinates":[[[37.60999506,55.76292265],[37.61002665,55.76289405],[37.61002679,55.7628939],[37.61002687,55.76289373],[37.61002689,55.76289355],[37.61002685,55.76289338],[37.61002675,55.76289321],[37.61002659,55.76289306],[37.61002639,55.76289292],[37.61002614,55.76289282],[37.60998436,55.76287814],[37.60998408,55.76287807],[37.60998378,55.76287802],[37.60998347,55.76287801],[37.60998316,55.76287803],[37.60998286,55.76287809],[37.60998259,55.76287818],[37.60998236,55.76287829],[37.60998217,55.76287843],[37.60995057,55.76290703],[37.60999506,55.76292265]]]},"properties":{"type":"room","subtype":"apartment","roomType":"KITCHEN","area":12.657829442333284},"type":"Feature"},{"geometry":{"type":"Polygon","coordinates":[[[37.60994038,55.7629442],[37.60997281,55.76291484],[37.60995057,55.76290703],[37.60991898,55.76293563],[37.60991884,55.76293578],[37.60991876,55.76293595],[37.60991874,55.76293613],[37.60991878,55.7629363],[37.60991888,55.76293647],[37.60991904,55.76293662],[37.60991924,55.76293676],[37.60991949,55.76293686],[37.60994038,55.7629442]]]},"properties":{"type":"room","subtype":"apartment","roomType":"HALL","area":6.328914771672385},"type":"Feature"},{"geometry":{"type":"Polygon","coordinates":[[[37.60994038,55.7629442],[37.60996127,55.76295154],[37.60996155,55.76295161],[37.60996185,55.76295166],[37.60996216,55.76295167],[37.60996247,55.76295165],[37.60996277,55.76295159],[37.60996304,55.7629515],[37.60996327,55.76295139],[37.60996346,55.76295125],[37.60998046,55.76293586],[37.60995822,55.76292805],[37.60994038,55.7629442]]]},"properties":{"type":"room","subtype":"apartment","roomType":"BATHROOM","area":3.479914682682839},"type":"Feature"},{"geometry":{"type":"Polygon","coordinates":[[[37.60995822,55.76292805],[37.6099737,55.76293349],[37.60998829,55.76292028],[37.60997281,55.76291484],[37.60995822,55.76292805]]]},"properties":{"type":"room","subtype":"apartment","roomType":"TOILET","area":1.982749997820197},"type":"Feature"},{"geometry":{"type":"Polygon","coordinates":[[[37.60988869,55.76290715],[37.60993318,55.76292278],[37.60998217,55.76287843],[37.6099823,55.76287827],[37.60998239,55.7628781],[37.60998241,55.76287793],[37.60998237,55.76287775],[37.60998227,55.76287759],[37.60998211,55.76287743],[37.6099819,55.7628773],[37.60998166,55.76287719],[37.60993988,55.76286252],[37.6099396,55.76286244],[37.6099393,55.7628624],[37.60993898,55.76286239],[37.60993867,55.76286241],[37.60993838,55.76286246],[37.60993811,55.76286255],[37.60993787,55.76286267],[37.60993768,55.76286281],[37.60988869,55.76290715]]]},"properties":{"type":"room","subtype":"apartment","roomType":"BEDROOM","area":19.449387401053567},"type":"Feature"},{"geometry":{"type":"Polygon","coordinates":[[[37.60989404,55.76284642],[37.60982917,55.76290514],[37.60982918,55.76290515],[37.60982918,55.76290515],[37.60987365,55.76292077],[37.60993852,55.76286205],[37.60993852,55.76286205],[37.60989404,55.76284642]]]},"properties":{"type":"room","subtype":"apartment","roomType":"BEDROOM","area":25.324444446010926},"type":"Feature"},{"geometry":{"type":"Polygon","coordinates":[[[37.60987436,55.76291996],[37.60987435,55.76291996],[37.60987421,55.76292012],[37.6098742,55.76292014],[37.60987412,55.76292031],[37.60987412,55.76292033],[37.6098741,55.7629205],[37.6098741,55.76292052],[37.60987414,55.76292069],[37.60987414,55.76292071],[37.60987424,55.76292088],[37.60987426,55.76292089],[37.60987441,55.76292105],[37.60987443,55.76292106],[37.60987464,55.76292119],[37.60987466,55.76292121],[37.60987491,55.76292131],[37.60987492,55.76292132],[37.6099167,55.76293599],[37.60991671,55.76293599],[37.60991699,55.76293607],[37.60991702,55.76293608],[37.60991732,55.76293612],[37.60991736,55.76293613],[37.60991767,55.76293614],[37.6099177,55.76293614],[37.60991801,55.76293612],[37.60991804,55.76293611],[37.60991833,55.76293605],[37.60991836,55.76293605],[37.60991863,55.76293596],[37.60991866,55.76293595],[37.60991889,55.76293583],[37.60991892,55.76293582],[37.60991911,55.76293568],[37.60991911,55.76293567],[37.60993331,55.76292282],[37.60993332,55.76292281],[37.60993333,55.76292279],[37.60993333,55.76292277],[37.60993333,55.76292276],[37.60993332,55.76292274],[37.6099333,55.76292272],[37.60993328,55.76292271],[37.60993326,55.7629227],[37.60988877,55.76290708],[37.60988875,55.76290707],[37.60988872,55.76290707],[37.60988869,55.76290706],[37.60988865,55.76290707],[37.60988862,55.76290707],[37.6098886,55.76290708],[37.60988857,55.76290709],[37.60988856,55.76290711],[37.60987436,55.76291996]]]},"properties":{"type":"room","subtype":"apartment","roomType":"CORRIDOR","area":5.967200639044169},"type":"Feature"},{"geometry":{"type":"Polygon","coordinates":[[[37.60999653,55.7628676],[37.60998474,55.76287828],[37.61002577,55.76289268],[37.61003756,55.76288201],[37.60999653,55.7628676]]]},"properties":{"type":"room","subtype":"apartment","roomType":"BALCONY","area":4.24670105722709},"type":"Feature"},{"geometry":{"type":"Polygon","coordinates":[[[37.60992242,55.76293472],[37.60991989,55.76293701],[37.60992355,55.76293829],[37.60992607,55.762936],[37.60992242,55.76293472]]]},"properties":{"type":"room_object","subtype":"room","roomObjectType":"ELECTRICAL_BOX"},"type":"Feature"},{"geometry":{"type":"Polygon","coordinates":[[[37.60978316,55.76289957],[37.60982074,55.76291277],[37.60989404,55.76284642],[37.60989404,55.76284642],[37.60984956,55.7628308],[37.60984956,55.7628308],[37.60979467,55.76288048],[37.60980143,55.76288286],[37.60980145,55.76288287],[37.60980147,55.76288288],[37.60980149,55.7628829],[37.6098015,55.76288291],[37.6098015,55.76288293],[37.6098015,55.76288295],[37.60980149,55.76288297],[37.60980148,55.76288298],[37.60978316,55.76289957]]]},"properties":{"type":"apartment","rooms":0,"totalArea":28.613331847362357,"livingArea":21.459998607308734,"apartmentType":999990},"type":"Feature"},{"geometry":{"type":"Polygon","coordinates":[[[37.60983907,55.76289618],[37.60989404,55.76284642],[37.60989404,55.76284642],[37.60984956,55.7628308],[37.60984956,55.7628308],[37.60979458,55.76288056],[37.60983907,55.76289618]]]},"properties":{"type":"room","subtype":"apartment","roomType":"STUDIO","area":21.459998607308734},"type":"Feature"},{"geometry":{"type":"Polygon","coordinates":[[[37.60978302,55.76289952],[37.6097985,55.76290496],[37.60981682,55.76288837],[37.60980135,55.76288294],[37.60978302,55.76289952]]]},"properties":{"type":"room","subtype":"apartment","roomType":"JOINT_BATHROOM","area":2.4891666247867055},"type":"Feature"},{"geometry":{"type":"Polygon","coordinates":[[[37.60983907,55.76289618],[37.60981682,55.76288837],[37.6097985,55.76290496],[37.60982074,55.76291277],[37.60983907,55.76289618]]]},"properties":{"type":"room","subtype":"apartment","roomType":"HALL","area":3.5766666163800855},"type":"Feature"},{"geometry":{"type":"Polygon","coordinates":[[[37.60986406,55.76282107],[37.60985226,55.76283175],[37.60989231,55.76284582],[37.60990411,55.76283514],[37.60986406,55.76282107]]]},"properties":{"type":"room","subtype":"apartment","roomType":"BALCONY","area":4.145572278041411},"type":"Feature"},{"geometry":{"type":"Polygon","coordinates":[[[37.60983822,55.76289695],[37.60983417,55.76289552],[37.60983016,55.76289914],[37.60983422,55.76290057],[37.60983822,55.76289695]]]},"properties":{"type":"room_object","subtype":"room","roomObjectType":"ELECTRICAL_BOX"},"type":"Feature"},{"geometry":{"type":"Polygon","coordinates":[[[37.60974745,55.76297912],[37.60979193,55.76299474],[37.60982428,55.76296546],[37.60982428,55.76296546],[37.60981752,55.76296308],[37.60981749,55.76296307],[37.60981747,55.76296306],[37.60981746,55.76296304],[37.60981745,55.76296302],[37.60981744,55.76296301],[37.60981744,55.76296299],[37.60981745,55.76296297],[37.60981747,55.76296296],[37.60983207,55.76294975],[37.60983208,55.76294973],[37.60983211,55.76294972],[37.60983214,55.76294971],[37.60983217,55.76294971],[37.6098322,55.7629497],[37.60983223,55.7629497],[37.60983226,55.76294971],[37.60983229,55.76294972],[37.60983904,55.76295209],[37.6098568,55.76293602],[37.60981233,55.7629204],[37.60982074,55.76291277],[37.60977626,55.76289715],[37.60977626,55.76289715],[37.60970296,55.76296349],[37.60974745,55.76297912]]]},"properties":{"type":"apartment","rooms":1,"totalArea":53.93828043496819,"livingArea":28.613334815157614,"apartmentType":999991},"type":"Feature"},{"geometry":{"type":"Polygon","coordinates":[[[37.60974829,55.76297835],[37.60974815,55.76297851],[37.60974807,55.76297868],[37.60974805,55.76297886],[37.60974809,55.76297903],[37.60974819,55.7629792],[37.60974834,55.76297935],[37.60974855,55.76297948],[37.6097488,55.76297959],[37.60979058,55.76299426],[37.60979086,55.76299434],[37.60979116,55.76299439],[37.60979147,55.7629944],[37.60979178,55.76299438],[37.60979208,55.76299432],[37.60979235,55.76299423],[37.60979258,55.76299412],[37.60979277,55.76299398],[37.60982436,55.76296538],[37.60977988,55.76294975],[37.60974829,55.76297835]]]},"properties":{"type":"room","subtype":"apartment","roomType":"KITCHEN","area":12.657829477333037},"type":"Feature"},{"geometry":{"type":"Polygon","coordinates":[[[37.60983457,55.76292821],[37.60981367,55.76292087],[37.60981339,55.76292079],[37.60981309,55.76292075],[37.60981278,55.76292074],[37.60981247,55.76292076],[37.60981217,55.76292081],[37.6098119,55.7629209],[37.60981167,55.76292102],[37.60981148,55.76292116],[37.60977988,55.76294975],[37.60980213,55.76295757],[37.60983457,55.76292821]]]},"properties":{"type":"room","subtype":"apartment","roomType":"HALL","area":6.331382443370733},"type":"Feature"},{"geometry":{"type":"Polygon","coordinates":[[[37.60981673,55.76294436],[37.60983896,55.76295217],[37.60985596,55.76293678],[37.6098561,55.76293662],[37.60985618,55.76293645],[37.6098562,55.76293628],[37.60985616,55.7629361],[37.60985606,55.76293594],[37.6098559,55.76293578],[37.6098557,55.76293565],[37.60985545,55.76293554],[37.60983457,55.76292821],[37.60981673,55.76294436]]]},"properties":{"type":"room","subtype":"apartment","roomType":"BATHROOM","area":3.4783977748051127},"type":"Feature"},{"geometry":{"type":"Polygon","coordinates":[[[37.6098176,55.762963],[37.6098322,55.76294979],[37.60981673,55.76294436],[37.60980213,55.76295757],[37.6098176,55.762963]]]},"properties":{"type":"room","subtype":"apartment","roomType":"TOILET","area":1.9819945473537748},"type":"Feature"},{"geometry":{"type":"Polygon","coordinates":[[[37.60974745,55.76297912],[37.60982074,55.76291277],[37.60982074,55.76291277],[37.60977626,55.76289715],[37.60977626,55.76289715],[37.60970296,55.76296349],[37.60970296,55.76296349],[37.60974745,55.76297912]]]},"properties":{"type":"room","subtype":"apartment","roomType":"BEDROOM","area":28.613334815157614},"type":"Feature"},{"geometry":{"type":"Polygon","coordinates":[[[37.60973392,55.76298919],[37.60974572,55.76297851],[37.60970567,55.76296444],[37.60969387,55.76297512],[37.60973392,55.76298919]]]},"properties":{"type":"room","subtype":"apartment","roomType":"BALCONY","area":4.145573223438921},"type":"Feature"},{"geometry":{"type":"Polygon","coordinates":[[[37.60981408,55.76292101],[37.60981155,55.7629233],[37.60981521,55.76292459],[37.60981774,55.7629223],[37.60981408,55.76292101]]]},"properties":{"type":"room_object","subtype":"room","roomObjectType":"ELECTRICAL_BOX"},"type":"Feature"},{"geometry":{"type":"Polygon","coordinates":[[[37.60979193,55.76299474],[37.60979193,55.76299474],[37.60983641,55.76301036],[37.60988498,55.7629664],[37.60987822,55.76296402],[37.6098782,55.76296401],[37.60987818,55.762964],[37.60987816,55.76296398],[37.60987815,55.76296397],[37.60987815,55.76296395],[37.60987815,55.76296393],[37.60987816,55.76296391],[37.60987817,55.7629639],[37.60989439,55.76294922],[37.60989439,55.76294922],[37.6098568,55.76293602],[37.60979193,55.76299474]]]},"properties":{"type":"apartment","rooms":0,"totalArea":25.324441863247305,"livingArea":18.993331056610437,"apartmentType":999990},"type":"Feature"},{"geometry":{"type":"Polygon","coordinates":[[[37.60984058,55.7629507],[37.60979193,55.76299474],[37.60979193,55.76299474],[37.60983641,55.76301036],[37.60988507,55.76296632],[37.60984058,55.7629507]]]},"properties":{"type":"room","subtype":"apartment","roomType":"STUDIO","area":18.993331056610437},"type":"Feature"},{"geometry":{"type":"Polygon","coordinates":[[[37.60987904,55.76294383],[37.60986283,55.76295851],[37.60987831,55.76296395],[37.60989452,55.76294927],[37.60987904,55.76294383]]]},"properties":{"type":"room","subtype":"apartment","roomType":"JOINT_BATHROOM","area":2.203055259790978},"type":"Feature"},{"geometry":{"type":"Polygon","coordinates":[[[37.60987904,55.76294383],[37.6098568,55.76293602],[37.60984058,55.7629507],[37.60986283,55.76295851],[37.60987904,55.76294383]]]},"properties":{"type":"room","subtype":"apartment","roomType":"HALL","area":3.165555454636849},"type":"Feature"},{"geometry":{"type":"Polygon","coordinates":[[[37.60982289,55.76302043],[37.60983469,55.76300975],[37.60979366,55.76299535],[37.60978186,55.76300602],[37.60982289,55.76302043]]]},"properties":{"type":"room","subtype":"apartment","roomType":"BALCONY","area":4.24670022642455},"type":"Feature"},{"geometry":{"type":"Polygon","coordinates":[[[37.60985815,55.76293649],[37.60985563,55.76293878],[37.60985968,55.76294021],[37.60986221,55.76293792],[37.60985815,55.76293649]]]},"properties":{"type":"room_object","subtype":"room","roomObjectType":"ELECTRICAL_BOX"},"type":"Feature"},{"geometry":{"type":"Polygon","coordinates":[[[37.60990818,55.76305038],[37.60991997,55.76303971],[37.60984182,55.76301226],[37.60983003,55.76302294],[37.60990818,55.76305038]]]},"properties":{"type":"balcony","area":8.088889729929898,"subtype":"service"},"type":"Feature"},{"geometry":{"type":"Polygon","coordinates":[[[37.60983641,55.76301036],[37.6098809,55.76302598],[37.60994577,55.76296726],[37.60990129,55.76295164],[37.60983641,55.76301036]]]},"properties":{"type":"ladder","area":25.32444444451044,"subtype":"service"},"type":"Feature"},{"geometry":{"type":"Polygon","coordinates":[[[37.6098809,55.76302598],[37.60992538,55.76304161],[37.60999026,55.76298289],[37.60999026,55.76298289],[37.60994577,55.76296726],[37.60997418,55.76297724],[37.60996996,55.76298105],[37.6099607,55.76298944],[37.60994722,55.76300164],[37.60993374,55.76301384],[37.60990533,55.76300387],[37.6098809,55.76302598]]]},"properties":{"type":"corridor","area":15.24444701622209,"subtype":"service"},"type":"Feature"},{"geometry":{"type":"Polygon","coordinates":[[[37.60994156,55.76297108],[37.60996996,55.76298105],[37.60997418,55.76297724],[37.60994577,55.76296726],[37.60994156,55.76297108]]]},"properties":{"type":"heating_meter","area":1.0500000001303953,"subtype":"service"},"type":"Feature"},{"geometry":{"type":"Polygon","coordinates":[[[37.60993229,55.76297947],[37.6099607,55.76298944],[37.60996996,55.76298105],[37.60994156,55.76297108],[37.60993229,55.76297947]]]},"properties":{"type":"elevator","area":2.3100000008005184,"subtype":"service"},"type":"Feature"},{"geometry":{"type":"Polygon","coordinates":[[[37.60991881,55.76299167],[37.60994722,55.76300164],[37.6099607,55.76298944],[37.60993229,55.76297947],[37.60991881,55.76299167]]]},"properties":{"type":"elevator","area":3.359999999317488,"subtype":"service"},"type":"Feature"},{"geometry":{"type":"Polygon","coordinates":[[[37.60990533,55.76300387],[37.60993374,55.76301384],[37.60994722,55.76300164],[37.60991881,55.76299167],[37.60990533,55.76300387]]]},"properties":{"type":"elevator","area":3.360000000877156,"subtype":"service"},"type":"Feature"},{"geometry":{"type":"Polygon","coordinates":[[[37.6101237,55.76302975],[37.61014055,55.7630145],[37.60982918,55.76290515],[37.60981233,55.7629204],[37.6101237,55.76302975]]]},"properties":{"type":"corridor","area":46.04044694926172,"subtype":"service"},"type":"Feature"},{"geometry":{"type":"Polygon","coordinates":[[[37.60997918,55.76300141],[37.60997242,55.76299903],[37.60995782,55.76301225],[37.60996458,55.76301462],[37.60997918,55.76300141]]]},"properties":{"type":"ventilation","area":0.8662499995949083,"subtype":"service"},"type":"Feature"},{"geometry":{"type":"Polygon","coordinates":[[[37.61016986,55.76303538],[37.61015153,55.76305196],[37.61015829,55.76305434],[37.61017662,55.76303775],[37.61017662,55.76303775],[37.61016986,55.76303538]]]},"properties":{"type":"ventilation","area":1.08750000042707,"subtype":"service"},"type":"Feature"},{"geometry":{"type":"Polygon","coordinates":[[[37.61006943,55.76296711],[37.61007619,55.76296948],[37.61009079,55.76295627],[37.61008403,55.7629539],[37.61006943,55.76296711]]]},"properties":{"type":"ventilation","area":0.8662501035788849,"subtype":"service"},"type":"Feature"},{"geometry":{"type":"Polygon","coordinates":[[[37.61004483,55.76298088],[37.61005159,55.76298326],[37.61006781,55.76296858],[37.61006105,55.7629662],[37.61004483,55.76298088]]]},"properties":{"type":"ventilation","area":0.9624999478241149,"subtype":"service"},"type":"Feature"},{"geometry":{"type":"Polygon","coordinates":[[[37.61000034,55.76296526],[37.61000711,55.76296763],[37.61002332,55.76295295],[37.61001656,55.76295058],[37.61000034,55.76296526]]]},"properties":{"type":"ventilation","area":0.9624999496482527,"subtype":"service"},"type":"Feature"},{"geometry":{"type":"Polygon","coordinates":[[[37.6099737,55.76293349],[37.60998046,55.76293586],[37.60999506,55.76292265],[37.60998829,55.76292028],[37.6099737,55.76293349]]]},"properties":{"type":"ventilation","area":0.866250000016022,"subtype":"service"},"type":"Feature"},{"geometry":{"type":"Polygon","coordinates":[[[37.60980135,55.76288294],[37.60979458,55.76288056],[37.60977626,55.76289715],[37.60977626,55.76289715],[37.60978302,55.76289952],[37.60980135,55.76288294]]]},"properties":{"type":"ventilation","area":1.0874999994853316,"subtype":"service"},"type":"Feature"},{"geometry":{"type":"Polygon","coordinates":[[[37.6098322,55.76294979],[37.6098176,55.762963],[37.60982436,55.76296538],[37.60983896,55.76295217],[37.6098322,55.76294979]]]},"properties":{"type":"ventilation","area":0.8660546542133862,"subtype":"service"},"type":"Feature"},{"geometry":{"type":"Polygon","coordinates":[[[37.60989452,55.76294927],[37.60987831,55.76296395],[37.60988507,55.76296632],[37.60990129,55.76295164],[37.60989452,55.76294927]]]},"properties":{"type":"ventilation","area":0.9625000933391308,"subtype":"service"},"type":"Feature"},{"geometry":{"type":"Polygon","coordinates":[[[37.61033404,55.76317618],[37.61037876,55.76319188],[37.61042348,55.76320759],[37.61048123,55.76315531],[37.61048122,55.76315531],[37.61043651,55.76313961],[37.61039179,55.7631239],[37.61037599,55.7631382],[37.61038276,55.76314058],[37.61038278,55.76314059],[37.6103828,55.7631406],[37.61038282,55.76314062],[37.61038283,55.76314063],[37.61038283,55.76314065],[37.61038283,55.76314067],[37.61038282,55.76314069],[37.61038281,55.7631407],[37.61036981,55.76315246],[37.6103698,55.76315248],[37.61036977,55.76315249],[37.61036974,55.7631525],[37.61036971,55.7631525],[37.61036968,55.76315251],[37.61036965,55.7631525],[37.61036962,55.7631525],[37.61036959,55.76315249],[37.61036283,55.76315012],[37.61033404,55.76317618]]]},"properties":{"type":"apartment","rooms":1,"totalArea":45.32868981860715,"livingArea":22.664343746132808,"apartmentType":999991},"type":"Feature"},{"geometry":{"type":"Polygon","coordinates":[[[37.61040764,55.76316575],[37.61036292,55.76315004],[37.61033488,55.76317542],[37.61033474,55.76317557],[37.61033466,55.76317574],[37.61033464,55.76317592],[37.61033468,55.76317609],[37.61033478,55.76317626],[37.61033494,55.76317641],[37.61033514,55.76317655],[37.61033539,55.76317665],[37.61037741,55.76319141],[37.61037769,55.76319149],[37.61037799,55.76319153],[37.6103783,55.76319154],[37.61037861,55.76319152],[37.61037891,55.76319147],[37.61037918,55.76319138],[37.61037941,55.76319126],[37.6103796,55.76319112],[37.61040764,55.76316575]]]},"properties":{"type":"room","subtype":"apartment","roomType":"KITCHEN","area":11.327780708919558},"type":"Feature"},{"geometry":{"type":"Polygon","coordinates":[[[37.61040764,55.76316575],[37.61043567,55.76314037],[37.61043581,55.76314021],[37.61043589,55.76314004],[37.61043591,55.76313987],[37.61043587,55.76313969],[37.61043577,55.76313952],[37.61043561,55.76313937],[37.61043541,55.76313924],[37.61043516,55.76313913],[37.61041415,55.76313176],[37.61038528,55.76315789],[37.61040764,55.76316575]]]},"properties":{"type":"room","subtype":"apartment","roomType":"HALL","area":5.663889409986253},"type":"Feature"},{"geometry":{"type":"Polygon","coordinates":[[[37.61037591,55.76313828],[37.61039827,55.76314613],[37.61041415,55.76313176],[37.61039314,55.76312438],[37.61039286,55.7631243],[37.61039256,55.76312425],[37.61039225,55.76312424],[37.61039194,55.76312427],[37.61039165,55.76312432],[37.61039138,55.76312441],[37.61039114,55.76312453],[37.61039095,55.76312467],[37.61037591,55.76313828]]]},"properties":{"type":"room","subtype":"apartment","roomType":"BATHROOM","area":3.1141513290237},"type":"Feature"},{"geometry":{"type":"Polygon","coordinates":[[[37.61036968,55.76315242],[37.61038528,55.76315789],[37.61039827,55.76314613],[37.61038267,55.76314065],[37.61036968,55.76315242]]]},"properties":{"type":"room","subtype":"apartment","roomType":"TOILET","area":1.7785515756952366},"type":"Feature"},{"geometry":{"type":"Polygon","coordinates":[[[37.61037876,55.76319188],[37.61042348,55.76320759],[37.61048123,55.76315531],[37.61048122,55.76315531],[37.61048122,55.76315531],[37.61043651,55.76313961],[37.61037876,55.76319188]]]},"properties":{"type":"room","subtype":"apartment","roomType":"BEDROOM","area":22.664343746132808},"type":"Feature"},{"geometry":{"type":"Polygon","coordinates":[[[37.61040996,55.76321766],[37.61042175,55.76320698],[37.61038049,55.76319249],[37.61036869,55.76320317],[37.61040996,55.76321766]]]},"properties":{"type":"room","subtype":"apartment","roomType":"BALCONY","area":4.271006612318456},"type":"Feature"},{"geometry":{"type":"Polygon","coordinates":[[[37.61036524,55.76320195],[37.61037703,55.76319128],[37.61033577,55.76317679],[37.61032397,55.76318746],[37.61036524,55.76320195]]]},"properties":{"type":"room","subtype":"apartment","roomType":"BALCONY","area":4.271007442785965},"type":"Feature"},{"geometry":{"type":"Polygon","coordinates":[[[37.61043223,55.76314128],[37.61043475,55.76313899],[37.6104311,55.76313771],[37.61042857,55.76314],[37.61043223,55.76314128]]]},"properties":{"type":"room_object","subtype":"room","roomObjectType":"ELECTRICAL_BOX"},"type":"Feature"},{"geometry":{"type":"Polygon","coordinates":[[[37.61041689,55.76311155],[37.61045336,55.76312436],[37.61049808,55.76314006],[37.61048966,55.76314769],[37.61042348,55.76320759],[37.6104682,55.76322329],[37.6104682,55.76322329],[37.61051919,55.76317714],[37.61051378,55.76317524],[37.61051375,55.76317523],[37.61051373,55.76317522],[37.61051372,55.7631752],[37.61051371,55.76317518],[37.6105137,55.76317517],[37.61051371,55.76317515],[37.61051371,55.76317513],[37.61051373,55.76317512],[37.61052883,55.76316144],[37.61052885,55.76316143],[37.61052887,55.76316142],[37.6105289,55.76316141],[37.61052893,55.7631614],[37.61052896,55.7631614],[37.61052899,55.7631614],[37.61052902,55.76316141],[37.61052905,55.76316142],[37.61053311,55.76316284],[37.61053312,55.76316285],[37.61053337,55.76316295],[37.61053339,55.76316296],[37.6105336,55.7631631],[37.61053362,55.76316311],[37.61053377,55.76316326],[37.61053378,55.76316328],[37.61053388,55.76316345],[37.61053389,55.76316346],[37.61053393,55.76316364],[37.61053393,55.76316366],[37.61053392,55.76316381],[37.61060055,55.76310349],[37.61055583,55.76308778],[37.61051111,55.76307208],[37.61046639,55.76305637],[37.6104376,55.76308244],[37.61044572,55.76308529],[37.61044574,55.7630853],[37.61044576,55.76308531],[37.61044578,55.76308533],[37.61044579,55.76308534],[37.61044579,55.76308536],[37.61044579,55.76308538],[37.61044578,55.76308539],[37.61044577,55.76308541],[37.61041689,55.76311155]]]},"properties":{"type":"apartment","rooms":3,"totalArea":97.26987267511522,"livingArea":54.37905095276966,"apartmentType":999993},"type":"Feature"},{"geometry":{"type":"Polygon","coordinates":[[[37.61043752,55.76308251],[37.61048224,55.76309822],[37.61051027,55.76307284],[37.61051041,55.76307268],[37.61051049,55.76307251],[37.61051051,55.76307234],[37.61051047,55.76307216],[37.61051037,55.763072],[37.61051022,55.76307184],[37.61051001,55.76307171],[37.61050976,55.7630716],[37.61046775,55.76305685],[37.61046747,55.76305677],[37.61046717,55.76305672],[37.61046685,55.76305671],[37.61046654,55.76305674],[37.61046625,55.76305679],[37.61046598,55.76305688],[37.61046574,55.763057],[37.61046555,55.76305714],[37.61043752,55.76308251]]]},"properties":{"type":"room","subtype":"apartment","roomType":"KITCHEN","area":11.327777497880733},"type":"Feature"},{"geometry":{"type":"Polygon","coordinates":[[[37.61045988,55.76309036],[37.610431,55.7631165],[37.61045201,55.76312388],[37.61045229,55.76312396],[37.61045259,55.763124],[37.6104529,55.76312402],[37.61045321,55.76312399],[37.61045351,55.76312394],[37.61045378,55.76312385],[37.61045401,55.76312373],[37.6104542,55.76312359],[37.61048224,55.76309822],[37.61045988,55.76309036]]]},"properties":{"type":"room","subtype":"apartment","roomType":"HALL","area":5.663889344955209},"type":"Feature"},{"geometry":{"type":"Polygon","coordinates":[[[37.61044563,55.76308536],[37.61041676,55.7631115],[37.610431,55.7631165],[37.61045988,55.76309036],[37.61044563,55.76308536]]]},"properties":{"type":"room","subtype":"apartment","roomType":"JOINT_BATHROOM","area":3.609585645107932},"type":"Feature"},{"geometry":{"type":"Polygon","coordinates":[[[37.61046805,55.76311106],[37.61051276,55.76312677],[37.61055499,55.76308855],[37.61055513,55.76308839],[37.61055521,55.76308822],[37.61055523,55.76308804],[37.61055519,55.76308787],[37.61055509,55.7630877],[37.61055494,55.76308755],[37.61055473,55.76308742],[37.61055448,55.76308731],[37.61051247,55.76307255],[37.61051219,55.76307248],[37.61051189,55.76307243],[37.61051157,55.76307242],[37.61051126,55.76307244],[37.61051097,55.7630725],[37.6105107,55.76307259],[37.61051046,55.7630727],[37.61051027,55.76307284],[37.61046805,55.76311106]]]},"properties":{"type":"room","subtype":"apartment","roomType":"LIVING_ROOM","area":16.898267828873145},"type":"Feature"},{"geometry":{"type":"Polygon","coordinates":[[[37.61051138,55.76312802],[37.6105561,55.76314373],[37.61059971,55.76310425],[37.61059985,55.76310409],[37.61059993,55.76310392],[37.61059995,55.76310375],[37.61059991,55.76310357],[37.61059981,55.76310341],[37.61059966,55.76310325],[37.61059945,55.76310312],[37.6105992,55.76310301],[37.61055719,55.76308826],[37.61055691,55.76308818],[37.61055661,55.76308813],[37.61055629,55.76308812],[37.61055598,55.76308815],[37.61055569,55.7630882],[37.61055542,55.76308829],[37.61055518,55.76308841],[37.61055499,55.76308855],[37.61051138,55.76312802]]]},"properties":{"type":"room","subtype":"apartment","roomType":"BEDROOM","area":17.44186310498197},"type":"Feature"},{"geometry":{"type":"Polygon","coordinates":[[[37.61051927,55.76317706],[37.61047455,55.76316136],[37.61042432,55.76320683],[37.61042418,55.76320698],[37.6104241,55.76320715],[37.61042408,55.76320733],[37.61042412,55.76320751],[37.61042422,55.76320767],[37.61042438,55.76320782],[37.61042458,55.76320796],[37.61042483,55.76320806],[37.61046685,55.76322282],[37.61046713,55.7632229],[37.61046743,55.76322294],[37.61046774,55.76322295],[37.61046805,55.76322293],[37.61046835,55.76322288],[37.61046862,55.76322279],[37.61046885,55.76322267],[37.61046904,55.76322253],[37.61051927,55.76317706]]]},"properties":{"type":"room","subtype":"apartment","roomType":"BEDROOM","area":20.038920018914546},"type":"Feature"},{"geometry":{"type":"Polygon","coordinates":[[[37.61051202,55.76315554],[37.61049691,55.76316921],[37.61051386,55.76317516],[37.61052897,55.76316149],[37.61051202,55.76315554]]]},"properties":{"type":"room","subtype":"apartment","roomType":"JOINT_BATHROOM","area":2.2465398043815736},"type":"Feature"},{"geometry":{"type":"Polygon","coordinates":[[[37.61046813,55.76311099],[37.6104681,55.76311098],[37.61046807,55.76311098],[37.61046804,55.76311097],[37.61046801,55.76311098],[37.61046798,55.76311098],[37.61046795,55.76311099],[37.61046793,55.763111],[37.61046791,55.76311102],[37.61045407,55.76312355],[37.61045406,55.76312355],[37.61045392,55.76312371],[37.61045391,55.76312373],[37.61045383,55.7631239],[37.61045383,55.76312391],[37.61045381,55.76312409],[37.61045381,55.76312411],[37.61045385,55.76312428],[37.61045385,55.7631243],[37.61045395,55.76312447],[37.61045397,55.76312448],[37.61045412,55.76312464],[37.61045414,55.76312465],[37.61045435,55.76312478],[37.61045437,55.76312479],[37.61045462,55.7631249],[37.61045463,55.76312491],[37.61049664,55.76313966],[37.61049666,55.76313967],[37.61049694,55.76313974],[37.61049697,55.76313975],[37.61049727,55.7631398],[37.6104973,55.7631398],[37.61049761,55.76313981],[37.61049764,55.76313981],[37.61049795,55.76313979],[37.61049798,55.76313978],[37.61049826,55.76313973],[37.61049036,55.76314688],[37.61049036,55.76314688],[37.61049022,55.76314704],[37.61049021,55.76314706],[37.61049013,55.76314723],[37.61049012,55.76314725],[37.6104901,55.76314742],[37.6104901,55.76314744],[37.61049014,55.76314761],[37.61049015,55.76314763],[37.61049025,55.7631478],[37.61049026,55.76314781],[37.6104904,55.76314795],[37.61049013,55.76314794],[37.6104901,55.76314794],[37.61048979,55.76314796],[37.61048976,55.76314796],[37.61048946,55.76314802],[37.61048943,55.76314803],[37.61048916,55.76314812],[37.61048913,55.76314813],[37.6104889,55.76314824],[37.61048888,55.76314825],[37.61048869,55.76314839],[37.61048868,55.7631484],[37.61047442,55.76316131],[37.6104744,55.76316133],[37.6104744,55.76316134],[37.61047439,55.76316136],[37.6104744,55.76316138],[37.61047441,55.7631614],[37.61047442,55.76316141],[37.61047444,55.76316142],[37.61047447,55.76316143],[37.61049683,55.76316929],[37.61049686,55.76316929],[37.61049689,55.7631693],[37.61049692,55.7631693],[37.61049695,55.7631693],[37.61049698,55.76316929],[37.61049701,55.76316928],[37.61049703,55.76316927],[37.61049705,55.76316926],[37.61051207,55.76315566],[37.61053294,55.76316299],[37.61053295,55.763163],[37.61053323,55.76316308],[37.61053326,55.76316308],[37.61053356,55.76316313],[37.6105336,55.76316313],[37.61053391,55.76316314],[37.61053394,55.76316314],[37.61053425,55.76316312],[37.61053428,55.76316311],[37.61053457,55.76316306],[37.6105346,55.76316305],[37.61053487,55.76316296],[37.6105349,55.76316295],[37.61053513,55.76316284],[37.61053516,55.76316282],[37.61053535,55.76316268],[37.61053535,55.76316268],[37.61055623,55.76314378],[37.61055625,55.76314376],[37.61055626,55.76314374],[37.61055626,55.76314373],[37.61055625,55.76314371],[37.61055624,55.76314369],[37.61055623,55.76314368],[37.61055621,55.76314366],[37.61055618,55.76314365],[37.6105116,55.763128],[37.6105129,55.76312682],[37.61051291,55.7631268],[37.61051292,55.76312679],[37.61051292,55.76312677],[37.61051292,55.76312675],[37.61051291,55.76312674],[37.61051289,55.76312672],[37.61051287,55.76312671],[37.61051285,55.7631267],[37.61046813,55.76311099]]]},"properties":{"type":"room","subtype":"apartment","roomType":"CORRIDOR","area":17.46263161964705},"type":"Feature"},{"geometry":{"type":"Polygon","coordinates":[[[37.6104537,55.76323302],[37.61046549,55.76322234],[37.61042521,55.7632082],[37.61041341,55.76321887],[37.6104537,55.76323302]]]},"properties":{"type":"room","subtype":"apartment","roomType":"BALCONY","area":4.169877834965874},"type":"Feature"},{"geometry":{"type":"Polygon","coordinates":[[[37.6104516,55.76312374],[37.61045413,55.76312145],[37.61045048,55.76312017],[37.61044795,55.76312246],[37.6104516,55.76312374]]]},"properties":{"type":"room_object","subtype":"room","roomObjectType":"ELECTRICAL_BOX"},"type":"Feature"},{"geometry":{"type":"Polygon","coordinates":[[[37.61036392,55.76309295],[37.61036392,55.76309295],[37.61040174,55.76310623],[37.61041618,55.76309316],[37.6104162,55.76309314],[37.61041622,55.76309313],[37.61041625,55.76309312],[37.61041628,55.76309312],[37.61041631,55.76309312],[37.61041634,55.76309312],[37.61041637,55.76309312],[37.6104164,55.76309313],[37.61042316,55.7630955],[37.61046639,55.76305637],[37.61046639,55.76305637],[37.61042168,55.76304067],[37.61036392,55.76309295]]]},"properties":{"type":"apartment","rooms":0,"totalArea":22.664343745395406,"livingArea":16.998257847308363,"apartmentType":999990},"type":"Feature"},{"geometry":{"type":"Polygon","coordinates":[[[37.61037836,55.76307988],[37.61042308,55.76309558],[37.61046639,55.76305637],[37.61046639,55.76305637],[37.61042168,55.76304067],[37.61037836,55.76307988]]]},"properties":{"type":"room","subtype":"apartment","roomType":"STUDIO","area":16.998257847308363},"type":"Feature"},{"geometry":{"type":"Polygon","coordinates":[[[37.61041632,55.76309321],[37.61040072,55.76308773],[37.61038628,55.7631008],[37.61040188,55.76310628],[37.61041632,55.76309321]]]},"properties":{"type":"room","subtype":"apartment","roomType":"JOINT_BATHROOM","area":1.9761678870591368},"type":"Feature"},{"geometry":{"type":"Polygon","coordinates":[[[37.61040072,55.76308773],[37.61037836,55.76307988],[37.61036392,55.76309295],[37.61036392,55.76309295],[37.61038628,55.7631008],[37.61040072,55.76308773]]]},"properties":{"type":"room","subtype":"apartment","roomType":"HALL","area":2.833042992549034},"type":"Feature"},{"geometry":{"type":"Polygon","coordinates":[[[37.6104352,55.7630306],[37.6104234,55.76304128],[37.61046467,55.76305577],[37.61047646,55.76304509],[37.6104352,55.7630306]]]},"properties":{"type":"room","subtype":"apartment","roomType":"BALCONY","area":4.271006611649493},"type":"Feature"},{"geometry":{"type":"Polygon","coordinates":[[[37.6103678,55.76309113],[37.61036528,55.76309342],[37.61036933,55.76309485],[37.61037186,55.76309256],[37.6103678,55.76309113]]]},"properties":{"type":"room_object","subtype":"room","roomObjectType":"ELECTRICAL_BOX"},"type":"Feature"},{"geometry":{"type":"Polygon","coordinates":[[[37.61033224,55.76300926],[37.61028752,55.76299355],[37.61022976,55.76304583],[37.61022978,55.76304583],[37.61027448,55.76306154],[37.6103192,55.76307724],[37.61036392,55.76309295],[37.61037972,55.76307865],[37.61037296,55.76307627],[37.61037293,55.76307626],[37.61037291,55.76307625],[37.6103729,55.76307623],[37.61037289,55.76307621],[37.61037288,55.7630762],[37.61037288,55.76307618],[37.61037289,55.76307616],[37.61037291,55.76307615],[37.6103859,55.76306438],[37.61038592,55.76306437],[37.61038594,55.76306436],[37.61038597,55.76306435],[37.610386,55.76306434],[37.61038603,55.76306434],[37.61038606,55.76306434],[37.61038609,55.76306435],[37.61038612,55.76306436],[37.61039288,55.76306673],[37.61039288,55.76306673],[37.61042168,55.76304067],[37.61037696,55.76302496],[37.61033224,55.76300926]]]},"properties":{"type":"apartment","rooms":2,"totalArea":67.99303124282945,"livingArea":39.562325549018105,"apartmentType":999992},"type":"Feature"},{"geometry":{"type":"Polygon","coordinates":[[[37.61034808,55.7630511],[37.6103928,55.76306681],[37.61042083,55.76304143],[37.61042097,55.76304127],[37.61042105,55.7630411],[37.61042107,55.76304093],[37.61042103,55.76304075],[37.61042093,55.76304059],[37.61042078,55.76304043],[37.61042057,55.7630403],[37.61042032,55.76304019],[37.61037831,55.76302544],[37.61037803,55.76302536],[37.61037773,55.76302531],[37.61037741,55.7630253],[37.61037711,55.76302533],[37.61037681,55.76302538],[37.61037654,55.76302547],[37.6103763,55.76302559],[37.61037611,55.76302573],[37.61034808,55.7630511]]]},"properties":{"type":"room","subtype":"apartment","roomType":"KITCHEN","area":11.327780706052017},"type":"Feature"},{"geometry":{"type":"Polygon","coordinates":[[[37.61032005,55.76307648],[37.61031991,55.76307664],[37.61031983,55.76307681],[37.61031981,55.76307698],[37.61031985,55.76307716],[37.61031995,55.76307732],[37.6103201,55.76307748],[37.61032031,55.76307761],[37.61032056,55.76307772],[37.61034156,55.76308509],[37.61037044,55.76305895],[37.61034808,55.7630511],[37.61032005,55.76307648]]]},"properties":{"type":"room","subtype":"apartment","roomType":"HALL","area":5.663890388647251},"type":"Feature"},{"geometry":{"type":"Polygon","coordinates":[[[37.61035744,55.76307072],[37.61034156,55.76308509],[37.61036257,55.76309247],[37.61036285,55.76309255],[37.61036315,55.76309259],[37.61036346,55.76309261],[37.61036377,55.76309258],[37.61036407,55.76309253],[37.61036434,55.76309244],[37.61036457,55.76309232],[37.61036477,55.76309218],[37.6103798,55.76307857],[37.61035744,55.76307072]]]},"properties":{"type":"room","subtype":"apartment","roomType":"BATHROOM","area":3.114150722726224},"type":"Feature"},{"geometry":{"type":"Polygon","coordinates":[[[37.61037044,55.76305895],[37.61035744,55.76307072],[37.61037304,55.76307619],[37.61038604,55.76306443],[37.61037044,55.76305895]]]},"properties":{"type":"room","subtype":"apartment","roomType":"TOILET","area":1.7785511072086801},"type":"Feature"},{"geometry":{"type":"Polygon","coordinates":[[[37.61028917,55.76304824],[37.61033389,55.76306395],[37.61037611,55.76302573],[37.61037625,55.76302557],[37.61037633,55.7630254],[37.61037635,55.76302522],[37.61037631,55.76302505],[37.61037621,55.76302488],[37.61037606,55.76302473],[37.61037585,55.7630246],[37.6103756,55.76302449],[37.61033359,55.76300973],[37.61033331,55.76300966],[37.61033301,55.76300961],[37.6103327,55.7630096],[37.61033239,55.76300962],[37.61033209,55.76300968],[37.61033182,55.76300977],[37.61033158,55.76300988],[37.61033139,55.76301002],[37.61028917,55.76304824]]]},"properties":{"type":"room","subtype":"apartment","roomType":"BEDROOM","area":16.897981803879645},"type":"Feature"},{"geometry":{"type":"Polygon","coordinates":[[[37.61033224,55.76300926],[37.61033224,55.76300926],[37.61028752,55.76299355],[37.61022976,55.76304583],[37.61022978,55.76304583],[37.61022978,55.76304583],[37.61027448,55.76306154],[37.61033224,55.76300926]]]},"properties":{"type":"room","subtype":"apartment","roomType":"BEDROOM","area":22.66434374513846},"type":"Feature"},{"geometry":{"type":"Polygon","coordinates":[[[37.61027519,55.76306073],[37.61027518,55.76306073],[37.61027504,55.76306089],[37.61027503,55.76306091],[37.61027495,55.76306108],[37.61027495,55.76306109],[37.61027493,55.76306127],[37.61027493,55.76306129],[37.61027497,55.76306146],[37.61027498,55.76306148],[37.61027508,55.76306165],[37.61027509,55.76306166],[37.61027524,55.76306182],[37.61027526,55.76306183],[37.61027547,55.76306196],[37.61027549,55.76306197],[37.61027574,55.76306208],[37.61027575,55.76306209],[37.61031777,55.76307684],[37.61031778,55.76307685],[37.61031806,55.76307692],[37.61031809,55.76307693],[37.61031839,55.76307698],[37.61031842,55.76307698],[37.61031873,55.76307699],[37.61031876,55.76307699],[37.61031907,55.76307697],[37.6103191,55.76307696],[37.6103194,55.76307691],[37.61031943,55.7630769],[37.6103197,55.76307681],[37.61031972,55.7630768],[37.61031996,55.76307668],[37.61031998,55.76307667],[37.61032017,55.76307653],[37.61032018,55.76307653],[37.61033402,55.763064],[37.61033403,55.76306398],[37.61033404,55.76306396],[37.61033404,55.76306395],[37.61033404,55.76306393],[37.61033403,55.76306391],[37.61033402,55.7630639],[37.61033399,55.76306388],[37.61033397,55.76306387],[37.61028925,55.76304817],[37.61028922,55.76304816],[37.61028919,55.76304816],[37.61028916,55.76304816],[37.61028913,55.76304816],[37.6102891,55.76304816],[37.61028907,55.76304817],[37.61028905,55.76304818],[37.61028903,55.7630482],[37.61027519,55.76306073]]]},"properties":{"type":"room","subtype":"apartment","roomType":"CORRIDOR","area":5.8580028643281885},"type":"Feature"},{"geometry":{"type":"Polygon","coordinates":[[[37.61039048,55.76301489],[37.61037868,55.76302557],[37.61041995,55.76304006],[37.61043174,55.76302939],[37.61039048,55.76301489]]]},"properties":{"type":"room","subtype":"apartment","roomType":"BALCONY","area":4.271007442031396},"type":"Feature"},{"geometry":{"type":"Polygon","coordinates":[[[37.61032349,55.76307557],[37.61032096,55.76307786],[37.61032461,55.76307914],[37.61032714,55.76307685],[37.61032349,55.76307557]]]},"properties":{"type":"room_object","subtype":"room","roomObjectType":"ELECTRICAL_BOX"},"type":"Feature"},{"geometry":{"type":"Polygon","coordinates":[[[37.61015516,55.76311336],[37.61022134,55.76305346],[37.61028752,55.76299355],[37.6102428,55.76297785],[37.6102428,55.76297785],[37.61020979,55.76300772],[37.61020979,55.76300772],[37.61021656,55.7630101],[37.61021658,55.76301011],[37.6102166,55.76301012],[37.61021662,55.76301014],[37.61021663,55.76301015],[37.61021663,55.76301017],[37.61021663,55.76301019],[37.61021662,55.76301021],[37.61021661,55.76301022],[37.61020172,55.7630237],[37.6102017,55.76302371],[37.61020167,55.76302373],[37.61020165,55.76302373],[37.61020162,55.76302374],[37.61020159,55.76302374],[37.61020155,55.76302374],[37.61020152,55.76302374],[37.6102015,55.76302373],[37.61019473,55.76302135],[37.61019473,55.76302135],[37.61011044,55.76309765],[37.61015516,55.76311336]]]},"properties":{"type":"apartment","rooms":1,"totalArea":51.941187496379655,"livingArea":25.97059272967435,"apartmentType":999991},"type":"Feature"},{"geometry":{"type":"Polygon","coordinates":[[[37.61020971,55.7630078],[37.61025443,55.7630235],[37.61028667,55.76299432],[37.61028681,55.76299416],[37.61028689,55.76299399],[37.61028691,55.76299381],[37.61028687,55.76299364],[37.61028677,55.76299347],[37.61028662,55.76299332],[37.61028641,55.76299319],[37.61028616,55.76299308],[37.61024415,55.76297832],[37.61024387,55.76297825],[37.61024357,55.7629782],[37.61024326,55.76297819],[37.61024295,55.76297821],[37.61024265,55.76297827],[37.61024238,55.76297836],[37.61024214,55.76297847],[37.61024195,55.76297861],[37.61020971,55.7630078]]]},"properties":{"type":"room","subtype":"apartment","roomType":"KITCHEN","area":12.980904863937154},"type":"Feature"},{"geometry":{"type":"Polygon","coordinates":[[[37.61019898,55.7630456],[37.61021999,55.76305298],[37.61022027,55.76305306],[37.61022057,55.7630531],[37.61022088,55.76305312],[37.61022119,55.76305309],[37.61022149,55.76305304],[37.61022176,55.76305295],[37.61022199,55.76305283],[37.61022218,55.76305269],[37.61025443,55.7630235],[37.61023207,55.76301565],[37.61019898,55.7630456]]]},"properties":{"type":"room","subtype":"apartment","roomType":"HALL","area":6.4904518582905455},"type":"Feature"},{"geometry":{"type":"Polygon","coordinates":[[[37.61021718,55.76302913],[37.61019482,55.76302128],[37.61017746,55.76303699],[37.61017732,55.76303715],[37.61017724,55.76303732],[37.61017722,55.76303749],[37.61017726,55.76303767],[37.61017736,55.76303783],[37.61017752,55.76303799],[37.61017772,55.76303812],[37.61017797,55.76303823],[37.61019898,55.7630456],[37.61021718,55.76302913]]]},"properties":{"type":"room","subtype":"apartment","roomType":"BATHROOM","area":3.5687604982414203},"type":"Feature"},{"geometry":{"type":"Polygon","coordinates":[[[37.61023207,55.76301565],[37.61021647,55.76301017],[37.61020158,55.76302365],[37.61021718,55.76302913],[37.61023207,55.76301565]]]},"properties":{"type":"room","subtype":"apartment","roomType":"TOILET","area":2.03800449675647},"type":"Feature"},{"geometry":{"type":"Polygon","coordinates":[[[37.61015516,55.76311336],[37.61022134,55.76305346],[37.61022134,55.76305346],[37.61017662,55.76303775],[37.61017662,55.76303775],[37.61011044,55.76309765],[37.61011044,55.76309765],[37.61015516,55.76311336]]]},"properties":{"type":"room","subtype":"apartment","roomType":"BEDROOM","area":25.97059272967435},"type":"Feature"},{"geometry":{"type":"Polygon","coordinates":[[[37.61014164,55.76312343],[37.61015343,55.76311275],[37.61011315,55.7630986],[37.61010135,55.76310928],[37.61014164,55.76312343]]]},"properties":{"type":"room","subtype":"apartment","roomType":"BALCONY","area":4.169877949042999},"type":"Feature"},{"geometry":{"type":"Polygon","coordinates":[[[37.61023903,55.76303744],[37.61023497,55.76303602],[37.61023076,55.76303983],[37.61023482,55.76304125],[37.61023903,55.76303744]]]},"properties":{"type":"room_object","subtype":"room","roomObjectType":"ELECTRICAL_BOX"},"type":"Feature"},{"geometry":{"type":"Polygon","coordinates":[[[37.61015516,55.76311336],[37.61015516,55.76311336],[37.61019988,55.76312906],[37.61024311,55.76308993],[37.61024311,55.76308993],[37.61023635,55.76308756],[37.61023632,55.76308755],[37.6102363,55.76308753],[37.61023629,55.76308752],[37.61023628,55.7630875],[37.61023627,55.76308749],[37.61023627,55.76308747],[37.61023628,55.76308745],[37.6102363,55.76308743],[37.61025074,55.76307437],[37.61021293,55.76306109],[37.61021293,55.76306109],[37.61021291,55.76306108],[37.61015516,55.76311336]]]},"properties":{"type":"apartment","rooms":0,"totalArea":22.664343746788166,"livingArea":16.998415207181715,"apartmentType":999990},"type":"Feature"},{"geometry":{"type":"Polygon","coordinates":[[[37.61019848,55.76307415],[37.61015516,55.76311336],[37.61015516,55.76311336],[37.61019988,55.76312906],[37.61024319,55.76308986],[37.61019848,55.76307415]]]},"properties":{"type":"room","subtype":"apartment","roomType":"STUDIO","area":16.998415207181715},"type":"Feature"},{"geometry":{"type":"Polygon","coordinates":[[[37.61023643,55.76308748],[37.61025087,55.76307441],[37.61023529,55.76306894],[37.61022084,55.76308201],[37.61023643,55.76308748]]]},"properties":{"type":"room","subtype":"apartment","roomType":"JOINT_BATHROOM","area":1.9750509094389401},"type":"Feature"},{"geometry":{"type":"Polygon","coordinates":[[[37.61023529,55.76306894],[37.61021293,55.76306109],[37.61021293,55.76306109],[37.61021291,55.76306108],[37.61019848,55.76307415],[37.61022084,55.76308201],[37.61023529,55.76306894]]]},"properties":{"type":"room","subtype":"apartment","roomType":"HALL","area":2.8341382128105526},"type":"Feature"},{"geometry":{"type":"Polygon","coordinates":[[[37.61018636,55.76313913],[37.61019815,55.76312846],[37.61015689,55.76311397],[37.61014509,55.76312464],[37.61018636,55.76313913]]]},"properties":{"type":"room","subtype":"apartment","roomType":"BALCONY","area":4.270987040407965},"type":"Feature"},{"geometry":{"type":"Polygon","coordinates":[[[37.61021428,55.76306156],[37.61021175,55.76306385],[37.61021581,55.76306527],[37.61021834,55.76306299],[37.61021428,55.76306156]]]},"properties":{"type":"room_object","subtype":"room","roomObjectType":"ELECTRICAL_BOX"},"type":"Feature"},{"geometry":{"type":"Polygon","coordinates":[[[37.61019988,55.76312906],[37.61019988,55.76312906],[37.61024046,55.76314331],[37.61028369,55.76310418],[37.61028369,55.76310418],[37.61027693,55.76310181],[37.6102769,55.7631018],[37.61027688,55.76310178],[37.61027686,55.76310177],[37.61027685,55.76310175],[37.61027685,55.76310173],[37.61027685,55.76310172],[37.61027686,55.7631017],[37.61027687,55.76310168],[37.61029131,55.76308862],[37.61025763,55.76307679],[37.61019988,55.76312906]]]},"properties":{"type":"apartment","rooms":0,"totalArea":20.564998205592353,"livingArea":15.423749013963082,"apartmentType":999990},"type":"Feature"},{"geometry":{"type":"Polygon","coordinates":[[[37.6102432,55.76308986],[37.61019988,55.76312906],[37.61019988,55.76312906],[37.61024046,55.76314331],[37.61028377,55.76310411],[37.6102432,55.76308986]]]},"properties":{"type":"room","subtype":"apartment","roomType":"STUDIO","area":15.423749013963082},"type":"Feature"},{"geometry":{"type":"Polygon","coordinates":[[[37.61026348,55.76309698],[37.61027701,55.76310173],[37.61029145,55.76308866],[37.61027792,55.76308391],[37.61026348,55.76309698]]]},"properties":{"type":"room","subtype":"apartment","roomType":"JOINT_BATHROOM","area":1.7137494028144822},"type":"Feature"},{"geometry":{"type":"Polygon","coordinates":[[[37.61027792,55.76308391],[37.61025763,55.76307679],[37.6102432,55.76308986],[37.61026348,55.76309698],[37.61027792,55.76308391]]]},"properties":{"type":"room","subtype":"apartment","roomType":"HALL","area":2.570624882324573},"type":"Feature"},{"geometry":{"type":"Polygon","coordinates":[[[37.61022693,55.76315338],[37.61023873,55.76314271],[37.61020161,55.76312967],[37.61018981,55.76314035],[37.61022693,55.76315338]]]},"properties":{"type":"room","subtype":"apartment","roomType":"BALCONY","area":3.842256602543457},"type":"Feature"},{"geometry":{"type":"Polygon","coordinates":[[[37.61031683,55.76318496],[37.61032863,55.76317428],[37.61024587,55.76314521],[37.61023407,55.76315589],[37.61031683,55.76318496]]]},"properties":{"type":"balcony","area":8.5662500008061,"subtype":"service"},"type":"Feature"},{"geometry":{"type":"MultiPolygon","coordinates":[[[[37.61024046,55.76314331],[37.6102446,55.76314477],[37.61028932,55.76316047],[37.61034707,55.7631082],[37.61030235,55.76309249],[37.61029821,55.76309104],[37.61024046,55.76314331]]]]},"properties":{"type":"ladder","area":24.763689296031167,"subtype":"service"},"type":"Feature"},{"geometry":{"type":"Polygon","coordinates":[[[37.61028932,55.76316047],[37.61028932,55.76316047],[37.61033404,55.76317618],[37.61039179,55.7631239],[37.61039179,55.7631239],[37.61034707,55.7631082],[37.61037548,55.76311817],[37.61037126,55.76312199],[37.610362,55.76313037],[37.61034852,55.76314258],[37.61033504,55.76315478],[37.61030663,55.7631448],[37.61028932,55.76316047]]]},"properties":{"type":"corridor","area":12.584343748675893,"subtype":"service"},"type":"Feature"},{"geometry":{"type":"Polygon","coordinates":[[[37.61034286,55.76311201],[37.61037126,55.76312199],[37.61037548,55.76311817],[37.61034707,55.7631082],[37.61034286,55.76311201]]]},"properties":{"type":"heating_meter","area":1.04999999998029,"subtype":"service"},"type":"Feature"},{"geometry":{"type":"Polygon","coordinates":[[[37.61033359,55.7631204],[37.610362,55.76313037],[37.61037126,55.76312199],[37.61034286,55.76311201],[37.61033359,55.7631204]]]},"properties":{"type":"elevator","area":2.3100000004723538,"subtype":"service"},"type":"Feature"},{"geometry":{"type":"Polygon","coordinates":[[[37.61032011,55.7631326],[37.61034852,55.76314258],[37.610362,55.76313037],[37.61033359,55.7631204],[37.61032011,55.7631326]]]},"properties":{"type":"elevator","area":3.359999998569761,"subtype":"service"},"type":"Feature"},{"geometry":{"type":"Polygon","coordinates":[[[37.61030663,55.7631448],[37.61033504,55.76315478],[37.61034852,55.76314258],[37.61032011,55.7631326],[37.61030663,55.7631448]]]},"properties":{"type":"elevator","area":3.360000000004362,"subtype":"service"},"type":"Feature"},{"geometry":{"type":"Polygon","coordinates":[[[37.61048122,55.76315531],[37.61049807,55.76314006],[37.61022978,55.76304583],[37.61021293,55.76306109],[37.61048122,55.76315531]]]},"properties":{"type":"corridor","area":39.67099732829835,"subtype":"service"},"type":"Feature"},{"geometry":{"type":"Polygon","coordinates":[[[37.61037591,55.76313828],[37.61036292,55.76315004],[37.61036968,55.76315242],[37.61038267,55.76314065],[37.61037591,55.76313828]]]},"properties":{"type":"ventilation","area":0.7711875001880983,"subtype":"service"},"type":"Feature"},{"geometry":{"type":"Polygon","coordinates":[[[37.61044563,55.76308536],[37.61043752,55.76308251],[37.61040948,55.76310789],[37.61040935,55.76310805],[37.61040927,55.76310822],[37.61040924,55.76310839],[37.61040929,55.76310857],[37.61040939,55.76310873],[37.61040954,55.76310889],[37.61040975,55.76310902],[37.61040999,55.76310913],[37.61041676,55.7631115],[37.61044563,55.76308536]]]},"properties":{"type":"ventilation","area":2.0543033942075986,"subtype":"service"},"type":"Feature"},{"geometry":{"type":"Polygon","coordinates":[[[37.61051386,55.76317516],[37.61051927,55.76317706],[37.61053353,55.76316415],[37.61053367,55.763164],[37.61053375,55.76316383],[37.61053377,55.76316365],[37.61053373,55.76316348],[37.61053363,55.76316331],[37.61053348,55.76316316],[37.61053327,55.76316302],[37.61053302,55.76316292],[37.61052897,55.76316149],[37.61051386,55.76317516]]]},"properties":{"type":"ventilation","area":0.714903612469032,"subtype":"service"},"type":"Feature"},{"geometry":{"type":"Polygon","coordinates":[[[37.61041632,55.76309321],[37.61040188,55.76310628],[37.61040864,55.76310865],[37.61042308,55.76309558],[37.61041632,55.76309321]]]},"properties":{"type":"ventilation","area":0.8568750193111625,"subtype":"service"},"type":"Feature"},{"geometry":{"type":"Polygon","coordinates":[[[37.61038604,55.76306443],[37.61037304,55.76307619],[37.6103798,55.76307857],[37.6103928,55.76306681],[37.61038604,55.76306443]]]},"properties":{"type":"ventilation","area":0.7711875905613719,"subtype":"service"},"type":"Feature"},{"geometry":{"type":"Polygon","coordinates":[[[37.61021647,55.76301017],[37.61020971,55.7630078],[37.61019482,55.76302128],[37.61020158,55.76302365],[37.61021647,55.76301017]]]},"properties":{"type":"ventilation","area":0.8836875007465411,"subtype":"service"},"type":"Feature"},{"geometry":{"type":"Polygon","coordinates":[[[37.61025087,55.76307441],[37.61023643,55.76308748],[37.61024319,55.76308986],[37.61025763,55.76307679],[37.61025763,55.76307679],[37.61025087,55.76307441]]]},"properties":{"type":"ventilation","area":0.8567394173715337,"subtype":"service"},"type":"Feature"},{"geometry":{"type":"Polygon","coordinates":[[[37.61029145,55.76308866],[37.61027701,55.76310173],[37.61028377,55.76310411],[37.61029821,55.76309104],[37.61029145,55.76308866]]]},"properties":{"type":"ventilation","area":0.8568749051106357,"subtype":"service"},"type":"Feature"},{"geometry":{"type":"Polygon","coordinates":[[[37.61078833,55.76333704],[37.61083422,55.76335316],[37.6108801,55.76336927],[37.61093891,55.76331604],[37.61089302,55.76329993],[37.61084714,55.76328381],[37.61083105,55.76329838],[37.61083782,55.76330075],[37.61083784,55.76330076],[37.61083786,55.76330077],[37.61083788,55.76330079],[37.61083789,55.76330081],[37.61083789,55.76330082],[37.61083789,55.76330084],[37.61083788,55.76330086],[37.61083787,55.76330087],[37.61082463,55.76331285],[37.61082462,55.76331287],[37.61082459,55.76331288],[37.61082457,55.76331289],[37.61082454,55.76331289],[37.6108245,55.76331289],[37.61082447,55.76331289],[37.61082444,55.76331289],[37.61082442,55.76331288],[37.61081765,55.7633105],[37.61081765,55.7633105],[37.61078833,55.76333704]]]},"properties":{"type":"apartment","rooms":1,"totalArea":47.35661774845863,"livingArea":23.678307694541868,"apartmentType":999991},"type":"Feature"},{"geometry":{"type":"Polygon","coordinates":[[[37.61081774,55.76331043],[37.61078918,55.76333628],[37.61078904,55.76333644],[37.61078896,55.76333661],[37.61078894,55.76333678],[37.61078898,55.76333696],[37.61078908,55.76333713],[37.61078923,55.76333728],[37.61078944,55.76333741],[37.61078969,55.76333752],[37.61083287,55.76335268],[37.61083315,55.76335276],[37.61083345,55.76335281],[37.61083376,55.76335282],[37.61083407,55.76335279],[37.61083436,55.76335274],[37.61083464,55.76335265],[37.61083487,55.76335253],[37.61083506,55.76335239],[37.61086362,55.76332654],[37.61081774,55.76331043]]]},"properties":{"type":"room","subtype":"apartment","roomType":"KITCHEN","area":11.834762712680234},"type":"Feature"},{"geometry":{"type":"Polygon","coordinates":[[[37.61084068,55.76331849],[37.61086362,55.76332654],[37.61089218,55.76330069],[37.61089232,55.76330053],[37.6108924,55.76330036],[37.61089242,55.76330019],[37.61089238,55.76330001],[37.61089228,55.76329984],[37.61089212,55.76329969],[37.61089192,55.76329956],[37.61089167,55.76329945],[37.61087008,55.76329187],[37.61084068,55.76331849]]]},"properties":{"type":"room","subtype":"apartment","roomType":"HALL","area":5.9173813911959865},"type":"Feature"},{"geometry":{"type":"Polygon","coordinates":[[[37.61087008,55.76329187],[37.61084849,55.76328429],[37.61084821,55.76328421],[37.61084791,55.76328416],[37.6108476,55.76328415],[37.61084729,55.76328418],[37.61084699,55.76328423],[37.61084672,55.76328432],[37.61084649,55.76328444],[37.6108463,55.76328458],[37.61083097,55.76329845],[37.61085391,55.76330651],[37.61087008,55.76329187]]]},"properties":{"type":"room","subtype":"apartment","roomType":"BATHROOM","area":3.2535707623783634},"type":"Feature"},{"geometry":{"type":"Polygon","coordinates":[[[37.6108245,55.7633128],[37.61084068,55.76331849],[37.61085391,55.76330651],[37.61083773,55.76330083],[37.6108245,55.7633128]]]},"properties":{"type":"room","subtype":"apartment","roomType":"TOILET","area":1.8785597338833764},"type":"Feature"},{"geometry":{"type":"Polygon","coordinates":[[[37.61083422,55.76335316],[37.6108801,55.76336927],[37.61093891,55.76331604],[37.61089302,55.76329993],[37.61083422,55.76335316]]]},"properties":{"type":"room","subtype":"apartment","roomType":"BEDROOM","area":23.678307694541868},"type":"Feature"},{"geometry":{"type":"Polygon","coordinates":[[[37.61086658,55.76337934],[37.61087837,55.76336866],[37.61083595,55.76335376],[37.61082415,55.76336444],[37.61086658,55.76337934]]]},"properties":{"type":"room","subtype":"apartment","roomType":"BALCONY","area":4.391487382157555},"type":"Feature"},{"geometry":{"type":"Polygon","coordinates":[[[37.61088874,55.7633016],[37.61089127,55.76329931],[37.61088761,55.76329803],[37.61088509,55.76330032],[37.61088874,55.7633016]]]},"properties":{"type":"room_object","subtype":"room","roomObjectType":"ELECTRICAL_BOX"},"type":"Feature"},{"geometry":{"type":"Polygon","coordinates":[[[37.6108801,55.76336927],[37.61092599,55.76338538],[37.61097187,55.7634015],[37.61106364,55.76343373],[37.61106364,55.76343373],[37.61110891,55.76339275],[37.61110891,55.76339275],[37.6111035,55.76339085],[37.61110347,55.76339084],[37.61110345,55.76339083],[37.61110343,55.76339081],[37.61110342,55.76339079],[37.61110342,55.76339078],[37.61110342,55.76339076],[37.61110343,55.76339074],[37.61110344,55.76339073],[37.61112532,55.76337092],[37.61108499,55.76335676],[37.61107655,55.76336438],[37.61103068,55.76334827],[37.61098479,55.76333215],[37.61094581,55.76331846],[37.6109164,55.76334508],[37.61091638,55.76334509],[37.61091636,55.7633451],[37.61091633,55.76334511],[37.6109163,55.76334512],[37.61091627,55.76334512],[37.61091624,55.76334512],[37.61091621,55.76334512],[37.61091618,55.76334511],[37.61090942,55.76334273],[37.6108801,55.76336927]]]},"properties":{"type":"apartment","rooms":3,"totalArea":98.10603712657316,"livingArea":53.73628144973546,"apartmentType":999993},"type":"Feature"},{"geometry":{"type":"Polygon","coordinates":[[[37.61095539,55.76335877],[37.6109095,55.76334266],[37.61088094,55.76336851],[37.61088081,55.76336867],[37.61088073,55.76336884],[37.6108807,55.76336901],[37.61088075,55.76336919],[37.61088085,55.76336935],[37.610881,55.76336951],[37.61088121,55.76336964],[37.61088145,55.76336975],[37.61092463,55.76338491],[37.61092491,55.76338499],[37.61092522,55.76338503],[37.61092553,55.76338505],[37.61092584,55.76338502],[37.61092613,55.76338497],[37.6109264,55.76338488],[37.61092664,55.76338476],[37.61092683,55.76338462],[37.61095539,55.76335877]]]},"properties":{"type":"room","subtype":"apartment","roomType":"KITCHEN","area":11.834759432039524},"type":"Feature"},{"geometry":{"type":"Polygon","coordinates":[[[37.61093245,55.76335071],[37.61095539,55.76335877],[37.61098395,55.76333292],[37.61098409,55.76333276],[37.61098417,55.76333259],[37.61098419,55.76333241],[37.61098415,55.76333224],[37.61098405,55.76333207],[37.61098389,55.76333192],[37.61098369,55.76333179],[37.61098344,55.76333168],[37.61096185,55.7633241],[37.61093245,55.76335071]]]},"properties":{"type":"room","subtype":"apartment","roomType":"HALL","area":5.917380021320043},"type":"Feature"},{"geometry":{"type":"Polygon","coordinates":[[[37.61094567,55.76331842],[37.61091627,55.76334503],[37.61093245,55.76335071],[37.61096185,55.7633241],[37.61094567,55.76331842]]]},"properties":{"type":"room","subtype":"apartment","roomType":"JOINT_BATHROOM","area":4.174576686496875},"type":"Feature"},{"geometry":{"type":"Polygon","coordinates":[[[37.61092683,55.76338462],[37.61092669,55.76338478],[37.61092661,55.76338495],[37.61092659,55.76338513],[37.61092663,55.7633853],[37.61092673,55.76338547],[37.61092689,55.76338562],[37.61092709,55.76338575],[37.61092734,55.76338586],[37.61097052,55.76340102],[37.6109708,55.7634011],[37.6109711,55.76340115],[37.61097141,55.76340116],[37.61097172,55.76340114],[37.61097202,55.76340108],[37.61097229,55.76340099],[37.61097252,55.76340088],[37.61097271,55.76340074],[37.61101594,55.76336161],[37.61097006,55.76334549],[37.61092683,55.76338462]]]},"properties":{"type":"room","subtype":"apartment","roomType":"LIVING_ROOM","area":17.74076883636051},"type":"Feature"},{"geometry":{"type":"Polygon","coordinates":[[[37.61097271,55.76340074],[37.61097257,55.76340089],[37.61097249,55.76340106],[37.61097247,55.76340124],[37.61097251,55.76340141],[37.61097261,55.76340158],[37.61097277,55.76340173],[37.61097298,55.76340187],[37.61097322,55.76340197],[37.6110164,55.76341714],[37.61101668,55.76341721],[37.61101698,55.76341726],[37.6110173,55.76341727],[37.61101761,55.76341725],[37.6110179,55.76341719],[37.61101817,55.7634171],[37.61101841,55.76341699],[37.6110186,55.76341685],[37.61106182,55.76337771],[37.61101594,55.76336161],[37.61097271,55.76340074]]]},"properties":{"type":"room","subtype":"apartment","roomType":"BEDROOM","area":17.73911209539217},"type":"Feature"},{"geometry":{"type":"Polygon","coordinates":[[[37.6110186,55.76341685],[37.61101846,55.76341701],[37.61101838,55.76341718],[37.61101836,55.76341735],[37.6110184,55.76341753],[37.6110185,55.76341769],[37.61101865,55.76341785],[37.61101886,55.76341798],[37.61101911,55.76341809],[37.61106229,55.76343325],[37.61106257,55.76343333],[37.61106287,55.76343337],[37.61106318,55.76343339],[37.61106349,55.76343336],[37.61106379,55.76343331],[37.61106406,55.76343322],[37.61106429,55.7634331],[37.61106448,55.76343296],[37.61110899,55.76339267],[37.61106311,55.76337656],[37.6110186,55.76341685]]]},"properties":{"type":"room","subtype":"apartment","roomType":"BEDROOM","area":18.256400517982783},"type":"Feature"},{"geometry":{"type":"Polygon","coordinates":[[[37.61108605,55.76338462],[37.61110358,55.76339077],[37.61112546,55.76337097],[37.61110793,55.76336481],[37.61108605,55.76338462]]]},"properties":{"type":"room","subtype":"apartment","roomType":"JOINT_BATHROOM","area":3.366111474083299},"type":"Feature"},{"geometry":{"type":"Polygon","coordinates":[[[37.61101584,55.76336168],[37.61101586,55.76336168],[37.61106173,55.76337779],[37.61106176,55.7633778],[37.61106179,55.7633778],[37.61106182,55.7633778],[37.61106185,55.7633778],[37.61106188,55.7633778],[37.61106191,55.76337779],[37.61106193,55.76337778],[37.61106195,55.76337776],[37.61106315,55.76337668],[37.61108596,55.76338469],[37.61108599,55.7633847],[37.61108602,55.76338471],[37.61108605,55.76338471],[37.61108608,55.7633847],[37.61108611,55.7633847],[37.61108614,55.76338469],[37.61108616,55.76338468],[37.61108618,55.76338466],[37.61110806,55.76336486],[37.61110808,55.76336484],[37.61110808,55.76336483],[37.61110809,55.76336481],[37.61110808,55.76336479],[37.61110807,55.76336478],[37.61110806,55.76336476],[37.61110804,55.76336475],[37.61110801,55.76336474],[37.61108642,55.76335715],[37.61108641,55.76335715],[37.61108613,55.76335707],[37.6110861,55.76335707],[37.6110858,55.76335702],[37.61108577,55.76335702],[37.61108545,55.76335701],[37.61108542,55.76335701],[37.61108511,55.76335703],[37.61108508,55.76335703],[37.61108479,55.76335709],[37.61108476,55.7633571],[37.61108449,55.76335718],[37.61108446,55.76335719],[37.61108423,55.76335731],[37.61108421,55.76335732],[37.61108402,55.76335746],[37.61108401,55.76335747],[37.6110761,55.76336463],[37.6110761,55.76336462],[37.61107606,55.76336445],[37.61107606,55.76336443],[37.61107595,55.76336427],[37.61107594,55.76336425],[37.61107579,55.7633641],[37.61107577,55.76336408],[37.61107556,55.76336395],[37.61107554,55.76336394],[37.61107529,55.76336383],[37.61107528,55.76336383],[37.61103211,55.76334867],[37.6110321,55.76334866],[37.61103182,55.76334858],[37.61103179,55.76334858],[37.61103149,55.76334853],[37.61103146,55.76334853],[37.61103115,55.76334852],[37.61103111,55.76334852],[37.6110308,55.76334854],[37.61103077,55.76334855],[37.61103048,55.7633486],[37.61103045,55.76334861],[37.61103021,55.76334869],[37.61103023,55.76334853],[37.61103023,55.76334852],[37.61103019,55.76334834],[37.61103018,55.76334832],[37.61103008,55.76334816],[37.61103007,55.76334814],[37.61102992,55.76334799],[37.6110299,55.76334797],[37.61102969,55.76334784],[37.61102967,55.76334783],[37.61102942,55.76334772],[37.61102941,55.76334772],[37.61098623,55.76333255],[37.61098622,55.76333255],[37.61098594,55.76333247],[37.61098591,55.76333246],[37.6109856,55.76333242],[37.61098557,55.76333242],[37.61098526,55.7633324],[37.61098523,55.76333241],[37.61098492,55.76333243],[37.61098489,55.76333243],[37.61098459,55.76333249],[37.61098457,55.7633325],[37.6109843,55.76333258],[37.61098427,55.76333259],[37.61098403,55.76333271],[37.61098401,55.76333272],[37.61098382,55.76333286],[37.61098381,55.76333287],[37.61096992,55.76334545],[37.61096991,55.76334546],[37.6109699,55.76334548],[37.6109699,55.7633455],[37.6109699,55.76334551],[37.61096991,55.76334553],[37.61096993,55.76334554],[37.61096995,55.76334556],[37.61096997,55.76334557],[37.61101584,55.76336168]]]},"properties":{"type":"room","subtype":"apartment","roomType":"CORRIDOR","area":16.485362884606527},"type":"Feature"},{"geometry":{"type":"Polygon","coordinates":[[[37.61104914,55.76344345],[37.61106093,55.76343278],[37.61101948,55.76341822],[37.61100769,55.7634289],[37.61104914,55.76344345]]]},"properties":{"type":"room","subtype":"apartment","roomType":"BALCONY","area":4.290359435888561},"type":"Feature"},{"geometry":{"type":"Polygon","coordinates":[[[37.61095835,55.76341157],[37.61097014,55.76340089],[37.61092771,55.76338599],[37.61091592,55.76339667],[37.61095835,55.76341157]]]},"properties":{"type":"room","subtype":"apartment","roomType":"BALCONY","area":4.391487383536607},"type":"Feature"},{"geometry":{"type":"Polygon","coordinates":[[[37.61098051,55.76333382],[37.61098303,55.76333154],[37.61097938,55.76333025],[37.61097685,55.76333254],[37.61098051,55.76333382]]]},"properties":{"type":"room_object","subtype":"room","roomObjectType":"ELECTRICAL_BOX"},"type":"Feature"},{"geometry":{"type":"Polygon","coordinates":[[[37.61108499,55.76335676],[37.61108499,55.76335676],[37.61112397,55.76337045],[37.61114078,55.76335523],[37.6111408,55.76335522],[37.61114082,55.76335521],[37.61114085,55.7633552],[37.61114088,55.76335519],[37.61114091,55.76335519],[37.61114094,55.76335519],[37.61114097,55.7633552],[37.611141,55.7633552],[37.61114776,55.76335758],[37.6111981,55.76331201],[37.6111981,55.76331201],[37.61115222,55.7632959],[37.61108499,55.76335676]]]},"properties":{"type":"apartment","rooms":0,"totalArea":27.070614348928476,"livingArea":20.30296060916723,"apartmentType":999990},"type":"Feature"},{"geometry":{"type":"Polygon","coordinates":[[[37.61114768,55.76335766],[37.6111981,55.76331201],[37.6111981,55.76331201],[37.61115222,55.7632959],[37.61110179,55.76334154],[37.61114768,55.76335766]]]},"properties":{"type":"room","subtype":"apartment","roomType":"STUDIO","area":20.30296060916723},"type":"Feature"},{"geometry":{"type":"Polygon","coordinates":[[[37.61112411,55.76337049],[37.61114091,55.76335528],[37.61112473,55.7633496],[37.61110793,55.76336481],[37.61112411,55.76337049]]]},"properties":{"type":"room","subtype":"apartment","roomType":"JOINT_BATHROOM","area":2.386326851398854},"type":"Feature"},{"geometry":{"type":"Polygon","coordinates":[[[37.61112473,55.7633496],[37.61110179,55.76334154],[37.61108499,55.76335676],[37.61108499,55.76335676],[37.61110793,55.76336481],[37.61112473,55.7633496]]]},"properties":{"type":"room","subtype":"apartment","roomType":"HALL","area":3.3838269186291403},"type":"Feature"},{"geometry":{"type":"Polygon","coordinates":[[[37.61116574,55.76328583],[37.61115394,55.76329651],[37.61119539,55.76331106],[37.61120719,55.76330039],[37.61116574,55.76328583]]]},"properties":{"type":"room","subtype":"apartment","roomType":"BALCONY","area":4.2903587169086554},"type":"Feature"},{"geometry":{"type":"Polygon","coordinates":[[[37.61108583,55.76335599],[37.61108989,55.76335742],[37.61109241,55.76335513],[37.61108836,55.76335371],[37.61108583,55.76335599]]]},"properties":{"type":"room_object","subtype":"room","roomObjectType":"ELECTRICAL_BOX"},"type":"Feature"},{"geometry":{"type":"Polygon","coordinates":[[[37.61100164,55.7633169],[37.61104753,55.76333302],[37.61109341,55.76334913],[37.6111095,55.76333457],[37.61110273,55.76333219],[37.61110271,55.76333218],[37.61110269,55.76333217],[37.61110267,55.76333215],[37.61110266,55.76333214],[37.61110266,55.76333212],[37.61110266,55.7633321],[37.61110267,55.76333208],[37.61110268,55.76333207],[37.61111591,55.76332009],[37.61111593,55.76332008],[37.61111596,55.76332007],[37.61111598,55.76332006],[37.61111601,55.76332005],[37.61111604,55.76332005],[37.61111608,55.76332005],[37.61111611,55.76332006],[37.61111613,55.76332006],[37.6111229,55.76332244],[37.61115222,55.7632959],[37.61110633,55.76327979],[37.61106045,55.76326367],[37.61100164,55.7633169]]]},"properties":{"type":"apartment","rooms":1,"totalArea":47.356615387581364,"livingArea":23.678307694135327,"apartmentType":999991},"type":"Feature"},{"geometry":{"type":"Polygon","coordinates":[[[37.61112281,55.76332251],[37.61115137,55.76329666],[37.61115151,55.7632965],[37.61115159,55.76329633],[37.61115161,55.76329616],[37.61115157,55.76329598],[37.61115147,55.76329582],[37.61115132,55.76329566],[37.61115111,55.76329553],[37.61115086,55.76329542],[37.61110768,55.76328026],[37.6111074,55.76328018],[37.6111071,55.76328014],[37.61110679,55.76328013],[37.61110648,55.76328015],[37.61110618,55.7632802],[37.61110591,55.76328029],[37.61110568,55.76328041],[37.61110549,55.76328055],[37.61107693,55.7633064],[37.61112281,55.76332251]]]},"properties":{"type":"room","subtype":"apartment","roomType":"KITCHEN","area":11.834761074352713},"type":"Feature"},{"geometry":{"type":"Polygon","coordinates":[[[37.61109987,55.76331446],[37.61107693,55.7633064],[37.61104837,55.76333225],[37.61104823,55.76333241],[37.61104815,55.76333258],[37.61104813,55.76333276],[37.61104817,55.76333293],[37.61104827,55.7633331],[37.61104842,55.76333325],[37.61104863,55.76333338],[37.61104888,55.76333349],[37.61107047,55.76334107],[37.61109987,55.76331446]]]},"properties":{"type":"room","subtype":"apartment","roomType":"HALL","area":5.917380577651995},"type":"Feature"},{"geometry":{"type":"Polygon","coordinates":[[[37.61108664,55.76332643],[37.61107047,55.76334107],[37.61109206,55.76334865],[37.61109234,55.76334873],[37.61109264,55.76334878],[37.61109295,55.76334879],[37.61109326,55.76334877],[37.61109356,55.76334871],[37.61109383,55.76334862],[37.61109406,55.76334851],[37.61109425,55.76334837],[37.61110958,55.76333449],[37.61108664,55.76332643]]]},"properties":{"type":"room","subtype":"apartment","roomType":"BATHROOM","area":3.253570874904037},"type":"Feature"},{"geometry":{"type":"Polygon","coordinates":[[[37.61111605,55.76332014],[37.61109987,55.76331446],[37.61108664,55.76332643],[37.61110282,55.76333212],[37.61111605,55.76332014]]]},"properties":{"type":"room","subtype":"apartment","roomType":"TOILET","area":1.878559617070462},"type":"Feature"},{"geometry":{"type":"Polygon","coordinates":[[[37.61100164,55.7633169],[37.61100164,55.7633169],[37.61104753,55.76333302],[37.61110633,55.76327979],[37.61110633,55.76327979],[37.61106045,55.76326367],[37.61100164,55.7633169]]]},"properties":{"type":"room","subtype":"apartment","roomType":"BEDROOM","area":23.678307694135327},"type":"Feature"},{"geometry":{"type":"Polygon","coordinates":[[[37.61107397,55.7632536],[37.61106218,55.76326428],[37.6111046,55.76327918],[37.6111164,55.7632685],[37.61107397,55.7632536]]]},"properties":{"type":"room","subtype":"apartment","roomType":"BALCONY","area":4.391487382110921},"type":"Feature"},{"geometry":{"type":"Polygon","coordinates":[[[37.61105181,55.76333135],[37.61104928,55.76333363],[37.61105294,55.76333492],[37.61105546,55.76333263],[37.61105181,55.76333135]]]},"properties":{"type":"room_object","subtype":"room","roomObjectType":"ELECTRICAL_BOX"},"type":"Feature"},{"geometry":{"type":"Polygon","coordinates":[[[37.610825,55.76325487],[37.61086399,55.76326856],[37.61090987,55.76328468],[37.61095576,55.76330079],[37.61099339,55.763314],[37.61099339,55.763314],[37.61102279,55.76328739],[37.61102281,55.76328738],[37.61102284,55.76328736],[37.61102286,55.76328736],[37.61102289,55.76328735],[37.61102292,55.76328735],[37.61102295,55.76328735],[37.61102299,55.76328735],[37.61102301,55.76328736],[37.61103113,55.76329021],[37.61106045,55.76326367],[37.61101456,55.76324756],[37.61096868,55.76323144],[37.61092279,55.76321533],[37.61087691,55.76319922],[37.61083292,55.76323903],[37.61083969,55.76324141],[37.61083971,55.76324142],[37.61083973,55.76324143],[37.61083975,55.76324145],[37.61083976,55.76324146],[37.61083976,55.76324148],[37.61083976,55.7632415],[37.61083975,55.76324152],[37.61083974,55.76324153],[37.610825,55.76325487]]]},"properties":{"type":"apartment","rooms":3,"totalArea":94.71323085189681,"livingArea":53.22230450936519,"apartmentType":999993},"type":"Feature"},{"geometry":{"type":"Polygon","coordinates":[[[37.61103104,55.76329029],[37.6110596,55.76326443],[37.61105974,55.76326428],[37.61105982,55.76326411],[37.61105984,55.76326393],[37.6110598,55.76326376],[37.6110597,55.76326359],[37.61105955,55.76326344],[37.61105934,55.7632633],[37.61105909,55.7632632],[37.61101592,55.76324803],[37.61101564,55.76324796],[37.61101533,55.76324791],[37.61101502,55.7632479],[37.61101471,55.76324792],[37.61101442,55.76324798],[37.61101415,55.76324807],[37.61101391,55.76324818],[37.61101372,55.76324832],[37.61098516,55.76327417],[37.61103104,55.76329029]]]},"properties":{"type":"room","subtype":"apartment","roomType":"KITCHEN","area":11.834762704629798},"type":"Feature"},{"geometry":{"type":"Polygon","coordinates":[[[37.6109787,55.76330885],[37.6110081,55.76328223],[37.61098516,55.76327417],[37.6109566,55.76330003],[37.61095646,55.76330018],[37.61095638,55.76330035],[37.61095636,55.76330053],[37.6109564,55.7633007],[37.6109565,55.76330087],[37.61095666,55.76330102],[37.61095686,55.76330116],[37.61095711,55.76330126],[37.6109787,55.76330885]]]},"properties":{"type":"room","subtype":"apartment","roomType":"HALL","area":5.917380388766455},"type":"Feature"},{"geometry":{"type":"Polygon","coordinates":[[[37.61102293,55.76328744],[37.6110081,55.76328223],[37.6109787,55.76330885],[37.61099353,55.76331405],[37.61102293,55.76328744]]]},"properties":{"type":"room","subtype":"apartment","roomType":"JOINT_BATHROOM","area":3.8255776308952503},"type":"Feature"},{"geometry":{"type":"Polygon","coordinates":[[[37.61097049,55.76328745],[37.61101372,55.76324832],[37.61101386,55.76324816],[37.61101394,55.76324799],[37.61101396,55.76324782],[37.61101392,55.76324764],[37.61101382,55.76324748],[37.61101366,55.76324732],[37.61101346,55.76324719],[37.61101321,55.76324708],[37.61097003,55.76323192],[37.61096975,55.76323184],[37.61096945,55.7632318],[37.61096914,55.76323178],[37.61096883,55.76323181],[37.61096853,55.76323186],[37.61096826,55.76323195],[37.61096803,55.76323207],[37.61096784,55.76323221],[37.61092461,55.76327134],[37.61097049,55.76328745]]]},"properties":{"type":"room","subtype":"apartment","roomType":"LIVING_ROOM","area":17.7407688569714},"type":"Feature"},{"geometry":{"type":"Polygon","coordinates":[[[37.61087872,55.76325522],[37.61092461,55.76327134],[37.61096784,55.76323221],[37.61096797,55.76323205],[37.61096806,55.76323188],[37.61096808,55.7632317],[37.61096804,55.76323153],[37.61096794,55.76323136],[37.61096778,55.76323121],[37.61096757,55.76323108],[37.61096733,55.76323097],[37.61092415,55.76321581],[37.61092387,55.76321573],[37.61092357,55.76321568],[37.61092325,55.76321567],[37.61092294,55.76321569],[37.61092265,55.76321575],[37.61092238,55.76321584],[37.61092214,55.76321595],[37.61092195,55.76321609],[37.61087872,55.76325522]]]},"properties":{"type":"room","subtype":"apartment","roomType":"BEDROOM","area":17.74076674327427},"type":"Feature"},{"geometry":{"type":"Polygon","coordinates":[[[37.61087872,55.76325522],[37.61092195,55.76321609],[37.61092209,55.76321594],[37.61092217,55.76321577],[37.61092219,55.76321559],[37.61092215,55.76321542],[37.61092205,55.76321525],[37.6109219,55.7632151],[37.61092169,55.76321496],[37.61092144,55.76321486],[37.61087826,55.76319969],[37.61087798,55.76319961],[37.61087768,55.76319957],[37.61087737,55.76319956],[37.61087706,55.76319958],[37.61087676,55.76319964],[37.61087649,55.76319972],[37.61087626,55.76319984],[37.61087607,55.76319998],[37.61083284,55.76323911],[37.61087872,55.76325522]]]},"properties":{"type":"room","subtype":"apartment","roomType":"BEDROOM","area":17.740768909119513},"type":"Feature"},{"geometry":{"type":"Polygon","coordinates":[[[37.61082487,55.76325482],[37.61084105,55.7632605],[37.61085578,55.76324717],[37.6108396,55.76324148],[37.61082487,55.76325482]]]},"properties":{"type":"room","subtype":"apartment","roomType":"JOINT_BATHROOM","area":2.0920731126684746},"type":"Feature"},{"geometry":{"type":"Polygon","coordinates":[[[37.61085587,55.76324709],[37.61085584,55.76324708],[37.61085581,55.76324708],[37.61085578,55.76324708],[37.61085575,55.76324708],[37.61085572,55.76324708],[37.61085569,55.76324709],[37.61085567,55.76324711],[37.61085565,55.76324712],[37.61084091,55.76326046],[37.6108409,55.76326047],[37.61084089,55.76326049],[37.61084089,55.76326051],[37.61084089,55.76326052],[37.6108409,55.76326054],[37.61084092,55.76326056],[37.61084094,55.76326057],[37.61084096,55.76326058],[37.61086255,55.76326816],[37.61086257,55.76326817],[37.61086285,55.76326824],[37.61086288,55.76326825],[37.61086318,55.7632683],[37.61086321,55.7632683],[37.61086352,55.76326831],[37.61086355,55.76326831],[37.61086386,55.76326829],[37.61086389,55.76326828],[37.61086419,55.76326823],[37.61086422,55.76326822],[37.61086445,55.76326814],[37.61086443,55.7632683],[37.61086443,55.76326831],[37.61086447,55.76326849],[37.61086448,55.76326851],[37.61086458,55.76326867],[37.61086459,55.76326869],[37.61086475,55.76326884],[37.61086477,55.76326886],[37.61086497,55.76326899],[37.610865,55.763269],[37.61086524,55.76326911],[37.61086526,55.76326911],[37.61090844,55.76328428],[37.61090845,55.76328428],[37.61090873,55.76328436],[37.61090876,55.76328436],[37.61090906,55.76328441],[37.61090909,55.76328441],[37.6109094,55.76328443],[37.61090943,55.76328442],[37.61090974,55.7632844],[37.61090978,55.7632844],[37.61091007,55.76328434],[37.6109101,55.76328433],[37.61091033,55.76328426],[37.61091032,55.76328441],[37.61091032,55.76328443],[37.61091036,55.7632846],[37.61091037,55.76328462],[37.61091047,55.76328479],[37.61091048,55.7632848],[37.61091063,55.76328496],[37.61091065,55.76328497],[37.61091086,55.7632851],[37.61091088,55.76328511],[37.61091113,55.76328522],[37.61091114,55.76328523],[37.61095432,55.76330039],[37.61095433,55.76330039],[37.61095461,55.76330047],[37.61095464,55.76330048],[37.61095495,55.76330052],[37.61095498,55.76330053],[37.61095529,55.76330054],[37.61095532,55.76330054],[37.61095563,55.76330052],[37.61095566,55.76330051],[37.61095596,55.76330045],[37.61095598,55.76330045],[37.61095625,55.76330036],[37.61095628,55.76330035],[37.61095651,55.76330023],[37.61095654,55.76330022],[37.61095673,55.76330008],[37.61095674,55.76330007],[37.61097063,55.7632875],[37.61097064,55.76328748],[37.61097065,55.76328747],[37.61097065,55.76328745],[37.61097065,55.76328743],[37.61097064,55.76328741],[37.61097062,55.7632874],[37.6109706,55.76328739],[37.61097058,55.76328737],[37.61092469,55.76327126],[37.61092469,55.76327126],[37.61087881,55.76325515],[37.61087881,55.76325515],[37.61085587,55.76324709]]]},"properties":{"type":"room","subtype":"apartment","roomType":"CORRIDOR","area":15.027765907792007},"type":"Feature"},{"geometry":{"type":"Polygon","coordinates":[[[37.61093632,55.76320526],[37.61092452,55.76321594],[37.61096695,55.76323084],[37.61097875,55.76322016],[37.61093632,55.76320526]]]},"properties":{"type":"room","subtype":"apartment","roomType":"BALCONY","area":4.391486550996302},"type":"Feature"},{"geometry":{"type":"Polygon","coordinates":[[[37.6109822,55.76322138],[37.61097041,55.76323205],[37.61101283,55.76324695],[37.61102463,55.76323627],[37.6109822,55.76322138]]]},"properties":{"type":"room","subtype":"apartment","roomType":"BALCONY","area":4.391487381784069},"type":"Feature"},{"geometry":{"type":"Polygon","coordinates":[[[37.61096004,55.76329912],[37.61095752,55.76330141],[37.61096117,55.76330269],[37.6109637,55.7633004],[37.61096004,55.76329912]]]},"properties":{"type":"room_object","subtype":"room","roomObjectType":"ELECTRICAL_BOX"},"type":"Feature"},{"geometry":{"type":"Polygon","coordinates":[[[37.61077222,55.76323633],[37.61077222,55.76323633],[37.61081121,55.76325003],[37.61081121,55.76325003],[37.61082591,55.76323672],[37.61082593,55.7632367],[37.61082595,55.76323669],[37.61082598,55.76323668],[37.61082601,55.76323668],[37.61082604,55.76323668],[37.61082607,55.76323668],[37.6108261,55.76323668],[37.61082613,55.76323669],[37.61083289,55.76323906],[37.61083289,55.76323906],[37.61087691,55.76319922],[37.61083103,55.7631831],[37.61077222,55.76323633]]]},"properties":{"type":"apartment","rooms":0,"totalArea":23.678307604551144,"livingArea":17.758730732892438,"apartmentType":999990},"type":"Feature"},{"geometry":{"type":"Polygon","coordinates":[[[37.61083281,55.76323914],[37.61087691,55.76319922],[37.61083103,55.7631831],[37.61078692,55.76322303],[37.61083281,55.76323914]]]},"properties":{"type":"room","subtype":"apartment","roomType":"STUDIO","area":17.758730732892438},"type":"Feature"},{"geometry":{"type":"Polygon","coordinates":[[[37.61082604,55.76323677],[37.61080986,55.76323108],[37.61079516,55.76324439],[37.61081134,55.76325007],[37.61082604,55.76323677]]]},"properties":{"type":"room","subtype":"apartment","roomType":"JOINT_BATHROOM","area":2.0872883729440623},"type":"Feature"},{"geometry":{"type":"Polygon","coordinates":[[[37.61080986,55.76323108],[37.61078692,55.76322303],[37.61077222,55.76323633],[37.61077222,55.76323633],[37.61079516,55.76324439],[37.61080986,55.76323108]]]},"properties":{"type":"room","subtype":"apartment","roomType":"HALL","area":2.959788481935922},"type":"Feature"},{"geometry":{"type":"Polygon","coordinates":[[[37.61084455,55.76317303],[37.61083275,55.76318371],[37.61087518,55.76319861],[37.61088698,55.76318793],[37.61084455,55.76317303]]]},"properties":{"type":"room","subtype":"apartment","roomType":"BALCONY","area":4.39148735154858},"type":"Feature"},{"geometry":{"type":"Polygon","coordinates":[[[37.6107761,55.76323452],[37.61077357,55.76323681],[37.61077763,55.76323823],[37.61078016,55.76323595],[37.6107761,55.76323452]]]},"properties":{"type":"room_object","subtype":"room","roomObjectType":"ELECTRICAL_BOX"},"type":"Feature"},{"geometry":{"type":"Polygon","coordinates":[[[37.61068045,55.76320411],[37.61072634,55.76322022],[37.61077222,55.76323633],[37.61078831,55.76322177],[37.61078155,55.7632194],[37.61078152,55.76321939],[37.6107815,55.76321937],[37.61078148,55.76321936],[37.61078147,55.76321934],[37.61078147,55.76321932],[37.61078147,55.76321931],[37.61078148,55.76321929],[37.61078149,55.76321927],[37.61079473,55.7632073],[37.61079474,55.76320728],[37.61079477,55.76320727],[37.6107948,55.76320726],[37.61079482,55.76320726],[37.61079486,55.76320725],[37.61079489,55.76320726],[37.61079492,55.76320726],[37.61079495,55.76320727],[37.61080171,55.76320964],[37.61083103,55.7631831],[37.61078514,55.76316699],[37.61073926,55.76315088],[37.61068045,55.76320411]]]},"properties":{"type":"apartment","rooms":1,"totalArea":47.35661773948355,"livingArea":23.67831004539873,"apartmentType":999991},"type":"Feature"},{"geometry":{"type":"Polygon","coordinates":[[[37.61075574,55.76319361],[37.61080162,55.76320972],[37.61083018,55.76318387],[37.61083032,55.76318371],[37.6108304,55.76318354],[37.61083042,55.76318336],[37.61083038,55.76318319],[37.61083028,55.76318302],[37.61083013,55.76318287],[37.61082992,55.76318274],[37.61082967,55.76318263],[37.6107865,55.76316747],[37.61078622,55.76316739],[37.61078591,55.76316734],[37.6107856,55.76316733],[37.61078529,55.76316735],[37.610785,55.76316741],[37.61078473,55.7631675],[37.61078449,55.76316761],[37.6107843,55.76316775],[37.61075574,55.76319361]]]},"properties":{"type":"room","subtype":"apartment","roomType":"KITCHEN","area":11.834761079721257},"type":"Feature"},{"geometry":{"type":"Polygon","coordinates":[[[37.61077868,55.76320166],[37.61075574,55.76319361],[37.61072718,55.76321946],[37.61072704,55.76321962],[37.61072696,55.76321979],[37.61072694,55.76321996],[37.61072698,55.76322014],[37.61072708,55.7632203],[37.61072724,55.76322046],[37.61072744,55.76322059],[37.61072769,55.7632207],[37.61074928,55.76322828],[37.61077868,55.76320166]]]},"properties":{"type":"room","subtype":"apartment","roomType":"HALL","area":5.91738057877496},"type":"Feature"},{"geometry":{"type":"Polygon","coordinates":[[[37.61074928,55.76322828],[37.61077087,55.76323586],[37.61077115,55.76323594],[37.61077145,55.76323598],[37.61077176,55.76323599],[37.61077207,55.76323597],[37.61077237,55.76323592],[37.61077264,55.76323583],[37.61077287,55.76323571],[37.61077306,55.76323557],[37.61078839,55.7632217],[37.61076545,55.76321364],[37.61074928,55.76322828]]]},"properties":{"type":"room","subtype":"apartment","roomType":"BATHROOM","area":3.253570872095931},"type":"Feature"},{"geometry":{"type":"Polygon","coordinates":[[[37.61079486,55.76320734],[37.61077868,55.76320166],[37.61076545,55.76321364],[37.61078163,55.76321932],[37.61079486,55.76320734]]]},"properties":{"type":"room","subtype":"apartment","roomType":"TOILET","area":1.878559614432088},"type":"Feature"},{"geometry":{"type":"Polygon","coordinates":[[[37.61068045,55.76320411],[37.61072634,55.76322022],[37.61078514,55.76316699],[37.61078514,55.76316699],[37.61073926,55.76315088],[37.61068045,55.76320411]]]},"properties":{"type":"room","subtype":"apartment","roomType":"BEDROOM","area":23.67831004539873},"type":"Feature"},{"geometry":{"type":"Polygon","coordinates":[[[37.61079867,55.76315692],[37.61078687,55.7631676],[37.6108293,55.7631825],[37.61084109,55.76317182],[37.61079867,55.76315692]]]},"properties":{"type":"room","subtype":"apartment","roomType":"BALCONY","area":4.391487381970881},"type":"Feature"},{"geometry":{"type":"Polygon","coordinates":[[[37.61073062,55.76321855],[37.6107281,55.76322084],[37.61073175,55.76322212],[37.61073427,55.76321983],[37.61073062,55.76321855]]]},"properties":{"type":"room_object","subtype":"room","roomObjectType":"ELECTRICAL_BOX"},"type":"Feature"},{"geometry":{"type":"Polygon","coordinates":[[[37.61063457,55.76318799],[37.61067355,55.76320168],[37.61067355,55.76320168],[37.61068826,55.76318838],[37.61068828,55.76318836],[37.6106883,55.76318835],[37.61068833,55.76318834],[37.61068836,55.76318834],[37.61068839,55.76318833],[37.61068842,55.76318834],[37.61068845,55.76318834],[37.61068848,55.76318835],[37.61069524,55.76319072],[37.61073926,55.76315088],[37.61069337,55.76313476],[37.61063457,55.76318799]]]},"properties":{"type":"apartment","rooms":0,"totalArea":23.67830769152421,"livingArea":17.7587308216458,"apartmentType":999990},"type":"Feature"},{"geometry":{"type":"Polygon","coordinates":[[[37.61069515,55.7631908],[37.61073926,55.76315088],[37.61069337,55.76313476],[37.61064927,55.76317469],[37.61069515,55.7631908]]]},"properties":{"type":"room","subtype":"apartment","roomType":"STUDIO","area":17.7587308216458},"type":"Feature"},{"geometry":{"type":"Polygon","coordinates":[[[37.61065751,55.76319605],[37.61067369,55.76320173],[37.61068839,55.76318842],[37.61067221,55.76318274],[37.61065751,55.76319605]]]},"properties":{"type":"room","subtype":"apartment","roomType":"JOINT_BATHROOM","area":2.0872885398016328},"type":"Feature"},{"geometry":{"type":"Polygon","coordinates":[[[37.61067221,55.76318274],[37.61064927,55.76317469],[37.61063457,55.76318799],[37.61065751,55.76319605],[37.61067221,55.76318274]]]},"properties":{"type":"room","subtype":"apartment","roomType":"HALL","area":2.9597883720327354},"type":"Feature"},{"geometry":{"type":"Polygon","coordinates":[[[37.6107069,55.76312469],[37.6106951,55.76313537],[37.61073753,55.76315027],[37.61074933,55.76313959],[37.6107069,55.76312469]]]},"properties":{"type":"room","subtype":"apartment","roomType":"BALCONY","area":4.391487381795763},"type":"Feature"},{"geometry":{"type":"Polygon","coordinates":[[[37.61063845,55.76318618],[37.61063592,55.76318847],[37.61063998,55.76318989],[37.61064251,55.76318761],[37.61063845,55.76318618]]]},"properties":{"type":"room_object","subtype":"room","roomObjectType":"ELECTRICAL_BOX"},"type":"Feature"},{"geometry":{"type":"Polygon","coordinates":[[[37.61058026,55.76317951],[37.6105887,55.76317188],[37.61063457,55.76318799],[37.61065066,55.76317343],[37.6106439,55.76317105],[37.61064387,55.76317104],[37.61064385,55.76317103],[37.61064383,55.76317102],[37.61064382,55.763171],[37.61064382,55.76317098],[37.61064382,55.76317096],[37.61064383,55.76317095],[37.61064384,55.76317093],[37.61065707,55.76315895],[37.61065709,55.76315894],[37.61065711,55.76315893],[37.61065714,55.76315892],[37.61065717,55.76315891],[37.6106572,55.76315891],[37.61065723,55.76315891],[37.61065726,55.76315892],[37.61065729,55.76315892],[37.61066406,55.7631613],[37.61066406,55.7631613],[37.61069337,55.76313476],[37.61064749,55.76311865],[37.61060161,55.76310254],[37.61060161,55.76310254],[37.61053438,55.76316339],[37.61058026,55.76317951]]]},"properties":{"type":"apartment","rooms":1,"totalArea":50.74942174093806,"livingArea":27.070614026674882,"apartmentType":999991},"type":"Feature"},{"geometry":{"type":"Polygon","coordinates":[[[37.61061809,55.76314527],[37.61066397,55.76316138],[37.61069253,55.76313553],[37.61069267,55.76313537],[37.61069275,55.7631352],[37.61069277,55.76313502],[37.61069273,55.76313485],[37.61069263,55.76313468],[37.61069248,55.76313453],[37.61069227,55.7631344],[37.61069202,55.76313429],[37.61064884,55.76311912],[37.61064856,55.76311905],[37.61064826,55.763119],[37.61064795,55.76311899],[37.61064764,55.76311901],[37.61064734,55.76311907],[37.61064707,55.76311916],[37.61064684,55.76311927],[37.61064665,55.76311941],[37.61061809,55.76314527]]]},"properties":{"type":"room","subtype":"apartment","roomType":"KITCHEN","area":11.834761105390672},"type":"Feature"},{"geometry":{"type":"Polygon","coordinates":[[[37.61064104,55.76315332],[37.61061809,55.76314527],[37.61058953,55.76317112],[37.61058939,55.76317127],[37.61058931,55.76317144],[37.61058929,55.76317162],[37.61058933,55.76317179],[37.61058943,55.76317196],[37.61058958,55.76317211],[37.61058979,55.76317225],[37.61059004,55.76317235],[37.61061164,55.76317994],[37.61064104,55.76315332]]]},"properties":{"type":"room","subtype":"apartment","roomType":"HALL","area":5.919541969303335},"type":"Feature"},{"geometry":{"type":"Polygon","coordinates":[[[37.61063322,55.76318752],[37.6106335,55.7631876],[37.6106338,55.76318764],[37.61063411,55.76318765],[37.61063442,55.76318763],[37.61063472,55.76318757],[37.61063499,55.76318749],[37.61063522,55.76318737],[37.61063541,55.76318723],[37.61065074,55.76317335],[37.61062781,55.7631653],[37.61061164,55.76317994],[37.61063322,55.76318752]]]},"properties":{"type":"room","subtype":"apartment","roomType":"BATHROOM","area":3.252258829453286},"type":"Feature"},{"geometry":{"type":"Polygon","coordinates":[[[37.61065721,55.763159],[37.61064104,55.76315332],[37.61062781,55.7631653],[37.61064398,55.76317098],[37.61065721,55.763159]]]},"properties":{"type":"room","subtype":"apartment","roomType":"TOILET","area":1.8775335330646978},"type":"Feature"},{"geometry":{"type":"Polygon","coordinates":[[[37.61058026,55.76317951],[37.61064749,55.76311865],[37.61060161,55.76310254],[37.61060161,55.76310254],[37.61053438,55.76316339],[37.61053438,55.76316339],[37.61058026,55.76317951]]]},"properties":{"type":"room","subtype":"apartment","roomType":"BEDROOM","area":27.070614026674882},"type":"Feature"},{"geometry":{"type":"Polygon","coordinates":[[[37.61061611,55.76309281],[37.61060431,55.76310349],[37.61064576,55.76311804],[37.61065756,55.76310737],[37.61061611,55.76309281]]]},"properties":{"type":"room","subtype":"apartment","roomType":"BALCONY","area":4.29035860497446},"type":"Feature"},{"geometry":{"type":"Polygon","coordinates":[[[37.61059297,55.76317021],[37.61059044,55.7631725],[37.61059411,55.76317378],[37.61059664,55.7631715],[37.61059297,55.76317021]]]},"properties":{"type":"room_object","subtype":"room","roomObjectType":"ELECTRICAL_BOX"},"type":"Feature"},{"geometry":{"type":"Polygon","coordinates":[[[37.61058026,55.76317951],[37.61054127,55.76316581],[37.61054127,55.76316581],[37.61052447,55.76318103],[37.61052445,55.76318104],[37.61052442,55.76318105],[37.6105244,55.76318106],[37.61052437,55.76318107],[37.61052434,55.76318107],[37.61052431,55.76318107],[37.61052428,55.76318106],[37.61052425,55.76318106],[37.61051748,55.76317868],[37.61051748,55.76317868],[37.61046715,55.76322425],[37.61046715,55.76322425],[37.61051303,55.76324036],[37.61058026,55.76317951]]]},"properties":{"type":"apartment","rooms":0,"totalArea":27.070616744143774,"livingArea":20.302962815085436,"apartmentType":999990},"type":"Feature"},{"geometry":{"type":"Polygon","coordinates":[[[37.61051757,55.76317861],[37.61046715,55.76322425],[37.61046715,55.76322425],[37.61051303,55.76324036],[37.61056345,55.76319472],[37.61051757,55.76317861]]]},"properties":{"type":"room","subtype":"apartment","roomType":"STUDIO","area":20.302962815085436},"type":"Feature"},{"geometry":{"type":"Polygon","coordinates":[[[37.61055732,55.76317145],[37.61054114,55.76316577],[37.61052433,55.76318098],[37.61054051,55.76318666],[37.61055732,55.76317145]]]},"properties":{"type":"room","subtype":"apartment","roomType":"JOINT_BATHROOM","area":2.3863272185846247},"type":"Feature"},{"geometry":{"type":"Polygon","coordinates":[[[37.61054051,55.76318666],[37.61056345,55.76319472],[37.61058026,55.76317951],[37.61055732,55.76317145],[37.61054051,55.76318666]]]},"properties":{"type":"room","subtype":"apartment","roomType":"HALL","area":3.3838267103099025},"type":"Feature"},{"geometry":{"type":"Polygon","coordinates":[[[37.61049951,55.76325043],[37.6105113,55.76323975],[37.61046985,55.7632252],[37.61045806,55.76323587],[37.61049951,55.76325043]]]},"properties":{"type":"room","subtype":"apartment","roomType":"BALCONY","area":4.2903595477802865},"type":"Feature"},{"geometry":{"type":"Polygon","coordinates":[[[37.61051303,55.76324036],[37.61055891,55.76325648],[37.6106048,55.76327259],[37.61065068,55.7632887],[37.61070949,55.76323547],[37.6106636,55.76321936],[37.61061772,55.76320325],[37.61057184,55.76318713],[37.61055575,55.76320169],[37.61055576,55.76320169],[37.61056252,55.76320407],[37.61056255,55.76320408],[37.61056257,55.76320409],[37.61056258,55.76320411],[37.61056259,55.76320413],[37.6105626,55.76320414],[37.6105626,55.76320416],[37.61056259,55.76320418],[37.61056257,55.76320419],[37.61054934,55.76321617],[37.61054932,55.76321618],[37.6105493,55.7632162],[37.61054927,55.7632162],[37.61054924,55.76321621],[37.61054921,55.76321621],[37.61054918,55.76321621],[37.61054915,55.76321621],[37.61054912,55.7632162],[37.61054236,55.76321382],[37.61054235,55.76321382],[37.61051303,55.76324036]]]},"properties":{"type":"apartment","rooms":2,"totalArea":71.03492072530443,"livingArea":41.4190741872123,"apartmentType":999992},"type":"Feature"},{"geometry":{"type":"Polygon","coordinates":[[[37.61058831,55.76322986],[37.61054244,55.76321375],[37.61051387,55.7632396],[37.61051373,55.76323976],[37.61051365,55.76323993],[37.61051363,55.7632401],[37.61051367,55.76324028],[37.61051377,55.76324044],[37.61051393,55.7632406],[37.61051413,55.76324073],[37.61051438,55.76324084],[37.61055756,55.763256],[37.61055784,55.76325608],[37.61055814,55.76325612],[37.61055845,55.76325614],[37.61055876,55.76325611],[37.61055906,55.76325606],[37.61055933,55.76325597],[37.61055957,55.76325585],[37.61055976,55.76325571],[37.61058831,55.76322986]]]},"properties":{"type":"room","subtype":"apartment","roomType":"KITCHEN","area":11.833887792266763},"type":"Feature"},{"geometry":{"type":"Polygon","coordinates":[[[37.61056538,55.76322181],[37.61058831,55.76322986],[37.61061688,55.76320401],[37.61061702,55.76320385],[37.6106171,55.76320368],[37.61061712,55.7632035],[37.61061708,55.76320333],[37.61061698,55.76320316],[37.61061682,55.76320301],[37.61061661,55.76320288],[37.61061637,55.76320277],[37.61059479,55.76319519],[37.61056538,55.76322181]]]},"properties":{"type":"room","subtype":"apartment","roomType":"HALL","area":5.915219131374349},"type":"Feature"},{"geometry":{"type":"Polygon","coordinates":[[[37.61057861,55.76320983],[37.61059479,55.76319519],[37.6105732,55.76318761],[37.61057292,55.76318753],[37.61057262,55.76318749],[37.61057231,55.76318748],[37.610572,55.7631875],[37.6105717,55.76318755],[37.61057143,55.76318764],[37.6105712,55.76318776],[37.61057101,55.7631879],[37.61055568,55.76320177],[37.61057861,55.76320983]]]},"properties":{"type":"room","subtype":"apartment","roomType":"BATHROOM","area":3.2532282105624426},"type":"Feature"},{"geometry":{"type":"Polygon","coordinates":[[[37.61056244,55.76320415],[37.6105492,55.76321612],[37.61056538,55.76322181],[37.61057861,55.76320983],[37.61056244,55.76320415]]]},"properties":{"type":"room","subtype":"apartment","roomType":"TOILET","area":1.8784471425488327},"type":"Feature"},{"geometry":{"type":"Polygon","coordinates":[[[37.61055976,55.76325571],[37.61055962,55.76325587],[37.61055954,55.76325604],[37.61055952,55.76325622],[37.61055956,55.76325639],[37.61055966,55.76325656],[37.61055981,55.76325671],[37.61056002,55.76325684],[37.61056027,55.76325695],[37.61060344,55.76327211],[37.61060373,55.76327219],[37.61060403,55.76327224],[37.61060434,55.76327225],[37.61060465,55.76327223],[37.61060494,55.76327217],[37.61060521,55.76327208],[37.61060545,55.76327197],[37.61060564,55.76327183],[37.61064887,55.7632327],[37.61060298,55.76321658],[37.61055976,55.76325571]]]},"properties":{"type":"room","subtype":"apartment","roomType":"BEDROOM","area":17.740768852943585},"type":"Feature"},{"geometry":{"type":"Polygon","coordinates":[[[37.6106048,55.76327259],[37.61065068,55.7632887],[37.61070949,55.76323547],[37.61070949,55.76323547],[37.6106636,55.76321936],[37.6106048,55.76327259]]]},"properties":{"type":"room","subtype":"apartment","roomType":"BEDROOM","area":23.678305334268718},"type":"Feature"},{"geometry":{"type":"Polygon","coordinates":[[[37.61064878,55.76323277],[37.61064881,55.76323278],[37.61064884,55.76323279],[37.61064887,55.76323279],[37.6106489,55.76323278],[37.61064893,55.76323278],[37.61064896,55.76323277],[37.61064898,55.76323276],[37.610649,55.76323274],[37.6106629,55.76322017],[37.6106629,55.76322016],[37.61066304,55.76322],[37.61066305,55.76321999],[37.61066313,55.76321982],[37.61066314,55.7632198],[37.61066316,55.76321962],[37.61066316,55.76321961],[37.61066312,55.76321943],[37.61066311,55.76321941],[37.61066301,55.76321925],[37.610663,55.76321923],[37.61066284,55.76321908],[37.61066282,55.76321906],[37.61066262,55.76321893],[37.6106626,55.76321892],[37.61066235,55.76321881],[37.61066234,55.76321881],[37.61061916,55.76320364],[37.61061914,55.76320364],[37.61061886,55.76320356],[37.61061883,55.76320356],[37.61061853,55.76320351],[37.6106185,55.76320351],[37.61061819,55.7632035],[37.61061816,55.7632035],[37.61061785,55.76320352],[37.61061782,55.76320352],[37.61061752,55.76320358],[37.61061749,55.76320359],[37.61061722,55.76320367],[37.6106172,55.76320368],[37.61061696,55.7632038],[37.61061694,55.76320381],[37.61061675,55.76320395],[37.61061674,55.76320396],[37.61060285,55.76321654],[37.61060284,55.76321655],[37.61060283,55.76321657],[37.61060283,55.76321659],[37.61060283,55.7632166],[37.61060284,55.76321662],[37.61060285,55.76321664],[37.61060288,55.76321665],[37.6106029,55.76321666],[37.61064878,55.76323277]]]},"properties":{"type":"room","subtype":"apartment","roomType":"CORRIDOR","area":6.0310282350088515},"type":"Feature"},{"geometry":{"type":"Polygon","coordinates":[[[37.61059127,55.76328266],[37.61060307,55.76327198],[37.61056064,55.76325708],[37.61054885,55.76326776],[37.61059127,55.76328266]]]},"properties":{"type":"room","subtype":"apartment","roomType":"BALCONY","area":4.391487382297594},"type":"Feature"},{"geometry":{"type":"Polygon","coordinates":[[[37.61061343,55.76320492],[37.61061596,55.76320263],[37.61061231,55.76320135],[37.61060978,55.76320363],[37.61061343,55.76320492]]]},"properties":{"type":"room_object","subtype":"room","roomObjectType":"ELECTRICAL_BOX"},"type":"Feature"},{"geometry":{"type":"Polygon","coordinates":[[[37.61065068,55.7632887],[37.61065068,55.7632887],[37.61069126,55.76330295],[37.61069126,55.76330295],[37.61073528,55.76326311],[37.61072852,55.76326073],[37.61072849,55.76326072],[37.61072847,55.76326071],[37.61072846,55.76326069],[37.61072845,55.76326068],[37.61072844,55.76326066],[37.61072844,55.76326064],[37.61072845,55.76326062],[37.61072847,55.76326061],[37.61074317,55.7632473],[37.61070949,55.76323547],[37.61065068,55.7632887]]]},"properties":{"type":"apartment","rooms":0,"totalArea":20.940000000533217,"livingArea":15.705000037567084,"apartmentType":999990},"type":"Feature"},{"geometry":{"type":"Polygon","coordinates":[[[37.61073536,55.76326303],[37.61069479,55.76324878],[37.61065068,55.7632887],[37.61065068,55.7632887],[37.61069126,55.76330295],[37.61069126,55.76330295],[37.61073536,55.76326303]]]},"properties":{"type":"room","subtype":"apartment","roomType":"STUDIO","area":15.705000037567084},"type":"Feature"},{"geometry":{"type":"Polygon","coordinates":[[[37.6107433,55.76324735],[37.61072978,55.7632426],[37.61071507,55.76325591],[37.6107286,55.76326066],[37.6107433,55.76324735]]]},"properties":{"type":"room","subtype":"apartment","roomType":"JOINT_BATHROOM","area":1.7450000042697953},"type":"Feature"},{"geometry":{"type":"Polygon","coordinates":[[[37.61071507,55.76325591],[37.61072978,55.7632426],[37.61070949,55.76323547],[37.61069479,55.76324878],[37.61071507,55.76325591]]]},"properties":{"type":"room","subtype":"apartment","roomType":"HALL","area":2.6174999449974843},"type":"Feature"},{"geometry":{"type":"Polygon","coordinates":[[[37.61067774,55.76331302],[37.61068953,55.76330235],[37.61065241,55.76328931],[37.61064061,55.76329999],[37.61067774,55.76331302]]]},"properties":{"type":"room","subtype":"apartment","roomType":"BALCONY","area":3.842256602350954},"type":"Feature"},{"geometry":{"type":"Polygon","coordinates":[[[37.61077113,55.76334582],[37.61078292,55.76333514],[37.61069667,55.76330485],[37.61068487,55.76331553],[37.61077113,55.76334582]]]},"properties":{"type":"balcony","area":8.927692306272833,"subtype":"service"},"type":"Feature"},{"geometry":{"type":"MultiPolygon","coordinates":[[[[37.61069126,55.76330295],[37.61069126,55.76330295],[37.61069657,55.76330482],[37.61074245,55.76332093],[37.61080126,55.7632677],[37.61075537,55.76325159],[37.61075007,55.76324972],[37.61069126,55.76330295]]]]},"properties":{"type":"ladder","area":26.416615476721095,"subtype":"service"},"type":"Feature"},{"geometry":{"type":"Polygon","coordinates":[[[37.61074245,55.76332093],[37.61078833,55.76333704],[37.61084714,55.76328381],[37.61084714,55.76328381],[37.61080126,55.7632677],[37.61082966,55.76327768],[37.61082545,55.76328149],[37.61081618,55.76328988],[37.6108027,55.76330208],[37.61078922,55.76331428],[37.61076082,55.76330431],[37.6107679,55.76329789],[37.61074245,55.76332093]]]},"properties":{"type":"corridor","area":13.598307602672385,"subtype":"service"},"type":"Feature"},{"geometry":{"type":"Polygon","coordinates":[[[37.61079704,55.76327151],[37.61082545,55.76328149],[37.61082966,55.76327768],[37.61080126,55.7632677],[37.61079704,55.76327151]]]},"properties":{"type":"heating_meter","area":1.0500000000866252,"subtype":"service"},"type":"Feature"},{"geometry":{"type":"Polygon","coordinates":[[[37.61078778,55.7632799],[37.61081618,55.76328988],[37.61082545,55.76328149],[37.61079704,55.76327151],[37.61078778,55.7632799]]]},"properties":{"type":"elevator","area":2.3100000007379853,"subtype":"service"},"type":"Feature"},{"geometry":{"type":"Polygon","coordinates":[[[37.6107743,55.7632921],[37.6108027,55.76330208],[37.61081618,55.76328988],[37.61078778,55.7632799],[37.6107743,55.7632921]]]},"properties":{"type":"elevator","area":3.3599999991924214,"subtype":"service"},"type":"Feature"},{"geometry":{"type":"Polygon","coordinates":[[[37.61076082,55.76330431],[37.61078922,55.76331428],[37.6108027,55.76330208],[37.6107743,55.7632921],[37.61076082,55.76330431]]]},"properties":{"type":"elevator","area":3.3600000007520894,"subtype":"service"},"type":"Feature"},{"geometry":{"type":"Polygon","coordinates":[[[37.61107655,55.76336438],[37.6110934,55.76334912],[37.6105887,55.76317188],[37.61057185,55.76318714],[37.61107655,55.76336438]]]},"properties":{"type":"corridor","area":74.62676921823811,"subtype":"service"},"type":"Feature"},{"geometry":{"type":"Polygon","coordinates":[[[37.61083773,55.76330083],[37.61083097,55.76329845],[37.61081774,55.76331043],[37.6108245,55.7633128],[37.61083773,55.76330083]]]},"properties":{"type":"ventilation","area":0.7852499074651962,"subtype":"service"},"type":"Feature"},{"geometry":{"type":"Polygon","coordinates":[[[37.61094567,55.76331842],[37.61094026,55.76331652],[37.61093998,55.76331644],[37.61093968,55.76331639],[37.61093937,55.76331638],[37.61093906,55.7633164],[37.61093876,55.76331646],[37.61093849,55.76331655],[37.61093826,55.76331666],[37.61093807,55.7633168],[37.6109095,55.76334266],[37.61091627,55.76334503],[37.61094567,55.76331842]]]},"properties":{"type":"ventilation","area":1.7428036455860139,"subtype":"service"},"type":"Feature"},{"geometry":{"type":"Polygon","coordinates":[[[37.61110358,55.76339077],[37.61110899,55.76339267],[37.61113003,55.76337363],[37.61113017,55.76337347],[37.61113025,55.7633733],[37.61113027,55.76337313],[37.61113023,55.76337295],[37.61113013,55.76337279],[37.61112997,55.76337263],[37.61112976,55.7633725],[37.61112952,55.76337239],[37.61112546,55.76337097],[37.61110358,55.76339077]]]},"properties":{"type":"ventilation","area":1.0366035160267346,"subtype":"service"},"type":"Feature"},{"geometry":{"type":"Polygon","coordinates":[[[37.61114768,55.76335766],[37.61114091,55.76335528],[37.61112411,55.76337049],[37.61113087,55.76337287],[37.61113087,55.76337287],[37.61114768,55.76335766]]]},"properties":{"type":"ventilation","area":0.9974999705060619,"subtype":"service"},"type":"Feature"},{"geometry":{"type":"Polygon","coordinates":[[[37.61112281,55.76332251],[37.61111605,55.76332014],[37.61110282,55.76333212],[37.61110958,55.76333449],[37.61112281,55.76332251]]]},"properties":{"type":"ventilation","area":0.7852500001511789,"subtype":"service"},"type":"Feature"},{"geometry":{"type":"Polygon","coordinates":[[[37.61099353,55.76331405],[37.61100029,55.76331643],[37.61100057,55.76331651],[37.61100087,55.76331655],[37.61100118,55.76331656],[37.61100149,55.76331654],[37.61100179,55.76331648],[37.61100206,55.7633164],[37.61100229,55.76331628],[37.61100248,55.76331614],[37.61103104,55.76329029],[37.61102293,55.76328744],[37.61099353,55.76331405]]]},"properties":{"type":"ventilation","area":2.0918037736192194,"subtype":"service"},"type":"Feature"},{"geometry":{"type":"Polygon","coordinates":[[[37.6108396,55.76324148],[37.61083284,55.76323911],[37.61081895,55.76325169],[37.61081881,55.76325184],[37.61081873,55.76325201],[37.61081871,55.76325219],[37.61081875,55.76325236],[37.61081885,55.76325253],[37.610819,55.76325268],[37.61081921,55.76325282],[37.61081946,55.76325292],[37.61082487,55.76325482],[37.6108396,55.76324148]]]},"properties":{"type":"ventilation","area":0.8723035853724671,"subtype":"service"},"type":"Feature"},{"geometry":{"type":"Polygon","coordinates":[[[37.61081134,55.76325007],[37.61081811,55.76325245],[37.61083281,55.76323914],[37.61082604,55.76323677],[37.61081134,55.76325007]]]},"properties":{"type":"ventilation","area":0.8725000158861552,"subtype":"service"},"type":"Feature"},{"geometry":{"type":"Polygon","coordinates":[[[37.61079486,55.76320734],[37.61078163,55.76321932],[37.61078839,55.7632217],[37.61080162,55.76320972],[37.61079486,55.76320734]]]},"properties":{"type":"ventilation","area":0.785250000007222,"subtype":"service"},"type":"Feature"},{"geometry":{"type":"Polygon","coordinates":[[[37.61068839,55.76318842],[37.61067369,55.76320173],[37.61068045,55.76320411],[37.61069515,55.7631908],[37.61068839,55.76318842]]]},"properties":{"type":"ventilation","area":0.872499958243707,"subtype":"service"},"type":"Feature"},{"geometry":{"type":"Polygon","coordinates":[[[37.61064398,55.76317098],[37.61065074,55.76317335],[37.61066397,55.76316138],[37.61065721,55.763159],[37.61064398,55.76317098]]]},"properties":{"type":"ventilation","area":0.7854267081203881,"subtype":"service"},"type":"Feature"},{"geometry":{"type":"Polygon","coordinates":[[[37.61054114,55.76316577],[37.61053438,55.76316339],[37.61053438,55.76316339],[37.61051757,55.76317861],[37.61052433,55.76318098],[37.61054114,55.76316577]]]},"properties":{"type":"ventilation","area":0.9975000008837902,"subtype":"service"},"type":"Feature"},{"geometry":{"type":"Polygon","coordinates":[[[37.61055568,55.76320177],[37.61054244,55.76321375],[37.6105492,55.76321612],[37.61056244,55.76320415],[37.61055568,55.76320177]]]},"properties":{"type":"ventilation","area":0.7852500203745338,"subtype":"service"},"type":"Feature"},{"geometry":{"type":"Polygon","coordinates":[[[37.6107286,55.76326066],[37.61073536,55.76326303],[37.61075007,55.76324972],[37.6107433,55.76324735],[37.6107286,55.76326066]]]},"properties":{"type":"ventilation","area":0.8725000141926429,"subtype":"service"},"type":"Feature"},{"geometry":{"type":"Polygon","coordinates":[[[37.61131034,55.76334381],[37.61125726,55.76332517],[37.61119238,55.76338389],[37.6111924,55.76338389],[37.61124547,55.76340253],[37.61129856,55.76342117],[37.61135164,55.76343981],[37.61135164,55.76343981],[37.61136939,55.76342374],[37.61136263,55.76342137],[37.61136261,55.76342136],[37.61136259,55.76342134],[37.61136257,55.76342133],[37.61136256,55.76342131],[37.61136256,55.76342129],[37.61136256,55.76342128],[37.61136257,55.76342126],[37.61136258,55.76342124],[37.61137718,55.76340803],[37.6113772,55.76340802],[37.61137722,55.763408],[37.61137725,55.763408],[37.61137728,55.76340799],[37.61137731,55.76340799],[37.61137734,55.76340799],[37.61137737,55.76340799],[37.6113774,55.763408],[37.61138416,55.76341038],[37.61138416,55.76341038],[37.61141651,55.76338109],[37.61136343,55.76336245],[37.61131034,55.76334381]]]},"properties":{"type":"apartment","rooms":2,"totalArea":90.6598014656678,"livingArea":53.434484665277736,"apartmentType":999992},"type":"Feature"},{"geometry":{"type":"Polygon","coordinates":[[[37.611331,55.76339181],[37.61138407,55.76341045],[37.61141567,55.76338185],[37.61141581,55.7633817],[37.61141589,55.76338153],[37.61141591,55.76338135],[37.61141587,55.76338118],[37.61141577,55.76338101],[37.61141561,55.76338086],[37.61141541,55.76338072],[37.61141516,55.76338062],[37.61136479,55.76336293],[37.61136451,55.76336285],[37.61136421,55.7633628],[37.61136389,55.76336279],[37.61136358,55.76336282],[37.61136329,55.76336287],[37.61136302,55.76336296],[37.61136278,55.76336308],[37.61136259,55.76336322],[37.611331,55.76339181]]]},"properties":{"type":"room","subtype":"apartment","roomType":"KITCHEN","area":15.103006447085548},"type":"Feature"},{"geometry":{"type":"Polygon","coordinates":[[[37.6113251,55.76343049],[37.61135754,55.76340113],[37.611331,55.76339181],[37.61129941,55.76342041],[37.61129927,55.76342057],[37.61129919,55.76342074],[37.61129917,55.76342092],[37.61129921,55.76342109],[37.61129931,55.76342126],[37.61129946,55.76342141],[37.61129967,55.76342154],[37.61129992,55.76342165],[37.6113251,55.76343049]]]},"properties":{"type":"room","subtype":"apartment","roomType":"HALL","area":7.551503393620044},"type":"Feature"},{"geometry":{"type":"Polygon","coordinates":[[[37.61134294,55.76341435],[37.6113251,55.76343049],[37.61135029,55.76343934],[37.61135057,55.76343942],[37.61135087,55.76343946],[37.61135118,55.76343947],[37.61135149,55.76343945],[37.61135179,55.76343939],[37.61135206,55.76343931],[37.61135229,55.76343919],[37.61135248,55.76343905],[37.61136948,55.76342367],[37.61134294,55.76341435]]]},"properties":{"type":"room","subtype":"apartment","roomType":"BATHROOM","area":4.152338550786906},"type":"Feature"},{"geometry":{"type":"Polygon","coordinates":[[[37.61136272,55.76342129],[37.61137731,55.76340808],[37.61135754,55.76340113],[37.61134294,55.76341435],[37.61136272,55.76342129]]]},"properties":{"type":"room","subtype":"apartment","roomType":"TOILET","area":2.532914951457202},"type":"Feature"},{"geometry":{"type":"Polygon","coordinates":[[[37.6113136,55.76340756],[37.61136259,55.76336322],[37.61136273,55.76336306],[37.61136281,55.76336289],[37.61136283,55.76336271],[37.61136279,55.76336254],[37.61136269,55.76336237],[37.61136254,55.76336222],[37.61136233,55.76336209],[37.61136208,55.76336198],[37.6113117,55.76334428],[37.61131142,55.76334421],[37.61131112,55.76334416],[37.6113108,55.76334415],[37.61131049,55.76334417],[37.6113102,55.76334423],[37.61130993,55.76334432],[37.61130969,55.76334443],[37.6113095,55.76334457],[37.61126051,55.76338892],[37.6113136,55.76340756]]]},"properties":{"type":"room","subtype":"apartment","roomType":"BEDROOM","area":23.211984663599587},"type":"Feature"},{"geometry":{"type":"Polygon","coordinates":[[[37.61131034,55.76334381],[37.61131034,55.76334381],[37.61125726,55.76332517],[37.61119238,55.76338389],[37.6111924,55.76338389],[37.6111924,55.76338389],[37.61124547,55.76340253],[37.61131034,55.76334381]]]},"properties":{"type":"room","subtype":"apartment","roomType":"BEDROOM","area":30.222500001678146},"type":"Feature"},{"geometry":{"type":"Polygon","coordinates":[[[37.61131374,55.76340761],[37.61131375,55.76340759],[37.61131376,55.76340758],[37.61131376,55.76340756],[37.61131376,55.76340754],[37.61131375,55.76340752],[37.61131373,55.76340751],[37.61131371,55.7634075],[37.61131369,55.76340749],[37.6112606,55.76338884],[37.61126057,55.76338883],[37.61126054,55.76338883],[37.61126051,55.76338883],[37.61126048,55.76338883],[37.61126045,55.76338884],[37.61126042,55.76338884],[37.6112604,55.76338886],[37.61126038,55.76338887],[37.61124618,55.76340172],[37.61124617,55.76340173],[37.61124603,55.76340189],[37.61124602,55.7634019],[37.61124594,55.76340207],[37.61124594,55.76340209],[37.61124592,55.76340227],[37.61124592,55.76340228],[37.61124596,55.76340246],[37.61124597,55.76340248],[37.61124607,55.76340264],[37.61124608,55.76340266],[37.61124623,55.76340281],[37.61124625,55.76340283],[37.61124646,55.76340296],[37.61124648,55.76340297],[37.61124673,55.76340308],[37.61124674,55.76340308],[37.61129713,55.76342078],[37.61129714,55.76342078],[37.61129742,55.76342086],[37.61129745,55.76342086],[37.61129775,55.76342091],[37.61129778,55.76342091],[37.61129809,55.76342092],[37.61129812,55.76342092],[37.61129843,55.7634209],[37.61129846,55.7634209],[37.61129876,55.76342084],[37.61129879,55.76342083],[37.61129906,55.76342075],[37.61129909,55.76342074],[37.61129932,55.76342062],[37.61129934,55.76342061],[37.61129953,55.76342047],[37.61129954,55.76342046],[37.61131374,55.76340761]]]},"properties":{"type":"room","subtype":"apartment","roomType":"CORRIDOR","area":7.1153811487502665},"type":"Feature"},{"geometry":{"type":"Polygon","coordinates":[[[37.61127078,55.7633151],[37.61125898,55.76332577],[37.61130862,55.7633432],[37.61132041,55.76333253],[37.61127078,55.7633151]]]},"properties":{"type":"room","subtype":"apartment","roomType":"BALCONY","area":5.137256612674998},"type":"Feature"},{"geometry":{"type":"Polygon","coordinates":[[[37.6113247,55.76343035],[37.61132722,55.76342806],[37.61132273,55.76342649],[37.6113202,55.76342877],[37.6113247,55.76343035]]]},"properties":{"type":"room_object","subtype":"room","roomObjectType":"ELECTRICAL_BOX"},"type":"Feature"},{"geometry":{"type":"Polygon","coordinates":[[[37.61118396,55.76339151],[37.61125726,55.76332517],[37.61125726,55.76332517],[37.61120417,55.76330652],[37.61120417,55.76330652],[37.61114928,55.76335621],[37.61115604,55.76335858],[37.61115607,55.76335859],[37.61115609,55.76335861],[37.6111561,55.76335862],[37.61115611,55.76335864],[37.61115612,55.76335865],[37.61115611,55.76335867],[37.61115611,55.76335869],[37.61115609,55.7633587],[37.61113777,55.76337529],[37.61118396,55.76339151]]]},"properties":{"type":"apartment","rooms":0,"totalArea":34.14749852146485,"livingArea":25.610623615365178,"apartmentType":999990},"type":"Feature"},{"geometry":{"type":"Polygon","coordinates":[[[37.61120228,55.76337493],[37.61125726,55.76332517],[37.61125726,55.76332517],[37.61120417,55.76330652],[37.61120417,55.76330652],[37.61114919,55.76335628],[37.61120228,55.76337493]]]},"properties":{"type":"room","subtype":"apartment","roomType":"STUDIO","area":25.610623615365178},"type":"Feature"},{"geometry":{"type":"Polygon","coordinates":[[[37.61115596,55.76335866],[37.61113763,55.76337524],[37.61115741,55.76338219],[37.61117574,55.7633656],[37.61115596,55.76335866]]]},"properties":{"type":"room","subtype":"apartment","roomType":"JOINT_BATHROOM","area":3.180937452122924},"type":"Feature"},{"geometry":{"type":"Polygon","coordinates":[[[37.61118396,55.76339151],[37.61120228,55.76337493],[37.61117574,55.7633656],[37.61115741,55.76338219],[37.61118396,55.76339151]]]},"properties":{"type":"room","subtype":"apartment","roomType":"HALL","area":4.268437455596606},"type":"Feature"},{"geometry":{"type":"Polygon","coordinates":[[[37.61121867,55.7632968],[37.61120687,55.76330747],[37.61125553,55.76332456],[37.61126732,55.76331388],[37.61121867,55.7632968]]]},"properties":{"type":"room","subtype":"apartment","roomType":"BALCONY","area":5.036127835849404},"type":"Feature"},{"geometry":{"type":"Polygon","coordinates":[[[37.61120144,55.76337569],[37.61119738,55.76337426],[37.61119338,55.76337789],[37.61119744,55.76337931],[37.61120144,55.76337569]]]},"properties":{"type":"room_object","subtype":"room","roomObjectType":"ELECTRICAL_BOX"},"type":"Feature"},{"geometry":{"type":"Polygon","coordinates":[[[37.61111066,55.76345786],[37.61118396,55.76339151],[37.61118396,55.76339151],[37.61113777,55.76337529],[37.61113777,55.76337529],[37.61111944,55.76339188],[37.61111942,55.76339189],[37.6111194,55.7633919],[37.61111937,55.76339191],[37.61111934,55.76339192],[37.61111931,55.76339192],[37.61111928,55.76339192],[37.61111925,55.76339192],[37.61111922,55.76339191],[37.61111246,55.76338953],[37.61105757,55.76343922],[37.61105757,55.76343922],[37.61111066,55.76345786]]]},"properties":{"type":"apartment","rooms":0,"totalArea":34.14750148356352,"livingArea":25.61062638889949,"apartmentType":999990},"type":"Feature"},{"geometry":{"type":"Polygon","coordinates":[[[37.61111255,55.76338946],[37.61105757,55.76343922],[37.61105757,55.76343922],[37.61111066,55.76345786],[37.61116564,55.7634081],[37.61111255,55.76338946]]]},"properties":{"type":"room","subtype":"apartment","roomType":"STUDIO","area":25.61062638889949},"type":"Feature"},{"geometry":{"type":"Polygon","coordinates":[[[37.61111931,55.76339183],[37.61113909,55.76339878],[37.61115741,55.76338219],[37.61113763,55.76337524],[37.61111931,55.76339183]]]},"properties":{"type":"room","subtype":"apartment","roomType":"JOINT_BATHROOM","area":3.180937829771725},"type":"Feature"},{"geometry":{"type":"Polygon","coordinates":[[[37.61113909,55.76339878],[37.61116564,55.7634081],[37.61118396,55.76339151],[37.61118396,55.76339151],[37.61115741,55.76338219],[37.61113909,55.76339878]]]},"properties":{"type":"room","subtype":"apartment","roomType":"HALL","area":4.268437264660765},"type":"Feature"},{"geometry":{"type":"Polygon","coordinates":[[[37.61109714,55.76346793],[37.61110893,55.76345725],[37.61106028,55.76344017],[37.61104848,55.76345084],[37.61109714,55.76346793]]]},"properties":{"type":"room","subtype":"apartment","roomType":"BALCONY","area":5.0361287789246925},"type":"Feature"},{"geometry":{"type":"Polygon","coordinates":[[[37.61111066,55.76345786],[37.61116375,55.7634765],[37.61121684,55.76349515],[37.61128171,55.76343643],[37.61122862,55.76341778],[37.61117553,55.76339914],[37.61115778,55.76341521],[37.61115779,55.76341521],[37.61116455,55.76341759],[37.61116458,55.7634176],[37.6111646,55.76341761],[37.61116461,55.76341763],[37.61116462,55.76341764],[37.61116463,55.76341766],[37.61116463,55.76341768],[37.61116462,55.7634177],[37.6111646,55.76341771],[37.61115001,55.76343092],[37.61114999,55.76343094],[37.61114996,55.76343095],[37.61114994,55.76343096],[37.61114991,55.76343096],[37.61114988,55.76343097],[37.61114984,55.76343096],[37.61114981,55.76343096],[37.61114979,55.76343095],[37.61114302,55.76342858],[37.61114302,55.76342857],[37.61111066,55.76345786]]]},"properties":{"type":"apartment","rooms":1,"totalArea":60.44499742831312,"livingArea":30.222497422934403,"apartmentType":999991},"type":"Feature"},{"geometry":{"type":"Polygon","coordinates":[[[37.61114311,55.7634285],[37.61111151,55.7634571],[37.61111137,55.76345726],[37.61111129,55.76345743],[37.61111127,55.7634576],[37.61111131,55.76345778],[37.61111141,55.76345794],[37.61111156,55.7634581],[37.61111177,55.76345823],[37.61111202,55.76345834],[37.6111624,55.76347603],[37.61116268,55.76347611],[37.61116298,55.76347615],[37.61116329,55.76347616],[37.6111636,55.76347614],[37.6111639,55.76347609],[37.61116417,55.763476],[37.6111644,55.76347588],[37.6111646,55.76347574],[37.61119619,55.76344715],[37.61114311,55.7634285]]]},"properties":{"type":"room","subtype":"apartment","roomType":"KITCHEN","area":15.105894009308615},"type":"Feature"},{"geometry":{"type":"Polygon","coordinates":[[[37.61116965,55.76343782],[37.61119619,55.76344715],[37.61122778,55.76341855],[37.61122792,55.76341839],[37.611228,55.76341822],[37.61122802,55.76341804],[37.61122798,55.76341787],[37.61122788,55.7634177],[37.61122772,55.76341755],[37.61122752,55.76341742],[37.61122727,55.76341731],[37.61120209,55.76340847],[37.61116965,55.76343782]]]},"properties":{"type":"room","subtype":"apartment","roomType":"HALL","area":7.551041214029084},"type":"Feature"},{"geometry":{"type":"Polygon","coordinates":[[[37.61115771,55.76341529],[37.61118425,55.76342461],[37.61120209,55.76340847],[37.6111769,55.76339962],[37.61117662,55.76339954],[37.61117632,55.7633995],[37.61117601,55.76339948],[37.6111757,55.76339951],[37.6111754,55.76339956],[37.61117513,55.76339965],[37.6111749,55.76339977],[37.61117471,55.76339991],[37.61115771,55.76341529]]]},"properties":{"type":"room","subtype":"apartment","roomType":"BATHROOM","area":4.153010589557514},"type":"Feature"},{"geometry":{"type":"Polygon","coordinates":[[[37.61114987,55.76343088],[37.61116965,55.76343782],[37.61118425,55.76342461],[37.61116447,55.76341766],[37.61114987,55.76343088]]]},"properties":{"type":"room","subtype":"apartment","roomType":"TOILET","area":2.5336687754928002},"type":"Feature"},{"geometry":{"type":"Polygon","coordinates":[[[37.61116375,55.7634765],[37.61116375,55.7634765],[37.61121684,55.76349515],[37.61128171,55.76343643],[37.61122862,55.76341778],[37.61116375,55.7634765]]]},"properties":{"type":"room","subtype":"apartment","roomType":"BEDROOM","area":30.222497422934403},"type":"Feature"},{"geometry":{"type":"Polygon","coordinates":[[[37.61115023,55.76348657],[37.61116202,55.7634759],[37.61111239,55.76345847],[37.6111006,55.76346914],[37.61115023,55.76348657]]]},"properties":{"type":"room","subtype":"apartment","roomType":"BALCONY","area":5.137239172096099},"type":"Feature"},{"geometry":{"type":"Polygon","coordinates":[[[37.61120332,55.76350522],[37.61121511,55.76349454],[37.61116548,55.76347711],[37.61115369,55.76348779],[37.61120332,55.76350522]]]},"properties":{"type":"room","subtype":"apartment","roomType":"BALCONY","area":5.13725578230885},"type":"Feature"},{"geometry":{"type":"Polygon","coordinates":[[[37.6112025,55.76340861],[37.61119997,55.7634109],[37.61120445,55.76341247],[37.61120698,55.76341018],[37.6112025,55.76340861]]]},"properties":{"type":"room_object","subtype":"room","roomObjectType":"ELECTRICAL_BOX"},"type":"Feature"},{"geometry":{"type":"Polygon","coordinates":[[[37.61121684,55.76349515],[37.61126993,55.76351379],[37.6113185,55.76346983],[37.61131174,55.76346745],[37.61131171,55.76346744],[37.61131169,55.76346743],[37.61131168,55.76346741],[37.61131167,55.7634674],[37.61131166,55.76346738],[37.61131167,55.76346736],[37.61131167,55.76346734],[37.61131169,55.76346733],[37.6113279,55.76345265],[37.61128171,55.76343643],[37.61121684,55.76349515]]]},"properties":{"type":"apartment","rooms":0,"totalArea":30.222500002826152,"livingArea":22.666875055108505,"apartmentType":999990},"type":"Feature"},{"geometry":{"type":"Polygon","coordinates":[[[37.61131859,55.76346975],[37.6112655,55.76345111],[37.61121684,55.76349515],[37.61126993,55.76351379],[37.61131859,55.76346975]]]},"properties":{"type":"room","subtype":"apartment","roomType":"STUDIO","area":22.666875055108505},"type":"Feature"},{"geometry":{"type":"Polygon","coordinates":[[[37.61130826,55.76344575],[37.61129204,55.76346043],[37.61131182,55.76346738],[37.61132804,55.7634527],[37.61130826,55.76344575]]]},"properties":{"type":"room","subtype":"apartment","roomType":"JOINT_BATHROOM","area":2.8153125118894713},"type":"Feature"},{"geometry":{"type":"Polygon","coordinates":[[[37.61130826,55.76344575],[37.61128171,55.76343643],[37.6112655,55.76345111],[37.61129204,55.76346043],[37.61130826,55.76344575]]]},"properties":{"type":"room","subtype":"apartment","roomType":"HALL","area":3.777812417571002},"type":"Feature"},{"geometry":{"type":"Polygon","coordinates":[[[37.61125641,55.76352386],[37.6112682,55.76351318],[37.61121857,55.76349575],[37.61120678,55.76350643],[37.61125641,55.76352386]]]},"properties":{"type":"room","subtype":"apartment","roomType":"BALCONY","area":5.137256616092977},"type":"Feature"},{"geometry":{"type":"Polygon","coordinates":[[[37.61128307,55.7634369],[37.61128054,55.76343919],[37.6112846,55.76344061],[37.61128712,55.76343833],[37.61128307,55.7634369]]]},"properties":{"type":"room_object","subtype":"room","roomObjectType":"ELECTRICAL_BOX"},"type":"Feature"},{"geometry":{"type":"Polygon","coordinates":[[[37.61126993,55.76351379],[37.61132877,55.76353445],[37.61137734,55.76349049],[37.61137058,55.76348811],[37.61137055,55.7634881],[37.61137053,55.76348809],[37.61137052,55.76348808],[37.61137051,55.76348806],[37.6113705,55.76348804],[37.6113705,55.76348802],[37.61137051,55.76348801],[37.61137053,55.76348799],[37.61138674,55.76347331],[37.6113348,55.76345507],[37.61126993,55.76351379]]]},"properties":{"type":"apartment","rooms":0,"totalArea":33.49500000276544,"livingArea":25.121250080540914,"apartmentType":999990},"type":"Feature"},{"geometry":{"type":"Polygon","coordinates":[[[37.61137742,55.76349041],[37.61131859,55.76346975],[37.61126993,55.76351379],[37.61132877,55.76353445],[37.61137742,55.76349041]]]},"properties":{"type":"room","subtype":"apartment","roomType":"STUDIO","area":25.121250080540914},"type":"Feature"},{"geometry":{"type":"Polygon","coordinates":[[[37.611348,55.76348008],[37.61137066,55.76348804],[37.61138688,55.76347336],[37.61136422,55.7634654],[37.611348,55.76348008]]]},"properties":{"type":"room","subtype":"apartment","roomType":"JOINT_BATHROOM","area":3.2243750134179145},"type":"Feature"},{"geometry":{"type":"Polygon","coordinates":[[[37.611348,55.76348008],[37.61136422,55.7634654],[37.6113348,55.76345507],[37.61131859,55.76346975],[37.611348,55.76348008]]]},"properties":{"type":"room","subtype":"apartment","roomType":"HALL","area":4.1868748900424935},"type":"Feature"},{"geometry":{"type":"Polygon","coordinates":[[[37.61131525,55.76354452],[37.61132704,55.76353385],[37.61127166,55.7635144],[37.61125987,55.76352508],[37.61131525,55.76354452]]]},"properties":{"type":"room","subtype":"apartment","roomType":"BALCONY","area":5.732256616427629},"type":"Feature"},{"geometry":{"type":"Polygon","coordinates":[[[37.61136034,55.76346721],[37.61136287,55.76346493],[37.61135644,55.76346267],[37.61135392,55.76346496],[37.61136034,55.76346721]]]},"properties":{"type":"room_object","subtype":"room","roomObjectType":"ELECTRICAL_BOX"},"type":"Feature"},{"geometry":{"type":"Polygon","coordinates":[[[37.61132877,55.76353445],[37.6113876,55.76355511],[37.61143616,55.76351115],[37.6114294,55.76350877],[37.61142938,55.76350876],[37.61142936,55.76350875],[37.61142934,55.76350873],[37.61142933,55.76350872],[37.61142933,55.7635087],[37.61142933,55.76350868],[37.61142934,55.76350866],[37.61142935,55.76350865],[37.61144557,55.76349397],[37.61139364,55.76347573],[37.61132877,55.76353445]]]},"properties":{"type":"apartment","rooms":0,"totalArea":33.48730000581271,"livingArea":25.1154750825551,"apartmentType":999990},"type":"Feature"},{"geometry":{"type":"Polygon","coordinates":[[[37.61132877,55.76353445],[37.6113876,55.76355511],[37.61143625,55.76351107],[37.61137742,55.76349041],[37.61132877,55.76353445]]]},"properties":{"type":"room","subtype":"apartment","roomType":"STUDIO","area":25.1154750825551},"type":"Feature"},{"geometry":{"type":"Polygon","coordinates":[[[37.6114457,55.76349402],[37.61142305,55.76348606],[37.61140684,55.76350074],[37.61142949,55.7635087],[37.6114457,55.76349402]]]},"properties":{"type":"room","subtype":"apartment","roomType":"JOINT_BATHROOM","area":3.2234125107965665},"type":"Feature"},{"geometry":{"type":"Polygon","coordinates":[[[37.61142305,55.76348606],[37.61139364,55.76347573],[37.61137742,55.76349041],[37.61140684,55.76350074],[37.61142305,55.76348606]]]},"properties":{"type":"room","subtype":"apartment","roomType":"HALL","area":4.185912391983995},"type":"Feature"},{"geometry":{"type":"Polygon","coordinates":[[[37.61137407,55.76356518],[37.61138587,55.76355451],[37.6113305,55.76353506],[37.6113187,55.76354574],[37.61137407,55.76356518]]]},"properties":{"type":"room","subtype":"apartment","roomType":"BALCONY","area":5.73085661296509},"type":"Feature"},{"geometry":{"type":"Polygon","coordinates":[[[37.61141917,55.76348787],[37.6114217,55.76348559],[37.61141528,55.76348333],[37.61141276,55.76348562],[37.61141917,55.76348787]]]},"properties":{"type":"room_object","subtype":"room","roomObjectType":"ELECTRICAL_BOX"},"type":"Feature"},{"geometry":{"type":"Polygon","coordinates":[[[37.61138762,55.76355512],[37.61150529,55.76359644],[37.61150529,55.76359644],[37.61154193,55.76356327],[37.61157858,55.76353009],[37.61147443,55.76349352],[37.61147443,55.76349352],[37.61146601,55.76350115],[37.61145249,55.7634964],[37.61142427,55.76352195],[37.61138762,55.76355512]],[[37.61148745,55.76353884],[37.61148324,55.76354266],[37.61148322,55.76354267],[37.61148319,55.76354268],[37.61148317,55.76354269],[37.61148314,55.7635427],[37.61148311,55.7635427],[37.61148308,55.7635427],[37.61148305,55.76354269],[37.61148302,55.76354268],[37.61145654,55.76353339],[37.61145652,55.76353338],[37.6114565,55.76353336],[37.61145648,55.76353335],[37.61145647,55.76353333],[37.61145647,55.76353331],[37.61145647,55.7635333],[37.61145648,55.76353328],[37.61145649,55.76353326],[37.6114607,55.76352945],[37.61146072,55.76352944],[37.61146075,55.76352942],[37.61146077,55.76352942],[37.6114608,55.76352941],[37.61146084,55.76352941],[37.61146087,55.76352941],[37.6114609,55.76352941],[37.61146092,55.76352942],[37.6114874,55.76353872],[37.61148742,55.76353873],[37.61148744,55.76353874],[37.61148746,55.76353876],[37.61148747,55.76353877],[37.61148747,55.76353879],[37.61148747,55.76353881],[37.61148746,55.76353883],[37.61148745,55.76353884]]]},"properties":{"type":"apartment","rooms":1,"totalArea":74.68230123525267,"livingArea":37.84065096442409,"apartmentType":999991},"type":"Feature"},{"geometry":{"type":"Polygon","coordinates":[[[37.61151975,55.76350943],[37.6114831,55.76354261],[37.61154058,55.76356279],[37.61154086,55.76356287],[37.61154116,55.76356292],[37.61154147,55.76356293],[37.61154178,55.76356291],[37.61154208,55.76356285],[37.61154235,55.76356276],[37.61154259,55.76356264],[37.61154278,55.76356251],[37.61157774,55.76353086],[37.61157788,55.7635307],[37.61157796,55.76353053],[37.61157798,55.76353035],[37.61157794,55.76353018],[37.61157784,55.76353001],[37.61157768,55.76352986],[37.61157748,55.76352973],[37.61157723,55.76352962],[37.61151975,55.76350943]]]},"properties":{"type":"room","subtype":"apartment","roomType":"KITCHEN","area":18.915932474186796},"type":"Feature"},{"geometry":{"type":"Polygon","coordinates":[[[37.61150143,55.76352602],[37.61151975,55.76350943],[37.61147578,55.76349399],[37.6114755,55.76349392],[37.6114752,55.76349387],[37.61147489,55.76349386],[37.61147458,55.76349388],[37.61147428,55.76349394],[37.61147401,55.76349403],[37.61147378,55.76349414],[37.61147359,55.76349428],[37.61146605,55.76350111],[37.611466,55.76350114],[37.61146595,55.76350112],[37.61145385,55.76349688],[37.61145357,55.7634968],[37.61145326,55.76349675],[37.61145295,55.76349674],[37.61145264,55.76349676],[37.61145235,55.76349682],[37.61145208,55.76349691],[37.61145184,55.76349702],[37.61145165,55.76349716],[37.61144259,55.76350536],[37.61150143,55.76352602]]]},"properties":{"type":"room","subtype":"apartment","roomType":"HALL","area":8.456771716159666},"type":"Feature"},{"geometry":{"type":"Polygon","coordinates":[[[37.61147495,55.76351672],[37.61144259,55.76350536],[37.61142511,55.76352119],[37.61142497,55.76352134],[37.61142489,55.76352151],[37.61142487,55.76352169],[37.61142491,55.76352186],[37.61142501,55.76352203],[37.61142517,55.76352218],[37.61142538,55.76352232],[37.61142562,55.76352242],[37.61145663,55.76353331],[37.61147495,55.76351672]]]},"properties":{"type":"room","subtype":"apartment","roomType":"BATHROOM","area":5.200893089323519},"type":"Feature"},{"geometry":{"type":"Polygon","coordinates":[[[37.61146084,55.7635295],[37.61148731,55.76353879],[37.61150143,55.76352602],[37.61147495,55.76351672],[37.61146084,55.7635295]]]},"properties":{"type":"room","subtype":"apartment","roomType":"TOILET","area":3.2784356467525084},"type":"Feature"},{"geometry":{"type":"Polygon","coordinates":[[[37.61138762,55.76355512],[37.61150529,55.76359644],[37.61150529,55.76359644],[37.61154193,55.76356327],[37.61154193,55.76356327],[37.61142427,55.76352195],[37.61138762,55.76355512]]]},"properties":{"type":"room","subtype":"apartment","roomType":"BEDROOM","area":37.84065096442409},"type":"Feature"},{"geometry":{"type":"Polygon","coordinates":[[[37.61149079,55.76360617],[37.61150258,55.76359549],[37.61138935,55.76355573],[37.61137756,55.7635664],[37.61149079,55.76360617]]]},"properties":{"type":"room","subtype":"apartment","roomType":"BALCONY","area":11.719728667785875},"type":"Feature"},{"geometry":{"type":"Polygon","coordinates":[[[37.61147443,55.76349352],[37.61150294,55.76350353],[37.61150294,55.76350353],[37.61150715,55.76349972],[37.61150717,55.7634997],[37.61150719,55.76349969],[37.61150722,55.76349968],[37.61150725,55.76349968],[37.61150728,55.76349967],[37.61150731,55.76349968],[37.61150734,55.76349968],[37.61150737,55.76349969],[37.6115308,55.76350792],[37.61153083,55.76350793],[37.61153085,55.76350794],[37.61153086,55.76350796],[37.61153087,55.76350797],[37.61153088,55.76350799],[37.61153088,55.76350801],[37.61153087,55.76350803],[37.61153085,55.76350804],[37.61152664,55.76351185],[37.61157858,55.76353009],[37.61157858,55.76353009],[37.61161523,55.76349692],[37.61165188,55.76346375],[37.61154773,55.76342717],[37.61154773,55.76342717],[37.61151108,55.76346035],[37.61147443,55.76349352]]]},"properties":{"type":"apartment","rooms":1,"totalArea":66.99000000814577,"livingArea":33.49500000431683,"apartmentType":999991},"type":"Feature"},{"geometry":{"type":"Polygon","coordinates":[[[37.61152651,55.76351181],[37.61157723,55.76352962],[37.61157751,55.7635297],[37.61157781,55.76352974],[37.61157812,55.76352975],[37.61157843,55.76352973],[37.61157873,55.76352968],[37.611579,55.76352959],[37.61157923,55.76352947],[37.61157942,55.76352933],[37.61161439,55.76349768],[37.61161453,55.76349753],[37.61161461,55.76349736],[37.61161463,55.76349718],[37.61161459,55.763497],[37.61161449,55.76349684],[37.61161433,55.76349669],[37.61161412,55.76349655],[37.61161388,55.76349645],[37.61156315,55.76347863],[37.61152651,55.76351181]]]},"properties":{"type":"room","subtype":"apartment","roomType":"KITCHEN","area":16.74310722908348},"type":"Feature"},{"geometry":{"type":"Polygon","coordinates":[[[37.61154483,55.76349522],[37.61156315,55.76347863],[37.61151243,55.76346082],[37.61151215,55.76346074],[37.61151185,55.7634607],[37.61151154,55.76346069],[37.61151123,55.76346071],[37.61151093,55.76346076],[37.61151066,55.76346085],[37.61151043,55.76346097],[37.61151024,55.76346111],[37.61149275,55.76347693],[37.61154483,55.76349522]]]},"properties":{"type":"room","subtype":"apartment","roomType":"HALL","area":8.371553605839148},"type":"Feature"},{"geometry":{"type":"Polygon","coordinates":[[[37.6115214,55.76348699],[37.61149275,55.76347693],[37.61147527,55.76349276],[37.61147513,55.76349291],[37.61147505,55.76349308],[37.61147503,55.76349326],[37.61147507,55.76349344],[37.61147517,55.7634936],[37.61147533,55.76349375],[37.61147554,55.76349389],[37.61147578,55.76349399],[37.61150307,55.76350358],[37.6115214,55.76348699]]]},"properties":{"type":"room","subtype":"apartment","roomType":"BATHROOM","area":4.603366121048345},"type":"Feature"},{"geometry":{"type":"Polygon","coordinates":[[[37.61150728,55.76349976],[37.61153072,55.76350799],[37.61154483,55.76349522],[37.6115214,55.76348699],[37.61150728,55.76349976]]]},"properties":{"type":"room","subtype":"apartment","roomType":"TOILET","area":2.901937502755846},"type":"Feature"},{"geometry":{"type":"Polygon","coordinates":[[[37.61151108,55.76346035],[37.61154773,55.76342717],[37.61154773,55.76342717],[37.61154773,55.76342717],[37.61165188,55.76346375],[37.61161523,55.76349692],[37.61161523,55.76349692],[37.61161523,55.76349692],[37.61151108,55.76346035]]]},"properties":{"type":"room","subtype":"apartment","roomType":"BEDROOM","area":33.49500000431683},"type":"Feature"},{"geometry":{"type":"Polygon","coordinates":[[[37.61166974,55.76347137],[37.6116508,55.76346472],[37.61161631,55.76349595],[37.61163524,55.7635026],[37.61166974,55.76347137]]]},"properties":{"type":"room","subtype":"apartment","roomType":"BALCONY","area":5.732256612875563},"type":"Feature"},{"geometry":{"type":"Polygon","coordinates":[[[37.61163309,55.76350454],[37.61161415,55.76349789],[37.61157966,55.76352912],[37.61159859,55.76353577],[37.61163309,55.76350454]]]},"properties":{"type":"room","subtype":"apartment","roomType":"BALCONY","area":5.732256612794017},"type":"Feature"},{"geometry":{"type":"Polygon","coordinates":[[[37.61149339,55.76347636],[37.61149744,55.76347779],[37.61150166,55.76347397],[37.6114976,55.76347255],[37.61149339,55.76347636]]]},"properties":{"type":"room_object","subtype":"room","roomObjectType":"ELECTRICAL_BOX"},"type":"Feature"},{"geometry":{"type":"Polygon","coordinates":[[[37.61157148,55.76340567],[37.61154773,55.76342717],[37.61165188,55.76346375],[37.61165188,55.76346375],[37.61165188,55.76346375],[37.61167993,55.76343835],[37.61160195,55.76341097],[37.61160195,55.76341097],[37.61159774,55.76341478],[37.61159772,55.7634148],[37.6115977,55.76341481],[37.61159767,55.76341482],[37.61159764,55.76341482],[37.61159761,55.76341482],[37.61159758,55.76341482],[37.61159755,55.76341482],[37.61159752,55.76341481],[37.61157148,55.76340567],[37.61157148,55.76340567]]]},"properties":{"type":"apartment","rooms":0,"totalArea":25.641000000672825,"livingArea":19.230749999520718,"apartmentType":999990},"type":"Feature"},{"geometry":{"type":"Polygon","coordinates":[[[37.61157376,55.76343632],[37.61165188,55.76346375],[37.61165188,55.76346375],[37.61165188,55.76346375],[37.61167993,55.76343835],[37.61160182,55.76341092],[37.61157376,55.76343632]]]},"properties":{"type":"room","subtype":"apartment","roomType":"STUDIO","area":19.230749999520718},"type":"Feature"},{"geometry":{"type":"Polygon","coordinates":[[[37.61158779,55.76342362],[37.61159761,55.76341473],[37.61157157,55.76340559],[37.61156175,55.76341447],[37.61158779,55.76342362]]]},"properties":{"type":"room","subtype":"apartment","roomType":"JOINT_BATHROOM","area":2.2426250029657515},"type":"Feature"},{"geometry":{"type":"Polygon","coordinates":[[[37.61158779,55.76342362],[37.61156175,55.76341447],[37.61154773,55.76342717],[37.61157376,55.76343632],[37.61158779,55.76342362]]]},"properties":{"type":"room","subtype":"apartment","roomType":"HALL","area":3.205124999250502},"type":"Feature"},{"geometry":{"type":"Polygon","coordinates":[[[37.61169779,55.76344598],[37.61167886,55.76343933],[37.61165295,55.76346277],[37.61167189,55.76346942],[37.61169779,55.76344598]]]},"properties":{"type":"room","subtype":"apartment","roomType":"BALCONY","area":4.304256611262006},"type":"Feature"},{"geometry":{"type":"Polygon","coordinates":[[[37.61154857,55.76342641],[37.61155263,55.76342783],[37.61155515,55.76342555],[37.6115511,55.76342412],[37.61154857,55.76342641]]]},"properties":{"type":"room_object","subtype":"room","roomObjectType":"ELECTRICAL_BOX"},"type":"Feature"},{"geometry":{"type":"Polygon","coordinates":[[[37.61157578,55.76340178],[37.61160429,55.76341179],[37.6116085,55.76340797],[37.61160852,55.76340796],[37.61160854,55.76340795],[37.61160857,55.76340794],[37.6116086,55.76340793],[37.61160863,55.76340793],[37.61160866,55.76340793],[37.61160869,55.76340794],[37.61160872,55.76340795],[37.61163215,55.76341617],[37.61163218,55.76341619],[37.6116322,55.7634162],[37.61163221,55.76341621],[37.61163222,55.76341623],[37.61163223,55.76341625],[37.61163223,55.76341627],[37.61163222,55.76341628],[37.6116322,55.7634163],[37.61162799,55.76342011],[37.61167993,55.76343835],[37.61167993,55.76343835],[37.61170799,55.76341296],[37.61173604,55.76338756],[37.61176409,55.76336217],[37.61164642,55.76332084],[37.61164642,55.76332084],[37.61161836,55.76334624],[37.61163188,55.76335099],[37.61160384,55.76337638],[37.61157578,55.76340178]]]},"properties":{"type":"apartment","rooms":2,"totalArea":80.25349988769906,"livingArea":48.66381591530018,"apartmentType":999992},"type":"Feature"},{"geometry":{"type":"Polygon","coordinates":[[[37.61165591,55.76339467],[37.61162786,55.76342006],[37.61167858,55.76343788],[37.61167886,55.76343795],[37.61167916,55.763438],[37.61167947,55.76343801],[37.61167978,55.76343799],[37.61168008,55.76343793],[37.61168035,55.76343784],[37.61168058,55.76343773],[37.61168077,55.76343759],[37.61170714,55.76341372],[37.61170728,55.76341356],[37.61170736,55.76341339],[37.61170738,55.76341322],[37.61170734,55.76341304],[37.61170724,55.76341287],[37.61170709,55.76341272],[37.61170688,55.76341259],[37.61170663,55.76341248],[37.61165591,55.76339467]]]},"properties":{"type":"room","subtype":"apartment","roomType":"KITCHEN","area":12.816107227840062},"type":"Feature"},{"geometry":{"type":"Polygon","coordinates":[[[37.61158981,55.76338908],[37.61164188,55.76340737],[37.61165591,55.76339467],[37.61160519,55.76337686],[37.61160491,55.76337678],[37.61160461,55.76337673],[37.61160429,55.76337672],[37.61160398,55.76337674],[37.61160369,55.7633768],[37.61160342,55.76337689],[37.61160318,55.763377],[37.61160299,55.76337714],[37.61158981,55.76338908]]]},"properties":{"type":"room","subtype":"apartment","roomType":"HALL","area":6.408053613201799},"type":"Feature"},{"geometry":{"type":"Polygon","coordinates":[[[37.61160442,55.76341183],[37.61161845,55.76339914],[37.61158981,55.76338908],[37.61157662,55.76340101],[37.61157648,55.76340117],[37.6115764,55.76340134],[37.61157638,55.76340152],[37.61157642,55.76340169],[37.61157652,55.76340186],[37.61157668,55.76340201],[37.61157689,55.76340214],[37.61157713,55.76340225],[37.61160442,55.76341183]]]},"properties":{"type":"room","subtype":"apartment","roomType":"BATHROOM","area":3.523441115450103},"type":"Feature"},{"geometry":{"type":"Polygon","coordinates":[[[37.61163207,55.76341625],[37.61164188,55.76340737],[37.61161845,55.76339914],[37.61160863,55.76340802],[37.61163207,55.76341625]]]},"properties":{"type":"room","subtype":"apartment","roomType":"TOILET","area":2.0183625003226595},"type":"Feature"},{"geometry":{"type":"Polygon","coordinates":[[[37.61162798,55.76338486],[37.61170663,55.76341248],[37.61170691,55.76341256],[37.61170722,55.76341261],[37.61170753,55.76341262],[37.61170784,55.76341259],[37.61170813,55.76341254],[37.6117084,55.76341245],[37.61170864,55.76341233],[37.61170883,55.76341219],[37.6117352,55.76338832],[37.61173534,55.76338817],[37.61173542,55.763388],[37.61173544,55.76338782],[37.6117354,55.76338765],[37.6117353,55.76338748],[37.61173514,55.76338733],[37.61173494,55.76338719],[37.61173469,55.76338709],[37.61165603,55.76335946],[37.61162798,55.76338486]]]},"properties":{"type":"room","subtype":"apartment","roomType":"BEDROOM","area":19.692816024507817},"type":"Feature"},{"geometry":{"type":"Polygon","coordinates":[[[37.61173604,55.76338756],[37.61173604,55.76338756],[37.61161836,55.76334624],[37.61164642,55.76332084],[37.61164642,55.76332084],[37.61176409,55.76336217],[37.61176409,55.76336217],[37.61173604,55.76338756],[37.61173604,55.76338756]]]},"properties":{"type":"room","subtype":"apartment","roomType":"BEDROOM","area":28.97099989079236},"type":"Feature"},{"geometry":{"type":"Polygon","coordinates":[[[37.61165616,55.76335951],[37.61165618,55.7633595],[37.61165619,55.76335948],[37.61165619,55.76335946],[37.61165618,55.76335944],[37.61165617,55.76335943],[37.61165616,55.76335941],[37.61165614,55.7633594],[37.61165611,55.76335939],[37.61163333,55.76335139],[37.61163331,55.76335138],[37.61163303,55.7633513],[37.611633,55.7633513],[37.6116327,55.76335125],[37.61163267,55.76335125],[37.61163236,55.76335124],[37.61163233,55.76335124],[37.61163202,55.76335126],[37.61163199,55.76335126],[37.61163169,55.76335132],[37.61163166,55.76335133],[37.61163139,55.76335142],[37.61163137,55.76335143],[37.61163113,55.76335154],[37.61163111,55.76335155],[37.61163092,55.76335169],[37.61163091,55.7633517],[37.61160454,55.76337557],[37.61160453,55.76337558],[37.6116044,55.76337574],[37.61160439,55.76337575],[37.6116043,55.76337592],[37.6116043,55.76337594],[37.61160428,55.76337612],[37.61160428,55.76337613],[37.61160432,55.76337631],[37.61160433,55.76337633],[37.61160443,55.76337649],[37.61160444,55.76337651],[37.6116046,55.76337666],[37.61160461,55.76337668],[37.61160482,55.76337681],[37.61160484,55.76337682],[37.61160509,55.76337693],[37.6116051,55.76337693],[37.6116279,55.76338494],[37.61162792,55.76338495],[37.61162796,55.76338495],[37.61162799,55.76338495],[37.61162802,55.76338495],[37.61162805,55.76338494],[37.61162807,55.76338493],[37.6116281,55.76338492],[37.61162812,55.76338491],[37.61165616,55.76335951]]]},"properties":{"type":"room","subtype":"apartment","roomType":"CORRIDOR","area":6.041145657590185},"type":"Feature"},{"geometry":{"type":"Polygon","coordinates":[[[37.61172585,55.76342058],[37.61170691,55.76341393],[37.61168101,55.76343738],[37.61169994,55.76344403],[37.61172585,55.76342058]]]},"properties":{"type":"room","subtype":"apartment","roomType":"BALCONY","area":4.304256612701484},"type":"Feature"},{"geometry":{"type":"Polygon","coordinates":[[[37.6116068,55.7633788],[37.61160274,55.76337737],[37.61160047,55.76337943],[37.61160452,55.76338086],[37.6116068,55.7633788]]]},"properties":{"type":"room_object","subtype":"room","roomObjectType":"ELECTRICAL_BOX"},"type":"Feature"},{"geometry":{"type":"Polygon","coordinates":[[[37.61141654,55.7633811],[37.61146846,55.76339934],[37.61146846,55.76339934],[37.61147352,55.76339476],[37.61147354,55.76339475],[37.61147356,55.76339474],[37.61147359,55.76339473],[37.61147362,55.76339472],[37.61147365,55.76339472],[37.61147368,55.76339472],[37.61147371,55.76339472],[37.61147374,55.76339473],[37.61152581,55.76341302],[37.61152581,55.76341302],[37.61154873,55.76339228],[37.61157678,55.76336688],[37.61160483,55.76334149],[37.61161836,55.76334624],[37.61161836,55.76334624],[37.61164212,55.76332473],[37.61164212,55.76332473],[37.61160553,55.76331188],[37.61160551,55.76331187],[37.61160549,55.76331186],[37.61160547,55.76331184],[37.61160546,55.76331183],[37.61160546,55.76331181],[37.61160546,55.76331179],[37.61160547,55.76331177],[37.61160548,55.76331176],[37.61160969,55.76330795],[37.61152874,55.76327952],[37.61152874,55.76327952],[37.61150069,55.76330491],[37.61147263,55.76333031],[37.61144458,55.7633557],[37.61142075,55.76337727],[37.61142075,55.76337727],[37.61142075,55.76337728],[37.61142074,55.76337728],[37.61141654,55.7633811]]]},"properties":{"type":"apartment","rooms":3,"totalArea":105.89424950070047,"livingArea":59.34407179416661,"apartmentType":999993},"type":"Feature"},{"geometry":{"type":"Polygon","coordinates":[[[37.61149665,55.76337399],[37.61144593,55.76335618],[37.61144565,55.7633561],[37.61144535,55.76335605],[37.61144504,55.76335604],[37.61144473,55.76335606],[37.61144443,55.76335612],[37.61144416,55.76335621],[37.61144393,55.76335632],[37.61144374,55.76335646],[37.61142084,55.76337719],[37.6114208,55.76337723],[37.61141738,55.76338034],[37.61141724,55.7633805],[37.61141716,55.76338067],[37.61141714,55.76338084],[37.61141718,55.76338102],[37.61141728,55.76338118],[37.61141744,55.76338134],[37.61141764,55.76338147],[37.61141789,55.76338158],[37.6114686,55.76339938],[37.61149665,55.76337399]]]},"properties":{"type":"room","subtype":"apartment","roomType":"KITCHEN","area":12.815696172712048},"type":"Feature"},{"geometry":{"type":"Polygon","coordinates":[[[37.6115347,55.76340497],[37.61154789,55.76339304],[37.61154802,55.76339288],[37.61154811,55.76339271],[37.61154813,55.76339254],[37.61154809,55.76339236],[37.61154799,55.76339219],[37.61154783,55.76339204],[37.61154762,55.76339191],[37.61154738,55.7633918],[37.61149665,55.76337399],[37.61148263,55.76338669],[37.6115347,55.76340497]]]},"properties":{"type":"room","subtype":"apartment","roomType":"HALL","area":6.40805360423116},"type":"Feature"},{"geometry":{"type":"Polygon","coordinates":[[[37.6115347,55.76340497],[37.61148263,55.76338669],[37.61147365,55.76339481],[37.61152573,55.7634131],[37.6115347,55.76340497]]]},"properties":{"type":"room","subtype":"apartment","roomType":"JOINT_BATHROOM","area":4.100249980636486},"type":"Feature"},{"geometry":{"type":"Polygon","coordinates":[[[37.61152458,55.7633838],[37.61155264,55.7633584],[37.61147399,55.76333078],[37.61147371,55.7633307],[37.6114734,55.76333066],[37.61147309,55.76333065],[37.61147278,55.76333067],[37.61147249,55.76333073],[37.61147222,55.76333081],[37.61147198,55.76333093],[37.61147179,55.76333107],[37.61144542,55.76335494],[37.61144528,55.7633551],[37.6114452,55.76335527],[37.61144518,55.76335544],[37.61144522,55.76335562],[37.61144532,55.76335578],[37.61144548,55.76335594],[37.61144568,55.76335607],[37.61144593,55.76335618],[37.61152458,55.7633838]]]},"properties":{"type":"room","subtype":"apartment","roomType":"LIVING_ROOM","area":19.69255723051834},"type":"Feature"},{"geometry":{"type":"Polygon","coordinates":[[[37.61158069,55.76333301],[37.61150204,55.76330539],[37.61150176,55.76330531],[37.61150146,55.76330526],[37.61150115,55.76330525],[37.61150084,55.76330527],[37.61150054,55.76330533],[37.61150027,55.76330542],[37.61150004,55.76330553],[37.61149984,55.76330567],[37.61147348,55.76332954],[37.61147334,55.7633297],[37.61147326,55.76332987],[37.61147324,55.76333005],[37.61147328,55.76333022],[37.61147338,55.76333039],[37.61147353,55.76333054],[37.61147374,55.76333067],[37.61147399,55.76333078],[37.61155264,55.7633584],[37.61158069,55.76333301]]]},"properties":{"type":"room","subtype":"apartment","roomType":"BEDROOM","area":19.692557233804923},"type":"Feature"},{"geometry":{"type":"Polygon","coordinates":[[[37.61158178,55.76333339],[37.61160983,55.76330799],[37.61153009,55.76327999],[37.61152981,55.76327991],[37.61152951,55.76327987],[37.6115292,55.76327986],[37.61152889,55.76327988],[37.6115286,55.76327994],[37.61152832,55.76328002],[37.61152809,55.76328014],[37.6115279,55.76328028],[37.61150153,55.76330415],[37.61150139,55.76330431],[37.61150131,55.76330448],[37.61150129,55.76330465],[37.61150133,55.76330483],[37.61150143,55.76330499],[37.61150159,55.76330515],[37.61150179,55.76330528],[37.61150204,55.76330539],[37.61158178,55.76333339]]]},"properties":{"type":"room","subtype":"apartment","roomType":"BEDROOM","area":19.95895732984334},"type":"Feature"},{"geometry":{"type":"Polygon","coordinates":[[[37.6115958,55.76332069],[37.61163239,55.76333354],[37.61164221,55.76332465],[37.61160562,55.76331181],[37.6115958,55.76332069]]]},"properties":{"type":"room","subtype":"apartment","roomType":"JOINT_BATHROOM","area":3.1513249809526727},"type":"Feature"},{"geometry":{"type":"Polygon","coordinates":[[[37.6115525,55.76335836],[37.6115525,55.76335836],[37.61152445,55.76338375],[37.61152444,55.76338377],[37.61152443,55.76338378],[37.61152443,55.7633838],[37.61152443,55.76338382],[37.61152444,55.76338384],[37.61152446,55.76338385],[37.61152448,55.76338386],[37.6115245,55.76338387],[37.61154729,55.76339188],[37.61154731,55.76339188],[37.61154759,55.76339196],[37.61154761,55.76339197],[37.61154792,55.76339201],[37.61154795,55.76339202],[37.61154826,55.76339203],[37.61154829,55.76339203],[37.6115486,55.763392],[37.61154863,55.763392],[37.61154893,55.76339194],[37.61154895,55.76339194],[37.61154923,55.76339185],[37.61154925,55.76339184],[37.61154949,55.76339172],[37.61154951,55.76339171],[37.6115497,55.76339157],[37.61154971,55.76339156],[37.61157608,55.76336769],[37.61157608,55.76336768],[37.61157622,55.76336753],[37.61157623,55.76336751],[37.61157631,55.76336734],[37.61157632,55.76336732],[37.61157634,55.76336715],[37.61157634,55.76336713],[37.6115763,55.76336695],[37.61157629,55.76336694],[37.61157619,55.76336677],[37.61157618,55.76336675],[37.61157604,55.76336662],[37.61157631,55.76336663],[37.61157634,55.76336663],[37.61157665,55.76336661],[37.61157668,55.7633666],[37.61157698,55.76336655],[37.61157701,55.76336654],[37.61157728,55.76336645],[37.61157731,55.76336644],[37.61157754,55.76336633],[37.61157756,55.76336631],[37.61157775,55.76336617],[37.61157776,55.76336617],[37.61160413,55.7633423],[37.61160414,55.76334229],[37.61160428,55.76334213],[37.61160429,55.76334211],[37.61160437,55.76334194],[37.61160437,55.76334193],[37.61160439,55.76334175],[37.61160439,55.76334173],[37.61160435,55.76334156],[37.61160435,55.76334154],[37.61160425,55.76334139],[37.61161693,55.76334584],[37.61161694,55.76334584],[37.61161722,55.76334592],[37.61161725,55.76334593],[37.61161755,55.76334597],[37.61161758,55.76334598],[37.61161789,55.76334599],[37.61161793,55.76334599],[37.61161823,55.76334596],[37.61161827,55.76334596],[37.61161856,55.7633459],[37.61161859,55.7633459],[37.61161886,55.76334581],[37.61161889,55.7633458],[37.61161912,55.76334568],[37.61161914,55.76334567],[37.61161933,55.76334553],[37.61161934,55.76334552],[37.61163253,55.76333359],[37.61163254,55.76333357],[37.61163255,55.76333355],[37.61163255,55.76333354],[37.61163255,55.76333352],[37.61163254,55.7633335],[37.61163252,55.76333349],[37.6116325,55.76333347],[37.61163248,55.76333346],[37.61159589,55.76332061],[37.61159586,55.76332061],[37.61159583,55.7633206],[37.6115958,55.7633206],[37.61159577,55.7633206],[37.61159574,55.76332061],[37.61159571,55.76332062],[37.61159569,55.76332063],[37.61159567,55.76332064],[37.61158172,55.76333326],[37.61158078,55.76333293],[37.61158075,55.76333292],[37.61158072,55.76333292],[37.61158069,55.76333292],[37.61158066,55.76333292],[37.61158063,55.76333293],[37.6115806,55.76333293],[37.61158058,55.76333295],[37.61158056,55.76333296],[37.6115525,55.76335836]]]},"properties":{"type":"room","subtype":"apartment","roomType":"CORRIDOR","area":16.60415814881486},"type":"Feature"},{"geometry":{"type":"Polygon","coordinates":[[[37.61145477,55.76332268],[37.61147371,55.76332933],[37.61149961,55.76330589],[37.61148067,55.76329924],[37.61145477,55.76332268]]]},"properties":{"type":"room","subtype":"apartment","roomType":"BALCONY","area":4.304256612799212},"type":"Feature"},{"geometry":{"type":"Polygon","coordinates":[[[37.61154763,55.76339327],[37.61154358,55.76339184],[37.6115413,55.7633939],[37.61154536,55.76339533],[37.61154763,55.76339327]]]},"properties":{"type":"room_object","subtype":"room","roomObjectType":"ELECTRICAL_BOX"},"type":"Feature"},{"geometry":{"type":"Polygon","coordinates":[[[37.61148824,55.76344703],[37.6113841,55.76341046],[37.61135167,55.76343982],[37.6114558,55.76347639],[37.6114558,55.76347639],[37.61148824,55.76344703]]]},"properties":{"type":"ladder","area":29.640216160302533,"subtype":"service"},"type":"Feature"},{"geometry":{"type":"Polygon","coordinates":[[[37.61148824,55.76344703],[37.61152067,55.76341767],[37.61150298,55.76343369],[37.61149622,55.76343131],[37.61148134,55.76342609],[37.6114597,55.76341849],[37.61143806,55.76341089],[37.61145575,55.76339487],[37.61141654,55.7633811],[37.61141654,55.7633811],[37.6113841,55.76341046],[37.61148824,55.76344703]]]},"properties":{"type":"corridor","area":19.562083852136567,"subtype":"service"},"type":"Feature"},{"geometry":{"type":"Polygon","coordinates":[[[37.61151391,55.7634153],[37.61149622,55.76343131],[37.61150298,55.76343369],[37.61152067,55.76341767],[37.61151391,55.7634153]]]},"properties":{"type":"heating_meter","area":1.0500000006264418,"subtype":"service"},"type":"Feature"},{"geometry":{"type":"Polygon","coordinates":[[[37.61149903,55.76341007],[37.61148134,55.76342609],[37.61149622,55.76343131],[37.61151391,55.7634153],[37.61149903,55.76341007]]]},"properties":{"type":"elevator","area":2.3099999986523576,"subtype":"service"},"type":"Feature"},{"geometry":{"type":"Polygon","coordinates":[[[37.61147739,55.76340247],[37.6114597,55.76341849],[37.61148134,55.76342609],[37.61149903,55.76341007],[37.61147739,55.76340247]]]},"properties":{"type":"elevator","area":3.360000000537929,"subtype":"service"},"type":"Feature"},{"geometry":{"type":"Polygon","coordinates":[[[37.61145575,55.76339487],[37.61143806,55.76341089],[37.6114597,55.76341849],[37.61147739,55.76340247],[37.61145575,55.76339487]]]},"properties":{"type":"elevator","area":3.359999999558994,"subtype":"service"},"type":"Feature"},{"geometry":{"type":"Polygon","coordinates":[[[37.61146601,55.76350115],[37.61163188,55.76335099],[37.61160483,55.76334149],[37.6114558,55.76347639],[37.6111924,55.76338389],[37.61117555,55.76339914],[37.61146601,55.76350115]]]},"properties":{"type":"corridor","area":78.32599999016452,"subtype":"service"},"type":"Feature"},{"geometry":{"type":"Polygon","coordinates":[[[37.61138407,55.76341045],[37.61137731,55.76340808],[37.61136272,55.76342129],[37.61136948,55.76342367],[37.61138407,55.76341045]]]},"properties":{"type":"ventilation","area":0.8662499998326708,"subtype":"service"},"type":"Feature"},{"geometry":{"type":"Polygon","coordinates":[[[37.61113763,55.76337524],[37.61115596,55.76335866],[37.61114919,55.76335628],[37.61113087,55.76337287],[37.61113087,55.76337287],[37.61113763,55.76337524]]]},"properties":{"type":"ventilation","area":1.0874999988507041,"subtype":"service"},"type":"Feature"},{"geometry":{"type":"Polygon","coordinates":[[[37.61111931,55.76339183],[37.61113763,55.76337524],[37.61113087,55.76337287],[37.61113087,55.76337287],[37.61111255,55.76338946],[37.61111931,55.76339183]]]},"properties":{"type":"ventilation","area":1.08750000135605,"subtype":"service"},"type":"Feature"},{"geometry":{"type":"Polygon","coordinates":[[[37.61115771,55.76341529],[37.61114311,55.7634285],[37.61114987,55.76343088],[37.61116447,55.76341766],[37.61115771,55.76341529]]]},"properties":{"type":"ventilation","area":0.8662500186845781,"subtype":"service"},"type":"Feature"},{"geometry":{"type":"Polygon","coordinates":[[[37.61131182,55.76346738],[37.61131859,55.76346975],[37.6113348,55.76345507],[37.61132804,55.7634527],[37.61131182,55.76346738]]]},"properties":{"type":"ventilation","area":0.9625000191396662,"subtype":"service"},"type":"Feature"},{"geometry":{"type":"Polygon","coordinates":[[[37.61137066,55.76348804],[37.61137742,55.76349041],[37.61139364,55.76347573],[37.61138688,55.76347336],[37.61137066,55.76348804]]]},"properties":{"type":"ventilation","area":0.9625000193864818,"subtype":"service"},"type":"Feature"},{"geometry":{"type":"Polygon","coordinates":[[[37.6114457,55.76349402],[37.61142949,55.7635087],[37.61143625,55.76351107],[37.61145247,55.76349639],[37.6114457,55.76349402]]]},"properties":{"type":"ventilation","area":0.9625000196346196,"subtype":"service"},"type":"Feature"},{"geometry":{"type":"Polygon","coordinates":[[[37.61148731,55.76353879],[37.61146084,55.7635295],[37.61145663,55.76353331],[37.6114831,55.76354261],[37.61148731,55.76353879]]]},"properties":{"type":"ventilation","area":0.9786375033863632,"subtype":"service"},"type":"Feature"},{"geometry":{"type":"Polygon","coordinates":[[[37.61150307,55.76350358],[37.61152651,55.76351181],[37.61153072,55.76350799],[37.61150728,55.76349976],[37.61150307,55.76350358]]]},"properties":{"type":"ventilation","area":0.8662500003279254,"subtype":"service"},"type":"Feature"},{"geometry":{"type":"Polygon","coordinates":[[[37.61157157,55.76340559],[37.61159761,55.76341473],[37.61160182,55.76341092],[37.61157578,55.76340178],[37.61157578,55.76340178],[37.61157578,55.76340178],[37.61157157,55.76340559]]]},"properties":{"type":"ventilation","area":0.9624999981843347,"subtype":"service"},"type":"Feature"},{"geometry":{"type":"Polygon","coordinates":[[[37.61160863,55.76340802],[37.61160442,55.76341183],[37.61162786,55.76342006],[37.61163207,55.76341625],[37.61160863,55.76340802]]]},"properties":{"type":"ventilation","area":0.8662500002146056,"subtype":"service"},"type":"Feature"},{"geometry":{"type":"Polygon","coordinates":[[[37.61152573,55.7634131],[37.61147365,55.76339481],[37.6114686,55.76339938],[37.61151932,55.7634172],[37.6115196,55.76341727],[37.6115199,55.76341732],[37.61152022,55.76341733],[37.61152052,55.76341731],[37.61152082,55.76341725],[37.61152109,55.76341716],[37.61152133,55.76341705],[37.61152152,55.76341691],[37.61152573,55.7634131]]]},"properties":{"type":"ventilation","area":2.3078036078212514,"subtype":"service"},"type":"Feature"},{"geometry":{"type":"Polygon","coordinates":[[[37.61160562,55.76331181],[37.61164221,55.76332465],[37.61164558,55.7633216],[37.61164571,55.76332145],[37.61164579,55.76332128],[37.61164582,55.7633211],[37.61164578,55.76332093],[37.61164567,55.76332076],[37.61164552,55.76332061],[37.61164531,55.76332047],[37.61164507,55.76332037],[37.61160983,55.76330799],[37.61160562,55.76331181]]]},"properties":{"type":"ventilation","area":1.3503036146017973,"subtype":"service"},"type":"Feature"},{"geometry":{"type":"Polygon","coordinates":[[[37.61190695,55.763102],[37.6118795,55.76312684],[37.61186687,55.76313828],[37.61189165,55.76314699],[37.61189165,55.76314699],[37.61189587,55.76314317],[37.61189589,55.76314316],[37.61189591,55.76314315],[37.61189594,55.76314314],[37.61189597,55.76314313],[37.611896,55.76314313],[37.61189603,55.76314313],[37.61189606,55.76314314],[37.61189609,55.76314314],[37.61191648,55.7631503],[37.6119165,55.76315031],[37.61191652,55.76315033],[37.61191654,55.76315034],[37.61191655,55.76315036],[37.61191655,55.76315038],[37.61191655,55.7631504],[37.61191654,55.76315041],[37.61191653,55.76315043],[37.61191231,55.76315424],[37.61195749,55.76317011],[37.61197013,55.76315867],[37.61199757,55.76313382],[37.61202502,55.76310898],[37.61205246,55.76308414],[37.61196184,55.76305231],[37.61196184,55.76305231],[37.61193439,55.76307715],[37.61190695,55.763102]]]},"properties":{"type":"apartment","rooms":2,"totalArea":75.52961538506783,"livingArea":37.99658799944744,"apartmentType":999992},"type":"Feature"},{"geometry":{"type":"Polygon","coordinates":[[[37.61191218,55.76315419],[37.61195614,55.76316963],[37.61195642,55.76316971],[37.61195672,55.76316975],[37.61195703,55.76316977],[37.61195734,55.76316974],[37.61195764,55.76316969],[37.61195791,55.7631696],[37.61195814,55.76316948],[37.61195833,55.76316934],[37.61197013,55.76315867],[37.61199673,55.76313459],[37.61199687,55.76313443],[37.61199695,55.76313426],[37.61199697,55.76313408],[37.61199693,55.76313391],[37.61199683,55.76313374],[37.61199667,55.76313359],[37.61199647,55.76313346],[37.61199622,55.76313335],[37.61195226,55.76311791],[37.61191218,55.76315419]]]},"properties":{"type":"room","subtype":"apartment","roomType":"KITCHEN","area":15.933876460175506},"type":"Feature"},{"geometry":{"type":"Polygon","coordinates":[[[37.61188691,55.76312014],[37.61193222,55.76313605],[37.61195226,55.76311791],[37.6119083,55.76310247],[37.61190802,55.7631024],[37.61190772,55.76310235],[37.61190741,55.76310234],[37.6119071,55.76310236],[37.6119068,55.76310242],[37.61190653,55.76310251],[37.6119063,55.76310262],[37.61190611,55.76310276],[37.61188691,55.76312014]]]},"properties":{"type":"room","subtype":"apartment","roomType":"HALL","area":7.966938215648178},"type":"Feature"},{"geometry":{"type":"Polygon","coordinates":[[[37.61191183,55.76312889],[37.61188691,55.76312014],[37.61186771,55.76313752],[37.61186757,55.76313768],[37.61186749,55.76313785],[37.61186747,55.76313802],[37.61186751,55.7631382],[37.61186761,55.76313836],[37.61186777,55.76313852],[37.61186797,55.76313865],[37.61186822,55.76313876],[37.61189179,55.76314703],[37.61191183,55.76312889]]]},"properties":{"type":"room","subtype":"apartment","roomType":"BATHROOM","area":4.380827661260891},"type":"Feature"},{"geometry":{"type":"Polygon","coordinates":[[[37.61191639,55.76315038],[37.61193222,55.76313605],[37.61191183,55.76312889],[37.611896,55.76314322],[37.61191639,55.76315038]]]},"properties":{"type":"room","subtype":"apartment","roomType":"TOILET","area":2.832360578282638},"type":"Feature"},{"geometry":{"type":"Polygon","coordinates":[[[37.61193042,55.76311024],[37.61199622,55.76313335],[37.6119965,55.76313343],[37.6119968,55.76313347],[37.61199711,55.76313348],[37.61199742,55.76313346],[37.61199772,55.7631334],[37.61199799,55.76313332],[37.61199823,55.7631332],[37.61199842,55.76313306],[37.61202418,55.76310974],[37.61202431,55.76310958],[37.6120244,55.76310941],[37.61202442,55.76310924],[37.61202438,55.76310906],[37.61202428,55.7631089],[37.61202412,55.76310874],[37.61202391,55.76310861],[37.61202367,55.7631085],[37.61195786,55.7630854],[37.61193042,55.76311024]]]},"properties":{"type":"room","subtype":"apartment","roomType":"BEDROOM","area":16.1700495371827},"type":"Feature"},{"geometry":{"type":"Polygon","coordinates":[[[37.61205246,55.76308414],[37.61196184,55.76305231],[37.61196184,55.76305231],[37.61196184,55.76305231],[37.61193439,55.76307715],[37.61202502,55.76310898],[37.61202502,55.76310898],[37.61202502,55.76310898],[37.61205246,55.76308414]]]},"properties":{"type":"room","subtype":"apartment","roomType":"BEDROOM","area":21.826538462264747},"type":"Feature"},{"geometry":{"type":"Polygon","coordinates":[[[37.61190766,55.76310119],[37.61190765,55.7631012],[37.61190751,55.76310135],[37.6119075,55.76310137],[37.61190742,55.76310154],[37.61190741,55.76310156],[37.61190739,55.76310173],[37.61190739,55.76310175],[37.61190743,55.76310193],[37.61190744,55.76310194],[37.61190754,55.76310211],[37.61190755,55.76310213],[37.61190771,55.76310228],[37.61190773,55.76310229],[37.61190793,55.76310243],[37.61190796,55.76310244],[37.6119082,55.76310254],[37.61190822,55.76310255],[37.61193033,55.76311032],[37.61193036,55.76311032],[37.61193039,55.76311033],[37.61193042,55.76311033],[37.61193045,55.76311033],[37.61193048,55.76311032],[37.61193051,55.76311031],[37.61193053,55.7631103],[37.61193055,55.76311029],[37.611958,55.76308544],[37.61195801,55.76308543],[37.61195802,55.76308541],[37.61195802,55.76308539],[37.61195802,55.76308538],[37.61195801,55.76308536],[37.61195799,55.76308534],[37.61195797,55.76308533],[37.61195795,55.76308532],[37.61193583,55.76307755],[37.61193582,55.76307755],[37.61193554,55.76307747],[37.61193551,55.76307746],[37.61193521,55.76307742],[37.61193518,55.76307742],[37.61193486,55.7630774],[37.61193483,55.76307741],[37.61193452,55.76307743],[37.61193449,55.76307743],[37.6119342,55.76307749],[37.61193417,55.7630775],[37.6119339,55.76307758],[37.61193387,55.76307759],[37.61193364,55.76307771],[37.61193362,55.76307772],[37.61193343,55.76307786],[37.61193342,55.76307787],[37.61190766,55.76310119]]]},"properties":{"type":"room","subtype":"apartment","roomType":"CORRIDOR","area":5.747006011336023},"type":"Feature"},{"geometry":{"type":"Polygon","coordinates":[[[37.61201543,55.76314145],[37.6119965,55.7631348],[37.61195857,55.76316913],[37.6119775,55.76317578],[37.61201543,55.76314145]]]},"properties":{"type":"room","subtype":"apartment","roomType":"BALCONY","area":6.30302584304846},"type":"Feature"},{"geometry":{"type":"Polygon","coordinates":[[[37.61204288,55.7631166],[37.61202394,55.76310995],[37.61199865,55.76313285],[37.61201759,55.7631395],[37.61204288,55.7631166]]]},"properties":{"type":"room","subtype":"apartment","roomType":"BALCONY","area":4.203025842997521},"type":"Feature"},{"geometry":{"type":"Polygon","coordinates":[[[37.61188926,55.76311801],[37.61189332,55.76311944],[37.61189753,55.76311563],[37.61189347,55.7631142],[37.61188926,55.76311801]]]},"properties":{"type":"room_object","subtype":"room","roomObjectType":"ELECTRICAL_BOX"},"type":"Feature"},{"geometry":{"type":"Polygon","coordinates":[[[37.61198498,55.76303136],[37.61196184,55.76305231],[37.61205246,55.76308414],[37.61205246,55.76308414],[37.61205246,55.76308414],[37.61207991,55.76305929],[37.61201207,55.76303547],[37.61200786,55.76303928],[37.61200784,55.7630393],[37.61200782,55.76303931],[37.61200779,55.76303932],[37.61200776,55.76303932],[37.61200773,55.76303933],[37.6120077,55.76303932],[37.61200767,55.76303932],[37.61200764,55.76303931],[37.61198498,55.76303136],[37.61198498,55.76303136]]]},"properties":{"type":"apartment","rooms":0,"totalArea":21.826538462020956,"livingArea":16.370056370281134,"apartmentType":999990},"type":"Feature"},{"geometry":{"type":"Polygon","coordinates":[[[37.61201194,55.76303542],[37.6119845,55.76306027],[37.61205246,55.76308414],[37.61205246,55.76308414],[37.61205246,55.76308414],[37.61207991,55.76305929],[37.61201194,55.76303542]]]},"properties":{"type":"room","subtype":"apartment","roomType":"STUDIO","area":16.370056370281134},"type":"Feature"},{"geometry":{"type":"Polygon","coordinates":[[[37.61198507,55.76303128],[37.61197555,55.7630399],[37.61199821,55.76304785],[37.61200772,55.76303924],[37.61198507,55.76303128]]]},"properties":{"type":"room","subtype":"apartment","roomType":"JOINT_BATHROOM","area":1.891798070831865},"type":"Feature"},{"geometry":{"type":"Polygon","coordinates":[[[37.61197555,55.7630399],[37.61196184,55.76305231],[37.6119845,55.76306027],[37.61199821,55.76304785],[37.61197555,55.7630399]]]},"properties":{"type":"room","subtype":"apartment","roomType":"HALL","area":2.7271012842137488},"type":"Feature"},{"geometry":{"type":"Polygon","coordinates":[[[37.61209777,55.76306692],[37.61207883,55.76306027],[37.61205354,55.76308316],[37.61207248,55.76308981],[37.61209777,55.76306692]]]},"properties":{"type":"room","subtype":"apartment","roomType":"BALCONY","area":4.203005847539876},"type":"Feature"},{"geometry":{"type":"Polygon","coordinates":[[[37.61196268,55.76305155],[37.61196674,55.76305297],[37.61196927,55.76305069],[37.61196521,55.76304926],[37.61196268,55.76305155]]]},"properties":{"type":"room_object","subtype":"room","roomObjectType":"ELECTRICAL_BOX"},"type":"Feature"},{"geometry":{"type":"Polygon","coordinates":[[[37.61199891,55.76300176],[37.61197576,55.76302272],[37.61207991,55.76305929],[37.61207991,55.76305929],[37.61207991,55.76305929],[37.61210735,55.76303445],[37.61210735,55.76303445],[37.61202937,55.76300706],[37.61202937,55.76300706],[37.61202516,55.76301088],[37.61202514,55.76301089],[37.61202512,55.7630109],[37.61202509,55.76301091],[37.61202506,55.76301092],[37.61202503,55.76301092],[37.612025,55.76301092],[37.61202497,55.76301091],[37.61202494,55.76301091],[37.61199891,55.76300176],[37.61199891,55.76300176]]]},"properties":{"type":"apartment","rooms":0,"totalArea":25.084230670060375,"livingArea":18.813172981124808,"apartmentType":999990},"type":"Feature"},{"geometry":{"type":"Polygon","coordinates":[[[37.6120018,55.76303186],[37.61207991,55.76305929],[37.61207991,55.76305929],[37.61207991,55.76305929],[37.61210735,55.76303445],[37.61210735,55.76303445],[37.61202924,55.76300702],[37.6120018,55.76303186]]]},"properties":{"type":"room","subtype":"apartment","roomType":"STUDIO","area":18.813172981124808},"type":"Feature"},{"geometry":{"type":"Polygon","coordinates":[[[37.61201552,55.76301944],[37.61202503,55.76301083],[37.61199899,55.76300169],[37.61198948,55.7630103],[37.61201552,55.76301944]]]},"properties":{"type":"room","subtype":"apartment","roomType":"JOINT_BATHROOM","area":2.173028849823212},"type":"Feature"},{"geometry":{"type":"Polygon","coordinates":[[[37.61197576,55.76302272],[37.6120018,55.76303186],[37.61201552,55.76301944],[37.61198948,55.7630103],[37.61197576,55.76302272]]]},"properties":{"type":"room","subtype":"apartment","roomType":"HALL","area":3.135528839554302},"type":"Feature"},{"geometry":{"type":"Polygon","coordinates":[[[37.6121246,55.76304262],[37.61210567,55.76303597],[37.61208098,55.76305832],[37.61209992,55.76306497],[37.6121246,55.76304262]]]},"properties":{"type":"room","subtype":"apartment","roomType":"BALCONY","area":4.101897501579981},"type":"Feature"},{"geometry":{"type":"Polygon","coordinates":[[[37.61197964,55.7630209],[37.61197711,55.76302319],[37.61198117,55.76302462],[37.6119837,55.76302233],[37.61197964,55.7630209]]]},"properties":{"type":"room_object","subtype":"room","roomObjectType":"ELECTRICAL_BOX"},"type":"Feature"},{"geometry":{"type":"Polygon","coordinates":[[[37.61184416,55.76301099],[37.61181672,55.76303583],[37.61186189,55.76305169],[37.61186189,55.76305169],[37.61186611,55.76304788],[37.61186613,55.76304787],[37.61186615,55.76304786],[37.61186618,55.76304785],[37.61186621,55.76304784],[37.61186624,55.76304784],[37.61186627,55.76304784],[37.6118663,55.76304785],[37.61186633,55.76304785],[37.61188672,55.76305501],[37.61188674,55.76305502],[37.61188676,55.76305504],[37.61188678,55.76305505],[37.61188679,55.76305507],[37.61188679,55.76305509],[37.61188679,55.7630551],[37.61188678,55.76305512],[37.61188677,55.76305514],[37.61188256,55.76305895],[37.61190734,55.76306765],[37.61190734,55.76306765],[37.61193479,55.76304281],[37.61196222,55.76301797],[37.61197576,55.76302272],[37.61197576,55.76302272],[37.6120032,55.76299787],[37.61189905,55.7629613],[37.61189905,55.7629613],[37.61187161,55.76298614],[37.61184416,55.76301099]]]},"properties":{"type":"apartment","rooms":2,"totalArea":68.73780655343849,"livingArea":41.25428040652659,"apartmentType":999992},"type":"Feature"},{"geometry":{"type":"Polygon","coordinates":[[[37.61188947,55.7630269],[37.61184552,55.76301146],[37.61184524,55.76301138],[37.61184493,55.76301134],[37.61184462,55.76301133],[37.61184431,55.76301135],[37.61184402,55.76301141],[37.61184375,55.76301149],[37.61184351,55.76301161],[37.61184332,55.76301175],[37.61181756,55.76303507],[37.61181742,55.76303523],[37.61181734,55.7630354],[37.61181732,55.76303557],[37.61181736,55.76303575],[37.61181746,55.76303591],[37.61181762,55.76303607],[37.61181782,55.7630362],[37.61181807,55.76303631],[37.61186203,55.76305174],[37.61188947,55.7630269]]]},"properties":{"type":"room","subtype":"apartment","roomType":"KITCHEN","area":10.908876458841037},"type":"Feature"},{"geometry":{"type":"Polygon","coordinates":[[[37.61187575,55.76303932],[37.61192106,55.76305523],[37.61193394,55.76304357],[37.61193408,55.76304342],[37.61193416,55.76304325],[37.61193418,55.76304307],[37.61193414,55.7630429],[37.61193404,55.76304273],[37.61193389,55.76304258],[37.61193368,55.76304244],[37.61193343,55.76304234],[37.61188947,55.7630269],[37.61187575,55.76303932]]]},"properties":{"type":"room","subtype":"apartment","roomType":"HALL","area":5.454438234755862},"type":"Feature"},{"geometry":{"type":"Polygon","coordinates":[[[37.61188242,55.7630589],[37.61190599,55.76306718],[37.61190627,55.76306726],[37.61190657,55.7630673],[37.61190688,55.76306732],[37.61190719,55.76306729],[37.61190749,55.76306724],[37.61190776,55.76306715],[37.61190799,55.76306703],[37.61190818,55.76306689],[37.61192106,55.76305523],[37.61189614,55.76304648],[37.61188242,55.7630589]]]},"properties":{"type":"room","subtype":"apartment","roomType":"BATHROOM","area":2.998952646234553},"type":"Feature"},{"geometry":{"type":"Polygon","coordinates":[[[37.61188663,55.76305509],[37.61189614,55.76304648],[37.61187575,55.76303932],[37.61186624,55.76304793],[37.61188663,55.76305509]]]},"properties":{"type":"room","subtype":"apartment","roomType":"TOILET","area":1.7017355762563509},"type":"Feature"},{"geometry":{"type":"Polygon","coordinates":[[[37.61191132,55.76303457],[37.61193876,55.76300973],[37.61187296,55.76298662],[37.61187268,55.76298654],[37.61187238,55.76298649],[37.61187207,55.76298648],[37.61187176,55.76298651],[37.61187146,55.76298656],[37.61187119,55.76298665],[37.61187096,55.76298677],[37.61187077,55.76298691],[37.61184501,55.76301022],[37.61184487,55.76301038],[37.61184479,55.76301055],[37.61184477,55.76301073],[37.61184481,55.7630109],[37.61184491,55.76301107],[37.61184506,55.76301122],[37.61184527,55.76301135],[37.61184552,55.76301146],[37.61191132,55.76303457]]]},"properties":{"type":"room","subtype":"apartment","roomType":"BEDROOM","area":16.170049539332346},"type":"Feature"},{"geometry":{"type":"Polygon","coordinates":[[[37.61187161,55.76298614],[37.61189905,55.7629613],[37.61189905,55.7629613],[37.6120032,55.76299787],[37.6120032,55.76299787],[37.61197576,55.76302272],[37.61197576,55.76302272],[37.61197576,55.76302272],[37.61187161,55.76298614]]]},"properties":{"type":"room","subtype":"apartment","roomType":"BEDROOM","area":25.084230867194243},"type":"Feature"},{"geometry":{"type":"Polygon","coordinates":[[[37.61193885,55.76300965],[37.61193882,55.76300964],[37.61193879,55.76300964],[37.61193876,55.76300964],[37.61193873,55.76300964],[37.6119387,55.76300964],[37.61193867,55.76300965],[37.61193865,55.76300966],[37.61193863,55.76300968],[37.61191118,55.76303452],[37.61191117,55.76303454],[37.61191116,55.76303456],[37.61191116,55.76303457],[37.61191116,55.76303459],[37.61191117,55.76303461],[37.61191119,55.76303462],[37.61191121,55.76303464],[37.61191123,55.76303465],[37.61193335,55.76304241],[37.61193336,55.76304242],[37.61193364,55.76304249],[37.61193367,55.7630425],[37.61193397,55.76304255],[37.61193401,55.76304255],[37.61193432,55.76304256],[37.61193435,55.76304256],[37.61193466,55.76304254],[37.61193469,55.76304253],[37.61193498,55.76304248],[37.61193501,55.76304247],[37.61193528,55.76304238],[37.61193531,55.76304237],[37.61193554,55.76304226],[37.61193557,55.76304224],[37.61193576,55.7630421],[37.61193576,55.7630421],[37.61196152,55.76301878],[37.61196153,55.76301877],[37.61196167,55.76301861],[37.61196168,55.7630186],[37.61196176,55.76301843],[37.61196177,55.76301841],[37.61196179,55.76301823],[37.61196179,55.76301821],[37.61196175,55.76301804],[37.61196174,55.76301802],[37.61196164,55.76301786],[37.61196163,55.76301784],[37.61196147,55.76301769],[37.61196145,55.76301767],[37.61196125,55.76301754],[37.61196122,55.76301753],[37.61196098,55.76301742],[37.61196096,55.76301742],[37.61193885,55.76300965]]]},"properties":{"type":"room","subtype":"apartment","roomType":"CORRIDOR","area":5.747006011593456},"type":"Feature"},{"geometry":{"type":"Polygon","coordinates":[[[37.6118263,55.76300336],[37.61184524,55.76301001],[37.61187053,55.76298712],[37.61185159,55.76298047],[37.6118263,55.76300336]]]},"properties":{"type":"room","subtype":"apartment","roomType":"BALCONY","area":4.20302584318936},"type":"Feature"},{"geometry":{"type":"Polygon","coordinates":[[[37.61193369,55.7630438],[37.61192963,55.76304238],[37.61192736,55.76304444],[37.61193142,55.76304586],[37.61193369,55.7630438]]]},"properties":{"type":"room_object","subtype":"room","roomObjectType":"ELECTRICAL_BOX"},"type":"Feature"},{"geometry":{"type":"Polygon","coordinates":[[[37.61181672,55.76303583],[37.61181672,55.76303583],[37.61178927,55.76306067],[37.6118799,55.7630925],[37.6118799,55.7630925],[37.6118799,55.7630925],[37.61190305,55.76307154],[37.61188039,55.76306359],[37.61188036,55.76306358],[37.61188034,55.76306356],[37.61188033,55.76306355],[37.61188032,55.76306353],[37.61188031,55.76306351],[37.61188032,55.7630635],[37.61188032,55.76306348],[37.61188034,55.76306346],[37.61188455,55.76305965],[37.61181672,55.76303583],[37.61181672,55.76303583]]]},"properties":{"type":"apartment","rooms":0,"totalArea":21.826538463798563,"livingArea":16.369903851928985,"apartmentType":999990},"type":"Feature"},{"geometry":{"type":"Polygon","coordinates":[[[37.61181672,55.76303583],[37.61181672,55.76303583],[37.61178927,55.76306067],[37.61185724,55.76308454],[37.61188469,55.7630597],[37.61181672,55.76303583],[37.61181672,55.76303583]]]},"properties":{"type":"room","subtype":"apartment","roomType":"STUDIO","area":16.369903851928985},"type":"Feature"},{"geometry":{"type":"Polygon","coordinates":[[[37.61187096,55.76307212],[37.61189362,55.76308008],[37.61190313,55.76307147],[37.61188047,55.76306351],[37.61187096,55.76307212]]]},"properties":{"type":"room","subtype":"apartment","roomType":"JOINT_BATHROOM","area":1.8908173124618275},"type":"Feature"},{"geometry":{"type":"Polygon","coordinates":[[[37.61187096,55.76307212],[37.61185724,55.76308454],[37.6118799,55.7630925],[37.6118799,55.7630925],[37.6118799,55.7630925],[37.61189362,55.76308008],[37.61187096,55.76307212]]]},"properties":{"type":"room","subtype":"apartment","roomType":"HALL","area":2.7283173025691654},"type":"Feature"},{"geometry":{"type":"Polygon","coordinates":[[[37.61177141,55.76305305],[37.61179035,55.7630597],[37.61181564,55.7630368],[37.61179671,55.76303015],[37.61177141,55.76305305]]]},"properties":{"type":"room","subtype":"apartment","roomType":"BALCONY","area":4.203025843093441},"type":"Feature"},{"geometry":{"type":"Polygon","coordinates":[[[37.61187668,55.76309031],[37.61188074,55.76309174],[37.61188327,55.76308945],[37.61187921,55.76308802],[37.61187668,55.76309031]]]},"properties":{"type":"room_object","subtype":"room","roomObjectType":"ELECTRICAL_BOX"},"type":"Feature"},{"geometry":{"type":"Polygon","coordinates":[[[37.61185711,55.76308449],[37.61178927,55.76306067],[37.61178927,55.76306067],[37.61178927,55.76306067],[37.61176183,55.76308552],[37.61185245,55.76311734],[37.61185245,55.76311734],[37.61185245,55.76311734],[37.6118756,55.76309639],[37.61185294,55.76308843],[37.61185292,55.76308842],[37.6118529,55.76308841],[37.61185288,55.76308839],[37.61185287,55.76308838],[37.61185287,55.76308836],[37.61185287,55.76308834],[37.61185288,55.76308832],[37.61185289,55.76308831],[37.61185711,55.76308449]]]},"properties":{"type":"apartment","rooms":0,"totalArea":21.826538463816853,"livingArea":16.36990384980423,"apartmentType":999990},"type":"Feature"},{"geometry":{"type":"Polygon","coordinates":[[[37.61185724,55.76308454],[37.61178927,55.76306067],[37.61178927,55.76306067],[37.61178927,55.76306067],[37.61176183,55.76308552],[37.6118298,55.76310939],[37.61185724,55.76308454]]]},"properties":{"type":"room","subtype":"apartment","roomType":"STUDIO","area":16.36990384980423},"type":"Feature"},{"geometry":{"type":"Polygon","coordinates":[[[37.61187568,55.76309631],[37.61185303,55.76308836],[37.61184352,55.76309696],[37.61186617,55.76310492],[37.61187568,55.76309631]]]},"properties":{"type":"room","subtype":"apartment","roomType":"JOINT_BATHROOM","area":1.8908173128800678},"type":"Feature"},{"geometry":{"type":"Polygon","coordinates":[[[37.6118298,55.76310939],[37.61185245,55.76311734],[37.61185245,55.76311734],[37.61185245,55.76311734],[37.61186617,55.76310492],[37.61184352,55.76309696],[37.6118298,55.76310939]]]},"properties":{"type":"room","subtype":"apartment","roomType":"HALL","area":2.7283173038302224},"type":"Feature"},{"geometry":{"type":"Polygon","coordinates":[[[37.61174397,55.76307789],[37.6117629,55.76308454],[37.6117882,55.76306165],[37.61176926,55.763055],[37.61174397,55.76307789]]]},"properties":{"type":"room","subtype":"apartment","roomType":"BALCONY","area":4.203025843093441},"type":"Feature"},{"geometry":{"type":"Polygon","coordinates":[[[37.61184924,55.76311515],[37.61185329,55.76311658],[37.61185582,55.76311429],[37.61185176,55.76311287],[37.61184924,55.76311515]]]},"properties":{"type":"room_object","subtype":"room","roomObjectType":"ELECTRICAL_BOX"},"type":"Feature"},{"geometry":{"type":"Polygon","coordinates":[[[37.61170694,55.7631352],[37.61167949,55.76316005],[37.61177012,55.76319187],[37.61177012,55.76319187],[37.61179756,55.76316703],[37.61182501,55.76314219],[37.61185245,55.76311734],[37.61182767,55.76310864],[37.61182767,55.76310864],[37.61182345,55.76311245],[37.61182343,55.76311246],[37.61182341,55.76311248],[37.61182338,55.76311249],[37.61182335,55.76311249],[37.61182332,55.76311249],[37.61182329,55.76311249],[37.61182326,55.76311249],[37.61182323,55.76311248],[37.61180284,55.76310532],[37.61180282,55.76310531],[37.6118028,55.7631053],[37.61180278,55.76310528],[37.61180277,55.76310526],[37.61180277,55.76310525],[37.61180277,55.76310523],[37.61180278,55.76310521],[37.61180279,55.7631052],[37.611807,55.76310138],[37.61176183,55.76308552],[37.61176183,55.76308552],[37.61173438,55.76311036],[37.61170694,55.7631352]]]},"properties":{"type":"apartment","rooms":2,"totalArea":65.47961538477658,"livingArea":37.996588015608054,"apartmentType":999992},"type":"Feature"},{"geometry":{"type":"Polygon","coordinates":[[[37.61180714,55.76310143],[37.61176318,55.76308599],[37.6117629,55.76308591],[37.6117626,55.76308587],[37.61176229,55.76308586],[37.61176198,55.76308588],[37.61176168,55.76308594],[37.61176141,55.76308602],[37.61176118,55.76308614],[37.61176099,55.76308628],[37.61173523,55.7631096],[37.61173509,55.76310976],[37.61173501,55.76310993],[37.61173499,55.7631101],[37.61173503,55.76311028],[37.61173513,55.76311044],[37.61173528,55.7631106],[37.61173549,55.76311073],[37.61173574,55.76311084],[37.6117797,55.76312627],[37.61180714,55.76310143]]]},"properties":{"type":"room","subtype":"apartment","roomType":"KITCHEN","area":10.908876456167466},"type":"Feature"},{"geometry":{"type":"Polygon","coordinates":[[[37.61179342,55.76311385],[37.6117797,55.76312627],[37.61182365,55.76314171],[37.61182393,55.76314179],[37.61182424,55.76314183],[37.61182455,55.76314185],[37.61182486,55.76314182],[37.61182515,55.76314177],[37.61182542,55.76314168],[37.61182566,55.76314156],[37.61182585,55.76314142],[37.61183873,55.76312976],[37.61179342,55.76311385]]]},"properties":{"type":"room","subtype":"apartment","roomType":"HALL","area":5.45443822344887},"type":"Feature"},{"geometry":{"type":"Polygon","coordinates":[[[37.61183873,55.76312976],[37.61185161,55.7631181],[37.61185175,55.76311795],[37.61185183,55.76311778],[37.61185185,55.7631176],[37.61185181,55.76311743],[37.61185171,55.76311726],[37.61185155,55.76311711],[37.61185135,55.76311697],[37.6118511,55.76311687],[37.61182753,55.76310859],[37.61181381,55.76312101],[37.61183873,55.76312976]]]},"properties":{"type":"room","subtype":"apartment","roomType":"BATHROOM","area":2.998952657149412},"type":"Feature"},{"geometry":{"type":"Polygon","coordinates":[[[37.61181381,55.76312101],[37.61182332,55.7631124],[37.61180293,55.76310524],[37.61179342,55.76311385],[37.61181381,55.76312101]]]},"properties":{"type":"room","subtype":"apartment","roomType":"TOILET","area":1.7017355781098882},"type":"Feature"},{"geometry":{"type":"Polygon","coordinates":[[[37.61180154,55.76313394],[37.61173574,55.76311084],[37.61173546,55.76311076],[37.61173515,55.76311071],[37.61173484,55.7631107],[37.61173453,55.76311072],[37.61173424,55.76311078],[37.61173397,55.76311087],[37.61173373,55.76311098],[37.61173354,55.76311112],[37.61170778,55.76313444],[37.61170764,55.7631346],[37.61170756,55.76313477],[37.61170754,55.76313495],[37.61170758,55.76313512],[37.61170768,55.76313529],[37.61170784,55.76313544],[37.61170804,55.76313557],[37.61170829,55.76313568],[37.61177409,55.76315879],[37.61180154,55.76313394]]]},"properties":{"type":"room","subtype":"apartment","roomType":"BEDROOM","area":16.170049411152196},"type":"Feature"},{"geometry":{"type":"Polygon","coordinates":[[[37.61179756,55.76316703],[37.61170694,55.7631352],[37.61170694,55.7631352],[37.61167949,55.76316005],[37.61177012,55.76319187],[37.61177012,55.76319187],[37.61177012,55.76319187],[37.61179756,55.76316703],[37.61179756,55.76316703]]]},"properties":{"type":"room","subtype":"apartment","roomType":"BEDROOM","area":21.82653860445586},"type":"Feature"},{"geometry":{"type":"Polygon","coordinates":[[[37.61177396,55.76315874],[37.61177395,55.76315876],[37.61177394,55.76315877],[37.61177394,55.76315879],[37.61177394,55.76315881],[37.61177395,55.76315883],[37.61177397,55.76315884],[37.61177399,55.76315885],[37.61177401,55.76315886],[37.61179613,55.76316663],[37.61179614,55.76316664],[37.61179642,55.76316671],[37.61179645,55.76316672],[37.61179675,55.76316677],[37.61179678,55.76316677],[37.61179709,55.76316678],[37.61179712,55.76316678],[37.61179743,55.76316676],[37.61179746,55.76316675],[37.61179776,55.7631667],[37.61179779,55.76316669],[37.61179806,55.7631666],[37.61179808,55.76316659],[37.61179832,55.76316647],[37.61179834,55.76316646],[37.61179853,55.76316632],[37.61179854,55.76316631],[37.6118243,55.763143],[37.61182431,55.76314299],[37.61182445,55.76314283],[37.61182446,55.76314281],[37.61182454,55.76314264],[37.61182454,55.76314263],[37.61182456,55.76314245],[37.61182456,55.76314243],[37.61182452,55.76314226],[37.61182452,55.76314224],[37.61182442,55.76314207],[37.6118244,55.76314206],[37.61182425,55.76314191],[37.61182423,55.76314189],[37.61182402,55.76314176],[37.611824,55.76314175],[37.61182375,55.76314164],[37.61182374,55.76314163],[37.61180162,55.76313387],[37.6118016,55.76313386],[37.61180157,55.76313386],[37.61180153,55.76313385],[37.6118015,55.76313386],[37.61180147,55.76313386],[37.61180145,55.76313387],[37.61180142,55.76313388],[37.6118014,55.7631339],[37.61177396,55.76315874]]]},"properties":{"type":"room","subtype":"apartment","roomType":"CORRIDOR","area":5.747005992655682},"type":"Feature"},{"geometry":{"type":"Polygon","coordinates":[[[37.61171652,55.76310274],[37.61173546,55.76310939],[37.61176075,55.76308649],[37.61174182,55.76307984],[37.61171652,55.76310274]]]},"properties":{"type":"room","subtype":"apartment","roomType":"BALCONY","area":4.203025843093441},"type":"Feature"},{"geometry":{"type":"Polygon","coordinates":[[[37.61166163,55.76315242],[37.61168057,55.76315907],[37.61170586,55.76313618],[37.61168693,55.76312953],[37.61166163,55.76315242]]]},"properties":{"type":"room","subtype":"apartment","roomType":"BALCONY","area":4.203025896091019},"type":"Feature"},{"geometry":{"type":"Polygon","coordinates":[[[37.61182204,55.76313977],[37.6118261,55.76314119],[37.61182838,55.76313914],[37.61182432,55.76313771],[37.61182204,55.76313977]]]},"properties":{"type":"room_object","subtype":"room","roomObjectType":"ELECTRICAL_BOX"},"type":"Feature"},{"geometry":{"type":"Polygon","coordinates":[[[37.61159716,55.76323458],[37.61156971,55.76325942],[37.61163674,55.76328296],[37.61164095,55.76327915],[37.61164097,55.76327913],[37.61164099,55.76327912],[37.61164102,55.76327911],[37.61164105,55.76327911],[37.61164108,55.76327911],[37.61164111,55.76327911],[37.61164114,55.76327911],[37.61164117,55.76327912],[37.61166463,55.76328736],[37.61166463,55.76328736],[37.61168778,55.7632664],[37.61174267,55.76321672],[37.61176498,55.76319653],[37.61176498,55.76319653],[37.61171967,55.76318061],[37.61171964,55.7631806],[37.61171962,55.76318059],[37.61171961,55.76318057],[37.6117196,55.76318056],[37.61171959,55.76318054],[37.61171959,55.76318052],[37.6117196,55.7631805],[37.61171962,55.76318049],[37.61172467,55.76317591],[37.61167949,55.76316005],[37.61167949,55.76316005],[37.6116246,55.76320974],[37.61159716,55.76323458]]]},"properties":{"type":"apartment","rooms":3,"totalArea":87.30615384867387,"livingArea":48.510425345764986,"apartmentType":999993},"type":"Feature"},{"geometry":{"type":"Polygon","coordinates":[[[37.61172481,55.76317596],[37.61168085,55.76316052],[37.61168057,55.76316045],[37.61168026,55.7631604],[37.61167995,55.76316039],[37.61167964,55.76316041],[37.61167935,55.76316047],[37.61167908,55.76316056],[37.61167884,55.76316067],[37.61167865,55.76316081],[37.61165289,55.76318413],[37.61165275,55.76318429],[37.61165267,55.76318446],[37.61165265,55.76318463],[37.61165269,55.76318481],[37.61165279,55.76318497],[37.61165295,55.76318513],[37.61165315,55.76318526],[37.6116534,55.76318537],[37.61169736,55.7632008],[37.61172481,55.76317596]]]},"properties":{"type":"room","subtype":"apartment","roomType":"KITCHEN","area":10.90887645721908},"type":"Feature"},{"geometry":{"type":"Polygon","coordinates":[[[37.61175639,55.7632043],[37.61171108,55.76318838],[37.61169736,55.7632008],[37.61174132,55.76321624],[37.6117416,55.76321632],[37.6117419,55.76321637],[37.61174221,55.76321638],[37.61174252,55.76321635],[37.61174282,55.7632163],[37.61174309,55.76321621],[37.61174332,55.76321609],[37.61174351,55.76321595],[37.61175639,55.7632043]]]},"properties":{"type":"room","subtype":"apartment","roomType":"HALL","area":5.454438229114845},"type":"Feature"},{"geometry":{"type":"Polygon","coordinates":[[[37.61176506,55.76319645],[37.61171975,55.76318054],[37.61171108,55.76318838],[37.61175639,55.7632043],[37.61176506,55.76319645]]]},"properties":{"type":"room","subtype":"apartment","roomType":"JOINT_BATHROOM","area":3.446634630249703},"type":"Feature"},{"geometry":{"type":"Polygon","coordinates":[[[37.61169176,55.76323332],[37.6117192,55.76320848],[37.6116534,55.76318537],[37.61165312,55.76318529],[37.61165282,55.76318524],[37.61165251,55.76318523],[37.6116522,55.76318525],[37.6116519,55.76318531],[37.61165163,55.7631854],[37.6116514,55.76318552],[37.61165121,55.76318565],[37.61162545,55.76320897],[37.61162531,55.76320913],[37.61162523,55.7632093],[37.61162521,55.76320948],[37.61162525,55.76320965],[37.61162535,55.76320982],[37.6116255,55.76320997],[37.61162571,55.7632101],[37.61162596,55.76321021],[37.61169176,55.76323332]]]},"properties":{"type":"room","subtype":"apartment","roomType":"LIVING_ROOM","area":16.170049540891917},"type":"Feature"},{"geometry":{"type":"Polygon","coordinates":[[[37.61169176,55.76323332],[37.61162596,55.76321021],[37.61162568,55.76321013],[37.61162537,55.76321009],[37.61162506,55.76321008],[37.61162475,55.7632101],[37.61162446,55.76321015],[37.61162419,55.76321024],[37.61162395,55.76321036],[37.61162376,55.7632105],[37.611598,55.76323382],[37.61159786,55.76323397],[37.61159778,55.76323414],[37.61159776,55.76323432],[37.6115978,55.7632345],[37.6115979,55.76323466],[37.61159806,55.76323481],[37.61159826,55.76323495],[37.61159851,55.76323505],[37.61166431,55.76325816],[37.61169176,55.76323332]]]},"properties":{"type":"room","subtype":"apartment","roomType":"BEDROOM","area":16.17004954229806},"type":"Feature"},{"geometry":{"type":"Polygon","coordinates":[[[37.61163687,55.76328301],[37.61166431,55.76325816],[37.61159851,55.76323505],[37.61159823,55.76323498],[37.61159793,55.76323493],[37.61159762,55.76323492],[37.61159731,55.76323494],[37.61159701,55.763235],[37.61159674,55.76323509],[37.61159651,55.7632352],[37.61159632,55.76323534],[37.61157056,55.76325866],[37.61157042,55.76325882],[37.61157034,55.76325899],[37.61157032,55.76325916],[37.61157036,55.76325934],[37.61157046,55.76325951],[37.61157061,55.76325966],[37.61157082,55.76325979],[37.61157107,55.7632599],[37.61163687,55.76328301]]]},"properties":{"type":"room","subtype":"apartment","roomType":"BEDROOM","area":16.17032626257501},"type":"Feature"},{"geometry":{"type":"Polygon","coordinates":[[[37.6116506,55.76327058],[37.61164109,55.76327919],[37.61166455,55.76328743],[37.61167407,55.76327882],[37.6116506,55.76327058]]]},"properties":{"type":"room","subtype":"apartment","roomType":"JOINT_BATHROOM","area":1.9597453133827791},"type":"Feature"},{"geometry":{"type":"Polygon","coordinates":[[[37.61165046,55.76327053],[37.61165045,55.76327055],[37.61165044,55.76327057],[37.61165044,55.76327058],[37.61165044,55.7632706],[37.61165045,55.76327062],[37.61165047,55.76327063],[37.61165049,55.76327065],[37.61165051,55.76327066],[37.61167398,55.7632789],[37.61167401,55.7632789],[37.61167404,55.76327891],[37.61167407,55.76327891],[37.6116741,55.76327891],[37.61167413,55.7632789],[37.61167416,55.76327889],[37.61167418,55.76327888],[37.6116742,55.76327887],[37.61168708,55.76326721],[37.61168708,55.76326721],[37.61168722,55.76326705],[37.61168723,55.76326703],[37.61168731,55.76326686],[37.61168732,55.76326684],[37.61168734,55.76326667],[37.61168734,55.76326665],[37.6116873,55.76326648],[37.61168729,55.76326646],[37.61168719,55.76326629],[37.61168718,55.76326628],[37.61168704,55.76326614],[37.61168731,55.76326615],[37.61168734,55.76326615],[37.61168765,55.76326613],[37.61168768,55.76326613],[37.61168798,55.76326607],[37.61168801,55.76326606],[37.61168828,55.76326598],[37.6116883,55.76326596],[37.61168854,55.76326585],[37.61168856,55.76326584],[37.61168875,55.7632657],[37.61168876,55.76326569],[37.61171452,55.76324237],[37.61171453,55.76324236],[37.61171467,55.76324221],[37.61171468,55.76324219],[37.61171476,55.76324202],[37.61171476,55.763242],[37.61171478,55.76324183],[37.61171478,55.76324181],[37.61171474,55.76324163],[37.61171474,55.76324162],[37.61171464,55.76324145],[37.61171462,55.76324143],[37.61171449,55.7632413],[37.61171476,55.76324131],[37.61171479,55.76324131],[37.6117151,55.76324129],[37.61171513,55.76324128],[37.61171542,55.76324123],[37.61171545,55.76324122],[37.61171572,55.76324113],[37.61171575,55.76324112],[37.61171598,55.76324101],[37.61171601,55.76324099],[37.6117162,55.76324085],[37.61171621,55.76324085],[37.61174197,55.76321753],[37.61174197,55.76321752],[37.61174211,55.76321736],[37.61174212,55.76321734],[37.6117422,55.76321717],[37.61174221,55.76321716],[37.61174223,55.76321698],[37.61174223,55.76321696],[37.61174219,55.76321679],[37.61174218,55.76321677],[37.61174208,55.76321661],[37.61174207,55.76321659],[37.61174191,55.76321644],[37.61174189,55.76321642],[37.61174169,55.76321629],[37.61174166,55.76321628],[37.61174142,55.76321617],[37.6117414,55.76321617],[37.61171929,55.7632084],[37.61171926,55.76320839],[37.61171923,55.76320839],[37.6117192,55.76320839],[37.61171917,55.76320839],[37.61171914,55.76320839],[37.61171911,55.7632084],[37.61171909,55.76320841],[37.61171907,55.76320843],[37.61169162,55.76323327],[37.61169162,55.76323327],[37.61166419,55.7632581],[37.61166418,55.76325811],[37.61165046,55.76327053]]]},"properties":{"type":"room","subtype":"apartment","roomType":"CORRIDOR","area":14.316785896934258},"type":"Feature"},{"geometry":{"type":"Polygon","coordinates":[[[37.61160674,55.76320211],[37.61162568,55.76320876],[37.61165097,55.76318587],[37.61163204,55.76317922],[37.61160674,55.76320211]]]},"properties":{"type":"room","subtype":"apartment","roomType":"BALCONY","area":4.203025842901601},"type":"Feature"},{"geometry":{"type":"Polygon","coordinates":[[[37.61163419,55.76317727],[37.61165312,55.76318392],[37.61167842,55.76316102],[37.61165948,55.76315437],[37.61163419,55.76317727]]]},"properties":{"type":"room","subtype":"apartment","roomType":"BALCONY","area":4.203025842901601},"type":"Feature"},{"geometry":{"type":"Polygon","coordinates":[[[37.61155185,55.7632518],[37.61157079,55.76325845],[37.61159608,55.76323555],[37.61157715,55.7632289],[37.61155185,55.7632518]]]},"properties":{"type":"room","subtype":"apartment","roomType":"BALCONY","area":4.203025843039209},"type":"Feature"},{"geometry":{"type":"Polygon","coordinates":[[[37.61173971,55.7632143],[37.61174377,55.76321573],[37.61174604,55.76321367],[37.61174198,55.76321224],[37.61173971,55.7632143]]]},"properties":{"type":"room_object","subtype":"room","roomObjectType":"ELECTRICAL_BOX"},"type":"Feature"},{"geometry":{"type":"Polygon","coordinates":[[[37.61156971,55.76325942],[37.61156971,55.76325942],[37.61154227,55.76328427],[37.61164642,55.76332084],[37.61175057,55.76335742],[37.61175057,55.76335742],[37.61177801,55.76333257],[37.61180546,55.76330773],[37.61176028,55.76329186],[37.61176028,55.76329186],[37.61175607,55.76329568],[37.61175605,55.76329569],[37.61175603,55.7632957],[37.611756,55.76329571],[37.61175597,55.76329572],[37.61175594,55.76329572],[37.61175591,55.76329572],[37.61175588,55.76329571],[37.61175585,55.76329571],[37.61173546,55.76328855],[37.61173543,55.76328853],[37.61173541,55.76328852],[37.6117354,55.76328851],[37.61173539,55.76328849],[37.61173538,55.76328847],[37.61173539,55.76328845],[37.61173539,55.76328844],[37.61173541,55.76328842],[37.61173962,55.76328461],[37.61171483,55.7632759],[37.61171483,55.7632759],[37.6116874,55.76330074],[37.61167386,55.763296],[37.61156971,55.76325942],[37.61156971,55.76325942]]]},"properties":{"type":"apartment","rooms":2,"totalArea":71.99550288125106,"livingArea":41.840664907819345,"apartmentType":999992},"type":"Feature"},{"geometry":{"type":"Polygon","coordinates":[[[37.61176015,55.76329182],[37.6117327,55.76331666],[37.61177666,55.7633321],[37.61177694,55.76333218],[37.61177724,55.76333222],[37.61177755,55.76333223],[37.61177786,55.76333221],[37.61177816,55.76333215],[37.61177843,55.76333207],[37.61177867,55.76333195],[37.61177886,55.76333181],[37.61180462,55.76330849],[37.61180475,55.76330833],[37.61180484,55.76330816],[37.61180486,55.76330799],[37.61180482,55.76330781],[37.61180472,55.76330765],[37.61180456,55.76330749],[37.61180435,55.76330736],[37.61180411,55.76330725],[37.61176015,55.76329182]]]},"properties":{"type":"room","subtype":"apartment","roomType":"KITCHEN","area":10.908876458455847},"type":"Feature"},{"geometry":{"type":"Polygon","coordinates":[[[37.61170111,55.76328833],[37.61168823,55.76329999],[37.61168809,55.76330014],[37.61168801,55.76330031],[37.61168799,55.76330049],[37.61168803,55.76330066],[37.61168813,55.76330083],[37.61168829,55.76330098],[37.61168849,55.76330112],[37.61168874,55.76330122],[37.6117327,55.76331666],[37.61174642,55.76330424],[37.61170111,55.76328833]]]},"properties":{"type":"room","subtype":"apartment","roomType":"HALL","area":5.454438229383595},"type":"Feature"},{"geometry":{"type":"Polygon","coordinates":[[[37.61173976,55.76328466],[37.61171619,55.76327638],[37.61171591,55.7632763],[37.61171561,55.76327626],[37.61171529,55.76327624],[37.61171498,55.76327627],[37.61171469,55.76327632],[37.61171442,55.76327641],[37.61171418,55.76327653],[37.61171399,55.76327667],[37.61170111,55.76328833],[37.61172603,55.76329708],[37.61173976,55.76328466]]]},"properties":{"type":"room","subtype":"apartment","roomType":"BATHROOM","area":2.998952648904098},"type":"Feature"},{"geometry":{"type":"Polygon","coordinates":[[[37.61175593,55.76329563],[37.61173554,55.76328847],[37.61172603,55.76329708],[37.61174642,55.76330424],[37.61175593,55.76329563]]]},"properties":{"type":"room","subtype":"apartment","roomType":"TOILET","area":1.7017355796202749},"type":"Feature"},{"geometry":{"type":"Polygon","coordinates":[[[37.61168098,55.76333298],[37.61174922,55.76335694],[37.6117495,55.76335702],[37.6117498,55.76335707],[37.61175011,55.76335708],[37.61175042,55.76335705],[37.61175072,55.763357],[37.61175099,55.76335691],[37.61175122,55.76335679],[37.61175141,55.76335665],[37.61177717,55.76333334],[37.61177731,55.76333318],[37.61177739,55.76333301],[37.61177741,55.76333283],[37.61177737,55.76333266],[37.61177727,55.76333249],[37.61177711,55.76333234],[37.61177691,55.7633322],[37.61177666,55.7633321],[37.61170842,55.76330813],[37.61168098,55.76333298]]]},"properties":{"type":"room","subtype":"apartment","roomType":"BEDROOM","area":16.756434237596036},"type":"Feature"},{"geometry":{"type":"Polygon","coordinates":[[[37.61156971,55.76325942],[37.61156971,55.76325942],[37.61154227,55.76328427],[37.61154227,55.76328427],[37.61164642,55.76332084],[37.61164642,55.76332084],[37.61167386,55.763296],[37.61156971,55.76325942],[37.61156971,55.76325942]]]},"properties":{"type":"room","subtype":"apartment","roomType":"BEDROOM","area":25.084230670223313},"type":"Feature"},{"geometry":{"type":"Polygon","coordinates":[[[37.6116753,55.7632964],[37.61167529,55.76329639],[37.61167501,55.76329631],[37.61167498,55.76329631],[37.61167468,55.76329626],[37.61167464,55.76329626],[37.61167433,55.76329625],[37.6116743,55.76329625],[37.61167399,55.76329627],[37.61167396,55.76329628],[37.61167367,55.76329633],[37.61167364,55.76329634],[37.61167337,55.76329643],[37.61167334,55.76329644],[37.61167311,55.76329655],[37.61167308,55.76329657],[37.61167289,55.76329671],[37.61167289,55.76329671],[37.61164713,55.76332003],[37.61164712,55.76332004],[37.61164698,55.7633202],[37.61164697,55.76332021],[37.61164689,55.76332038],[37.61164688,55.7633204],[37.61164686,55.76332058],[37.61164686,55.76332059],[37.6116469,55.76332077],[37.61164691,55.76332079],[37.61164701,55.76332095],[37.61164702,55.76332097],[37.61164718,55.76332112],[37.6116472,55.76332114],[37.6116474,55.76332127],[37.61164743,55.76332128],[37.61164767,55.76332139],[37.61164769,55.76332139],[37.61168089,55.76333305],[37.61168092,55.76333306],[37.61168095,55.76333307],[37.61168098,55.76333307],[37.61168101,55.76333307],[37.61168104,55.76333306],[37.61168107,55.76333305],[37.61168109,55.76333304],[37.61168111,55.76333303],[37.61170856,55.76330818],[37.61170857,55.76330817],[37.61170858,55.76330815],[37.61170858,55.76330813],[37.61170858,55.76330811],[37.61170857,55.7633081],[37.61170855,55.76330808],[37.61170853,55.76330807],[37.61170851,55.76330806],[37.6116753,55.7632964]]]},"properties":{"type":"room","subtype":"apartment","roomType":"CORRIDOR","area":8.434713719392894},"type":"Feature"},{"geometry":{"type":"Polygon","coordinates":[[[37.61179587,55.7633402],[37.61177694,55.76333355],[37.61175225,55.76335589],[37.61177119,55.76336254],[37.61179587,55.7633402]]]},"properties":{"type":"room","subtype":"apartment","roomType":"BALCONY","area":4.101897572325354},"type":"Feature"},{"geometry":{"type":"Polygon","coordinates":[[[37.61182332,55.76331535],[37.61180438,55.7633087],[37.61177909,55.7633316],[37.61179803,55.76333825],[37.61182332,55.76331535]]]},"properties":{"type":"room","subtype":"apartment","roomType":"BALCONY","area":4.20302584284737},"type":"Feature"},{"geometry":{"type":"Polygon","coordinates":[[[37.61168848,55.76329976],[37.61169254,55.76330118],[37.61169483,55.76329911],[37.61169077,55.76329769],[37.61168848,55.76329976]]]},"properties":{"type":"room_object","subtype":"room","roomObjectType":"ELECTRICAL_BOX"},"type":"Feature"},{"geometry":{"type":"Polygon","coordinates":[[[37.61174228,55.76325106],[37.61171483,55.7632759],[37.61173962,55.76328461],[37.61173962,55.76328461],[37.61174383,55.7632808],[37.61174385,55.76328078],[37.61174388,55.76328077],[37.6117439,55.76328076],[37.61174393,55.76328076],[37.61174396,55.76328075],[37.61174399,55.76328075],[37.61174402,55.76328076],[37.61174405,55.76328077],[37.61176444,55.76328793],[37.61176447,55.76328794],[37.61176449,55.76328795],[37.6117645,55.76328797],[37.61176451,55.76328798],[37.61176452,55.763288],[37.61176452,55.76328802],[37.61176451,55.76328804],[37.61176449,55.76328805],[37.61176028,55.76329186],[37.61180546,55.76330773],[37.61180546,55.76330773],[37.6118329,55.76328289],[37.61186035,55.76325804],[37.61176972,55.76322622],[37.61176972,55.76322622],[37.61174228,55.76325106]]]},"properties":{"type":"apartment","rooms":1,"totalArea":43.65307692294325,"livingArea":21.826538463509287,"apartmentType":999991},"type":"Feature"},{"geometry":{"type":"Polygon","coordinates":[[[37.61176015,55.76329182],[37.61180411,55.76330725],[37.61180439,55.76330733],[37.61180469,55.76330738],[37.611805,55.76330739],[37.61180531,55.76330737],[37.61180561,55.76330731],[37.61180588,55.76330722],[37.61180611,55.76330711],[37.6118063,55.76330697],[37.61183206,55.76328365],[37.6118322,55.76328349],[37.61183228,55.76328332],[37.6118323,55.76328314],[37.61183226,55.76328297],[37.61183216,55.7632828],[37.611832,55.76328265],[37.6118318,55.76328252],[37.61183155,55.76328241],[37.61178759,55.76326697],[37.61176015,55.76329182]]]},"properties":{"type":"room","subtype":"apartment","roomType":"KITCHEN","area":10.908876460109777},"type":"Feature"},{"geometry":{"type":"Polygon","coordinates":[[[37.61172856,55.76326348],[37.61177387,55.76327939],[37.61178759,55.76326697],[37.61174363,55.76325154],[37.61174335,55.76325146],[37.61174305,55.76325141],[37.61174274,55.7632514],[37.61174243,55.76325142],[37.61174213,55.76325148],[37.61174186,55.76325157],[37.61174163,55.76325168],[37.61174144,55.76325182],[37.61172856,55.76326348]]]},"properties":{"type":"room","subtype":"apartment","roomType":"HALL","area":5.454438215052252},"type":"Feature"},{"geometry":{"type":"Polygon","coordinates":[[[37.61173976,55.76328466],[37.61175348,55.76327223],[37.61172856,55.76326348],[37.61171568,55.76327514],[37.61171554,55.7632753],[37.61171546,55.76327547],[37.61171544,55.76327565],[37.61171548,55.76327582],[37.61171558,55.76327599],[37.61171573,55.76327614],[37.61171594,55.76327627],[37.61171619,55.76327638],[37.61173976,55.76328466]]]},"properties":{"type":"room","subtype":"apartment","roomType":"BATHROOM","area":2.9989526586371342},"type":"Feature"},{"geometry":{"type":"Polygon","coordinates":[[[37.61176436,55.763288],[37.61177387,55.76327939],[37.61175348,55.76327223],[37.61174397,55.76328084],[37.61176436,55.763288]]]},"properties":{"type":"room","subtype":"apartment","roomType":"TOILET","area":1.7017355793511852},"type":"Feature"},{"geometry":{"type":"Polygon","coordinates":[[[37.6118329,55.76328289],[37.6118329,55.76328289],[37.61174228,55.76325106],[37.61176972,55.76322622],[37.61176972,55.76322622],[37.61176972,55.76322622],[37.61186035,55.76325804],[37.6118329,55.76328289],[37.6118329,55.76328289]]]},"properties":{"type":"room","subtype":"apartment","roomType":"BEDROOM","area":21.826538463509287},"type":"Feature"},{"geometry":{"type":"Polygon","coordinates":[[[37.61187821,55.76326567],[37.61185927,55.76325902],[37.61183398,55.76328191],[37.61185292,55.76328856],[37.61187821,55.76326567]]]},"properties":{"type":"room","subtype":"apartment","roomType":"BALCONY","area":4.20302584313513},"type":"Feature"},{"geometry":{"type":"Polygon","coordinates":[[[37.61174524,55.76325348],[37.61174118,55.76325205],[37.61173891,55.76325411],[37.61174297,55.76325554],[37.61174524,55.76325348]]]},"properties":{"type":"room_object","subtype":"room","roomObjectType":"ELECTRICAL_BOX"},"type":"Feature"},{"geometry":{"type":"Polygon","coordinates":[[[37.61179287,55.76320526],[37.61176972,55.76322622],[37.61186035,55.76325804],[37.61186035,55.76325804],[37.61186035,55.76325804],[37.61188779,55.7632332],[37.61181996,55.76320938],[37.61181996,55.76320938],[37.61181575,55.76321319],[37.61181573,55.7632132],[37.61181571,55.76321322],[37.61181568,55.76321322],[37.61181565,55.76321323],[37.61181562,55.76321323],[37.61181559,55.76321323],[37.61181556,55.76321323],[37.61181553,55.76321322],[37.61179287,55.76320526],[37.61179287,55.76320526]]]},"properties":{"type":"apartment","rooms":0,"totalArea":21.826538463490998,"livingArea":16.36990385197132,"apartmentType":999990},"type":"Feature"},{"geometry":{"type":"Polygon","coordinates":[[[37.61179238,55.76323417],[37.61186035,55.76325804],[37.61186035,55.76325804],[37.61186035,55.76325804],[37.61188779,55.7632332],[37.61181983,55.76320933],[37.61179238,55.76323417]]]},"properties":{"type":"room","subtype":"apartment","roomType":"STUDIO","area":16.36990385197132},"type":"Feature"},{"geometry":{"type":"Polygon","coordinates":[[[37.61178345,55.76321379],[37.6118061,55.76322175],[37.61181561,55.76321314],[37.61179296,55.76320519],[37.61178345,55.76321379]]]},"properties":{"type":"room","subtype":"apartment","roomType":"JOINT_BATHROOM","area":1.890817301996865},"type":"Feature"},{"geometry":{"type":"Polygon","coordinates":[[[37.6118061,55.76322175],[37.61178345,55.76321379],[37.61176972,55.76322622],[37.61179238,55.76323417],[37.6118061,55.76322175]]]},"properties":{"type":"room","subtype":"apartment","roomType":"HALL","area":2.728317309813049},"type":"Feature"},{"geometry":{"type":"Polygon","coordinates":[[[37.61190565,55.76324082],[37.61188672,55.76323417],[37.61186143,55.76325707],[37.61188036,55.76326372],[37.61190565,55.76324082]]]},"properties":{"type":"room","subtype":"apartment","roomType":"BALCONY","area":4.20302584313513},"type":"Feature"},{"geometry":{"type":"Polygon","coordinates":[[[37.61177057,55.76322545],[37.61177462,55.76322688],[37.61177715,55.76322459],[37.61177309,55.76322317],[37.61177057,55.76322545]]]},"properties":{"type":"room_object","subtype":"room","roomObjectType":"ELECTRICAL_BOX"},"type":"Feature"},{"geometry":{"type":"Polygon","coordinates":[[[37.61197306,55.76317981],[37.61195412,55.76317316],[37.61189116,55.76323015],[37.6119101,55.7632368],[37.61197306,55.76317981]]]},"properties":{"type":"balcony","area":10.46230769560514,"subtype":"service"},"type":"Feature"},{"geometry":{"type":"Polygon","coordinates":[[[37.61179717,55.76320137],[37.61182461,55.76317653],[37.61182461,55.76317653],[37.61191524,55.76320835],[37.61191524,55.76320835],[37.61188779,55.7632332],[37.61188779,55.7632332],[37.61188779,55.7632332],[37.61179717,55.76320137]]]},"properties":{"type":"ladder","area":21.82653832161903,"subtype":"service"},"type":"Feature"},{"geometry":{"type":"Polygon","coordinates":[[[37.61182461,55.76317653],[37.61184231,55.76316051],[37.61184907,55.76316289],[37.61186395,55.76316811],[37.61188559,55.76317571],[37.61190723,55.76318331],[37.61188954,55.76319933],[37.61187716,55.76319498],[37.61191524,55.76320835],[37.61191524,55.76320835],[37.61194268,55.76318351],[37.61195749,55.76317011],[37.61186687,55.76313828],[37.61185206,55.76315169],[37.61182461,55.76317653]]]},"properties":{"type":"corridor","area":23.523077063662313,"subtype":"service"},"type":"Feature"},{"geometry":{"type":"Polygon","coordinates":[[[37.61183138,55.7631789],[37.61184907,55.76316289],[37.61184231,55.76316051],[37.61182461,55.76317653],[37.61183138,55.7631789]]]},"properties":{"type":"heating_meter","area":1.0499999995796454,"subtype":"service"},"type":"Feature"},{"geometry":{"type":"Polygon","coordinates":[[[37.61184626,55.76318413],[37.61186395,55.76316811],[37.61184907,55.76316289],[37.61183138,55.7631789],[37.61184626,55.76318413]]]},"properties":{"type":"elevator","area":2.3099999994567284,"subtype":"service"},"type":"Feature"},{"geometry":{"type":"Polygon","coordinates":[[[37.6118679,55.76319173],[37.61188559,55.76317571],[37.61186395,55.76316811],[37.61184626,55.76318413],[37.6118679,55.76319173]]]},"properties":{"type":"elevator","area":3.36000000117805,"subtype":"service"},"type":"Feature"},{"geometry":{"type":"Polygon","coordinates":[[[37.61188954,55.76319933],[37.61190723,55.76318331],[37.61188559,55.76317571],[37.6118679,55.76319173],[37.61188954,55.76319933]]]},"properties":{"type":"elevator","area":3.3599999990140406,"subtype":"service"},"type":"Feature"},{"geometry":{"type":"Polygon","coordinates":[[[37.61198928,55.76302747],[37.61196222,55.76301797],[37.61166035,55.76329124],[37.6116874,55.76330074],[37.61198928,55.76302747]]]},"properties":{"type":"corridor","area":71.66522421213381,"subtype":"service"},"type":"Feature"},{"geometry":{"type":"Polygon","coordinates":[[[37.611896,55.76314322],[37.61189179,55.76314703],[37.61191218,55.76315419],[37.61191639,55.76315038],[37.611896,55.76314322]]]},"properties":{"type":"ventilation","area":0.753750000270103,"subtype":"service"},"type":"Feature"},{"geometry":{"type":"Polygon","coordinates":[[[37.61200772,55.76303924],[37.61201194,55.76303542],[37.61198928,55.76302747],[37.61198928,55.76302747],[37.61198928,55.76302747],[37.61198507,55.76303128],[37.61200772,55.76303924]]]},"properties":{"type":"ventilation","area":0.8375827367059012,"subtype":"service"},"type":"Feature"},{"geometry":{"type":"Polygon","coordinates":[[[37.61202503,55.76301083],[37.61202924,55.76300702],[37.6120032,55.76299787],[37.6120032,55.76299787],[37.61199899,55.76300169],[37.61202503,55.76301083]]]},"properties":{"type":"ventilation","area":0.962500000338203,"subtype":"service"},"type":"Feature"},{"geometry":{"type":"Polygon","coordinates":[[[37.61188663,55.76305509],[37.61186624,55.76304793],[37.61186203,55.76305174],[37.61188242,55.7630589],[37.61188663,55.76305509]]]},"properties":{"type":"ventilation","area":0.7537499999398866,"subtype":"service"},"type":"Feature"},{"geometry":{"type":"Polygon","coordinates":[[[37.61190313,55.76307147],[37.61190734,55.76306765],[37.61188469,55.7630597],[37.61188047,55.76306351],[37.61190313,55.76307147]]]},"properties":{"type":"ventilation","area":0.8374999971111924,"subtype":"service"},"type":"Feature"},{"geometry":{"type":"Polygon","coordinates":[[[37.61187568,55.76309631],[37.6118799,55.7630925],[37.61185724,55.76308454],[37.61185303,55.76308836],[37.61187568,55.76309631]]]},"properties":{"type":"ventilation","area":0.837499997311522,"subtype":"service"},"type":"Feature"},{"geometry":{"type":"Polygon","coordinates":[[[37.61180293,55.76310524],[37.61182332,55.7631124],[37.61182753,55.76310859],[37.61180714,55.76310143],[37.61180293,55.76310524]]]},"properties":{"type":"ventilation","area":0.7537500001149363,"subtype":"service"},"type":"Feature"},{"geometry":{"type":"Polygon","coordinates":[[[37.61172481,55.76317596],[37.61171975,55.76318054],[37.61176506,55.76319645],[37.61176927,55.76319264],[37.61176941,55.76319248],[37.61176949,55.76319231],[37.61176952,55.76319213],[37.61176947,55.76319196],[37.61176937,55.76319179],[37.61176922,55.76319164],[37.61176901,55.76319151],[37.61176876,55.7631914],[37.61172481,55.76317596]]]},"properties":{"type":"ventilation","area":2.0078035994362797,"subtype":"service"},"type":"Feature"},{"geometry":{"type":"Polygon","coordinates":[[[37.61164109,55.76327919],[37.61163687,55.76328301],[37.61165898,55.76329077],[37.61165926,55.76329085],[37.61165957,55.7632909],[37.61165988,55.76329091],[37.61166019,55.76329089],[37.61166048,55.76329083],[37.61166075,55.76329074],[37.61166099,55.76329062],[37.61166118,55.76329049],[37.61166455,55.76328743],[37.61164109,55.76327919]]]},"properties":{"type":"ventilation","area":0.8651576505852657,"subtype":"service"},"type":"Feature"},{"geometry":{"type":"Polygon","coordinates":[[[37.61173554,55.76328847],[37.61175593,55.76329563],[37.61176015,55.76329182],[37.61173976,55.76328466],[37.61173554,55.76328847]]]},"properties":{"type":"ventilation","area":0.7537500001300019,"subtype":"service"},"type":"Feature"},{"geometry":{"type":"Polygon","coordinates":[[[37.61174397,55.76328084],[37.61173976,55.76328466],[37.61176015,55.76329182],[37.61176436,55.763288],[37.61174397,55.76328084]]]},"properties":{"type":"ventilation","area":0.7537499999645867,"subtype":"service"},"type":"Feature"},{"geometry":{"type":"Polygon","coordinates":[[[37.61179296,55.76320519],[37.61181561,55.76321314],[37.61181983,55.76320933],[37.61179717,55.76320137],[37.61179717,55.76320137],[37.61179717,55.76320137],[37.61179296,55.76320519]]]},"properties":{"type":"ventilation","area":0.8374999970964834,"subtype":"service"},"type":"Feature"},{"geometry":{"type":"Polygon","coordinates":[[[37.61215889,55.76287393],[37.61218572,55.76288335],[37.61218572,55.76288335],[37.61218994,55.76287954],[37.61218996,55.76287953],[37.61218998,55.76287952],[37.61219001,55.76287951],[37.61219004,55.7628795],[37.61219007,55.7628795],[37.6121901,55.7628795],[37.61219013,55.7628795],[37.61219016,55.76287951],[37.61221222,55.76288726],[37.61221225,55.76288727],[37.61221227,55.76288728],[37.61221228,55.7628873],[37.61221229,55.76288732],[37.6122123,55.76288733],[37.61221229,55.76288735],[37.61221229,55.76288737],[37.61221227,55.76288738],[37.61220806,55.7628912],[37.61225696,55.76290837],[37.61225696,55.76290837],[37.61231382,55.76285689],[37.61221576,55.76282245],[37.61221575,55.76282246],[37.61218733,55.76284819],[37.61215889,55.76287393]]]},"properties":{"type":"apartment","rooms":1,"totalArea":48.93750000356441,"livingArea":24.468750159214288,"apartmentType":999991},"type":"Feature"},{"geometry":{"type":"Polygon","coordinates":[[[37.61220792,55.76289115],[37.6122556,55.76290789],[37.61225588,55.76290797],[37.61225618,55.76290802],[37.6122565,55.76290803],[37.61225681,55.76290801],[37.6122571,55.76290795],[37.61225737,55.76290786],[37.61225761,55.76290775],[37.6122578,55.76290761],[37.61228455,55.76288339],[37.61228468,55.76288323],[37.61228477,55.76288306],[37.61228479,55.76288289],[37.61228475,55.76288271],[37.61228465,55.76288255],[37.61228449,55.76288239],[37.61228428,55.76288226],[37.61228404,55.76288215],[37.61223636,55.76286541],[37.61220792,55.76289115]]]},"properties":{"type":"room","subtype":"apartment","roomType":"KITCHEN","area":12.229982118832899},"type":"Feature"},{"geometry":{"type":"Polygon","coordinates":[[[37.61217311,55.76286106],[37.61222214,55.76287828],[37.61223636,55.76286541],[37.61218868,55.76284867],[37.6121884,55.76284859],[37.6121881,55.76284854],[37.61218778,55.76284853],[37.61218747,55.76284856],[37.61218718,55.76284861],[37.61218691,55.7628487],[37.61218667,55.76284882],[37.61218648,55.76284896],[37.61217311,55.76286106]]]},"properties":{"type":"room","subtype":"apartment","roomType":"HALL","area":6.114991078726263},"type":"Feature"},{"geometry":{"type":"Polygon","coordinates":[[[37.61220008,55.76287053],[37.61217311,55.76286106],[37.61215974,55.76287317],[37.6121596,55.76287333],[37.61215952,55.7628735],[37.61215949,55.76287367],[37.61215954,55.76287385],[37.61215964,55.76287401],[37.61215979,55.76287417],[37.61216,55.7628743],[37.61216025,55.76287441],[37.61218586,55.7628834],[37.61220008,55.76287053]]]},"properties":{"type":"room","subtype":"apartment","roomType":"BATHROOM","area":3.3622567325405437},"type":"Feature"},{"geometry":{"type":"Polygon","coordinates":[[[37.61219007,55.76287959],[37.61221214,55.76288734],[37.61222214,55.76287828],[37.61220008,55.76287053],[37.61219007,55.76287959]]]},"properties":{"type":"room","subtype":"apartment","roomType":"TOILET","area":1.9371093658349152},"type":"Feature"},{"geometry":{"type":"Polygon","coordinates":[[[37.61221575,55.76282246],[37.61221575,55.76282246],[37.61218733,55.76284819],[37.61218733,55.76284819],[37.61228539,55.76288263],[37.61228539,55.76288263],[37.61231382,55.76285689],[37.61221576,55.76282245],[37.61221575,55.76282246]]]},"properties":{"type":"room","subtype":"apartment","roomType":"BEDROOM","area":24.468750159214288},"type":"Feature"},{"geometry":{"type":"Polygon","coordinates":[[[37.61233168,55.76286452],[37.61231274,55.76285787],[37.61228646,55.76288166],[37.6123054,55.76288831],[37.61233168,55.76286452]]]},"properties":{"type":"room","subtype":"apartment","roomType":"BALCONY","area":4.367256666266584},"type":"Feature"},{"geometry":{"type":"Polygon","coordinates":[[[37.61219029,55.76285061],[37.61218623,55.76284918],[37.61218396,55.76285124],[37.61218801,55.76285267],[37.61219029,55.76285061]]]},"properties":{"type":"room_object","subtype":"room","roomObjectType":"ELECTRICAL_BOX"},"type":"Feature"},{"geometry":{"type":"Polygon","coordinates":[[[37.61222637,55.76279586],[37.61220223,55.7628177],[37.61231382,55.76285689],[37.61231382,55.76285689],[37.61231382,55.76285689],[37.61234225,55.76283115],[37.61234225,55.76283115],[37.6122587,55.76280181],[37.6122587,55.76280181],[37.61225449,55.76280562],[37.61225447,55.76280564],[37.61225444,55.76280565],[37.61225442,55.76280566],[37.61225439,55.76280566],[37.61225435,55.76280567],[37.61225432,55.76280566],[37.61225429,55.76280566],[37.61225427,55.76280565],[37.61222637,55.76279586],[37.61222637,55.76279586]]]},"properties":{"type":"apartment","rooms":0,"totalArea":27.843749894092724,"livingArea":20.882812400868488,"apartmentType":999990},"type":"Feature"},{"geometry":{"type":"Polygon","coordinates":[[[37.61225856,55.76280176],[37.61223013,55.7628275],[37.61231382,55.76285689],[37.61231382,55.76285689],[37.61231382,55.76285689],[37.61234225,55.76283115],[37.61234225,55.76283115],[37.61225856,55.76280176]]]},"properties":{"type":"room","subtype":"apartment","roomType":"STUDIO","area":20.882812400868488},"type":"Feature"},{"geometry":{"type":"Polygon","coordinates":[[[37.61222645,55.76279578],[37.61221645,55.76280484],[37.61224435,55.76281463],[37.61225435,55.76280558],[37.61222645,55.76279578]]]},"properties":{"type":"room","subtype":"apartment","roomType":"JOINT_BATHROOM","area":2.449218746185571},"type":"Feature"},{"geometry":{"type":"Polygon","coordinates":[[[37.61221645,55.76280484],[37.61220223,55.7628177],[37.61223013,55.7628275],[37.61224435,55.76281463],[37.61221645,55.76280484]]]},"properties":{"type":"room","subtype":"apartment","roomType":"HALL","area":3.4804687456937904},"type":"Feature"},{"geometry":{"type":"Polygon","coordinates":[[[37.61235951,55.76283933],[37.61234057,55.76283268],[37.6123149,55.76285592],[37.61233383,55.76286257],[37.61235951,55.76283933]]]},"properties":{"type":"room","subtype":"apartment","roomType":"BALCONY","area":4.266128271481009},"type":"Feature"},{"geometry":{"type":"Polygon","coordinates":[[[37.61222878,55.76282703],[37.6122313,55.76282474],[37.6122264,55.76282302],[37.61222387,55.7628253],[37.61222878,55.76282703]]]},"properties":{"type":"room_object","subtype":"room","roomObjectType":"ELECTRICAL_BOX"},"type":"Feature"},{"geometry":{"type":"Polygon","coordinates":[[[37.61200534,55.76285573],[37.61205424,55.7628729],[37.61205424,55.7628729],[37.6120593,55.76286833],[37.61205931,55.76286831],[37.61205934,55.7628683],[37.61205937,55.76286829],[37.6120594,55.76286829],[37.61205943,55.76286829],[37.61205946,55.76286829],[37.61205949,55.76286829],[37.61205952,55.7628683],[37.61210855,55.76288552],[37.61213184,55.76286443],[37.6121887,55.76281296],[37.61220223,55.7628177],[37.61222637,55.76279586],[37.61222637,55.76279586],[37.61219069,55.76278333],[37.61219067,55.76278332],[37.61219065,55.7627833],[37.61219063,55.76278329],[37.61219062,55.76278327],[37.61219062,55.76278325],[37.61219062,55.76278324],[37.61219063,55.76278322],[37.61219064,55.7627832],[37.61219485,55.76277939],[37.61219486,55.76277939],[37.61211908,55.76275278],[37.61206221,55.76280426],[37.61200534,55.76285573]]]},"properties":{"type":"apartment","rooms":3,"totalArea":101.25051215693335,"livingArea":55.96992352734219,"apartmentType":999993},"type":"Feature"},{"geometry":{"type":"Polygon","coordinates":[[[37.61208281,55.76284721],[37.61203513,55.76283047],[37.61203485,55.76283039],[37.61203455,55.76283035],[37.61203424,55.76283033],[37.61203393,55.76283036],[37.61203363,55.76283041],[37.61203336,55.7628305],[37.61203313,55.76283062],[37.61203294,55.76283076],[37.61200619,55.76285497],[37.61200605,55.76285513],[37.61200597,55.7628553],[37.61200595,55.76285547],[37.61200599,55.76285565],[37.61200609,55.76285582],[37.61200624,55.76285597],[37.61200645,55.7628561],[37.6120067,55.76285621],[37.61205438,55.76287295],[37.61208281,55.76284721]]]},"properties":{"type":"room","subtype":"apartment","roomType":"KITCHEN","area":12.229982231302516},"type":"Feature"},{"geometry":{"type":"Polygon","coordinates":[[[37.61211762,55.7628773],[37.612131,55.76286519],[37.61213114,55.76286504],[37.61213122,55.76286487],[37.61213124,55.76286469],[37.6121312,55.76286452],[37.6121311,55.76286435],[37.61213094,55.7628642],[37.61213074,55.76286406],[37.61213049,55.76286396],[37.61208281,55.76284721],[37.61206859,55.76286008],[37.61211762,55.7628773]]]},"properties":{"type":"room","subtype":"apartment","roomType":"HALL","area":6.114991115830573},"type":"Feature"},{"geometry":{"type":"Polygon","coordinates":[[[37.61210846,55.76288559],[37.61211762,55.7628773],[37.61206859,55.76286008],[37.61205943,55.76286838],[37.61210846,55.76288559]]]},"properties":{"type":"room","subtype":"apartment","roomType":"JOINT_BATHROOM","area":3.9421874820223857},"type":"Feature"},{"geometry":{"type":"Polygon","coordinates":[[[37.61213643,55.76283032],[37.61206356,55.76280473],[37.61206328,55.76280465],[37.61206298,55.76280461],[37.61206267,55.7628046],[37.61206236,55.76280462],[37.61206206,55.76280468],[37.61206179,55.76280476],[37.61206156,55.76280488],[37.61206137,55.76280502],[37.61203462,55.76282923],[37.61203448,55.76282939],[37.6120344,55.76282956],[37.61203438,55.76282974],[37.61203442,55.76282991],[37.61203452,55.76283008],[37.61203468,55.76283023],[37.61203488,55.76283036],[37.61203513,55.76283047],[37.612108,55.76285606],[37.61213643,55.76283032]]]},"properties":{"type":"room","subtype":"apartment","roomType":"LIVING_ROOM","area":18.51591987229606},"type":"Feature"},{"geometry":{"type":"Polygon","coordinates":[[[37.61206305,55.76280349],[37.61206291,55.76280365],[37.61206283,55.76280382],[37.61206281,55.762804],[37.61206285,55.76280417],[37.61206295,55.76280434],[37.61206311,55.76280449],[37.61206332,55.76280462],[37.61206356,55.76280473],[37.61213643,55.76283032],[37.61216487,55.76280458],[37.612092,55.76277899],[37.61209172,55.76277891],[37.61209141,55.76277887],[37.6120911,55.76277886],[37.61209079,55.76277888],[37.6120905,55.76277894],[37.61209023,55.76277902],[37.61208999,55.76277914],[37.6120898,55.76277928],[37.61206305,55.76280349]]]},"properties":{"type":"room","subtype":"apartment","roomType":"BEDROOM","area":18.51620882979276},"type":"Feature"},{"geometry":{"type":"Polygon","coordinates":[[[37.61219499,55.76277944],[37.61212043,55.76275325],[37.61212015,55.76275318],[37.61211985,55.76275313],[37.61211954,55.76275312],[37.61211923,55.76275314],[37.61211893,55.7627532],[37.61211866,55.76275329],[37.61211842,55.7627534],[37.61211823,55.76275354],[37.61209149,55.76277776],[37.61209135,55.76277791],[37.61209127,55.76277808],[37.61209125,55.76277826],[37.61209129,55.76277843],[37.61209139,55.7627786],[37.61209154,55.76277875],[37.61209175,55.76277889],[37.612092,55.76277899],[37.61216656,55.76280518],[37.61219499,55.76277944]]]},"properties":{"type":"room","subtype":"apartment","roomType":"BEDROOM","area":18.93779482525337},"type":"Feature"},{"geometry":{"type":"Polygon","coordinates":[[[37.61222645,55.76279578],[37.61219078,55.76278325],[37.61218077,55.76279231],[37.61221645,55.76280484],[37.61222645,55.76279578]]]},"properties":{"type":"room","subtype":"apartment","roomType":"JOINT_BATHROOM","area":3.1320312347153694},"type":"Feature"},{"geometry":{"type":"Polygon","coordinates":[[[37.61213629,55.76283029],[37.61210787,55.76285601],[37.61210785,55.76285603],[37.61210784,55.76285605],[37.61210784,55.76285606],[37.61210785,55.76285608],[37.61210786,55.7628561],[37.61210787,55.76285611],[37.61210789,55.76285613],[37.61210792,55.76285614],[37.6121304,55.76286403],[37.61213042,55.76286404],[37.6121307,55.76286412],[37.61213073,55.76286412],[37.61213103,55.76286417],[37.61213106,55.76286417],[37.61213137,55.76286418],[37.6121314,55.76286418],[37.61213171,55.76286416],[37.61213174,55.76286415],[37.61213204,55.7628641],[37.61213207,55.76286409],[37.61213234,55.762864],[37.61213236,55.76286399],[37.6121326,55.76286388],[37.61213262,55.76286386],[37.61213281,55.76286372],[37.61213282,55.76286372],[37.61215957,55.7628395],[37.61215957,55.7628395],[37.61215971,55.76283934],[37.61215972,55.76283932],[37.6121598,55.76283915],[37.61215981,55.76283913],[37.61215983,55.76283896],[37.61215983,55.76283894],[37.61215979,55.76283877],[37.61215978,55.76283875],[37.61215968,55.76283858],[37.61215967,55.76283857],[37.61215953,55.76283843],[37.6121598,55.76283844],[37.61215984,55.76283844],[37.61216014,55.76283842],[37.61216018,55.76283842],[37.61216047,55.76283836],[37.6121605,55.76283835],[37.61216077,55.76283826],[37.6121608,55.76283825],[37.61216103,55.76283814],[37.61216105,55.76283812],[37.61216124,55.76283799],[37.61216125,55.76283798],[37.612188,55.76281376],[37.61218801,55.76281376],[37.61218815,55.7628136],[37.61218816,55.76281358],[37.61218824,55.76281341],[37.61218824,55.7628134],[37.61218826,55.76281322],[37.61218826,55.7628132],[37.61218822,55.76281303],[37.61218821,55.76281301],[37.61218812,55.76281286],[37.6122008,55.76281731],[37.61220081,55.76281731],[37.61220109,55.76281739],[37.61220112,55.76281739],[37.61220142,55.76281744],[37.61220145,55.76281744],[37.61220176,55.76281745],[37.61220179,55.76281745],[37.6122021,55.76281743],[37.61220213,55.76281743],[37.61220243,55.76281737],[37.61220246,55.76281736],[37.61220273,55.76281728],[37.61220275,55.76281727],[37.61220299,55.76281715],[37.61220301,55.76281714],[37.6122032,55.762817],[37.61220321,55.76281699],[37.61221658,55.76280488],[37.6122166,55.76280487],[37.61221661,55.76280485],[37.61221661,55.76280483],[37.6122166,55.76280482],[37.61221659,55.7628048],[37.61221658,55.76280478],[37.61221656,55.76280477],[37.61221653,55.76280476],[37.61218086,55.76279223],[37.61218083,55.76279222],[37.6121808,55.76279222],[37.61218077,55.76279222],[37.61218074,55.76279222],[37.61218071,55.76279223],[37.61218068,55.76279223],[37.61218066,55.76279225],[37.61218064,55.76279226],[37.61216651,55.76280505],[37.61216496,55.76280451],[37.61216493,55.7628045],[37.6121649,55.7628045],[37.61216487,55.76280449],[37.61216484,55.7628045],[37.61216481,55.7628045],[37.61216478,55.76280451],[37.61216475,55.76280452],[37.61216474,55.76280454],[37.6121363,55.76283027],[37.61213629,55.76283029]]]},"properties":{"type":"room","subtype":"apartment","roomType":"CORRIDOR","area":16.56139707236368},"type":"Feature"},{"geometry":{"type":"Polygon","coordinates":[[[37.61207278,55.76277089],[37.61209172,55.76277754],[37.61211739,55.7627543],[37.61209845,55.76274765],[37.61207278,55.76277089]]]},"properties":{"type":"room","subtype":"apartment","roomType":"BALCONY","area":4.266128339558378},"type":"Feature"},{"geometry":{"type":"Polygon","coordinates":[[[37.61198748,55.76284811],[37.61200642,55.76285476],[37.6120327,55.76283097],[37.61201377,55.76282432],[37.61198748,55.76284811]]]},"properties":{"type":"room","subtype":"apartment","roomType":"BALCONY","area":4.367256613173087},"type":"Feature"},{"geometry":{"type":"Polygon","coordinates":[[[37.61204435,55.76279663],[37.61206329,55.76280328],[37.61208957,55.76277949],[37.61207063,55.76277284],[37.61204435,55.76279663]]]},"properties":{"type":"room","subtype":"apartment","roomType":"BALCONY","area":4.3672565618299775},"type":"Feature"},{"geometry":{"type":"Polygon","coordinates":[[[37.61213075,55.76286542],[37.61212669,55.762864],[37.61212441,55.76286606],[37.61212847,55.76286748],[37.61213075,55.76286542]]]},"properties":{"type":"room_object","subtype":"room","roomObjectType":"ELECTRICAL_BOX"},"type":"Feature"},{"geometry":{"type":"Polygon","coordinates":[[[37.61207876,55.76288151],[37.61200534,55.76285573],[37.61200534,55.76285573],[37.61200534,55.76285573],[37.61197691,55.76288147],[37.61207498,55.76291591],[37.61207498,55.76291591],[37.61207498,55.76291591],[37.61209911,55.76289406],[37.6120746,55.76288545],[37.61207457,55.76288544],[37.61207455,55.76288543],[37.61207453,55.76288541],[37.61207452,55.76288539],[37.61207452,55.76288538],[37.61207452,55.76288536],[37.61207453,55.76288534],[37.61207454,55.76288533],[37.61207876,55.76288151]]]},"properties":{"type":"apartment","rooms":0,"totalArea":24.46874999831262,"livingArea":18.35156250324892,"apartmentType":999990},"type":"Feature"},{"geometry":{"type":"Polygon","coordinates":[[[37.61207889,55.76288156],[37.61200534,55.76285573],[37.61200534,55.76285573],[37.61200534,55.76285573],[37.61197691,55.76288147],[37.61205046,55.7629073],[37.61207889,55.76288156]]]},"properties":{"type":"room","subtype":"apartment","roomType":"STUDIO","area":18.35156250324892},"type":"Feature"},{"geometry":{"type":"Polygon","coordinates":[[[37.61207468,55.76288537],[37.61206468,55.76289443],[37.61208919,55.76290304],[37.6120992,55.76289398],[37.61207468,55.76288537]]]},"properties":{"type":"room","subtype":"apartment","roomType":"JOINT_BATHROOM","area":2.1523437535904977},"type":"Feature"},{"geometry":{"type":"Polygon","coordinates":[[[37.61208919,55.76290304],[37.61206468,55.76289443],[37.61205046,55.7629073],[37.61207498,55.76291591],[37.61207498,55.76291591],[37.61207498,55.76291591],[37.61208919,55.76290304]]]},"properties":{"type":"room","subtype":"apartment","roomType":"HALL","area":3.058593745907814},"type":"Feature"},{"geometry":{"type":"Polygon","coordinates":[[[37.61195905,55.76287385],[37.61197799,55.7628805],[37.61200427,55.76285671],[37.61198533,55.76285006],[37.61195905,55.76287385]]]},"properties":{"type":"room","subtype":"apartment","roomType":"BALCONY","area":4.367256611635882},"type":"Feature"},{"geometry":{"type":"Polygon","coordinates":[[[37.61207176,55.76291372],[37.61207582,55.76291515],[37.61207834,55.76291286],[37.61207429,55.76291143],[37.61207176,55.76291372]]]},"properties":{"type":"room_object","subtype":"room","roomObjectType":"ELECTRICAL_BOX"},"type":"Feature"},{"geometry":{"type":"Polygon","coordinates":[[[37.61194848,55.76290721],[37.61192005,55.76293295],[37.61201811,55.76296739],[37.61201812,55.76296738],[37.61204654,55.76294165],[37.61207498,55.76291591],[37.61204814,55.76290649],[37.61204393,55.7629103],[37.61204391,55.76291031],[37.61204389,55.76291032],[37.61204386,55.76291033],[37.61204383,55.76291034],[37.6120438,55.76291034],[37.61204377,55.76291034],[37.61204374,55.76291034],[37.61204371,55.76291033],[37.61202165,55.76290258],[37.61202162,55.76290257],[37.6120216,55.76290256],[37.61202159,55.76290254],[37.61202158,55.76290252],[37.61202157,55.76290251],[37.61202157,55.76290249],[37.61202158,55.76290247],[37.6120216,55.76290246],[37.61202581,55.76289864],[37.61197691,55.76288147],[37.61197691,55.76288147],[37.61194848,55.76290721]]]},"properties":{"type":"apartment","rooms":1,"totalArea":48.937500003965276,"livingArea":24.46875000579395,"apartmentType":999991},"type":"Feature"},{"geometry":{"type":"Polygon","coordinates":[[[37.61197826,55.76288195],[37.61197798,55.76288187],[37.61197768,55.76288182],[37.61197737,55.76288181],[37.61197706,55.76288183],[37.61197677,55.76288189],[37.61197649,55.76288198],[37.61197626,55.76288209],[37.61197607,55.76288223],[37.61194932,55.76290645],[37.61194918,55.76290661],[37.6119491,55.76290678],[37.61194908,55.76290695],[37.61194912,55.76290713],[37.61194922,55.76290729],[37.61194938,55.76290744],[37.61194958,55.76290758],[37.61194983,55.76290768],[37.61199751,55.76292443],[37.61202594,55.76289869],[37.61197826,55.76288195]]]},"properties":{"type":"room","subtype":"apartment","roomType":"KITCHEN","area":12.229982224061171},"type":"Feature"},{"geometry":{"type":"Polygon","coordinates":[[[37.61199751,55.76292443],[37.61204519,55.76294117],[37.61204547,55.76294125],[37.61204577,55.7629413],[37.61204608,55.76294131],[37.61204639,55.76294128],[37.61204669,55.76294123],[37.61204696,55.76294114],[37.61204719,55.76294102],[37.61204738,55.76294088],[37.61206076,55.76292878],[37.61201173,55.76291156],[37.61199751,55.76292443]]]},"properties":{"type":"room","subtype":"apartment","roomType":"HALL","area":6.114991110916285},"type":"Feature"},{"geometry":{"type":"Polygon","coordinates":[[[37.61203379,55.76291931],[37.61206076,55.76292878],[37.61207413,55.76291667],[37.61207427,55.76291651],[37.61207435,55.76291634],[37.61207437,55.76291617],[37.61207433,55.76291599],[37.61207423,55.76291583],[37.61207408,55.76291567],[37.61207387,55.76291554],[37.61207362,55.76291543],[37.61204801,55.76290644],[37.61203379,55.76291931]]]},"properties":{"type":"room","subtype":"apartment","roomType":"BATHROOM","area":3.362256741290007},"type":"Feature"},{"geometry":{"type":"Polygon","coordinates":[[[37.61202173,55.7629025],[37.61201173,55.76291156],[37.61203379,55.76291931],[37.6120438,55.76291025],[37.61202173,55.7629025]]]},"properties":{"type":"room","subtype":"apartment","roomType":"TOILET","area":1.9371093746233563},"type":"Feature"},{"geometry":{"type":"Polygon","coordinates":[[[37.61204654,55.76294165],[37.61194848,55.76290721],[37.61194848,55.76290721],[37.61194848,55.76290721],[37.61192005,55.76293295],[37.61201811,55.76296739],[37.61201812,55.76296738],[37.61201812,55.76296738],[37.61204654,55.76294165]]]},"properties":{"type":"room","subtype":"apartment","roomType":"BEDROOM","area":24.46875000579395},"type":"Feature"},{"geometry":{"type":"Polygon","coordinates":[[[37.61190219,55.76292532],[37.61192112,55.76293197],[37.6119474,55.76290818],[37.61192847,55.76290153],[37.61190219,55.76292532]]]},"properties":{"type":"room","subtype":"apartment","roomType":"BALCONY","area":4.367238099064761},"type":"Feature"},{"geometry":{"type":"Polygon","coordinates":[[[37.61204358,55.76293923],[37.61204764,55.76294066],[37.61204991,55.7629386],[37.61204585,55.76293717],[37.61204358,55.76293923]]]},"properties":{"type":"room_object","subtype":"room","roomObjectType":"ELECTRICAL_BOX"},"type":"Feature"},{"geometry":{"type":"Polygon","coordinates":[[[37.61192005,55.76293295],[37.61192005,55.76293295],[37.61189161,55.76295869],[37.61189161,55.76295869],[37.61197517,55.76298803],[37.61197517,55.76298803],[37.61197938,55.76298422],[37.6119794,55.7629842],[37.61197942,55.76298419],[37.61197945,55.76298418],[37.61197948,55.76298418],[37.61197951,55.76298417],[37.61197954,55.76298417],[37.61197957,55.76298418],[37.6119796,55.76298419],[37.6120075,55.76299398],[37.61203164,55.76297214],[37.61192005,55.76293295],[37.61192005,55.76293295]]]},"properties":{"type":"apartment","rooms":0,"totalArea":27.843749893962364,"livingArea":20.882812403415425,"apartmentType":999990},"type":"Feature"},{"geometry":{"type":"Polygon","coordinates":[[[37.61200374,55.76296234],[37.61192005,55.76293295],[37.61192005,55.76293295],[37.61192005,55.76293295],[37.61189161,55.76295869],[37.61189161,55.76295869],[37.6119753,55.76298808],[37.61200374,55.76296234]]]},"properties":{"type":"room","subtype":"apartment","roomType":"STUDIO","area":20.882812403415425},"type":"Feature"},{"geometry":{"type":"Polygon","coordinates":[[[37.61197952,55.76298426],[37.61200741,55.76299406],[37.61201742,55.762985],[37.61198952,55.76297521],[37.61197952,55.76298426]]]},"properties":{"type":"room","subtype":"apartment","roomType":"JOINT_BATHROOM","area":2.4492187425287035},"type":"Feature"},{"geometry":{"type":"Polygon","coordinates":[[[37.61198952,55.76297521],[37.61201742,55.762985],[37.61203164,55.76297214],[37.61200374,55.76296234],[37.61198952,55.76297521]]]},"properties":{"type":"room","subtype":"apartment","roomType":"HALL","area":3.4804687506101804},"type":"Feature"},{"geometry":{"type":"Polygon","coordinates":[[[37.61187436,55.76295051],[37.6118933,55.76295716],[37.61191897,55.76293392],[37.61190003,55.76292727],[37.61187436,55.76295051]]]},"properties":{"type":"room","subtype":"apartment","roomType":"BALCONY","area":4.266128271481009},"type":"Feature"},{"geometry":{"type":"Polygon","coordinates":[[[37.61204517,55.76297688],[37.61203164,55.76297214],[37.61203164,55.76297214],[37.6120032,55.76299787],[37.61211479,55.76303706],[37.61211479,55.76303706],[37.61214322,55.76301132],[37.61217166,55.76298558],[37.61220009,55.76295985],[37.61215119,55.76294267],[37.61215119,55.76294267],[37.61214698,55.76294649],[37.61214696,55.7629465],[37.61214694,55.76294651],[37.61214691,55.76294652],[37.61214688,55.76294653],[37.61214685,55.76294653],[37.61214682,55.76294653],[37.61214679,55.76294652],[37.61214676,55.76294652],[37.6121247,55.76293877],[37.61212467,55.76293876],[37.61212465,55.76293874],[37.61212464,55.76293873],[37.61212463,55.76293871],[37.61212462,55.76293869],[37.61212462,55.76293868],[37.61212463,55.76293866],[37.61212465,55.76293864],[37.61212886,55.76293483],[37.61210203,55.76292541],[37.61210203,55.76292541],[37.61207359,55.76295115],[37.61204517,55.76297688]]]},"properties":{"type":"apartment","rooms":2,"totalArea":76.78174978537406,"livingArea":46.357881282835194,"apartmentType":999992},"type":"Feature"},{"geometry":{"type":"Polygon","coordinates":[[[37.61212263,55.76296837],[37.6121703,55.76298511],[37.61217058,55.76298519],[37.61217089,55.76298523],[37.6121712,55.76298524],[37.61217151,55.76298522],[37.6121718,55.76298516],[37.61217207,55.76298508],[37.61217231,55.76298496],[37.6121725,55.76298482],[37.61219925,55.76296061],[37.61219939,55.76296045],[37.61219947,55.76296028],[37.61219949,55.7629601],[37.61219945,55.76295993],[37.61219935,55.76295976],[37.61219919,55.76295961],[37.61219899,55.76295948],[37.61219874,55.76295937],[37.61215106,55.76294263],[37.61212263,55.76296837]]]},"properties":{"type":"room","subtype":"apartment","roomType":"KITCHEN","area":12.22998222353208},"type":"Feature"},{"geometry":{"type":"Polygon","coordinates":[[[37.61212263,55.76296837],[37.61213684,55.7629555],[37.61208781,55.76293828],[37.61207444,55.76295038],[37.6120743,55.76295054],[37.61207422,55.76295071],[37.6120742,55.76295089],[37.61207424,55.76295106],[37.61207434,55.76295123],[37.61207449,55.76295138],[37.6120747,55.76295151],[37.61207495,55.76295162],[37.61212263,55.76296837]]]},"properties":{"type":"room","subtype":"apartment","roomType":"HALL","area":6.114991117531346},"type":"Feature"},{"geometry":{"type":"Polygon","coordinates":[[[37.61211478,55.76294775],[37.61212899,55.76293488],[37.61210338,55.76292588],[37.6121031,55.76292581],[37.6121028,55.76292576],[37.61210249,55.76292575],[37.61210218,55.76292577],[37.61210188,55.76292583],[37.61210161,55.76292592],[37.61210137,55.76292603],[37.61210118,55.76292617],[37.61208781,55.76293828],[37.61211478,55.76294775]]]},"properties":{"type":"room","subtype":"apartment","roomType":"BATHROOM","area":3.3622567348423877},"type":"Feature"},{"geometry":{"type":"Polygon","coordinates":[[[37.61214685,55.76294644],[37.61212478,55.76293869],[37.61211478,55.76294775],[37.61213684,55.7629555],[37.61214685,55.76294644]]]},"properties":{"type":"room","subtype":"apartment","roomType":"TOILET","area":1.937109374979505},"type":"Feature"},{"geometry":{"type":"Polygon","coordinates":[[[37.612069,55.76298525],[37.61214187,55.76301085],[37.61214215,55.76301092],[37.61214245,55.76301097],[37.61214277,55.76301098],[37.61214308,55.76301096],[37.61214337,55.7630109],[37.61214364,55.76301081],[37.61214388,55.7630107],[37.61214407,55.76301056],[37.61217081,55.76298635],[37.61217095,55.76298619],[37.61217103,55.76298602],[37.61217106,55.76298584],[37.61217101,55.76298567],[37.61217091,55.7629855],[37.61217076,55.76298535],[37.61217055,55.76298522],[37.6121703,55.76298511],[37.61209744,55.76295952],[37.612069,55.76298525]]]},"properties":{"type":"room","subtype":"apartment","roomType":"BEDROOM","area":18.51413118281439},"type":"Feature"},{"geometry":{"type":"Polygon","coordinates":[[[37.61214322,55.76301132],[37.61203164,55.76297214],[37.61203164,55.76297214],[37.61203164,55.76297214],[37.6120032,55.76299787],[37.6120032,55.76299787],[37.61211479,55.76303706],[37.61211479,55.76303706],[37.61214322,55.76301132]]]},"properties":{"type":"room","subtype":"apartment","roomType":"BEDROOM","area":27.843750100020806},"type":"Feature"},{"geometry":{"type":"Polygon","coordinates":[[[37.61206892,55.76298533],[37.61206895,55.76298533],[37.61206898,55.76298534],[37.61206901,55.76298534],[37.61206904,55.76298534],[37.61206907,55.76298533],[37.6120691,55.76298532],[37.61206912,55.76298531],[37.61206914,55.7629853],[37.61209757,55.76295957],[37.61209758,55.76295955],[37.61209759,55.76295953],[37.61209759,55.76295952],[37.61209759,55.7629595],[37.61209758,55.76295948],[37.61209757,55.76295947],[37.61209754,55.76295945],[37.61209752,55.76295944],[37.61207503,55.76295155],[37.61207502,55.76295154],[37.61207474,55.76295146],[37.61207471,55.76295146],[37.61207441,55.76295141],[37.61207438,55.76295141],[37.61207406,55.7629514],[37.61207403,55.7629514],[37.61207372,55.76295142],[37.61207369,55.76295142],[37.6120734,55.76295148],[37.61207337,55.76295149],[37.6120731,55.76295158],[37.61207307,55.76295159],[37.61207284,55.7629517],[37.61207282,55.76295171],[37.61207263,55.76295185],[37.61207262,55.76295186],[37.61204588,55.76297607],[37.61204587,55.76297608],[37.61204573,55.76297623],[37.61204572,55.76297625],[37.61204564,55.76297642],[37.61204563,55.76297644],[37.61204561,55.76297661],[37.61204561,55.76297663],[37.61204565,55.7629768],[37.61204566,55.76297682],[37.61204576,55.76297699],[37.61204577,55.762977],[37.61204593,55.76297716],[37.61204595,55.76297717],[37.61204615,55.7629773],[37.61204618,55.76297732],[37.61204642,55.76297742],[37.61204644,55.76297743],[37.61206892,55.76298533]]]},"properties":{"type":"room","subtype":"apartment","roomType":"CORRIDOR","area":6.044390248802949},"type":"Feature"},{"geometry":{"type":"Polygon","coordinates":[[[37.61216108,55.76301895],[37.61214215,55.7630123],[37.61211648,55.76303554],[37.61213541,55.76304218],[37.61216108,55.76301895]]]},"properties":{"type":"room","subtype":"apartment","roomType":"BALCONY","area":4.266128339613736},"type":"Feature"},{"geometry":{"type":"Polygon","coordinates":[[[37.61218952,55.76299321],[37.61217058,55.76298656],[37.6121443,55.76301035],[37.61216324,55.763017],[37.61218952,55.76299321]]]},"properties":{"type":"room","subtype":"apartment","roomType":"BALCONY","area":4.367238100107702},"type":"Feature"},{"geometry":{"type":"Polygon","coordinates":[[[37.61207469,55.76295016],[37.61207875,55.76295158],[37.61208102,55.76294952],[37.61207696,55.7629481],[37.61207469,55.76295016]]]},"properties":{"type":"room_object","subtype":"room","roomObjectType":"ELECTRICAL_BOX"},"type":"Feature"},{"geometry":{"type":"Polygon","coordinates":[[[37.61227252,55.76291807],[37.61225359,55.76291142],[37.61220346,55.76295679],[37.6122224,55.76296344],[37.61227252,55.76291807]]]},"properties":{"type":"balcony","area":8.330000002743798,"subtype":"service"},"type":"Feature"},{"geometry":{"type":"Polygon","coordinates":[[[37.61222852,55.76293411],[37.61213046,55.76289967],[37.61213046,55.76289967],[37.61213046,55.76289967],[37.61210203,55.76292541],[37.61220009,55.76295985],[37.61220009,55.76295985],[37.61220009,55.76295985],[37.61222852,55.76293411]]]},"properties":{"type":"ladder","area":24.468749997998568,"subtype":"service"},"type":"Feature"},{"geometry":{"type":"Polygon","coordinates":[[[37.61219538,55.76292247],[37.61222852,55.76293411],[37.61222852,55.76293411],[37.61222852,55.76293411],[37.61225696,55.76290837],[37.61215889,55.76287393],[37.61215889,55.76287393],[37.61215889,55.76287393],[37.61214815,55.76288365],[37.61215491,55.76288603],[37.61216979,55.76289125],[37.61219143,55.76289885],[37.61221308,55.76290645],[37.61219538,55.76292247]]]},"properties":{"type":"corridor","area":14.388750013337827,"subtype":"service"},"type":"Feature"},{"geometry":{"type":"Polygon","coordinates":[[[37.61213722,55.76290204],[37.61215491,55.76288603],[37.61214815,55.76288365],[37.61213046,55.76289967],[37.61213722,55.76290204]]]},"properties":{"type":"heating_meter","area":1.049999992701565,"subtype":"service"},"type":"Feature"},{"geometry":{"type":"Polygon","coordinates":[[[37.6121521,55.76290727],[37.61216979,55.76289125],[37.61215491,55.76288603],[37.61213722,55.76290204],[37.6121521,55.76290727]]]},"properties":{"type":"elevator","area":2.3100000004978956,"subtype":"service"},"type":"Feature"},{"geometry":{"type":"Polygon","coordinates":[[[37.61217374,55.76291487],[37.61219143,55.76289885],[37.61216979,55.76289125],[37.6121521,55.76290727],[37.61217374,55.76291487]]]},"properties":{"type":"elevator","area":3.3600000000079278,"subtype":"service"},"type":"Feature"},{"geometry":{"type":"Polygon","coordinates":[[[37.61219538,55.76292247],[37.61221308,55.76290645],[37.61219143,55.76289885],[37.61217374,55.76291487],[37.61219538,55.76292247]]]},"properties":{"type":"elevator","area":3.359999999305648,"subtype":"service"},"type":"Feature"},{"geometry":{"type":"Polygon","coordinates":[[[37.61221575,55.76282246],[37.6121887,55.76281296],[37.61201812,55.76296738],[37.61204517,55.76297688],[37.61221575,55.76282246]]]},"properties":{"type":"corridor","area":40.49599257296205,"subtype":"service"},"type":"Feature"},{"geometry":{"type":"Polygon","coordinates":[[[37.61221214,55.76288734],[37.61219007,55.76287959],[37.61218586,55.7628834],[37.61220792,55.76289115],[37.61221214,55.76288734]]]},"properties":{"type":"ventilation","area":0.8156250001698013,"subtype":"service"},"type":"Feature"},{"geometry":{"type":"Polygon","coordinates":[[[37.61222645,55.76279578],[37.61225435,55.76280558],[37.61225856,55.76280176],[37.61223066,55.76279197],[37.61223066,55.76279197],[37.61222645,55.76279578]]]},"properties":{"type":"ventilation","area":1.0312499997155147,"subtype":"service"},"type":"Feature"},{"geometry":{"type":"Polygon","coordinates":[[[37.61205943,55.76286838],[37.61205438,55.76287295],[37.61210206,55.76288969],[37.61210234,55.76288977],[37.61210264,55.76288982],[37.61210295,55.76288983],[37.61210326,55.76288981],[37.61210355,55.76288975],[37.61210383,55.76288966],[37.61210406,55.76288955],[37.61210425,55.76288941],[37.61210846,55.76288559],[37.61205943,55.76286838]]]},"properties":{"type":"ventilation","area":2.172803630038016,"subtype":"service"},"type":"Feature"},{"geometry":{"type":"Polygon","coordinates":[[[37.61222645,55.76279578],[37.61222982,55.76279273],[37.61222996,55.76279257],[37.61223004,55.7627924],[37.61223006,55.76279223],[37.61223002,55.76279205],[37.61222992,55.76279188],[37.61222977,55.76279173],[37.61222956,55.7627916],[37.61222931,55.76279149],[37.61219499,55.76277944],[37.61219078,55.76278325],[37.61222645,55.76279578]]]},"properties":{"type":"ventilation","area":1.3165536144922148,"subtype":"service"},"type":"Feature"},{"geometry":{"type":"Polygon","coordinates":[[[37.6120992,55.76289398],[37.61210341,55.76289017],[37.61207889,55.76288156],[37.61207468,55.76288537],[37.6120992,55.76289398]]]},"properties":{"type":"ventilation","area":0.9062499966358026,"subtype":"service"},"type":"Feature"},{"geometry":{"type":"Polygon","coordinates":[[[37.61204801,55.76290644],[37.61202594,55.76289869],[37.61202173,55.7629025],[37.6120438,55.76291025],[37.61204801,55.76290644]]]},"properties":{"type":"ventilation","area":0.8156250000755301,"subtype":"service"},"type":"Feature"},{"geometry":{"type":"Polygon","coordinates":[[[37.61200741,55.76299406],[37.61197952,55.76298426],[37.6119753,55.76298808],[37.6120032,55.76299787],[37.6120032,55.76299787],[37.61200741,55.76299406]]]},"properties":{"type":"ventilation","area":1.031249997585132,"subtype":"service"},"type":"Feature"},{"geometry":{"type":"Polygon","coordinates":[[[37.61212478,55.76293869],[37.61214685,55.76294644],[37.61215106,55.76294263],[37.61212899,55.76293488],[37.61212478,55.76293869]]]},"properties":{"type":"ventilation","area":0.8156250000387391,"subtype":"service"},"type":"Feature"},{"geometry":{"type":"Polygon","coordinates":[[[37.61029602,55.76256221],[37.61030954,55.76256697],[37.61028006,55.76259365],[37.6103069,55.76260308],[37.61031111,55.76259927],[37.61031112,55.76259925],[37.61031115,55.76259924],[37.61031118,55.76259923],[37.6103112,55.76259923],[37.61031124,55.76259922],[37.61031127,55.76259922],[37.6103113,55.76259923],[37.61031133,55.76259924],[37.61033339,55.76260698],[37.61033342,55.76260699],[37.61033344,55.76260701],[37.61033345,55.76260702],[37.61033346,55.76260704],[37.61033347,55.76260706],[37.61033346,55.76260707],[37.61033346,55.76260709],[37.61033344,55.76260711],[37.61032923,55.76261092],[37.61032923,55.76261092],[37.61037812,55.76262809],[37.61037812,55.76262809],[37.61040761,55.7626014],[37.6104371,55.76257471],[37.61032551,55.76253552],[37.61032551,55.76253552],[37.61029602,55.76256221]]]},"properties":{"type":"apartment","rooms":1,"totalArea":54.25050222798675,"livingArea":28.874999900132373,"apartmentType":999991},"type":"Feature"},{"geometry":{"type":"Polygon","coordinates":[[[37.6103291,55.76261087],[37.61037677,55.76262762],[37.61037705,55.76262769],[37.61037735,55.76262774],[37.61037766,55.76262775],[37.61037797,55.76262773],[37.61037827,55.76262767],[37.61037854,55.76262758],[37.61037877,55.76262747],[37.61037896,55.76262733],[37.61040677,55.76260216],[37.6104069,55.762602],[37.61040699,55.76260183],[37.61040701,55.76260166],[37.61040697,55.76260148],[37.61040687,55.76260132],[37.61040671,55.76260116],[37.6104065,55.76260103],[37.61040626,55.76260092],[37.61035858,55.76258418],[37.6103291,55.76261087]]]},"properties":{"type":"room","subtype":"apartment","roomType":"KITCHEN","area":12.683107257339078},"type":"Feature"},{"geometry":{"type":"Polygon","coordinates":[[[37.61034383,55.76259753],[37.61035858,55.76258418],[37.6103109,55.76256744],[37.61031062,55.76256736],[37.61031032,55.76256731],[37.61031001,55.7625673],[37.6103097,55.76256732],[37.6103094,55.76256738],[37.61030913,55.76256747],[37.6103089,55.76256758],[37.61030871,55.76256772],[37.6102948,55.76258031],[37.61034383,55.76259753]]]},"properties":{"type":"room","subtype":"apartment","roomType":"HALL","area":6.343821671896565},"type":"Feature"},{"geometry":{"type":"Polygon","coordinates":[[[37.61030703,55.76260312],[37.61032177,55.76258978],[37.6102948,55.76258031],[37.6102809,55.76259289],[37.61028077,55.76259305],[37.61028068,55.76259322],[37.61028066,55.76259339],[37.6102807,55.76259357],[37.6102808,55.76259374],[37.61028096,55.76259389],[37.61028117,55.76259402],[37.61028141,55.76259413],[37.61030703,55.76260312]]]},"properties":{"type":"room","subtype":"apartment","roomType":"BATHROOM","area":3.485488704208092},"type":"Feature"},{"geometry":{"type":"Polygon","coordinates":[[[37.61031124,55.76259931],[37.61033331,55.76260706],[37.61034383,55.76259753],[37.61032177,55.76258978],[37.61031124,55.76259931]]]},"properties":{"type":"room","subtype":"apartment","roomType":"TOILET","area":2.038356167384116},"type":"Feature"},{"geometry":{"type":"Polygon","coordinates":[[[37.61029602,55.76256221],[37.61032551,55.76253552],[37.61032551,55.76253552],[37.6104371,55.76257471],[37.6104371,55.76257471],[37.61040761,55.7626014],[37.61040761,55.7626014],[37.61040761,55.7626014],[37.61029602,55.76256221]]]},"properties":{"type":"room","subtype":"apartment","roomType":"BEDROOM","area":28.874999900132373},"type":"Feature"},{"geometry":{"type":"Polygon","coordinates":[[[37.61045435,55.76258288],[37.61043541,55.76257623],[37.61040869,55.76260043],[37.61042762,55.76260708],[37.61045435,55.76258288]]]},"properties":{"type":"room","subtype":"apartment","roomType":"BALCONY","area":4.441128272738104},"type":"Feature"},{"geometry":{"type":"Polygon","coordinates":[[[37.61031251,55.76256938],[37.61030845,55.76256795],[37.61030617,55.76257002],[37.61031023,55.76257144],[37.61031251,55.76256938]]]},"properties":{"type":"room_object","subtype":"room","roomObjectType":"ELECTRICAL_BOX"},"type":"Feature"},{"geometry":{"type":"Polygon","coordinates":[[[37.61018444,55.76252302],[37.61015495,55.76254971],[37.61020384,55.76256689],[37.61020806,55.76256307],[37.61020808,55.76256306],[37.6102081,55.76256305],[37.61020813,55.76256304],[37.61020816,55.76256303],[37.61020819,55.76256303],[37.61020822,55.76256303],[37.61020825,55.76256304],[37.61020828,55.76256304],[37.61023034,55.76257079],[37.61023036,55.7625708],[37.61023039,55.76257082],[37.6102304,55.76257083],[37.61023041,55.76257085],[37.61023042,55.76257087],[37.61023041,55.76257088],[37.61023041,55.7625709],[37.61023039,55.76257092],[37.61022618,55.76257473],[37.61025301,55.76258415],[37.61028249,55.76255747],[37.61029602,55.76256221],[37.61032551,55.76253552],[37.61021392,55.76249633],[37.61018444,55.76252302]]]},"properties":{"type":"apartment","rooms":1,"totalArea":54.250508151822075,"livingArea":28.875000106372124,"apartmentType":999991},"type":"Feature"},{"geometry":{"type":"Polygon","coordinates":[[[37.61018579,55.7625235],[37.61018551,55.76252342],[37.61018521,55.76252337],[37.6101849,55.76252336],[37.61018459,55.76252339],[37.61018429,55.76252344],[37.61018402,55.76252353],[37.61018378,55.76252365],[37.61018359,55.76252379],[37.61015579,55.76254895],[37.61015565,55.76254911],[37.61015557,55.76254928],[37.61015555,55.76254946],[37.61015559,55.76254963],[37.61015569,55.7625498],[37.61015585,55.76254995],[37.61015605,55.76255008],[37.6101563,55.76255019],[37.61020398,55.76256693],[37.61023347,55.76254024],[37.61018579,55.7625235]]]},"properties":{"type":"room","subtype":"apartment","roomType":"KITCHEN","area":12.683107226029382},"type":"Feature"},{"geometry":{"type":"Polygon","coordinates":[[[37.61023347,55.76254024],[37.61021872,55.76255359],[37.61026775,55.76257081],[37.61028165,55.76255822],[37.61028179,55.76255807],[37.61028187,55.7625579],[37.61028189,55.76255772],[37.61028185,55.76255755],[37.61028175,55.76255738],[37.6102816,55.76255723],[37.61028139,55.76255709],[37.61028114,55.76255699],[37.61023347,55.76254024]]]},"properties":{"type":"room","subtype":"apartment","roomType":"HALL","area":6.341553617688781},"type":"Feature"},{"geometry":{"type":"Polygon","coordinates":[[[37.61022604,55.76257468],[37.61025166,55.76258368],[37.61025194,55.76258376],[37.61025224,55.7625838],[37.61025255,55.76258381],[37.61025286,55.76258379],[37.61025316,55.76258373],[37.61025343,55.76258365],[37.61025366,55.76258353],[37.61025385,55.76258339],[37.61026775,55.76257081],[37.61024079,55.76256134],[37.61022604,55.76257468]]]},"properties":{"type":"room","subtype":"apartment","roomType":"BATHROOM","area":3.4868661061331987},"type":"Feature"},{"geometry":{"type":"Polygon","coordinates":[[[37.61024079,55.76256134],[37.61021872,55.76255359],[37.61020819,55.76256312],[37.61023026,55.76257087],[37.61024079,55.76256134]]]},"properties":{"type":"room","subtype":"apartment","roomType":"TOILET","area":2.039062498336762},"type":"Feature"},{"geometry":{"type":"Polygon","coordinates":[[[37.61029602,55.76256221],[37.61029602,55.76256221],[37.61018444,55.76252302],[37.61021392,55.76249633],[37.61021392,55.76249633],[37.61032551,55.76253552],[37.61032551,55.76253552],[37.61029602,55.76256221],[37.61029602,55.76256221]]]},"properties":{"type":"room","subtype":"apartment","roomType":"BEDROOM","area":28.875000106372124},"type":"Feature"},{"geometry":{"type":"Polygon","coordinates":[[[37.61016658,55.7625154],[37.61018551,55.76252205],[37.61021224,55.76249786],[37.6101933,55.76249121],[37.61016658,55.7625154]]]},"properties":{"type":"room","subtype":"apartment","roomType":"BALCONY","area":4.441128340702798},"type":"Feature"},{"geometry":{"type":"Polygon","coordinates":[[[37.6102814,55.76255845],[37.61027734,55.76255703],[37.61027506,55.76255909],[37.61027912,55.76256052],[37.6102814,55.76255845]]]},"properties":{"type":"room_object","subtype":"room","roomObjectType":"ELECTRICAL_BOX"},"type":"Feature"},{"geometry":{"type":"Polygon","coordinates":[[[37.61006649,55.76262979],[37.610037,55.76265648],[37.61011278,55.76268309],[37.61011699,55.76267928],[37.61011701,55.76267926],[37.61011703,55.76267925],[37.61011706,55.76267924],[37.61011709,55.76267924],[37.61011712,55.76267924],[37.61011715,55.76267924],[37.61011718,55.76267924],[37.61011721,55.76267925],[37.61015288,55.76269178],[37.61015288,55.76269178],[37.61017807,55.76266898],[37.61016456,55.76266422],[37.61019404,55.76263753],[37.61022352,55.76261084],[37.61024787,55.7625888],[37.61024787,55.7625888],[37.61019884,55.76257159],[37.61019882,55.76257157],[37.6101988,55.76257156],[37.61019878,55.76257155],[37.61019877,55.76257153],[37.61019877,55.76257151],[37.61019877,55.76257149],[37.61019878,55.76257148],[37.61019879,55.76257146],[37.61020384,55.76256689],[37.61015495,55.76254971],[37.61015495,55.76254971],[37.61009598,55.7626031],[37.61006649,55.76262979]]]},"properties":{"type":"apartment","rooms":3,"totalArea":105.00049867864524,"livingArea":58.0413240331255,"apartmentType":999993},"type":"Feature"},{"geometry":{"type":"Polygon","coordinates":[[[37.61017449,55.76259362],[37.61020398,55.76256693],[37.6101563,55.76255019],[37.61015602,55.76255011],[37.61015572,55.76255007],[37.61015541,55.76255005],[37.6101551,55.76255008],[37.6101548,55.76255013],[37.61015453,55.76255022],[37.6101543,55.76255034],[37.61015411,55.76255048],[37.61012631,55.76257564],[37.61012617,55.7625758],[37.61012609,55.76257597],[37.61012606,55.76257615],[37.61012611,55.76257632],[37.61012621,55.76257649],[37.61012636,55.76257664],[37.61012657,55.76257677],[37.61012682,55.76257688],[37.61017449,55.76259362]]]},"properties":{"type":"room","subtype":"apartment","roomType":"KITCHEN","area":12.683107225888579},"type":"Feature"},{"geometry":{"type":"Polygon","coordinates":[[[37.61017449,55.76259362],[37.61022217,55.76261037],[37.61022245,55.76261045],[37.61022275,55.76261049],[37.61022306,55.7626105],[37.61022337,55.76261048],[37.61022367,55.76261042],[37.61022394,55.76261034],[37.61022418,55.76261022],[37.61022437,55.76261008],[37.61023827,55.7625975],[37.61018924,55.76258028],[37.61017449,55.76259362]]]},"properties":{"type":"room","subtype":"apartment","roomType":"HALL","area":6.341553612571292},"type":"Feature"},{"geometry":{"type":"Polygon","coordinates":[[[37.61018924,55.76258028],[37.61023827,55.7625975],[37.61024796,55.76258873],[37.61019892,55.76257151],[37.61018924,55.76258028]]]},"properties":{"type":"room","subtype":"apartment","roomType":"JOINT_BATHROOM","area":4.1687500189506785},"type":"Feature"},{"geometry":{"type":"Polygon","coordinates":[[[37.61019968,55.76260247],[37.61012682,55.76257688],[37.61012654,55.7625768],[37.61012623,55.76257676],[37.61012592,55.76257674],[37.61012561,55.76257677],[37.61012532,55.76257682],[37.61012505,55.76257691],[37.61012481,55.76257703],[37.61012462,55.76257717],[37.61009682,55.76260233],[37.61009668,55.76260249],[37.6100966,55.76260266],[37.61009658,55.76260284],[37.61009662,55.76260301],[37.61009672,55.76260318],[37.61009687,55.76260333],[37.61009708,55.76260346],[37.61009733,55.76260357],[37.6101702,55.76262916],[37.61019968,55.76260247]]]},"properties":{"type":"room","subtype":"apartment","roomType":"LIVING_ROOM","area":19.20185724166424},"type":"Feature"},{"geometry":{"type":"Polygon","coordinates":[[[37.6101702,55.76262916],[37.61009733,55.76260357],[37.61009705,55.76260349],[37.61009675,55.76260345],[37.61009643,55.76260344],[37.61009612,55.76260346],[37.61009583,55.76260352],[37.61009556,55.7626036],[37.61009532,55.76260372],[37.61009513,55.76260386],[37.61006733,55.76262902],[37.61006719,55.76262918],[37.61006711,55.76262935],[37.61006709,55.76262953],[37.61006713,55.7626297],[37.61006723,55.76262987],[37.61006739,55.76263002],[37.61006759,55.76263016],[37.61006784,55.76263026],[37.61014072,55.76265585],[37.6101702,55.76262916]]]},"properties":{"type":"room","subtype":"apartment","roomType":"BEDROOM","area":19.20010965249532},"type":"Feature"},{"geometry":{"type":"Polygon","coordinates":[[[37.61006784,55.76263026],[37.61006756,55.76263018],[37.61006726,55.76263014],[37.61006695,55.76263013],[37.61006664,55.76263015],[37.61006634,55.76263021],[37.61006607,55.76263029],[37.61006584,55.76263041],[37.61006565,55.76263055],[37.61003784,55.76265572],[37.61003771,55.76265587],[37.61003762,55.76265604],[37.6100376,55.76265622],[37.61003764,55.76265639],[37.61003774,55.76265656],[37.6100379,55.76265671],[37.61003811,55.76265685],[37.61003835,55.76265695],[37.61011291,55.76268314],[37.6101424,55.76265645],[37.61006784,55.76263026]]]},"properties":{"type":"room","subtype":"apartment","roomType":"BEDROOM","area":19.63935713896594},"type":"Feature"},{"geometry":{"type":"Polygon","coordinates":[[[37.61011713,55.76267933],[37.6101528,55.76269185],[37.61016333,55.76268232],[37.61012766,55.76266979],[37.61011713,55.76267933]]]},"properties":{"type":"room","subtype":"apartment","roomType":"JOINT_BATHROOM","area":3.2968749944069753},"type":"Feature"},{"geometry":{"type":"Polygon","coordinates":[[[37.61012752,55.76266975],[37.61012751,55.76266976],[37.6101275,55.76266978],[37.6101275,55.7626698],[37.6101275,55.76266981],[37.61012751,55.76266983],[37.61012753,55.76266985],[37.61012755,55.76266986],[37.61012757,55.76266987],[37.61016325,55.7626824],[37.61016328,55.76268241],[37.61016331,55.76268241],[37.61016334,55.76268241],[37.61016337,55.76268241],[37.6101634,55.7626824],[37.61016342,55.76268239],[37.61016345,55.76268238],[37.61016347,55.76268237],[37.61017737,55.76266979],[37.61017738,55.76266978],[37.61017751,55.76266962],[37.61017752,55.7626696],[37.61017761,55.76266943],[37.61017761,55.76266942],[37.61017763,55.76266924],[37.61017763,55.76266922],[37.61017759,55.76266905],[37.61017758,55.76266903],[37.61017748,55.76266886],[37.61017747,55.76266885],[37.61017731,55.7626687],[37.6101773,55.76266868],[37.61017709,55.76266855],[37.61017707,55.76266854],[37.61017682,55.76266843],[37.61017681,55.76266842],[37.61016412,55.76266397],[37.61016412,55.76266397],[37.61016443,55.76266395],[37.61016446,55.76266394],[37.61016476,55.76266388],[37.61016478,55.76266388],[37.61016505,55.76266379],[37.61016508,55.76266378],[37.61016531,55.76266366],[37.61016534,55.76266365],[37.61016553,55.76266351],[37.61016554,55.7626635],[37.61019333,55.76263834],[37.61019334,55.76263834],[37.61019348,55.76263818],[37.61019349,55.76263816],[37.61019357,55.76263799],[37.61019357,55.76263798],[37.61019359,55.7626378],[37.61019359,55.76263778],[37.61019355,55.76263761],[37.61019354,55.76263759],[37.61019344,55.76263742],[37.61019343,55.76263741],[37.6101933,55.76263727],[37.61019357,55.76263728],[37.6101936,55.76263728],[37.61019391,55.76263726],[37.61019394,55.76263726],[37.61019423,55.7626372],[37.61019426,55.76263719],[37.61019453,55.76263711],[37.61019456,55.7626371],[37.61019479,55.76263698],[37.61019481,55.76263697],[37.61019501,55.76263683],[37.61019501,55.76263682],[37.61022282,55.76261165],[37.61022282,55.76261165],[37.61022296,55.76261149],[37.61022297,55.76261147],[37.61022305,55.7626113],[37.61022306,55.76261128],[37.61022308,55.76261111],[37.61022308,55.76261109],[37.61022304,55.76261092],[37.61022303,55.7626109],[37.61022293,55.76261073],[37.61022292,55.76261072],[37.61022276,55.76261056],[37.61022274,55.76261055],[37.61022254,55.76261042],[37.61022252,55.7626104],[37.61022227,55.7626103],[37.61022225,55.76261029],[37.61019977,55.7626024],[37.61019974,55.76260239],[37.61019971,55.76260238],[37.61019968,55.76260238],[37.61019965,55.76260238],[37.61019962,55.76260239],[37.61019959,55.7626024],[37.61019957,55.76260241],[37.61019955,55.76260242],[37.61017007,55.7626291],[37.61017006,55.76262911],[37.61014059,55.7626558],[37.61014057,55.76265582],[37.61014056,55.76265584],[37.61014056,55.76265585],[37.61014057,55.76265587],[37.61014058,55.76265589],[37.61014059,55.7626559],[37.61014061,55.76265592],[37.61014064,55.76265593],[37.61014219,55.76265647],[37.61012752,55.76266975]]]},"properties":{"type":"room","subtype":"apartment","roomType":"CORRIDOR","area":17.172937975434845},"type":"Feature"},{"geometry":{"type":"Polygon","coordinates":[[[37.61001975,55.7626483],[37.61003869,55.76265495],[37.61006541,55.76263076],[37.61004648,55.76262411],[37.61001975,55.7626483]]]},"properties":{"type":"room","subtype":"apartment","roomType":"BALCONY","area":4.441128272738104},"type":"Feature"},{"geometry":{"type":"Polygon","coordinates":[[[37.61022056,55.76260843],[37.61022462,55.76260985],[37.61022689,55.76260779],[37.61022284,55.76260637],[37.61022056,55.76260843]]]},"properties":{"type":"room_object","subtype":"room","roomObjectType":"ELECTRICAL_BOX"},"type":"Feature"},{"geometry":{"type":"Polygon","coordinates":[[[37.61019161,55.76267372],[37.61017807,55.76266898],[37.61017807,55.76266898],[37.61014859,55.76269567],[37.61026017,55.76273486],[37.61026017,55.76273486],[37.61028966,55.76270816],[37.61031915,55.76268147],[37.61027025,55.7626643],[37.61027025,55.7626643],[37.61026604,55.76266811],[37.61026602,55.76266813],[37.610266,55.76266814],[37.61026597,55.76266815],[37.61026594,55.76266815],[37.61026591,55.76266816],[37.61026588,55.76266816],[37.61026585,55.76266815],[37.61026582,55.76266814],[37.61024376,55.76266039],[37.61024373,55.76266038],[37.61024371,55.76266037],[37.6102437,55.76266036],[37.61024369,55.76266034],[37.61024368,55.76266032],[37.61024368,55.7626603],[37.61024369,55.76266029],[37.61024371,55.76266027],[37.61024792,55.76265646],[37.61022109,55.76264704],[37.61022109,55.76264704],[37.61019161,55.76267372]]]},"properties":{"type":"apartment","rooms":1,"totalArea":54.25049887459826,"livingArea":28.875000106161764,"apartmentType":999991},"type":"Feature"},{"geometry":{"type":"Polygon","coordinates":[[[37.61024063,55.76269095],[37.61028831,55.76270769],[37.61028859,55.76270777],[37.61028889,55.76270781],[37.6102892,55.76270783],[37.61028951,55.7627078],[37.61028981,55.76270775],[37.61029008,55.76270766],[37.61029031,55.76270754],[37.6102905,55.7627074],[37.61031831,55.76268224],[37.61031844,55.76268208],[37.61031853,55.76268191],[37.61031855,55.76268173],[37.61031851,55.76268156],[37.61031841,55.76268139],[37.61031825,55.76268124],[37.61031804,55.76268111],[37.6103178,55.762681],[37.61027012,55.76266425],[37.61024063,55.76269095]]]},"properties":{"type":"room","subtype":"apartment","roomType":"KITCHEN","area":12.683107221771127},"type":"Feature"},{"geometry":{"type":"Polygon","coordinates":[[[37.61024063,55.76269095],[37.61025537,55.7626776],[37.61020634,55.76266038],[37.61019244,55.76267296],[37.6101923,55.76267312],[37.61019222,55.76267329],[37.6101922,55.76267347],[37.61019224,55.76267364],[37.61019234,55.76267381],[37.6101925,55.76267396],[37.61019271,55.76267409],[37.61019295,55.7626742],[37.61024063,55.76269095]]]},"properties":{"type":"room","subtype":"apartment","roomType":"HALL","area":6.341553615798872},"type":"Feature"},{"geometry":{"type":"Polygon","coordinates":[[[37.61024805,55.76265651],[37.61022244,55.76264751],[37.61022216,55.76264743],[37.61022186,55.76264739],[37.61022155,55.76264737],[37.61022124,55.7626474],[37.61022094,55.76264745],[37.61022067,55.76264754],[37.61022044,55.76264766],[37.61022025,55.7626478],[37.61020634,55.76266038],[37.61023331,55.76266985],[37.61024805,55.76265651]]]},"properties":{"type":"room","subtype":"apartment","roomType":"BATHROOM","area":3.4868661102444922},"type":"Feature"},{"geometry":{"type":"Polygon","coordinates":[[[37.61026591,55.76266807],[37.61024384,55.76266032],[37.61023331,55.76266985],[37.61025537,55.7626776],[37.61026591,55.76266807]]]},"properties":{"type":"room","subtype":"apartment","roomType":"TOILET","area":2.039062500183428},"type":"Feature"},{"geometry":{"type":"Polygon","coordinates":[[[37.61028966,55.76270816],[37.61017807,55.76266898],[37.61017807,55.76266898],[37.61017807,55.76266898],[37.61014859,55.76269567],[37.61014859,55.76269567],[37.61026017,55.76273486],[37.61026017,55.76273486],[37.61028966,55.76270816]]]},"properties":{"type":"room","subtype":"apartment","roomType":"BEDROOM","area":28.875000106161764},"type":"Feature"},{"geometry":{"type":"Polygon","coordinates":[[[37.61030752,55.76271579],[37.61028859,55.76270914],[37.61026186,55.76273333],[37.6102808,55.76273998],[37.61030752,55.76271579]]]},"properties":{"type":"room","subtype":"apartment","roomType":"BALCONY","area":4.441128340702798},"type":"Feature"},{"geometry":{"type":"Polygon","coordinates":[[[37.6101927,55.76267273],[37.61019675,55.76267416],[37.61019904,55.76267209],[37.61019498,55.76267067],[37.6101927,55.76267273]]]},"properties":{"type":"room_object","subtype":"room","roomObjectType":"ELECTRICAL_BOX"},"type":"Feature"},{"geometry":{"type":"Polygon","coordinates":[[[37.61039369,55.76263779],[37.61037475,55.76263114],[37.61032252,55.76267842],[37.61034145,55.76268507],[37.61039369,55.76263779]]]},"properties":{"type":"balcony","area":8.680000003705231,"subtype":"service"},"type":"Feature"},{"geometry":{"type":"Polygon","coordinates":[[[37.61031915,55.76268147],[37.61031915,55.76268147],[37.61022109,55.76264704],[37.61025057,55.76262034],[37.61025057,55.76262034],[37.61025057,55.76262034],[37.61034864,55.76265478],[37.61031915,55.76268147],[37.61031915,55.76268147]]]},"properties":{"type":"ladder","area":25.37500000349287,"subtype":"service"},"type":"Feature"},{"geometry":{"type":"Polygon","coordinates":[[[37.61025057,55.76262034],[37.61026827,55.76260433],[37.61027503,55.7626067],[37.61028991,55.76261193],[37.61031155,55.76261953],[37.61033319,55.76262713],[37.6103155,55.76264314],[37.61029386,55.76263554],[37.61027921,55.7626304],[37.61034864,55.76265478],[37.61034864,55.76265478],[37.61034864,55.76265478],[37.61037812,55.76262809],[37.61028006,55.76259365],[37.61028006,55.76259365],[37.61028006,55.76259365],[37.61025057,55.76262034]]]},"properties":{"type":"corridor","area":15.29500000891541,"subtype":"service"},"type":"Feature"},{"geometry":{"type":"Polygon","coordinates":[[[37.61025734,55.76262272],[37.61027503,55.7626067],[37.61026827,55.76260433],[37.61025057,55.76262034],[37.61025734,55.76262272]]]},"properties":{"type":"heating_meter","area":1.049999992701565,"subtype":"service"},"type":"Feature"},{"geometry":{"type":"Polygon","coordinates":[[[37.61027222,55.76262794],[37.61028991,55.76261193],[37.61027503,55.7626067],[37.61025734,55.76262272],[37.61027222,55.76262794]]]},"properties":{"type":"elevator","area":2.3100000004978956,"subtype":"service"},"type":"Feature"},{"geometry":{"type":"Polygon","coordinates":[[[37.61029386,55.76263554],[37.61031155,55.76261953],[37.61028991,55.76261193],[37.61027222,55.76262794],[37.61029386,55.76263554]]]},"properties":{"type":"elevator","area":3.3599999993532927,"subtype":"service"},"type":"Feature"},{"geometry":{"type":"Polygon","coordinates":[[[37.6103155,55.76264314],[37.61033319,55.76262713],[37.61031155,55.76261953],[37.61029386,55.76263554],[37.6103155,55.76264314]]]},"properties":{"type":"elevator","area":3.3600000002461496,"subtype":"service"},"type":"Feature"},{"geometry":{"type":"Polygon","coordinates":[[[37.61030954,55.76256697],[37.61028249,55.76255747],[37.61016456,55.76266422],[37.61019161,55.76267372],[37.61030954,55.76256697]]]},"properties":{"type":"corridor","area":27.995995576715288,"subtype":"service"},"type":"Feature"},{"geometry":{"type":"Polygon","coordinates":[[[37.61030703,55.76260312],[37.6103291,55.76261087],[37.61033331,55.76260706],[37.61031124,55.76259931],[37.61030703,55.76260312]]]},"properties":{"type":"ventilation","area":0.8154406465383025,"subtype":"service"},"type":"Feature"},{"geometry":{"type":"Polygon","coordinates":[[[37.61020819,55.76256312],[37.61020398,55.76256693],[37.61022604,55.76257468],[37.61023026,55.76257087],[37.61020819,55.76256312]]]},"properties":{"type":"ventilation","area":0.8156250001476728,"subtype":"service"},"type":"Feature"},{"geometry":{"type":"Polygon","coordinates":[[[37.61019892,55.76257151],[37.61024796,55.76258873],[37.61025217,55.76258492],[37.61025231,55.76258476],[37.61025239,55.76258459],[37.61025241,55.76258441],[37.61025237,55.76258424],[37.61025227,55.76258407],[37.61025211,55.76258392],[37.61025191,55.76258378],[37.61025166,55.76258368],[37.61020398,55.76256693],[37.61019892,55.76257151]]]},"properties":{"type":"ventilation","area":2.1728035985200354,"subtype":"service"},"type":"Feature"},{"geometry":{"type":"Polygon","coordinates":[[[37.61011713,55.76267933],[37.61011291,55.76268314],[37.61014724,55.76269519],[37.61014752,55.76269527],[37.61014782,55.76269532],[37.61014813,55.76269533],[37.61014844,55.7626953],[37.61014873,55.76269525],[37.610149,55.76269516],[37.61014924,55.76269504],[37.61014943,55.7626949],[37.6101528,55.76269185],[37.61011713,55.76267933]]]},"properties":{"type":"ventilation","area":1.316553613294554,"subtype":"service"},"type":"Feature"},{"geometry":{"type":"Polygon","coordinates":[[[37.61024384,55.76266032],[37.61026591,55.76266807],[37.61027012,55.76266425],[37.61024805,55.76265651],[37.61024384,55.76266032]]]},"properties":{"type":"ventilation","area":0.8156250000122927,"subtype":"service"},"type":"Feature"},{"geometry":{"type":"Polygon","coordinates":[[[37.61052571,55.76248516],[37.61052571,55.76248516],[37.61052571,55.76248516],[37.61052572,55.76248516],[37.61052572,55.76248517],[37.61052575,55.76248518],[37.61056763,55.76249988],[37.61061632,55.76251698],[37.61073764,55.76240717],[37.61068894,55.76239007],[37.61064025,55.76237297],[37.61061296,55.76239767],[37.61061296,55.76239767],[37.61061972,55.76240005],[37.61061975,55.76240006],[37.61061977,55.76240007],[37.61061978,55.76240009],[37.61061979,55.76240011],[37.6106198,55.76240012],[37.61061979,55.76240014],[37.61061979,55.76240016],[37.61061977,55.76240017],[37.61059492,55.76242267],[37.61059492,55.76242267],[37.6106367,55.76243735],[37.61061985,55.7624526],[37.61057806,55.76243792],[37.61057806,55.76243792],[37.61055195,55.76246157],[37.61055193,55.76246158],[37.61055191,55.76246159],[37.61055188,55.7624616],[37.61055185,55.76246161],[37.61055182,55.76246161],[37.61055179,55.76246161],[37.61055176,55.7624616],[37.61055173,55.76246159],[37.61054497,55.76245922],[37.61054497,55.76245922],[37.61051894,55.76248278],[37.61052571,55.76248516]]]},"properties":{"type":"apartment","rooms":3,"totalArea":96.48177288197785,"livingArea":48.263053207701276,"apartmentType":999993},"type":"Feature"},{"geometry":{"type":"Polygon","coordinates":[[[37.61059375,55.76247624],[37.61054505,55.76245914],[37.61051979,55.76248201],[37.61051965,55.76248217],[37.61051957,55.76248234],[37.61051955,55.76248252],[37.61051959,55.76248269],[37.61051969,55.76248286],[37.61051984,55.76248301],[37.61052005,55.76248314],[37.61052029,55.76248325],[37.6105259,55.76248523],[37.61056628,55.76249941],[37.61056656,55.76249949],[37.61056686,55.76249953],[37.61056717,55.76249954],[37.61056748,55.76249952],[37.61056778,55.76249947],[37.61056805,55.76249938],[37.61056828,55.76249926],[37.61056847,55.76249912],[37.61059375,55.76247624]]]},"properties":{"type":"room","subtype":"apartment","roomType":"KITCHEN","area":11.155881886598424},"type":"Feature"},{"geometry":{"type":"Polygon","coordinates":[[[37.6105694,55.76246769],[37.61059375,55.76247624],[37.61061902,55.76245336],[37.61061916,55.76245321],[37.61061924,55.76245304],[37.61061926,55.76245286],[37.61061922,55.76245269],[37.61061912,55.76245252],[37.61061896,55.76245237],[37.61061876,55.76245223],[37.61061851,55.76245213],[37.6105955,55.76244405],[37.6105694,55.76246769]]]},"properties":{"type":"room","subtype":"apartment","roomType":"HALL","area":5.57933350562989},"type":"Feature"},{"geometry":{"type":"Polygon","coordinates":[[[37.61057793,55.76243787],[37.61055182,55.76246152],[37.6105694,55.76246769],[37.6105955,55.76244405],[37.61057793,55.76243787]]]},"properties":{"type":"room","subtype":"apartment","roomType":"JOINT_BATHROOM","area":4.028622722594481},"type":"Feature"},{"geometry":{"type":"Polygon","coordinates":[[[37.61060739,55.76246389],[37.61056847,55.76249912],[37.61056833,55.76249928],[37.61056825,55.76249945],[37.61056823,55.76249963],[37.61056827,55.7624998],[37.61056837,55.76249997],[37.61056853,55.76250012],[37.61056873,55.76250025],[37.61056898,55.76250036],[37.61061497,55.76251651],[37.61061525,55.76251659],[37.61061555,55.76251663],[37.61061586,55.76251664],[37.61061617,55.76251662],[37.61061647,55.76251657],[37.61061674,55.76251648],[37.61061697,55.76251636],[37.61061716,55.76251622],[37.61065609,55.76248099],[37.61060739,55.76246389]]]},"properties":{"type":"room","subtype":"apartment","roomType":"LIVING_ROOM","area":16.987606142559322},"type":"Feature"},{"geometry":{"type":"Polygon","coordinates":[[[37.6106903,55.76239054],[37.61069002,55.76239047],[37.61068972,55.76239042],[37.6106894,55.76239041],[37.61068909,55.76239043],[37.6106888,55.76239049],[37.61068853,55.76239058],[37.61068829,55.76239069],[37.6106881,55.76239083],[37.61064311,55.76243155],[37.61069181,55.76244865],[37.61073679,55.76240793],[37.61073693,55.76240777],[37.61073701,55.7624076],[37.61073703,55.76240743],[37.61073699,55.76240725],[37.61073689,55.76240709],[37.61073674,55.76240693],[37.61073653,55.7624068],[37.61073628,55.76240669],[37.6106903,55.76239054]]]},"properties":{"type":"room","subtype":"apartment","roomType":"BEDROOM","area":19.579608372952826},"type":"Feature"},{"geometry":{"type":"Polygon","coordinates":[[[37.61066156,55.76241486],[37.6106881,55.76239083],[37.61068824,55.76239067],[37.61068832,55.7623905],[37.61068834,55.76239033],[37.6106883,55.76239015],[37.6106882,55.76238999],[37.61068805,55.76238983],[37.61068784,55.7623897],[37.61068759,55.76238959],[37.61064161,55.76237344],[37.61064133,55.76237337],[37.61064102,55.76237332],[37.61064071,55.76237331],[37.6106404,55.76237333],[37.61064011,55.76237339],[37.61063984,55.76237348],[37.6106396,55.76237359],[37.61063941,55.76237373],[37.61061287,55.76239775],[37.61066156,55.76241486]]]},"properties":{"type":"room","subtype":"apartment","roomType":"BEDROOM","area":11.695838692189128},"type":"Feature"},{"geometry":{"type":"Polygon","coordinates":[[[37.61061235,55.7624288],[37.61063721,55.7624063],[37.61061964,55.76240013],[37.61059478,55.76242262],[37.61061235,55.7624288]]]},"properties":{"type":"room","subtype":"apartment","roomType":"JOINT_BATHROOM","area":3.833035503523976},"type":"Feature"},{"geometry":{"type":"Polygon","coordinates":[[[37.61060726,55.76246384],[37.61060724,55.76246386],[37.61060724,55.76246387],[37.61060723,55.76246389],[37.61060724,55.76246391],[37.61060725,55.76246393],[37.61060726,55.76246394],[37.61060728,55.76246395],[37.61060731,55.76246397],[37.610656,55.76248107],[37.61065603,55.76248107],[37.61065606,55.76248108],[37.61065609,55.76248108],[37.61065612,55.76248108],[37.61065615,55.76248107],[37.61065618,55.76248106],[37.6106562,55.76248105],[37.61065622,55.76248104],[37.61067627,55.76246289],[37.61067628,55.76246288],[37.61067642,55.76246272],[37.61067643,55.7624627],[37.61067651,55.76246253],[37.61067652,55.76246252],[37.61067654,55.76246234],[37.61067653,55.76246232],[37.61067649,55.76246215],[37.61067649,55.76246213],[37.61067639,55.76246197],[37.61067637,55.76246195],[37.61067624,55.76246182],[37.61067651,55.76246183],[37.61067654,55.76246183],[37.61067685,55.7624618],[37.61067688,55.7624618],[37.61067718,55.76246174],[37.61067721,55.76246174],[37.61067748,55.76246165],[37.6106775,55.76246164],[37.61067774,55.76246152],[37.61067776,55.76246151],[37.61067795,55.76246137],[37.61067796,55.76246136],[37.61069194,55.7624487],[37.61069196,55.76244869],[37.61069196,55.76244867],[37.61069197,55.76244865],[37.61069196,55.76244863],[37.61069195,55.76244862],[37.61069194,55.7624486],[37.61069192,55.76244859],[37.61069189,55.76244858],[37.61064333,55.76243153],[37.6106617,55.7624149],[37.61066171,55.76241489],[37.61066172,55.76241487],[37.61066172,55.76241485],[37.61066172,55.76241484],[37.61066171,55.76241482],[37.61066169,55.7624148],[37.61066167,55.76241479],[37.61066165,55.76241478],[37.6106373,55.76240623],[37.61063727,55.76240622],[37.61063724,55.76240621],[37.61063721,55.76240621],[37.61063718,55.76240621],[37.61063715,55.76240622],[37.61063712,55.76240623],[37.6106371,55.76240624],[37.61063708,55.76240625],[37.61061222,55.76242875],[37.6106122,55.76242876],[37.6106122,55.76242878],[37.61061219,55.7624288],[37.6106122,55.76242882],[37.61061221,55.76242883],[37.61061222,55.76242885],[37.61061224,55.76242886],[37.61061227,55.76242887],[37.61063527,55.76243695],[37.61063529,55.76243696],[37.61063557,55.76243703],[37.6106356,55.76243704],[37.6106359,55.76243709],[37.61063593,55.76243709],[37.61063624,55.7624371],[37.61063627,55.7624371],[37.61063658,55.76243708],[37.61063661,55.76243707],[37.61063689,55.76243702],[37.61062899,55.76244417],[37.61062899,55.76244417],[37.61062885,55.76244433],[37.61062884,55.76244435],[37.61062876,55.76244452],[37.61062875,55.76244454],[37.61062873,55.76244471],[37.61062873,55.76244473],[37.61062877,55.7624449],[37.61062878,55.76244492],[37.61062888,55.76244509],[37.61062889,55.7624451],[37.61062903,55.76244524],[37.61062876,55.76244523],[37.61062873,55.76244523],[37.61062842,55.76244525],[37.61062839,55.76244525],[37.61062809,55.76244531],[37.61062806,55.76244532],[37.61062779,55.76244541],[37.61062776,55.76244542],[37.61062753,55.76244553],[37.61062751,55.76244554],[37.61062732,55.76244568],[37.61062731,55.76244569],[37.61060726,55.76246384]]]},"properties":{"type":"room","subtype":"apartment","roomType":"CORRIDOR","area":20.80384745144946},"type":"Feature"},{"geometry":{"type":"Polygon","coordinates":[[[37.61070247,55.76238],[37.61069067,55.76239068],[37.61073493,55.76240622],[37.61074673,55.76239554],[37.61070247,55.76238]]]},"properties":{"type":"room","subtype":"apartment","roomType":"BALCONY","area":4.58112877795908},"type":"Feature"},{"geometry":{"type":"Polygon","coordinates":[[[37.61061558,55.76245427],[37.6106181,55.76245198],[37.61061444,55.7624507],[37.61061191,55.76245299],[37.61061558,55.76245427]]]},"properties":{"type":"room_object","subtype":"room","roomObjectType":"ELECTRICAL_BOX"},"type":"Feature"},{"geometry":{"type":"Polygon","coordinates":[[[37.61043353,55.76237657],[37.61046869,55.76238892],[37.61046869,55.76238892],[37.61047711,55.7623813],[37.61049064,55.76238605],[37.61053933,55.76240315],[37.61058802,55.76242025],[37.61058802,55.76242025],[37.6106023,55.76240732],[37.6106023,55.76240732],[37.61059554,55.76240495],[37.61059551,55.76240494],[37.61059549,55.76240492],[37.61059548,55.76240491],[37.61059547,55.76240489],[37.61059546,55.76240488],[37.61059546,55.76240486],[37.61059547,55.76240484],[37.61059549,55.76240482],[37.61060724,55.76239419],[37.61060726,55.76239417],[37.61060728,55.76239416],[37.61060731,55.76239415],[37.61060734,55.76239415],[37.61060737,55.76239414],[37.6106074,55.76239415],[37.61060743,55.76239415],[37.61060746,55.76239416],[37.61061422,55.76239653],[37.61061422,55.76239653],[37.61064025,55.76237297],[37.61059156,55.76235587],[37.61054287,55.76233877],[37.61049418,55.76232167],[37.61049418,55.76232167],[37.61043353,55.76237657]]]},"properties":{"type":"apartment","rooms":2,"totalArea":69.55739999923179,"livingArea":41.07700731988423,"apartmentType":999992},"type":"Feature"},{"geometry":{"type":"Polygon","coordinates":[[[37.61063941,55.76237373],[37.61063955,55.76237357],[37.61063963,55.7623734],[37.61063965,55.76237323],[37.61063961,55.76237305],[37.61063951,55.76237289],[37.61063935,55.76237273],[37.61063915,55.7623726],[37.6106389,55.76237249],[37.61059291,55.76235634],[37.61059263,55.76235626],[37.61059233,55.76235622],[37.61059202,55.76235621],[37.61059171,55.76235623],[37.61059141,55.76235629],[37.61059114,55.76235637],[37.61059091,55.76235649],[37.61059072,55.76235663],[37.61056544,55.76237951],[37.61061414,55.76239661],[37.61063941,55.76237373]]]},"properties":{"type":"room","subtype":"apartment","roomType":"KITCHEN","area":11.155607225779203},"type":"Feature"},{"geometry":{"type":"Polygon","coordinates":[[[37.61056367,55.7624117],[37.61058979,55.76238806],[37.61056544,55.76237951],[37.61054017,55.76240239],[37.61054003,55.76240254],[37.61053995,55.76240271],[37.61053993,55.76240289],[37.61053997,55.76240307],[37.61054007,55.76240323],[37.61054023,55.76240338],[37.61054043,55.76240352],[37.61054068,55.76240362],[37.61056367,55.7624117]]]},"properties":{"type":"room","subtype":"apartment","roomType":"HALL","area":5.577803668739551},"type":"Feature"},{"geometry":{"type":"Polygon","coordinates":[[[37.61057804,55.7623987],[37.61056367,55.7624117],[37.61058667,55.76241977],[37.61058695,55.76241985],[37.61058725,55.7624199],[37.61058756,55.76241991],[37.61058787,55.76241989],[37.61058817,55.76241983],[37.61058844,55.76241974],[37.61058867,55.76241963],[37.61058886,55.76241949],[37.61060238,55.76240725],[37.61057804,55.7623987]]]},"properties":{"type":"room","subtype":"apartment","roomType":"BATHROOM","area":3.0668035549386725},"type":"Feature"},{"geometry":{"type":"Polygon","coordinates":[[[37.61059562,55.76240487],[37.61060737,55.76239423],[37.61058979,55.76238806],[37.61057804,55.7623987],[37.61059562,55.76240487]]]},"properties":{"type":"room","subtype":"apartment","roomType":"TOILET","area":1.813499999094924},"type":"Feature"},{"geometry":{"type":"Polygon","coordinates":[[[37.61050504,55.76237301],[37.61055373,55.76239011],[37.61059072,55.76235663],[37.61059086,55.76235647],[37.61059094,55.7623563],[37.61059096,55.76235613],[37.61059092,55.76235595],[37.61059082,55.76235579],[37.61059066,55.76235563],[37.61059046,55.7623555],[37.61059021,55.76235539],[37.61054422,55.76233924],[37.61054394,55.76233916],[37.61054364,55.76233912],[37.61054333,55.76233911],[37.61054302,55.76233913],[37.61054272,55.76233919],[37.61054245,55.76233927],[37.61054222,55.76233939],[37.61054203,55.76233953],[37.61050504,55.76237301]]]},"properties":{"type":"room","subtype":"apartment","roomType":"BEDROOM","area":16.159607317662335},"type":"Feature"},{"geometry":{"type":"Polygon","coordinates":[[[37.61043353,55.76237657],[37.61046869,55.76238892],[37.61046869,55.76238892],[37.61046869,55.76238892],[37.61047711,55.7623813],[37.61047711,55.7623813],[37.61049064,55.76238605],[37.61049064,55.76238605],[37.61054287,55.76233877],[37.61054287,55.76233877],[37.61049418,55.76232167],[37.61049418,55.76232167],[37.61043353,55.76237657]]]},"properties":{"type":"room","subtype":"apartment","roomType":"BEDROOM","area":24.9174000022219},"type":"Feature"},{"geometry":{"type":"Polygon","coordinates":[[[37.61055387,55.76239016],[37.61055388,55.76239014],[37.61055389,55.76239012],[37.61055389,55.76239011],[37.61055389,55.76239009],[37.61055388,55.76239007],[37.61055386,55.76239006],[37.61055384,55.76239004],[37.61055382,55.76239003],[37.61050513,55.76237293],[37.6105051,55.76237292],[37.61050507,55.76237292],[37.61050504,55.76237292],[37.61050501,55.76237292],[37.61050498,55.76237293],[37.61050495,55.76237294],[37.61050493,55.76237295],[37.61050491,55.76237296],[37.61049134,55.76238524],[37.61049133,55.76238525],[37.6104912,55.7623854],[37.61049119,55.76238542],[37.6104911,55.76238559],[37.6104911,55.76238561],[37.61049108,55.76238578],[37.61049108,55.7623858],[37.61049112,55.76238598],[37.61049113,55.76238599],[37.61049123,55.76238616],[37.61049124,55.76238618],[37.6104914,55.76238633],[37.61049141,55.76238634],[37.61049162,55.76238648],[37.61049164,55.76238649],[37.61049189,55.7623866],[37.6104919,55.7623866],[37.61053789,55.76240275],[37.6105379,55.76240276],[37.61053818,55.76240283],[37.61053821,55.76240284],[37.61053852,55.76240288],[37.61053855,55.76240289],[37.61053886,55.7624029],[37.61053889,55.7624029],[37.6105392,55.76240288],[37.61053923,55.76240287],[37.61053952,55.76240282],[37.61053955,55.76240281],[37.61053982,55.76240272],[37.61053985,55.76240271],[37.61054008,55.76240259],[37.61054011,55.76240258],[37.6105403,55.76240244],[37.61054031,55.76240243],[37.61055387,55.76239016]]]},"properties":{"type":"room","subtype":"apartment","roomType":"CORRIDOR","area":6.2572559164394095},"type":"Feature"},{"geometry":{"type":"Polygon","coordinates":[[[37.61060508,55.7623458],[37.61059329,55.76235647],[37.61063852,55.76237236],[37.61065032,55.76236168],[37.61060508,55.7623458]]]},"properties":{"type":"room","subtype":"apartment","roomType":"BALCONY","area":4.682256611897958},"type":"Feature"},{"geometry":{"type":"Polygon","coordinates":[[[37.61055639,55.7623287],[37.6105446,55.76233937],[37.61058983,55.76235526],[37.61060163,55.76234458],[37.61055639,55.7623287]]]},"properties":{"type":"room","subtype":"apartment","roomType":"BALCONY","area":4.682256611757918},"type":"Feature"},{"geometry":{"type":"Polygon","coordinates":[[[37.61054361,55.76240148],[37.61054109,55.76240377],[37.61054474,55.76240505],[37.61054726,55.76240276],[37.61054361,55.76240148]]]},"properties":{"type":"room_object","subtype":"room","roomObjectType":"ELECTRICAL_BOX"},"type":"Feature"},{"geometry":{"type":"Polygon","coordinates":[[[37.6103545,55.76238693],[37.61032417,55.76241438],[37.61036596,55.76242906],[37.61036596,55.76242906],[37.61037017,55.76242525],[37.61037019,55.76242523],[37.61037022,55.76242522],[37.61037024,55.76242521],[37.61037027,55.76242521],[37.6103703,55.7624252],[37.61037034,55.76242521],[37.61037037,55.76242521],[37.61037039,55.76242522],[37.61038926,55.76243184],[37.61038929,55.76243186],[37.61038931,55.76243187],[37.61038932,55.76243188],[37.61038933,55.7624319],[37.61038934,55.76243192],[37.61038934,55.76243194],[37.61038933,55.76243195],[37.61038931,55.76243197],[37.6103851,55.76243578],[37.61040803,55.76244383],[37.61040803,55.76244383],[37.61043836,55.76241638],[37.61046868,55.76238893],[37.61043353,55.76237657],[37.61049418,55.76232167],[37.61044548,55.76230457],[37.61044548,55.76230457],[37.61038483,55.76235947],[37.61038482,55.76235948],[37.6103545,55.76238693]]]},"properties":{"type":"apartment","rooms":2,"totalArea":70.56000099626712,"livingArea":42.07151823131396,"apartmentType":999992},"type":"Feature"},{"geometry":{"type":"Polygon","coordinates":[[[37.61039643,55.76240165],[37.61035585,55.7623874],[37.61035557,55.76238733],[37.61035527,55.76238728],[37.61035496,55.76238727],[37.61035465,55.76238729],[37.61035435,55.76238735],[37.61035408,55.76238744],[37.61035385,55.76238755],[37.61035365,55.76238769],[37.61032501,55.76241362],[37.61032487,55.76241378],[37.61032479,55.76241395],[37.61032477,55.76241412],[37.61032481,55.7624143],[37.61032491,55.76241446],[37.61032507,55.76241462],[37.61032527,55.76241475],[37.61032552,55.76241486],[37.6103661,55.76242911],[37.61039643,55.76240165]]]},"properties":{"type":"room","subtype":"apartment","roomType":"KITCHEN","area":11.155607223684905},"type":"Feature"},{"geometry":{"type":"Polygon","coordinates":[[[37.61038126,55.76241538],[37.61042319,55.76243011],[37.61043751,55.76241714],[37.61043765,55.76241698],[37.61043773,55.76241681],[37.61043775,55.76241664],[37.61043771,55.76241646],[37.61043761,55.7624163],[37.61043746,55.76241614],[37.61043725,55.76241601],[37.610437,55.7624159],[37.61039643,55.76240165],[37.61038126,55.76241538]]]},"properties":{"type":"room","subtype":"apartment","roomType":"HALL","area":5.577803619946226},"type":"Feature"},{"geometry":{"type":"Polygon","coordinates":[[[37.61040013,55.76242201],[37.61038497,55.76243573],[37.61040667,55.76244336],[37.61040695,55.76244344],[37.61040726,55.76244348],[37.61040757,55.76244349],[37.61040788,55.76244347],[37.61040817,55.76244341],[37.61040844,55.76244333],[37.61040868,55.76244321],[37.61040887,55.76244307],[37.61042319,55.76243011],[37.61040013,55.76242201]]]},"properties":{"type":"room","subtype":"apartment","roomType":"BATHROOM","area":3.0668036071322415},"type":"Feature"},{"geometry":{"type":"Polygon","coordinates":[[[37.61038918,55.76243192],[37.61040013,55.76242201],[37.61038126,55.76241538],[37.61037031,55.76242529],[37.61038918,55.76243192]]]},"properties":{"type":"room","subtype":"apartment","roomType":"TOILET","area":1.813500000276696},"type":"Feature"},{"geometry":{"type":"Polygon","coordinates":[[[37.61041523,55.76240826],[37.61044555,55.76238081],[37.61038617,55.76235996],[37.61038589,55.76235988],[37.61038559,55.76235983],[37.61038528,55.76235982],[37.61038497,55.76235984],[37.61038467,55.7623599],[37.6103844,55.76235999],[37.61038417,55.76236011],[37.61038398,55.76236024],[37.61035534,55.76238617],[37.6103552,55.76238632],[37.61035512,55.76238649],[37.6103551,55.76238667],[37.61035514,55.76238684],[37.61035524,55.76238701],[37.6103554,55.76238716],[37.6103556,55.7623873],[37.61035585,55.7623874],[37.61041523,55.76240826]]]},"properties":{"type":"room","subtype":"apartment","roomType":"BEDROOM","area":16.15511723253268},"type":"Feature"},{"geometry":{"type":"Polygon","coordinates":[[[37.61049418,55.76232167],[37.61049418,55.76232167],[37.61043353,55.76237657],[37.61043353,55.76237657],[37.61043353,55.76237657],[37.61038483,55.76235947],[37.61044548,55.76230457],[37.61044548,55.76230457],[37.61049418,55.76232167]]]},"properties":{"type":"room","subtype":"apartment","roomType":"BEDROOM","area":25.916400998781274},"type":"Feature"},{"geometry":{"type":"Polygon","coordinates":[[[37.61044563,55.76238073],[37.6104456,55.76238073],[37.61044557,55.76238072],[37.61044554,55.76238072],[37.61044551,55.76238072],[37.61044548,55.76238073],[37.61044546,55.76238074],[37.61044543,55.76238075],[37.61044541,55.76238076],[37.61041509,55.76240821],[37.61041508,55.76240822],[37.61041507,55.76240824],[37.61041507,55.76240826],[37.61041507,55.76240828],[37.61041508,55.76240829],[37.6104151,55.76240831],[37.61041512,55.76240832],[37.61041514,55.76240833],[37.61043692,55.76241598],[37.61043693,55.76241598],[37.61043721,55.76241606],[37.61043724,55.76241607],[37.61043754,55.76241611],[37.61043757,55.76241612],[37.61043789,55.76241613],[37.61043792,55.76241613],[37.61043823,55.76241611],[37.61043826,55.7624161],[37.61043855,55.76241605],[37.61043858,55.76241604],[37.61043885,55.76241595],[37.61043888,55.76241594],[37.61043911,55.76241582],[37.61043913,55.76241581],[37.61043932,55.76241567],[37.61043933,55.76241566],[37.61046797,55.76238974],[37.61046798,55.76238974],[37.61046812,55.76238958],[37.61046813,55.76238956],[37.61046821,55.76238939],[37.61046821,55.76238937],[37.61046823,55.7623892],[37.61046823,55.76238918],[37.61046819,55.76238901],[37.61046818,55.76238899],[37.61046808,55.76238882],[37.61046807,55.76238881],[37.61046792,55.76238865],[37.6104679,55.76238864],[37.61046769,55.76238851],[37.61046767,55.76238849],[37.61046742,55.76238839],[37.61046741,55.76238838],[37.61044563,55.76238073]]]},"properties":{"type":"room","subtype":"apartment","roomType":"CORRIDOR","area":6.255526004620648},"type":"Feature"},{"geometry":{"type":"Polygon","coordinates":[[[37.61036698,55.76235184],[37.61038591,55.76235849],[37.6104438,55.76230609],[37.61042486,55.76229944],[37.61036698,55.76235184]]]},"properties":{"type":"room","subtype":"apartment","roomType":"BALCONY","area":9.619728340395156},"type":"Feature"},{"geometry":{"type":"Polygon","coordinates":[[[37.61033664,55.7623793],[37.61035557,55.76238595],[37.61038374,55.76236046],[37.61036481,55.76235381],[37.61033664,55.7623793]]]},"properties":{"type":"room","subtype":"apartment","roomType":"BALCONY","area":4.6808566118763615},"type":"Feature"},{"geometry":{"type":"Polygon","coordinates":[[[37.61045998,55.76229484],[37.61044819,55.76230552],[37.61049245,55.76232106],[37.61050424,55.76231038],[37.61045998,55.76229484]]]},"properties":{"type":"room","subtype":"apartment","roomType":"BALCONY","area":4.5811284876990355},"type":"Feature"},{"geometry":{"type":"Polygon","coordinates":[[[37.61043726,55.76241737],[37.6104332,55.76241595],[37.61043093,55.762418],[37.61043499,55.76241943],[37.61043726,55.76241737]]]},"properties":{"type":"room_object","subtype":"room","roomObjectType":"ELECTRICAL_BOX"},"type":"Feature"},{"geometry":{"type":"Polygon","coordinates":[[[37.61029215,55.76244336],[37.61026014,55.76247234],[37.610344,55.76250179],[37.61034401,55.76250178],[37.61037601,55.76247281],[37.61040803,55.76244383],[37.6103851,55.76243578],[37.6103851,55.76243578],[37.61038089,55.76243959],[37.61038087,55.76243961],[37.61038085,55.76243962],[37.61038082,55.76243963],[37.61038079,55.76243963],[37.61038076,55.76243964],[37.61038073,55.76243964],[37.6103807,55.76243963],[37.61038067,55.76243962],[37.6103618,55.762433],[37.61036178,55.76243299],[37.61036176,55.76243297],[37.61036174,55.76243296],[37.61036173,55.76243294],[37.61036173,55.76243292],[37.61036173,55.76243291],[37.61036174,55.76243289],[37.61036175,55.76243287],[37.61036596,55.76242906],[37.61032417,55.76241438],[37.61032417,55.76241438],[37.61029215,55.76244336]]]},"properties":{"type":"apartment","rooms":1,"totalArea":47.12000000081675,"livingArea":23.560000000588396,"apartmentType":999991},"type":"Feature"},{"geometry":{"type":"Polygon","coordinates":[[[37.61033408,55.76245809],[37.6103661,55.76242911],[37.61032552,55.76241486],[37.61032524,55.76241478],[37.61032494,55.76241473],[37.61032463,55.76241472],[37.61032432,55.76241474],[37.61032402,55.7624148],[37.61032375,55.76241489],[37.61032352,55.76241501],[37.61032333,55.76241514],[37.610293,55.7624426],[37.61029286,55.76244276],[37.61029278,55.76244293],[37.61029276,55.7624431],[37.6102928,55.76244328],[37.6102929,55.76244344],[37.61029305,55.7624436],[37.61029326,55.76244373],[37.61029351,55.76244384],[37.61033408,55.76245809]]]},"properties":{"type":"room","subtype":"apartment","roomType":"KITCHEN","area":11.775607228250232},"type":"Feature"},{"geometry":{"type":"Polygon","coordinates":[[[37.61039202,55.76245832],[37.61035009,55.7624436],[37.61033408,55.76245809],[37.61037466,55.76247234],[37.61037494,55.76247241],[37.61037524,55.76247246],[37.61037555,55.76247247],[37.61037586,55.76247245],[37.61037616,55.76247239],[37.61037643,55.76247231],[37.61037666,55.76247219],[37.61037685,55.76247205],[37.61039202,55.76245832]]]},"properties":{"type":"room","subtype":"apartment","roomType":"HALL","area":5.8878036063407295},"type":"Feature"},{"geometry":{"type":"Polygon","coordinates":[[[37.61039202,55.76245832],[37.61040718,55.7624446],[37.61040732,55.76244444],[37.6104074,55.76244427],[37.61040742,55.76244409],[37.61040738,55.76244392],[37.61040728,55.76244375],[37.61040713,55.7624436],[37.61040692,55.76244347],[37.61040667,55.76244336],[37.61038497,55.76243573],[37.61036896,55.76245022],[37.61039202,55.76245832]]]},"properties":{"type":"room","subtype":"apartment","roomType":"BATHROOM","area":3.2373036183486463},"type":"Feature"},{"geometry":{"type":"Polygon","coordinates":[[[37.61036188,55.76243292],[37.61035009,55.7624436],[37.61036896,55.76245022],[37.61038075,55.76243955],[37.61036188,55.76243292]]]},"properties":{"type":"room","subtype":"apartment","roomType":"TOILET","area":1.9530000005003951},"type":"Feature"},{"geometry":{"type":"Polygon","coordinates":[[[37.61029215,55.76244336],[37.61029215,55.76244336],[37.61026014,55.76247234],[37.610344,55.76250179],[37.61034401,55.76250178],[37.61034401,55.76250178],[37.61037601,55.76247281],[37.61029215,55.76244336],[37.61029215,55.76244336]]]},"properties":{"type":"room","subtype":"apartment","roomType":"BEDROOM","area":23.560000000588396},"type":"Feature"},{"geometry":{"type":"Polygon","coordinates":[[[37.61024228,55.76246472],[37.61026122,55.76247137],[37.61029108,55.76244434],[37.61027214,55.76243769],[37.61024228,55.76246472]]]},"properties":{"type":"room","subtype":"apartment","roomType":"BALCONY","area":4.962235031600103},"type":"Feature"},{"geometry":{"type":"Polygon","coordinates":[[[37.61037305,55.7624704],[37.61037711,55.76247182],[37.61037938,55.76246976],[37.61037532,55.76246834],[37.61037305,55.7624704]]]},"properties":{"type":"room_object","subtype":"room","roomObjectType":"ELECTRICAL_BOX"},"type":"Feature"},{"geometry":{"type":"Polygon","coordinates":[[[37.61035752,55.76250654],[37.61026014,55.76247234],[37.61026014,55.76247234],[37.61026014,55.76247234],[37.61022813,55.76250132],[37.61022813,55.76250132],[37.61030103,55.76252692],[37.61030103,55.76252692],[37.61030524,55.76252311],[37.61030526,55.7625231],[37.61030528,55.76252308],[37.61030531,55.76252308],[37.61030534,55.76252307],[37.61030537,55.76252307],[37.6103054,55.76252307],[37.61030543,55.76252307],[37.61030546,55.76252308],[37.61032981,55.76253163],[37.61032981,55.76253163],[37.61035752,55.76250654]]]},"properties":{"type":"apartment","rooms":0,"totalArea":27.35999991038393,"livingArea":20.519999918836362,"apartmentType":999990},"type":"Feature"},{"geometry":{"type":"Polygon","coordinates":[[[37.61033318,55.76249799],[37.61026014,55.76247234],[37.61026014,55.76247234],[37.61026014,55.76247234],[37.61022813,55.76250132],[37.61022813,55.76250132],[37.61030116,55.76252697],[37.61033318,55.76249799]]]},"properties":{"type":"room","subtype":"apartment","roomType":"STUDIO","area":20.519999918836362},"type":"Feature"},{"geometry":{"type":"Polygon","coordinates":[[[37.61030538,55.76252316],[37.61032972,55.76253171],[37.61034152,55.76252103],[37.61031717,55.76251248],[37.61030538,55.76252316]]]},"properties":{"type":"room","subtype":"apartment","roomType":"JOINT_BATHROOM","area":2.519999997207473},"type":"Feature"},{"geometry":{"type":"Polygon","coordinates":[[[37.61033318,55.76249799],[37.61031717,55.76251248],[37.61034152,55.76252103],[37.61035752,55.76250654],[37.61033318,55.76249799]]]},"properties":{"type":"room","subtype":"apartment","roomType":"HALL","area":3.4199999963027556},"type":"Feature"},{"geometry":{"type":"Polygon","coordinates":[[[37.61021087,55.76249314],[37.61022981,55.76249979],[37.61025906,55.76247331],[37.61024013,55.76246666],[37.61021087,55.76249314]]]},"properties":{"type":"room","subtype":"apartment","roomType":"BALCONY","area":4.86112827237403},"type":"Feature"},{"geometry":{"type":"Polygon","coordinates":[[[37.61045491,55.76254074],[37.61035752,55.76250654],[37.61035752,55.76250654],[37.61035752,55.76250654],[37.61032981,55.76253163],[37.61035415,55.76254018],[37.61035418,55.76254019],[37.6103542,55.76254021],[37.61035421,55.76254022],[37.61035422,55.76254024],[37.61035423,55.76254025],[37.61035423,55.76254027],[37.61035422,55.76254029],[37.6103542,55.7625403],[37.61034999,55.76254412],[37.61042289,55.76256972],[37.61042289,55.76256972],[37.61045491,55.76254074]]]},"properties":{"type":"apartment","rooms":0,"totalArea":27.36000009004509,"livingArea":20.52000008279876,"apartmentType":999990},"type":"Feature"},{"geometry":{"type":"Polygon","coordinates":[[[37.61034986,55.76254407],[37.61042289,55.76256972],[37.61042289,55.76256972],[37.61045491,55.76254074],[37.61038187,55.76251509],[37.61034986,55.76254407]]]},"properties":{"type":"room","subtype":"apartment","roomType":"STUDIO","area":20.52000008279876},"type":"Feature"},{"geometry":{"type":"Polygon","coordinates":[[[37.61035407,55.76254026],[37.61036586,55.76252958],[37.61034152,55.76252103],[37.61032972,55.76253171],[37.61035407,55.76254026]]]},"properties":{"type":"room","subtype":"apartment","roomType":"JOINT_BATHROOM","area":2.520000018416999},"type":"Feature"},{"geometry":{"type":"Polygon","coordinates":[[[37.61034152,55.76252103],[37.61036586,55.76252958],[37.61038187,55.76251509],[37.61035752,55.76250654],[37.61035752,55.76250654],[37.61035752,55.76250654],[37.61034152,55.76252103]]]},"properties":{"type":"room","subtype":"apartment","roomType":"HALL","area":3.419999988972612},"type":"Feature"},{"geometry":{"type":"Polygon","coordinates":[[[37.61047277,55.76254837],[37.61045383,55.76254172],[37.61042458,55.7625682],[37.61044351,55.76257485],[37.61047277,55.76254837]]]},"properties":{"type":"room","subtype":"apartment","roomType":"BALCONY","area":4.8611283401101595},"type":"Feature"},{"geometry":{"type":"Polygon","coordinates":[[[37.61035888,55.76250702],[37.61035635,55.7625093],[37.61036041,55.76251073],[37.61036293,55.76250844],[37.61035888,55.76250702]]]},"properties":{"type":"room_object","subtype":"room","roomObjectType":"ELECTRICAL_BOX"},"type":"Feature"},{"geometry":{"type":"Polygon","coordinates":[[[37.61037105,55.76251129],[37.61045491,55.76254074],[37.61045491,55.76254074],[37.61048692,55.76251176],[37.61049956,55.76250032],[37.61049956,55.76250032],[37.6104368,55.76247828],[37.6104368,55.76247828],[37.61043259,55.7624821],[37.61043257,55.76248211],[37.61043255,55.76248212],[37.61043252,55.76248213],[37.61043249,55.76248214],[37.61043246,55.76248214],[37.61043243,55.76248214],[37.6104324,55.76248213],[37.61043237,55.76248213],[37.6104114,55.76247476],[37.61040306,55.76248231],[37.61037106,55.76251128],[37.61037105,55.76251129]]]},"properties":{"type":"apartment","rooms":0,"totalArea":32.85999999804339,"livingArea":24.645000008615057,"apartmentType":999990},"type":"Feature"},{"geometry":{"type":"Polygon","coordinates":[[[37.61039201,55.76251865],[37.61045491,55.76254074],[37.61045491,55.76254074],[37.61048692,55.76251176],[37.61049956,55.76250032],[37.61049956,55.76250032],[37.61043667,55.76247824],[37.61039201,55.76251865]]]},"properties":{"type":"room","subtype":"apartment","roomType":"STUDIO","area":24.645000008615057},"type":"Feature"},{"geometry":{"type":"Polygon","coordinates":[[[37.61041149,55.76247469],[37.61040306,55.76248231],[37.61039338,55.76249108],[37.61041434,55.76249844],[37.61043245,55.76248205],[37.61041149,55.76247469]]]},"properties":{"type":"room","subtype":"apartment","roomType":"JOINT_BATHROOM","area":3.332499987875008},"type":"Feature"},{"geometry":{"type":"Polygon","coordinates":[[[37.61039338,55.76249108],[37.61037106,55.76251128],[37.61037105,55.76251129],[37.61039201,55.76251865],[37.61041434,55.76249844],[37.61039338,55.76249108]]]},"properties":{"type":"room","subtype":"apartment","roomType":"HALL","area":4.10750000562933},"type":"Feature"},{"geometry":{"type":"Polygon","coordinates":[[[37.61051742,55.76250795],[37.61049848,55.7625013],[37.61045598,55.76253977],[37.61047492,55.76254642],[37.61051742,55.76250795]]]},"properties":{"type":"room","subtype":"apartment","roomType":"BALCONY","area":7.062256612463031},"type":"Feature"},{"geometry":{"type":"Polygon","coordinates":[[[37.61039281,55.76249669],[37.61038875,55.76249527],[37.61038454,55.76249908],[37.6103886,55.76250051],[37.61039281,55.76249669]]]},"properties":{"type":"room_object","subtype":"room","roomObjectType":"ELECTRICAL_BOX"},"type":"Feature"},{"geometry":{"type":"Polygon","coordinates":[[[37.61044519,55.76244418],[37.61043509,55.76245333],[37.61043507,55.76245334],[37.6104157,55.76247087],[37.61049956,55.76250032],[37.61051893,55.76248279],[37.61051894,55.76248278],[37.61052904,55.76247363],[37.61044519,55.76244418]]]},"properties":{"type":"ladder","area":21.699009023184203,"subtype":"service"},"type":"Feature"},{"geometry":{"type":"Polygon","coordinates":[[[37.61044519,55.76244418],[37.61052904,55.76247363],[37.61057117,55.7624355],[37.61055348,55.76245152],[37.61054672,55.76244914],[37.61053184,55.76244392],[37.6105102,55.76243632],[37.61048856,55.76242872],[37.61050625,55.7624127],[37.61048731,55.76240605],[37.61048731,55.76240605],[37.61044519,55.76244418]]]},"properties":{"type":"corridor","area":20.920990885316435,"subtype":"service"},"type":"Feature"},{"geometry":{"type":"Polygon","coordinates":[[[37.61056441,55.76243313],[37.61054672,55.76244914],[37.61055348,55.76245152],[37.61057117,55.7624355],[37.61056441,55.76243313]]]},"properties":{"type":"heating_meter","area":1.050000000701694,"subtype":"service"},"type":"Feature"},{"geometry":{"type":"Polygon","coordinates":[[[37.61054953,55.7624279],[37.61053184,55.76244392],[37.61054672,55.76244914],[37.61056441,55.76243313],[37.61054953,55.7624279]]]},"properties":{"type":"elevator","area":2.3099999986162203,"subtype":"service"},"type":"Feature"},{"geometry":{"type":"Polygon","coordinates":[[[37.61052789,55.7624203],[37.6105102,55.76243632],[37.61053184,55.76244392],[37.61054953,55.7624279],[37.61052789,55.7624203]]]},"properties":{"type":"elevator","area":3.3599999999119867,"subtype":"service"},"type":"Feature"},{"geometry":{"type":"Polygon","coordinates":[[[37.61050625,55.7624127],[37.61048856,55.76242872],[37.6105102,55.76243632],[37.61052789,55.7624203],[37.61050625,55.7624127]]]},"properties":{"type":"elevator","area":3.3600000006142663,"subtype":"service"},"type":"Feature"},{"geometry":{"type":"Polygon","coordinates":[[[37.61048731,55.76240605],[37.61061985,55.7624526],[37.6106367,55.76243735],[37.61047711,55.7623813],[37.61034401,55.76250178],[37.61037106,55.76251128],[37.61048731,55.76240605]]]},"properties":{"type":"corridor","area":51.19600029447822,"subtype":"service"},"type":"Feature"},{"geometry":{"type":"Polygon","coordinates":[[[37.61057793,55.76243787],[37.61057252,55.76243598],[37.61057224,55.7624359],[37.61057194,55.76243585],[37.61057163,55.76243584],[37.61057132,55.76243586],[37.61057102,55.76243592],[37.61057075,55.76243601],[37.61057052,55.76243612],[37.61057033,55.76243626],[37.61054505,55.76245914],[37.61055182,55.76246152],[37.61057793,55.76243787]]]},"properties":{"type":"ventilation","area":1.5470702999635848,"subtype":"service"},"type":"Feature"},{"geometry":{"type":"Polygon","coordinates":[[[37.61059478,55.76242262],[37.61061964,55.76240013],[37.61061287,55.76239775],[37.61058886,55.76241949],[37.61058872,55.76241965],[37.61058864,55.76241982],[37.61058862,55.76241999],[37.61058866,55.76242017],[37.61058876,55.76242033],[37.61058892,55.76242049],[37.61058912,55.76242062],[37.61058937,55.76242072],[37.61059478,55.76242262]]]},"properties":{"type":"ventilation","area":1.4728965167835282,"subtype":"service"},"type":"Feature"},{"geometry":{"type":"Polygon","coordinates":[[[37.61059562,55.76240487],[37.61060238,55.76240725],[37.61061414,55.76239661],[37.61060737,55.76239423],[37.61059562,55.76240487]]]},"properties":{"type":"ventilation","area":0.6975000000518958,"subtype":"service"},"type":"Feature"},{"geometry":{"type":"Polygon","coordinates":[[[37.61037031,55.76242529],[37.6103661,55.76242911],[37.61038497,55.76243573],[37.61038918,55.76243192],[37.61037031,55.76242529]]]},"properties":{"type":"ventilation","area":0.6975000000013787,"subtype":"service"},"type":"Feature"},{"geometry":{"type":"Polygon","coordinates":[[[37.61038497,55.76243573],[37.6103661,55.76242911],[37.61036188,55.76243292],[37.61038075,55.76243955],[37.61038497,55.76243573]]]},"properties":{"type":"ventilation","area":0.6974999999178833,"subtype":"service"},"type":"Feature"},{"geometry":{"type":"Polygon","coordinates":[[[37.61030538,55.76252316],[37.61030116,55.76252697],[37.61032551,55.76253552],[37.61032551,55.76253552],[37.61032972,55.76253171],[37.61030538,55.76252316]]]},"properties":{"type":"ventilation","area":0.8999999995282957,"subtype":"service"},"type":"Feature"},{"geometry":{"type":"Polygon","coordinates":[[[37.61035407,55.76254026],[37.61032972,55.76253171],[37.61032551,55.76253552],[37.61032551,55.76253552],[37.61034986,55.76254407],[37.61035407,55.76254026]]]},"properties":{"type":"ventilation","area":0.9000000000362168,"subtype":"service"},"type":"Feature"},{"geometry":{"type":"Polygon","coordinates":[[[37.61043245,55.76248205],[37.61043667,55.76247824],[37.6104157,55.76247087],[37.61041149,55.76247469],[37.61043245,55.76248205]]]},"properties":{"type":"ventilation","area":0.7749999945156724,"subtype":"service"},"type":"Feature"},{"geometry":{"type":"Polygon","coordinates":[[[37.61103259,55.76259755],[37.61095677,55.76266618],[37.61095677,55.76266618],[37.61100227,55.76268216],[37.61100227,55.76268216],[37.61105905,55.76263076],[37.61105905,55.76263076],[37.61105229,55.76262839],[37.61105226,55.76262838],[37.61105224,55.76262836],[37.61105223,55.76262835],[37.61105222,55.76262833],[37.61105221,55.76262831],[37.61105222,55.7626283],[37.61105222,55.76262828],[37.61105224,55.76262826],[37.61107119,55.7626111],[37.61107119,55.7626111],[37.61103259,55.76259755],[37.61103259,55.76259755]]]},"properties":{"type":"apartment","rooms":0,"totalArea":30.278571423509334,"livingArea":22.708928605847866,"apartmentType":999990},"type":"Feature"},{"geometry":{"type":"Polygon","coordinates":[[[37.61101363,55.76261471],[37.61095677,55.76266618],[37.61095677,55.76266618],[37.61100227,55.76268216],[37.61100227,55.76268216],[37.61105914,55.76263069],[37.61101363,55.76261471]]]},"properties":{"type":"room","subtype":"apartment","roomType":"STUDIO","area":22.708928605847866},"type":"Feature"},{"geometry":{"type":"Polygon","coordinates":[[[37.61105237,55.76262831],[37.61107133,55.76261115],[37.61105534,55.76260554],[37.61103638,55.7626227],[37.61105237,55.76262831]]]},"properties":{"type":"room","subtype":"apartment","roomType":"JOINT_BATHROOM","area":2.659821391484189},"type":"Feature"},{"geometry":{"type":"Polygon","coordinates":[[[37.61103638,55.7626227],[37.61105534,55.76260554],[37.61103259,55.76259755],[37.61103259,55.76259755],[37.61101363,55.76261471],[37.61103638,55.7626227]]]},"properties":{"type":"room","subtype":"apartment","roomType":"HALL","area":3.7848214552241926},"type":"Feature"},{"geometry":{"type":"Polygon","coordinates":[[[37.61098875,55.76269223],[37.61100054,55.76268156],[37.61095849,55.76266679],[37.6109467,55.76267747],[37.61098875,55.76269223]]]},"properties":{"type":"room","subtype":"apartment","roomType":"BALCONY","area":4.352256611381413},"type":"Feature"},{"geometry":{"type":"Polygon","coordinates":[[[37.61103394,55.76259802],[37.61103141,55.76260031],[37.61103547,55.76260173],[37.611038,55.76259945],[37.61103394,55.76259802]]]},"properties":{"type":"room_object","subtype":"room","roomObjectType":"ELECTRICAL_BOX"},"type":"Feature"},{"geometry":{"type":"Polygon","coordinates":[[[37.61107809,55.76261353],[37.61100227,55.76268216],[37.61100227,55.76268216],[37.61104777,55.76269814],[37.61104777,55.76269814],[37.61110456,55.76264674],[37.61110456,55.76264674],[37.61109779,55.76264437],[37.61109777,55.76264436],[37.61109775,55.76264434],[37.61109773,55.76264433],[37.61109772,55.76264431],[37.61109772,55.76264429],[37.61109772,55.76264428],[37.61109773,55.76264426],[37.61109774,55.76264424],[37.6111167,55.76262709],[37.6111167,55.76262709],[37.61107809,55.76261353],[37.61107809,55.76261353]]]},"properties":{"type":"apartment","rooms":0,"totalArea":30.27857142378449,"livingArea":22.70892860610381,"apartmentType":999990},"type":"Feature"},{"geometry":{"type":"Polygon","coordinates":[[[37.61105914,55.76263069],[37.61100227,55.76268216],[37.61100227,55.76268216],[37.61104777,55.76269814],[37.61104777,55.76269814],[37.61110464,55.76264667],[37.61105914,55.76263069]]]},"properties":{"type":"room","subtype":"apartment","roomType":"STUDIO","area":22.70892860610381},"type":"Feature"},{"geometry":{"type":"Polygon","coordinates":[[[37.61111683,55.76262713],[37.61110084,55.76262152],[37.61108189,55.76263868],[37.61109788,55.76264429],[37.61111683,55.76262713]]]},"properties":{"type":"room","subtype":"apartment","roomType":"JOINT_BATHROOM","area":2.6598213915967213},"type":"Feature"},{"geometry":{"type":"Polygon","coordinates":[[[37.61110084,55.76262152],[37.61107809,55.76261353],[37.61107809,55.76261353],[37.61105914,55.76263069],[37.61108189,55.76263868],[37.61110084,55.76262152]]]},"properties":{"type":"room","subtype":"apartment","roomType":"HALL","area":3.784821455180621},"type":"Feature"},{"geometry":{"type":"Polygon","coordinates":[[[37.61103425,55.76270821],[37.61104605,55.76269754],[37.611004,55.76268277],[37.6109922,55.76269345],[37.61103425,55.76270821]]]},"properties":{"type":"room","subtype":"apartment","roomType":"BALCONY","area":4.352256611451432},"type":"Feature"},{"geometry":{"type":"Polygon","coordinates":[[[37.61107944,55.762614],[37.61107692,55.76261629],[37.61108098,55.76261772],[37.6110835,55.76261543],[37.61107944,55.762614]]]},"properties":{"type":"room_object","subtype":"room","roomObjectType":"ELECTRICAL_BOX"},"type":"Feature"},{"geometry":{"type":"Polygon","coordinates":[[[37.6111622,55.76264307],[37.6111236,55.76262951],[37.6111236,55.76262951],[37.61104777,55.76269814],[37.61104777,55.76269814],[37.61109328,55.76271412],[37.61109328,55.76271412],[37.61115006,55.76266272],[37.6111433,55.76266035],[37.61114327,55.76266034],[37.61114325,55.76266032],[37.61114324,55.76266031],[37.61114323,55.76266029],[37.61114322,55.76266027],[37.61114323,55.76266026],[37.61114323,55.76266024],[37.61114325,55.76266022],[37.6111622,55.76264307]]]},"properties":{"type":"apartment","rooms":0,"totalArea":30.278571423334363,"livingArea":22.70892860559034,"apartmentType":999990},"type":"Feature"},{"geometry":{"type":"Polygon","coordinates":[[[37.61110464,55.76264667],[37.61104777,55.76269814],[37.61104777,55.76269814],[37.61109328,55.76271412],[37.61109328,55.76271412],[37.61115015,55.76266265],[37.61110464,55.76264667]]]},"properties":{"type":"room","subtype":"apartment","roomType":"STUDIO","area":22.70892860559034},"type":"Feature"},{"geometry":{"type":"Polygon","coordinates":[[[37.61114338,55.76266027],[37.61116234,55.76264311],[37.61114635,55.7626375],[37.61112739,55.76265466],[37.61114338,55.76266027]]]},"properties":{"type":"room","subtype":"apartment","roomType":"JOINT_BATHROOM","area":2.659821386186067},"type":"Feature"},{"geometry":{"type":"Polygon","coordinates":[[[37.61114635,55.7626375],[37.6111236,55.76262951],[37.6111236,55.76262951],[37.61110464,55.76264667],[37.61112739,55.76265466],[37.61114635,55.7626375]]]},"properties":{"type":"room","subtype":"apartment","roomType":"HALL","area":3.784821463476819},"type":"Feature"},{"geometry":{"type":"Polygon","coordinates":[[[37.61107976,55.76272419],[37.61109155,55.76271352],[37.6110495,55.76269875],[37.61103771,55.76270943],[37.61107976,55.76272419]]]},"properties":{"type":"room","subtype":"apartment","roomType":"BALCONY","area":4.352256611381413},"type":"Feature"},{"geometry":{"type":"Polygon","coordinates":[[[37.61112495,55.76262998],[37.61112242,55.76263227],[37.61112648,55.7626337],[37.61112901,55.76263141],[37.61112495,55.76262998]]]},"properties":{"type":"room_object","subtype":"room","roomObjectType":"ELECTRICAL_BOX"},"type":"Feature"},{"geometry":{"type":"Polygon","coordinates":[[[37.61121461,55.76266147],[37.6111691,55.76264549],[37.6111691,55.76264549],[37.61114833,55.76266429],[37.61114833,55.76266429],[37.6111551,55.76266666],[37.61115512,55.76266667],[37.61115514,55.76266669],[37.61115516,55.7626667],[37.61115517,55.76266672],[37.61115517,55.76266674],[37.61115517,55.76266675],[37.61115516,55.76266677],[37.61115515,55.76266679],[37.61113809,55.76268223],[37.61113807,55.76268224],[37.61113805,55.76268225],[37.61113802,55.76268226],[37.61113799,55.76268227],[37.61113796,55.76268227],[37.61113793,55.76268227],[37.6111379,55.76268226],[37.61113787,55.76268226],[37.61113111,55.76267988],[37.61113111,55.76267988],[37.61109328,55.76271412],[37.61113878,55.7627301],[37.61118429,55.76274608],[37.61122979,55.76276206],[37.61122979,55.76276206],[37.61131404,55.7626858],[37.61126853,55.76266982],[37.6112601,55.76267744],[37.61121461,55.76266147]]]},"properties":{"type":"apartment","rooms":2,"totalArea":94.20049830971416,"livingArea":57.6904943392576,"apartmentType":999992},"type":"Feature"},{"geometry":{"type":"Polygon","coordinates":[[[37.61117669,55.76269579],[37.61113119,55.76267981],[37.61109412,55.76271336],[37.61109398,55.76271352],[37.6110939,55.76271369],[37.61109388,55.76271386],[37.61109392,55.76271404],[37.61109402,55.76271421],[37.61109418,55.76271436],[37.61109438,55.76271449],[37.61109463,55.7627146],[37.61113743,55.76272963],[37.61113771,55.76272971],[37.61113801,55.76272975],[37.61113832,55.76272976],[37.61113863,55.76272974],[37.61113893,55.76272968],[37.6111392,55.7627296],[37.61113944,55.76272948],[37.61113963,55.76272934],[37.61117669,55.76269579]]]},"properties":{"type":"room","subtype":"apartment","roomType":"KITCHEN","area":15.134892937539934},"type":"Feature"},{"geometry":{"type":"Polygon","coordinates":[[[37.61115394,55.7626878],[37.61117669,55.76269579],[37.61121376,55.76266223],[37.6112139,55.76266207],[37.61121398,55.7626619],[37.611214,55.76266173],[37.61121396,55.76266155],[37.61121386,55.76266139],[37.61121371,55.76266123],[37.6112135,55.7626611],[37.61121325,55.76266099],[37.61119185,55.76265348],[37.61115394,55.7626878]]]},"properties":{"type":"room","subtype":"apartment","roomType":"HALL","area":7.567446422729939},"type":"Feature"},{"geometry":{"type":"Polygon","coordinates":[[[37.611171,55.76267235],[37.61119185,55.76265348],[37.61117045,55.76264596],[37.61117017,55.76264589],[37.61116987,55.76264584],[37.61116956,55.76264583],[37.61116925,55.76264585],[37.61116895,55.76264591],[37.61116868,55.762646],[37.61116845,55.76264611],[37.61116826,55.76264625],[37.61114825,55.76266436],[37.611171,55.76267235]]]},"properties":{"type":"room","subtype":"apartment","roomType":"BATHROOM","area":4.161107228496551},"type":"Feature"},{"geometry":{"type":"Polygon","coordinates":[[[37.611171,55.76267235],[37.61115501,55.76266674],[37.61113795,55.76268218],[37.61115394,55.7626878],[37.611171,55.76267235]]]},"properties":{"type":"room","subtype":"apartment","roomType":"TOILET","area":2.393839282127497},"type":"Feature"},{"geometry":{"type":"Polygon","coordinates":[[[37.61119902,55.76267558],[37.61113963,55.76272934],[37.61113949,55.7627295],[37.61113941,55.76272967],[37.61113939,55.76272984],[37.61113943,55.76273002],[37.61113953,55.76273019],[37.61113968,55.76273034],[37.61113989,55.76273047],[37.61114014,55.76273058],[37.61118294,55.76274561],[37.61118322,55.76274569],[37.61118352,55.76274573],[37.61118383,55.76274574],[37.61118414,55.76274572],[37.61118443,55.76274567],[37.61118471,55.76274558],[37.61118494,55.76274546],[37.61118513,55.76274532],[37.61124452,55.76269155],[37.61119902,55.76267558]]]},"properties":{"type":"room","subtype":"apartment","roomType":"BEDROOM","area":24.04763589669685},"type":"Feature"},{"geometry":{"type":"Polygon","coordinates":[[[37.61126853,55.76266982],[37.61118429,55.76274608],[37.61118429,55.76274608],[37.61122979,55.76276206],[37.61122979,55.76276206],[37.61131404,55.7626858],[37.61131404,55.7626858],[37.61126853,55.76266982]]]},"properties":{"type":"room","subtype":"apartment","roomType":"BEDROOM","area":33.642858442560744},"type":"Feature"},{"geometry":{"type":"Polygon","coordinates":[[[37.61124443,55.76269163],[37.61124446,55.76269164],[37.61124449,55.76269164],[37.61124452,55.76269164],[37.61124455,55.76269164],[37.61124458,55.76269163],[37.61124461,55.76269162],[37.61124463,55.76269161],[37.61124465,55.7626916],[37.61125939,55.76267825],[37.6112594,55.76267825],[37.61125954,55.76267809],[37.61125955,55.76267807],[37.61125963,55.7626779],[37.61125963,55.76267788],[37.61125965,55.76267771],[37.61125965,55.76267769],[37.61125961,55.76267752],[37.6112596,55.7626775],[37.6112595,55.76267733],[37.61125949,55.76267732],[37.61125934,55.76267716],[37.61125932,55.76267715],[37.61125911,55.76267702],[37.61125909,55.76267701],[37.61125884,55.7626769],[37.61125883,55.76267689],[37.61121604,55.76266187],[37.61121603,55.76266186],[37.61121575,55.76266179],[37.61121572,55.76266178],[37.61121542,55.76266173],[37.61121539,55.76266173],[37.61121508,55.76266172],[37.61121504,55.76266172],[37.61121473,55.76266174],[37.6112147,55.76266175],[37.61121441,55.7626618],[37.61121438,55.76266181],[37.61121411,55.7626619],[37.61121408,55.76266191],[37.61121385,55.76266202],[37.61121383,55.76266204],[37.61121364,55.76266218],[37.61121363,55.76266218],[37.61119888,55.76267553],[37.61119887,55.76267555],[37.61119886,55.76267556],[37.61119886,55.76267558],[37.61119886,55.7626756],[37.61119887,55.76267561],[37.61119889,55.76267563],[37.61119891,55.76267564],[37.61119893,55.76267565],[37.61124443,55.76269163]]]},"properties":{"type":"room","subtype":"apartment","roomType":"CORRIDOR","area":6.321362428629753},"type":"Feature"},{"geometry":{"type":"Polygon","coordinates":[[[37.61121529,55.76277179],[37.61122709,55.76276111],[37.61118602,55.76274669],[37.61117422,55.76275737],[37.61121529,55.76277179]]]},"properties":{"type":"room","subtype":"apartment","roomType":"BALCONY","area":4.2511286665639645},"type":"Feature"},{"geometry":{"type":"Polygon","coordinates":[[[37.61121032,55.76266314],[37.61121285,55.76266085],[37.6112092,55.76265957],[37.61120667,55.76266186],[37.61121032,55.76266314]]]},"properties":{"type":"room_object","subtype":"room","roomObjectType":"ELECTRICAL_BOX"},"type":"Feature"},{"geometry":{"type":"Polygon","coordinates":[[[37.61135278,55.76259356],[37.61126853,55.76266982],[37.61126853,55.76266982],[37.61130714,55.76268338],[37.61130714,55.76268338],[37.6113282,55.76266432],[37.61132822,55.7626643],[37.61132825,55.76266429],[37.61132827,55.76266428],[37.6113283,55.76266428],[37.61132833,55.76266427],[37.61132836,55.76266427],[37.61132839,55.76266428],[37.61132842,55.76266429],[37.61133519,55.76266666],[37.61139829,55.76260954],[37.61139829,55.76260954],[37.61135278,55.76259356]]]},"properties":{"type":"apartment","rooms":0,"totalArea":33.64285584077408,"livingArea":25.232141638567867,"apartmentType":999990},"type":"Feature"},{"geometry":{"type":"Polygon","coordinates":[[[37.6113351,55.76266674],[37.61139829,55.76260954],[37.61139829,55.76260954],[37.61135278,55.76259356],[37.6112896,55.76265076],[37.6113351,55.76266674]]]},"properties":{"type":"room","subtype":"apartment","roomType":"STUDIO","area":25.232141638567867},"type":"Feature"},{"geometry":{"type":"Polygon","coordinates":[[[37.61132834,55.76266436],[37.61131235,55.76265875],[37.61129129,55.76267781],[37.61130728,55.76268343],[37.61132834,55.76266436]]]},"properties":{"type":"room","subtype":"apartment","roomType":"JOINT_BATHROOM","area":2.9553571088890234},"type":"Feature"},{"geometry":{"type":"Polygon","coordinates":[[[37.61131235,55.76265875],[37.6112896,55.76265076],[37.61126853,55.76266982],[37.61126853,55.76266982],[37.61129129,55.76267781],[37.61131235,55.76265875]]]},"properties":{"type":"room","subtype":"apartment","roomType":"HALL","area":4.205357092115223},"type":"Feature"},{"geometry":{"type":"Polygon","coordinates":[[[37.6113663,55.76258349],[37.61135451,55.76259417],[37.61139558,55.76260859],[37.61140738,55.76259792],[37.6113663,55.76258349]]]},"properties":{"type":"room","subtype":"apartment","roomType":"BALCONY","area":4.251127947202941},"type":"Feature"},{"geometry":{"type":"Polygon","coordinates":[[[37.61129028,55.76265523],[37.61128623,55.76265381],[37.61128201,55.76265762],[37.61128607,55.76265905],[37.61129028,55.76265523]]]},"properties":{"type":"room_object","subtype":"room","roomObjectType":"ELECTRICAL_BOX"},"type":"Feature"},{"geometry":{"type":"Polygon","coordinates":[[[37.611296,55.76264496],[37.61135278,55.76259356],[37.61135278,55.76259356],[37.61130728,55.76257758],[37.61130728,55.76257758],[37.61123146,55.76264622],[37.61123146,55.76264622],[37.61127005,55.76265977],[37.611289,55.76264261],[37.61128902,55.7626426],[37.61128905,55.76264259],[37.61128907,55.76264258],[37.6112891,55.76264257],[37.61128913,55.76264257],[37.61128916,55.76264257],[37.61128919,55.76264257],[37.61128922,55.76264258],[37.611296,55.76264496],[37.611296,55.76264496]]]},"properties":{"type":"apartment","rooms":0,"totalArea":30.278574402871346,"livingArea":22.708931283510978,"apartmentType":999990},"type":"Feature"},{"geometry":{"type":"Polygon","coordinates":[[[37.61129592,55.76264504],[37.61135278,55.76259356],[37.61135278,55.76259356],[37.61130728,55.76257758],[37.61130728,55.76257758],[37.61125041,55.76262906],[37.61129592,55.76264504]]]},"properties":{"type":"room","subtype":"apartment","roomType":"STUDIO","area":22.708931283510978},"type":"Feature"},{"geometry":{"type":"Polygon","coordinates":[[[37.61128914,55.76264266],[37.61127316,55.76263705],[37.61125421,55.76265421],[37.61127018,55.76265982],[37.61128914,55.76264266]]]},"properties":{"type":"room","subtype":"apartment","roomType":"JOINT_BATHROOM","area":2.6575718829020136},"type":"Feature"},{"geometry":{"type":"Polygon","coordinates":[[[37.61127316,55.76263705],[37.61125041,55.76262906],[37.61123146,55.76264622],[37.61123146,55.76264622],[37.61125421,55.76265421],[37.61127316,55.76263705]]]},"properties":{"type":"room","subtype":"apartment","roomType":"HALL","area":3.784821135309431},"type":"Feature"},{"geometry":{"type":"Polygon","coordinates":[[[37.6113208,55.76256751],[37.611309,55.76257819],[37.61135105,55.76259295],[37.61136285,55.76258228],[37.6113208,55.76256751]]]},"properties":{"type":"room","subtype":"apartment","roomType":"BALCONY","area":4.352257443573192},"type":"Feature"},{"geometry":{"type":"Polygon","coordinates":[[[37.61123534,55.7626444],[37.61123281,55.76264669],[37.61123687,55.76264812],[37.61123939,55.76264583],[37.61123534,55.7626444]]]},"properties":{"type":"room_object","subtype":"room","roomObjectType":"ELECTRICAL_BOX"},"type":"Feature"},{"geometry":{"type":"Polygon","coordinates":[[[37.61125049,55.76262898],[37.61130728,55.76257758],[37.61130728,55.76257758],[37.61126177,55.7625616],[37.61126177,55.7625616],[37.61118595,55.76263024],[37.61118595,55.76263024],[37.61122456,55.76264379],[37.61124351,55.76262664],[37.61124353,55.76262662],[37.61124355,55.76262661],[37.61124358,55.7626266],[37.61124361,55.7626266],[37.61124364,55.76262659],[37.61124367,55.76262659],[37.6112437,55.7626266],[37.61124373,55.76262661],[37.61125049,55.76262898],[37.61125049,55.76262898]]]},"properties":{"type":"apartment","rooms":0,"totalArea":30.278571427704243,"livingArea":22.70892860285513,"apartmentType":999990},"type":"Feature"},{"geometry":{"type":"Polygon","coordinates":[[[37.61120491,55.76261308],[37.61125041,55.76262906],[37.61130728,55.76257758],[37.61130728,55.76257758],[37.61126177,55.7625616],[37.61126177,55.7625616],[37.61120491,55.76261308]]]},"properties":{"type":"room","subtype":"apartment","roomType":"STUDIO","area":22.70892860285513},"type":"Feature"},{"geometry":{"type":"Polygon","coordinates":[[[37.61122469,55.76264384],[37.61124365,55.76262668],[37.61122766,55.76262107],[37.6112087,55.76263823],[37.61122469,55.76264384]]]},"properties":{"type":"room","subtype":"apartment","roomType":"JOINT_BATHROOM","area":2.65982152399838},"type":"Feature"},{"geometry":{"type":"Polygon","coordinates":[[[37.61122766,55.76262107],[37.61120491,55.76261308],[37.61118595,55.76263024],[37.61118595,55.76263024],[37.6112087,55.76263823],[37.61122766,55.76262107]]]},"properties":{"type":"room","subtype":"apartment","roomType":"HALL","area":3.7848213665714905},"type":"Feature"},{"geometry":{"type":"Polygon","coordinates":[[[37.6112753,55.76255153],[37.6112635,55.76256221],[37.61130555,55.76257697],[37.61131734,55.7625663],[37.6112753,55.76255153]]]},"properties":{"type":"room","subtype":"apartment","roomType":"BALCONY","area":4.352256611733876},"type":"Feature"},{"geometry":{"type":"Polygon","coordinates":[[[37.61118983,55.76262842],[37.6111873,55.76263071],[37.61119136,55.76263214],[37.61119389,55.76262985],[37.61118983,55.76262842]]]},"properties":{"type":"room_object","subtype":"room","roomObjectType":"ELECTRICAL_BOX"},"type":"Feature"},{"geometry":{"type":"Polygon","coordinates":[[[37.61120499,55.762613],[37.61126177,55.7625616],[37.61126177,55.7625616],[37.61121627,55.76254562],[37.61121627,55.76254562],[37.61114045,55.76261426],[37.61114045,55.76261426],[37.61117905,55.76262781],[37.61119801,55.76261065],[37.61119803,55.76261064],[37.61119805,55.76261063],[37.61119808,55.76261062],[37.61119811,55.76261061],[37.61119814,55.76261061],[37.61119817,55.76261061],[37.6111982,55.76261062],[37.61119823,55.76261063],[37.61120499,55.762613]]]},"properties":{"type":"apartment","rooms":0,"totalArea":30.278571427879214,"livingArea":22.70892861000413,"apartmentType":999990},"type":"Feature"},{"geometry":{"type":"Polygon","coordinates":[[[37.61120491,55.76261308],[37.61126177,55.7625616],[37.61126177,55.7625616],[37.61121627,55.76254562],[37.61121627,55.76254562],[37.6111594,55.7625971],[37.61120491,55.76261308]]]},"properties":{"type":"room","subtype":"apartment","roomType":"STUDIO","area":22.70892861000413},"type":"Feature"},{"geometry":{"type":"Polygon","coordinates":[[[37.61117919,55.76262786],[37.61119814,55.7626107],[37.61118215,55.76260509],[37.6111632,55.76262225],[37.61117919,55.76262786]]]},"properties":{"type":"room","subtype":"apartment","roomType":"JOINT_BATHROOM","area":2.6598215266134844},"type":"Feature"},{"geometry":{"type":"Polygon","coordinates":[[[37.61118215,55.76260509],[37.6111594,55.7625971],[37.61114045,55.76261426],[37.61114045,55.76261426],[37.6111632,55.76262225],[37.61118215,55.76260509]]]},"properties":{"type":"room","subtype":"apartment","roomType":"HALL","area":3.784821360714311},"type":"Feature"},{"geometry":{"type":"Polygon","coordinates":[[[37.61122979,55.76253555],[37.611218,55.76254623],[37.61126004,55.76256099],[37.61127184,55.76255032],[37.61122979,55.76253555]]]},"properties":{"type":"room","subtype":"apartment","roomType":"BALCONY","area":4.35225661165258},"type":"Feature"},{"geometry":{"type":"Polygon","coordinates":[[[37.61114433,55.76261244],[37.6111418,55.76261473],[37.61114586,55.76261616],[37.61114838,55.76261387],[37.61114433,55.76261244]]]},"properties":{"type":"room_object","subtype":"room","roomObjectType":"ELECTRICAL_BOX"},"type":"Feature"},{"geometry":{"type":"Polygon","coordinates":[[[37.61112526,55.76251366],[37.61107976,55.76249768],[37.61107976,55.76249768],[37.61100393,55.76256631],[37.61104944,55.76258229],[37.61109494,55.76259828],[37.61114045,55.76261426],[37.61114045,55.76261426],[37.61116121,55.76259546],[37.61116121,55.76259546],[37.61115445,55.76259308],[37.61115443,55.76259307],[37.6111544,55.76259306],[37.61115439,55.76259304],[37.61115438,55.76259303],[37.61115438,55.76259301],[37.61115438,55.76259299],[37.61115439,55.76259297],[37.6111544,55.76259296],[37.61117146,55.76257752],[37.61117148,55.7625775],[37.6111715,55.76257749],[37.61117153,55.76257748],[37.61117156,55.76257748],[37.61117159,55.76257747],[37.61117162,55.76257747],[37.61117165,55.76257748],[37.61117168,55.76257749],[37.61117844,55.76257986],[37.61117844,55.76257986],[37.61121627,55.76254562],[37.61117076,55.76252964],[37.61112526,55.76251366]]]},"properties":{"type":"apartment","rooms":2,"totalArea":90.83571428738826,"livingArea":54.32882157717197,"apartmentType":999992},"type":"Feature"},{"geometry":{"type":"Polygon","coordinates":[[[37.61117836,55.76257994],[37.61121543,55.76254638],[37.61121556,55.76254623],[37.61121565,55.76254606],[37.61121567,55.76254588],[37.61121563,55.7625457],[37.61121552,55.76254554],[37.61121537,55.76254539],[37.61121516,55.76254525],[37.61121492,55.76254515],[37.61117212,55.76253012],[37.61117184,55.76253004],[37.61117153,55.76252999],[37.61117122,55.76252998],[37.61117091,55.76253],[37.61117062,55.76253006],[37.61117035,55.76253015],[37.61117011,55.76253026],[37.61116992,55.7625304],[37.61113285,55.76256396],[37.61117836,55.76257994]]]},"properties":{"type":"room","subtype":"apartment","roomType":"KITCHEN","area":15.134892934531665},"type":"Feature"},{"geometry":{"type":"Polygon","coordinates":[[[37.61111769,55.76260627],[37.6111556,55.76257195],[37.61113285,55.76256396],[37.61109578,55.76259751],[37.61109565,55.76259767],[37.61109556,55.76259784],[37.61109554,55.76259802],[37.61109558,55.76259819],[37.61109568,55.76259836],[37.61109584,55.76259851],[37.61109605,55.76259864],[37.61109629,55.76259875],[37.61111769,55.76260627]]]},"properties":{"type":"room","subtype":"apartment","roomType":"HALL","area":7.5674464232842915},"type":"Feature"},{"geometry":{"type":"Polygon","coordinates":[[[37.61113855,55.76258739],[37.61111769,55.76260627],[37.61113909,55.76261378],[37.61113937,55.76261386],[37.61113968,55.7626139],[37.61113999,55.76261392],[37.6111403,55.76261389],[37.61114059,55.76261384],[37.61114086,55.76261375],[37.6111411,55.76261363],[37.61114129,55.76261349],[37.6111613,55.76259538],[37.61113855,55.76258739]]]},"properties":{"type":"room","subtype":"apartment","roomType":"BATHROOM","area":4.161107231493219},"type":"Feature"},{"geometry":{"type":"Polygon","coordinates":[[[37.61117159,55.76257756],[37.6111556,55.76257195],[37.61113855,55.76258739],[37.61115453,55.76259301],[37.61117159,55.76257756]]]},"properties":{"type":"room","subtype":"apartment","roomType":"TOILET","area":2.3938392859065547},"type":"Feature"},{"geometry":{"type":"Polygon","coordinates":[[[37.61106502,55.76256819],[37.61111053,55.76258417],[37.61116992,55.7625304],[37.61117006,55.76253024],[37.61117014,55.76253007],[37.61117016,55.7625299],[37.61117012,55.76252972],[37.61117002,55.76252956],[37.61116986,55.7625294],[37.61116966,55.76252927],[37.61116941,55.76252917],[37.61112661,55.76251413],[37.61112633,55.76251406],[37.61112603,55.76251401],[37.61112572,55.762514],[37.61112541,55.76251402],[37.61112511,55.76251408],[37.61112484,55.76251417],[37.61112461,55.76251428],[37.61112442,55.76251442],[37.61106502,55.76256819]]]},"properties":{"type":"room","subtype":"apartment","roomType":"BEDROOM","area":24.050250148168125},"type":"Feature"},{"geometry":{"type":"Polygon","coordinates":[[[37.61104944,55.76258229],[37.61104944,55.76258229],[37.61100393,55.76256631],[37.61100393,55.76256631],[37.61107976,55.76249768],[37.61107976,55.76249768],[37.61112526,55.76251366],[37.61112526,55.76251366],[37.61104944,55.76258229]]]},"properties":{"type":"room","subtype":"apartment","roomType":"BEDROOM","area":30.278571429003847},"type":"Feature"},{"geometry":{"type":"Polygon","coordinates":[[[37.6110935,55.76259788],[37.61109352,55.76259788],[37.6110938,55.76259796],[37.61109383,55.76259796],[37.61109413,55.76259801],[37.61109416,55.76259801],[37.61109447,55.76259803],[37.6110945,55.76259802],[37.61109481,55.762598],[37.61109484,55.762598],[37.61109514,55.76259794],[37.61109517,55.76259793],[37.61109544,55.76259785],[37.61109546,55.76259784],[37.6110957,55.76259772],[37.61109572,55.76259771],[37.61109591,55.76259757],[37.61109592,55.76259756],[37.61111066,55.76258421],[37.61111068,55.7625842],[37.61111068,55.76258418],[37.61111069,55.76258416],[37.61111068,55.76258415],[37.61111067,55.76258413],[37.61111066,55.76258411],[37.61111064,55.7625841],[37.61111061,55.76258409],[37.61106511,55.76256811],[37.61106508,55.7625681],[37.61106505,55.7625681],[37.61106502,55.7625681],[37.61106499,55.7625681],[37.61106496,55.7625681],[37.61106493,55.76256811],[37.61106491,55.76256812],[37.61106489,55.76256814],[37.61105014,55.76258148],[37.61105014,55.76258149],[37.61105,55.76258165],[37.61104999,55.76258167],[37.61104991,55.76258184],[37.6110499,55.76258185],[37.61104988,55.76258203],[37.61104988,55.76258205],[37.61104992,55.76258222],[37.61104993,55.76258224],[37.61105003,55.76258241],[37.61105004,55.76258242],[37.6110502,55.76258257],[37.61105022,55.76258259],[37.61105042,55.76258272],[37.61105045,55.76258273],[37.61105069,55.76258284],[37.61105071,55.76258285],[37.6110935,55.76259788]]]},"properties":{"type":"room","subtype":"apartment","roomType":"CORRIDOR","area":6.323270228111244},"type":"Feature"},{"geometry":{"type":"Polygon","coordinates":[[[37.61118429,55.76251957],[37.61117249,55.76253025],[37.61121454,55.76254501],[37.61122633,55.76253434],[37.61118429,55.76251957]]]},"properties":{"type":"room","subtype":"apartment","roomType":"BALCONY","area":4.352256611571285},"type":"Feature"},{"geometry":{"type":"Polygon","coordinates":[[[37.61109328,55.76248761],[37.61108148,55.76249829],[37.61112353,55.76251305],[37.61113533,55.76250238],[37.61109328,55.76248761]]]},"properties":{"type":"room","subtype":"apartment","roomType":"BALCONY","area":4.3522566103577445},"type":"Feature"},{"geometry":{"type":"Polygon","coordinates":[[[37.61109923,55.7625966],[37.6110967,55.76259889],[37.61110035,55.76260018],[37.61110288,55.76259789],[37.61109923,55.7625966]]]},"properties":{"type":"room_object","subtype":"room","roomObjectType":"ELECTRICAL_BOX"},"type":"Feature"},{"geometry":{"type":"Polygon","coordinates":[[[37.61103425,55.7624817],[37.61098875,55.76246572],[37.61098875,55.76246572],[37.61091292,55.76253435],[37.61095843,55.76255033],[37.61100393,55.76256631],[37.61100393,55.76256631],[37.6110247,55.76254752],[37.6110247,55.76254752],[37.61101794,55.76254514],[37.61101791,55.76254513],[37.61101789,55.76254512],[37.61101788,55.7625451],[37.61101787,55.76254508],[37.61101786,55.76254507],[37.61101786,55.76254505],[37.61101787,55.76254503],[37.61101789,55.76254502],[37.61103495,55.76252957],[37.61103497,55.76252956],[37.61103499,55.76252955],[37.61103502,55.76252954],[37.61103505,55.76252953],[37.61103508,55.76252953],[37.61103511,55.76252953],[37.61103514,55.76252954],[37.61103517,55.76252955],[37.61104193,55.76253192],[37.61107976,55.76249768],[37.61103425,55.7624817]]]},"properties":{"type":"apartment","rooms":1,"totalArea":60.55713999985937,"livingArea":30.278571537903098,"apartmentType":999991},"type":"Feature"},{"geometry":{"type":"Polygon","coordinates":[[[37.6110356,55.76248217],[37.61103532,55.7624821],[37.61103502,55.76248205],[37.61103471,55.76248204],[37.6110344,55.76248206],[37.6110341,55.76248212],[37.61103383,55.76248221],[37.6110336,55.76248232],[37.61103341,55.76248246],[37.61099634,55.76251602],[37.61104184,55.762532],[37.61107891,55.76249844],[37.61107905,55.76249828],[37.61107913,55.76249811],[37.61107915,55.76249794],[37.61107911,55.76249776],[37.61107901,55.7624976],[37.61107886,55.76249744],[37.61107865,55.76249731],[37.6110784,55.7624972],[37.6110356,55.76248217]]]},"properties":{"type":"room","subtype":"apartment","roomType":"KITCHEN","area":15.134890852616424},"type":"Feature"},{"geometry":{"type":"Polygon","coordinates":[[[37.61098118,55.76255832],[37.61101909,55.76252401],[37.61099634,55.76251602],[37.61095927,55.76254957],[37.61095913,55.76254973],[37.61095905,55.7625499],[37.61095903,55.76255007],[37.61095907,55.76255025],[37.61095917,55.76255042],[37.61095933,55.76255057],[37.61095953,55.7625507],[37.61095978,55.76255081],[37.61098118,55.76255832]]]},"properties":{"type":"room","subtype":"apartment","roomType":"HALL","area":7.5674462302187955},"type":"Feature"},{"geometry":{"type":"Polygon","coordinates":[[[37.61100203,55.76253945],[37.61098118,55.76255832],[37.61100258,55.76256584],[37.61100286,55.76256592],[37.61100316,55.76256596],[37.61100347,55.76256597],[37.61100378,55.76256595],[37.61100408,55.7625659],[37.61100435,55.76256581],[37.61100459,55.76256569],[37.61100478,55.76256555],[37.61102478,55.76254744],[37.61100203,55.76253945]]]},"properties":{"type":"room","subtype":"apartment","roomType":"BATHROOM","area":4.161106966080855},"type":"Feature"},{"geometry":{"type":"Polygon","coordinates":[[[37.61101802,55.76254506],[37.61103508,55.76252962],[37.61101909,55.76252401],[37.61100203,55.76253945],[37.61101802,55.76254506]]]},"properties":{"type":"room","subtype":"apartment","roomType":"TOILET","area":2.393838986688162},"type":"Feature"},{"geometry":{"type":"Polygon","coordinates":[[[37.61098875,55.76246572],[37.61091292,55.76253435],[37.61091292,55.76253435],[37.61095843,55.76255033],[37.61103425,55.7624817],[37.61103425,55.7624817],[37.61098875,55.76246572],[37.61098875,55.76246572]]]},"properties":{"type":"room","subtype":"apartment","roomType":"BEDROOM","area":30.278571537903098},"type":"Feature"},{"geometry":{"type":"Polygon","coordinates":[[[37.61104777,55.76247163],[37.61103598,55.76248231],[37.61107803,55.76249707],[37.61108982,55.7624864],[37.61104777,55.76247163]]]},"properties":{"type":"room","subtype":"apartment","roomType":"BALCONY","area":4.352255781482464},"type":"Feature"},{"geometry":{"type":"Polygon","coordinates":[[[37.61096271,55.76254866],[37.61096019,55.76255095],[37.61096384,55.76255223],[37.61096637,55.76254995],[37.61096271,55.76254866]]]},"properties":{"type":"room_object","subtype":"room","roomObjectType":"ELECTRICAL_BOX"},"type":"Feature"},{"geometry":{"type":"Polygon","coordinates":[[[37.61093196,55.76251712],[37.61098875,55.76246572],[37.61098875,55.76246572],[37.61094324,55.76244974],[37.61086742,55.76251837],[37.61086742,55.76251837],[37.61090603,55.76253193],[37.61090603,55.76253193],[37.61092498,55.76251477],[37.610925,55.76251476],[37.61092502,55.76251475],[37.61092505,55.76251474],[37.61092508,55.76251473],[37.61092511,55.76251473],[37.61092514,55.76251473],[37.61092517,55.76251474],[37.6109252,55.76251474],[37.61093196,55.76251712],[37.61093196,55.76251712]]]},"properties":{"type":"apartment","rooms":0,"totalArea":30.27857131717345,"livingArea":22.708928498914478,"apartmentType":999990},"type":"Feature"},{"geometry":{"type":"Polygon","coordinates":[[[37.61088638,55.76250121],[37.61093188,55.76251719],[37.61098875,55.76246572],[37.61098875,55.76246572],[37.61094324,55.76244974],[37.61088638,55.76250121]]]},"properties":{"type":"room","subtype":"apartment","roomType":"STUDIO","area":22.708928498914478},"type":"Feature"},{"geometry":{"type":"Polygon","coordinates":[[[37.61090616,55.76253198],[37.61092512,55.76251482],[37.61090913,55.7625092],[37.61089017,55.76252636],[37.61090616,55.76253198]]]},"properties":{"type":"room","subtype":"apartment","roomType":"JOINT_BATHROOM","area":2.6598213406845765},"type":"Feature"},{"geometry":{"type":"Polygon","coordinates":[[[37.61088638,55.76250121],[37.61086742,55.76251837],[37.61086742,55.76251837],[37.61089017,55.76252636],[37.61090913,55.7625092],[37.61088638,55.76250121]]]},"properties":{"type":"room","subtype":"apartment","roomType":"HALL","area":3.7848214387638883},"type":"Feature"},{"geometry":{"type":"Polygon","coordinates":[[[37.61095677,55.76243967],[37.61094497,55.76245034],[37.61098702,55.76246511],[37.61099881,55.76245443],[37.61095677,55.76243967]]]},"properties":{"type":"room","subtype":"apartment","roomType":"BALCONY","area":4.352256581684557},"type":"Feature"},{"geometry":{"type":"Polygon","coordinates":[[[37.6108713,55.76251656],[37.61086877,55.76251885],[37.61087283,55.76252027],[37.61087536,55.76251798],[37.6108713,55.76251656]]]},"properties":{"type":"room_object","subtype":"room","roomObjectType":"ELECTRICAL_BOX"},"type":"Feature"},{"geometry":{"type":"Polygon","coordinates":[[[37.61089774,55.76243376],[37.61085223,55.76241778],[37.61077641,55.76248641],[37.61082192,55.76250239],[37.61086742,55.76251837],[37.61088819,55.76249957],[37.61088819,55.76249957],[37.61088142,55.7624972],[37.6108814,55.76249719],[37.61088138,55.76249718],[37.61088136,55.76249716],[37.61088135,55.76249714],[37.61088135,55.76249713],[37.61088135,55.76249711],[37.61088136,55.76249709],[37.61088137,55.76249708],[37.61089843,55.76248163],[37.61089845,55.76248162],[37.61089848,55.76248161],[37.6108985,55.7624816],[37.61089853,55.76248159],[37.61089856,55.76248159],[37.61089859,55.76248159],[37.61089862,55.7624816],[37.61089865,55.7624816],[37.61090542,55.76248398],[37.61090542,55.76248398],[37.61094324,55.76244974],[37.61089774,55.76243376]]]},"properties":{"type":"apartment","rooms":1,"totalArea":60.557142854076865,"livingArea":30.278571426138175,"apartmentType":999991},"type":"Feature"},{"geometry":{"type":"Polygon","coordinates":[[[37.61090533,55.76248406],[37.6109424,55.7624505],[37.61094254,55.76245034],[37.61094262,55.76245017],[37.61094264,55.76245],[37.6109426,55.76244982],[37.6109425,55.76244966],[37.61094234,55.7624495],[37.61094214,55.76244937],[37.61094189,55.76244926],[37.61089909,55.76243423],[37.61089881,55.76243415],[37.61089851,55.76243411],[37.6108982,55.7624341],[37.61089789,55.76243412],[37.61089759,55.76243418],[37.61089732,55.76243426],[37.61089709,55.76243438],[37.6108969,55.76243452],[37.61085983,55.76246807],[37.61090533,55.76248406]]]},"properties":{"type":"room","subtype":"apartment","roomType":"KITCHEN","area":15.134892936701213},"type":"Feature"},{"geometry":{"type":"Polygon","coordinates":[[[37.61084467,55.76251038],[37.61088258,55.76247606],[37.61085983,55.76246807],[37.61082276,55.76250163],[37.61082262,55.76250179],[37.61082254,55.76250196],[37.61082252,55.76250213],[37.61082256,55.76250231],[37.61082266,55.76250247],[37.61082282,55.76250263],[37.61082302,55.76250276],[37.61082327,55.76250287],[37.61084467,55.76251038]]]},"properties":{"type":"room","subtype":"apartment","roomType":"HALL","area":7.567446515232922},"type":"Feature"},{"geometry":{"type":"Polygon","coordinates":[[[37.61088827,55.7624995],[37.61086552,55.76249151],[37.61084467,55.76251038],[37.61086607,55.7625179],[37.61086635,55.76251798],[37.61086665,55.76251802],[37.61086696,55.76251803],[37.61086727,55.76251801],[37.61086757,55.76251795],[37.61086784,55.76251787],[37.61086807,55.76251775],[37.61086826,55.76251761],[37.61088827,55.7624995]]]},"properties":{"type":"room","subtype":"apartment","roomType":"BATHROOM","area":4.16110714541083},"type":"Feature"},{"geometry":{"type":"Polygon","coordinates":[[[37.61086552,55.76249151],[37.61088151,55.76249712],[37.61089857,55.76248168],[37.61088258,55.76247606],[37.61086552,55.76249151]]]},"properties":{"type":"room","subtype":"apartment","roomType":"TOILET","area":2.393839282848886},"type":"Feature"},{"geometry":{"type":"Polygon","coordinates":[[[37.61082192,55.76250239],[37.61077641,55.76248641],[37.61077641,55.76248641],[37.61085223,55.76241778],[37.61089774,55.76243376],[37.61089774,55.76243376],[37.61082192,55.76250239]]]},"properties":{"type":"room","subtype":"apartment","roomType":"BEDROOM","area":30.278571426138175},"type":"Feature"},{"geometry":{"type":"Polygon","coordinates":[[[37.61086576,55.76240771],[37.61085396,55.76241838],[37.61089601,55.76243315],[37.6109078,55.76242247],[37.61086576,55.76240771]]]},"properties":{"type":"room","subtype":"apartment","roomType":"BALCONY","area":4.352256612363969},"type":"Feature"},{"geometry":{"type":"Polygon","coordinates":[[[37.61091126,55.76242369],[37.61089947,55.76243436],[37.61094151,55.76244913],[37.61095331,55.76243845],[37.61091126,55.76242369]]]},"properties":{"type":"room","subtype":"apartment","roomType":"BALCONY","area":4.35225661402263},"type":"Feature"},{"geometry":{"type":"Polygon","coordinates":[[[37.6108262,55.76250072],[37.61082367,55.76250301],[37.61082733,55.76250429],[37.61082985,55.762502],[37.6108262,55.76250072]]]},"properties":{"type":"room_object","subtype":"room","roomObjectType":"ELECTRICAL_BOX"},"type":"Feature"},{"geometry":{"type":"Polygon","coordinates":[[[37.61079545,55.76246918],[37.61085223,55.76241778],[37.61085223,55.76241778],[37.61080673,55.7624018],[37.61073091,55.76247043],[37.61073092,55.76247044],[37.61073092,55.76247044],[37.61076951,55.76248399],[37.61078847,55.76246683],[37.61078849,55.76246682],[37.61078851,55.7624668],[37.61078854,55.7624668],[37.61078857,55.76246679],[37.6107886,55.76246679],[37.61078863,55.76246679],[37.61078866,55.76246679],[37.61078869,55.7624668],[37.61079545,55.76246918]]]},"properties":{"type":"apartment","rooms":0,"totalArea":30.27857142559192,"livingArea":22.70892860325167,"apartmentType":999990},"type":"Feature"},{"geometry":{"type":"Polygon","coordinates":[[[37.61079537,55.76246925],[37.61085223,55.76241778],[37.61085223,55.76241778],[37.61080673,55.7624018],[37.61074986,55.76245327],[37.61079537,55.76246925]]]},"properties":{"type":"room","subtype":"apartment","roomType":"STUDIO","area":22.70892860325167},"type":"Feature"},{"geometry":{"type":"Polygon","coordinates":[[[37.61076965,55.76248404],[37.6107886,55.76246688],[37.61077262,55.76246126],[37.61075366,55.76247842],[37.61076965,55.76248404]]]},"properties":{"type":"room","subtype":"apartment","roomType":"JOINT_BATHROOM","area":2.6598213345654176},"type":"Feature"},{"geometry":{"type":"Polygon","coordinates":[[[37.61075366,55.76247842],[37.61077262,55.76246126],[37.61074986,55.76245327],[37.61073091,55.76247043],[37.61073092,55.76247044],[37.61073092,55.76247044],[37.61075366,55.76247842]]]},"properties":{"type":"room","subtype":"apartment","roomType":"HALL","area":3.784821447230648},"type":"Feature"},{"geometry":{"type":"Polygon","coordinates":[[[37.61082025,55.76239173],[37.61080846,55.7624024],[37.61085051,55.76241717],[37.6108623,55.76240649],[37.61082025,55.76239173]]]},"properties":{"type":"room","subtype":"apartment","roomType":"BALCONY","area":4.352256612293949},"type":"Feature"},{"geometry":{"type":"Polygon","coordinates":[[[37.6107348,55.76246862],[37.61073227,55.76247091],[37.61073633,55.76247234],[37.61073886,55.76247005],[37.6107348,55.76246862]]]},"properties":{"type":"room_object","subtype":"room","roomObjectType":"ELECTRICAL_BOX"},"type":"Feature"},{"geometry":{"type":"Polygon","coordinates":[[[37.61068388,55.7624645],[37.61072248,55.76247806],[37.61080673,55.7624018],[37.61080673,55.7624018],[37.61076123,55.76238582],[37.61076123,55.76238582],[37.61069813,55.76244294],[37.61069813,55.76244294],[37.61070489,55.76244531],[37.61070491,55.76244532],[37.61070493,55.76244533],[37.61070495,55.76244535],[37.61070496,55.76244537],[37.61070496,55.76244538],[37.61070496,55.7624454],[37.61070495,55.76244542],[37.61070494,55.76244543],[37.61068388,55.7624645]]]},"properties":{"type":"apartment","rooms":0,"totalArea":33.642858440532834,"livingArea":25.23214407364575,"apartmentType":999990},"type":"Feature"},{"geometry":{"type":"Polygon","coordinates":[[[37.61074354,55.76245899],[37.61080673,55.7624018],[37.61080673,55.7624018],[37.61076123,55.76238582],[37.61076123,55.76238582],[37.61069804,55.76244301],[37.61074354,55.76245899]]]},"properties":{"type":"room","subtype":"apartment","roomType":"STUDIO","area":25.23214407364575},"type":"Feature"},{"geometry":{"type":"Polygon","coordinates":[[[37.61072079,55.762451],[37.6107048,55.76244539],[37.61068374,55.76246445],[37.61069973,55.76247007],[37.61072079,55.762451]]]},"properties":{"type":"room","subtype":"apartment","roomType":"JOINT_BATHROOM","area":2.955357436041386},"type":"Feature"},{"geometry":{"type":"Polygon","coordinates":[[[37.61072079,55.762451],[37.61069973,55.76247007],[37.61072248,55.76247806],[37.61074354,55.76245899],[37.61072079,55.762451]]]},"properties":{"type":"room","subtype":"apartment","roomType":"HALL","area":4.205356930932522},"type":"Feature"},{"geometry":{"type":"Polygon","coordinates":[[[37.61077573,55.76237609],[37.61076393,55.76238677],[37.610805,55.76240119],[37.6108168,55.76239051],[37.61077573,55.76237609]]]},"properties":{"type":"room","subtype":"apartment","roomType":"BALCONY","area":4.2511286662630825},"type":"Feature"},{"geometry":{"type":"Polygon","coordinates":[[[37.61074018,55.76246204],[37.61073612,55.76246062],[37.61073191,55.76246443],[37.61073596,55.76246586],[37.61074018,55.76246204]]]},"properties":{"type":"room_object","subtype":"room","roomObjectType":"ELECTRICAL_BOX"},"type":"Feature"},{"geometry":{"type":"Polygon","coordinates":[[[37.61065583,55.76248122],[37.61059273,55.76253834],[37.61059273,55.76253834],[37.61063824,55.76255432],[37.61072248,55.76247806],[37.61072248,55.76247806],[37.61068388,55.7624645],[37.61068388,55.7624645],[37.61066282,55.76248356],[37.6106628,55.76248358],[37.61066277,55.76248359],[37.61066275,55.7624836],[37.61066272,55.7624836],[37.61066269,55.76248361],[37.61066265,55.76248361],[37.61066262,55.7624836],[37.6106626,55.76248359],[37.61065583,55.76248122]]]},"properties":{"type":"apartment","rooms":0,"totalArea":33.64285584167456,"livingArea":25.232141639183183,"apartmentType":999990},"type":"Feature"},{"geometry":{"type":"Polygon","coordinates":[[[37.61065592,55.76248114],[37.61059273,55.76253834],[37.61059273,55.76253834],[37.61063824,55.76255432],[37.61070142,55.76249712],[37.61065592,55.76248114]]]},"properties":{"type":"room","subtype":"apartment","roomType":"STUDIO","area":25.232141639183183},"type":"Feature"},{"geometry":{"type":"Polygon","coordinates":[[[37.61068374,55.76246445],[37.61066268,55.76248352],[37.61067867,55.76248913],[37.61069973,55.76247007],[37.61068374,55.76246445]]]},"properties":{"type":"room","subtype":"apartment","roomType":"JOINT_BATHROOM","area":2.9553571116643367},"type":"Feature"},{"geometry":{"type":"Polygon","coordinates":[[[37.61070142,55.76249712],[37.61072248,55.76247806],[37.61072248,55.76247806],[37.61069973,55.76247007],[37.61067867,55.76248913],[37.61070142,55.76249712]]]},"properties":{"type":"room","subtype":"apartment","roomType":"HALL","area":4.205357093033574},"type":"Feature"},{"geometry":{"type":"Polygon","coordinates":[[[37.61062471,55.76256439],[37.61063651,55.76255371],[37.61059544,55.76253929],[37.61058364,55.76254996],[37.61062471,55.76256439]]]},"properties":{"type":"room","subtype":"apartment","roomType":"BALCONY","area":4.251127947202941},"type":"Feature"},{"geometry":{"type":"Polygon","coordinates":[[[37.61075956,55.76250166],[37.61071406,55.76248568],[37.61069329,55.76250448],[37.61069329,55.76250448],[37.61070006,55.76250686],[37.61070008,55.76250687],[37.6107001,55.76250688],[37.61070012,55.7625069],[37.61070013,55.76250691],[37.61070013,55.76250693],[37.61070013,55.76250695],[37.61070012,55.76250696],[37.61070011,55.76250698],[37.61068305,55.76252242],[37.61068303,55.76252244],[37.610683,55.76252245],[37.61068298,55.76252246],[37.61068295,55.76252246],[37.61068292,55.76252246],[37.61068288,55.76252246],[37.61068285,55.76252246],[37.61068283,55.76252245],[37.61067606,55.76252008],[37.61063824,55.76255432],[37.61068374,55.7625703],[37.61072924,55.76258628],[37.61077475,55.76260226],[37.61085057,55.76253362],[37.61080507,55.76251764],[37.61075956,55.76250166]]]},"properties":{"type":"apartment","rooms":2,"totalArea":90.83571428515295,"livingArea":54.328821559781034,"apartmentType":999992},"type":"Feature"},{"geometry":{"type":"Polygon","coordinates":[[[37.61072165,55.76253598],[37.61067615,55.76252],[37.61063908,55.76255356],[37.61063894,55.76255371],[37.61063886,55.76255388],[37.61063884,55.76255406],[37.61063888,55.76255423],[37.61063898,55.7625544],[37.61063913,55.76255455],[37.61063934,55.76255469],[37.61063959,55.76255479],[37.61068239,55.76256982],[37.61068267,55.7625699],[37.61068297,55.76256995],[37.61068328,55.76256996],[37.61068359,55.76256994],[37.61068389,55.76256988],[37.61068416,55.76256979],[37.61068439,55.76256968],[37.61068458,55.76256954],[37.61072165,55.76253598]]]},"properties":{"type":"room","subtype":"apartment","roomType":"KITCHEN","area":15.134892961893634},"type":"Feature"},{"geometry":{"type":"Polygon","coordinates":[[[37.61069891,55.76252799],[37.61072165,55.76253598],[37.61075872,55.76250243],[37.61075886,55.76250227],[37.61075894,55.7625021],[37.61075896,55.76250192],[37.61075892,55.76250175],[37.61075882,55.76250158],[37.61075866,55.76250143],[37.61075846,55.7625013],[37.61075821,55.76250119],[37.61073682,55.76249368],[37.61069891,55.76252799]]]},"properties":{"type":"room","subtype":"apartment","roomType":"HALL","area":7.564478619171411},"type":"Feature"},{"geometry":{"type":"Polygon","coordinates":[[[37.61069321,55.76250456],[37.61071597,55.76251255],[37.61073682,55.76249368],[37.61071541,55.76248616],[37.61071513,55.76248608],[37.61071483,55.76248603],[37.61071452,55.76248602],[37.61071421,55.76248605],[37.61071391,55.7624861],[37.61071364,55.76248619],[37.61071341,55.76248631],[37.61071322,55.76248645],[37.61069321,55.76250456]]]},"properties":{"type":"room","subtype":"apartment","roomType":"BATHROOM","area":4.162947098067507},"type":"Feature"},{"geometry":{"type":"Polygon","coordinates":[[[37.61069997,55.76250693],[37.61068291,55.76252237],[37.61069891,55.76252799],[37.61071597,55.76251255],[37.61069997,55.76250693]]]},"properties":{"type":"room","subtype":"apartment","roomType":"TOILET","area":2.394739368200466},"type":"Feature"},{"geometry":{"type":"Polygon","coordinates":[[[37.61078948,55.76253175],[37.61074398,55.76251577],[37.61068458,55.76256954],[37.61068444,55.76256969],[37.61068436,55.76256986],[37.61068434,55.76257004],[37.61068438,55.76257021],[37.61068448,55.76257038],[37.61068464,55.76257053],[37.61068484,55.76257067],[37.61068509,55.76257077],[37.61072789,55.7625858],[37.61072817,55.76258588],[37.61072847,55.76258593],[37.61072878,55.76258594],[37.61072909,55.76258592],[37.61072939,55.76258586],[37.61072966,55.76258577],[37.6107299,55.76258566],[37.61073009,55.76258552],[37.61078948,55.76253175]]]},"properties":{"type":"room","subtype":"apartment","roomType":"BEDROOM","area":24.050250134544484},"type":"Feature"},{"geometry":{"type":"Polygon","coordinates":[[[37.61077475,55.76260226],[37.61072924,55.76258628],[37.61072924,55.76258628],[37.61080507,55.76251764],[37.61085057,55.76253362],[37.61085057,55.76253362],[37.61077475,55.76260226]]]},"properties":{"type":"room","subtype":"apartment","roomType":"BEDROOM","area":30.27857142523655},"type":"Feature"},{"geometry":{"type":"Polygon","coordinates":[[[37.6107894,55.76253183],[37.61078942,55.76253184],[37.61078945,55.76253184],[37.61078949,55.76253184],[37.61078952,55.76253184],[37.61078955,55.76253183],[37.61078957,55.76253183],[37.6107896,55.76253181],[37.61078962,55.7625318],[37.61080436,55.76251845],[37.61080437,55.76251845],[37.61080451,55.76251829],[37.61080452,55.76251827],[37.6108046,55.7625181],[37.6108046,55.76251808],[37.61080462,55.76251791],[37.61080462,55.76251789],[37.61080458,55.76251772],[37.61080457,55.7625177],[37.61080447,55.76251753],[37.61080446,55.76251752],[37.61080431,55.76251736],[37.61080429,55.76251735],[37.61080408,55.76251722],[37.61080406,55.76251721],[37.61080381,55.7625171],[37.6108038,55.76251709],[37.610761,55.76250206],[37.61076099,55.76250206],[37.61076071,55.76250198],[37.61076068,55.76250197],[37.61076037,55.76250193],[37.61076034,55.76250193],[37.61076003,55.76250191],[37.61076,55.76250191],[37.61075969,55.76250194],[37.61075966,55.76250194],[37.61075936,55.762502],[37.61075934,55.762502],[37.61075907,55.76250209],[37.61075904,55.7625021],[37.61075881,55.76250222],[37.61075878,55.76250223],[37.61075859,55.76250237],[37.61075858,55.76250238],[37.61074384,55.76251572],[37.61074383,55.76251574],[37.61074382,55.76251576],[37.61074382,55.76251577],[37.61074382,55.76251579],[37.61074383,55.76251581],[37.61074385,55.76251582],[37.61074387,55.76251584],[37.61074389,55.76251585],[37.6107894,55.76253183]]]},"properties":{"type":"room","subtype":"apartment","roomType":"CORRIDOR","area":6.323270248180073},"type":"Feature"},{"geometry":{"type":"Polygon","coordinates":[[[37.61076123,55.76261233],[37.61077302,55.76260165],[37.61073097,55.76258689],[37.61071918,55.76259756],[37.61076123,55.76261233]]]},"properties":{"type":"room","subtype":"apartment","roomType":"BALCONY","area":4.3522566122263795},"type":"Feature"},{"geometry":{"type":"Polygon","coordinates":[[[37.61075528,55.76250333],[37.6107578,55.76250105],[37.61075415,55.76249976],[37.61075162,55.76250205],[37.61075528,55.76250333]]]},"properties":{"type":"room_object","subtype":"room","roomObjectType":"ELECTRICAL_BOX"},"type":"Feature"},{"geometry":{"type":"Polygon","coordinates":[[[37.61088918,55.76254718],[37.61085057,55.76253362],[37.61077475,55.76260226],[37.61077475,55.76260226],[37.61082025,55.76261824],[37.61082025,55.76261824],[37.61087704,55.76256684],[37.61087027,55.76256447],[37.61087025,55.76256445],[37.61087023,55.76256444],[37.61087021,55.76256443],[37.6108702,55.76256441],[37.6108702,55.76256439],[37.6108702,55.76256437],[37.61087021,55.76256436],[37.61087022,55.76256434],[37.61088918,55.76254718]]]},"properties":{"type":"apartment","rooms":0,"totalArea":30.278571533786536,"livingArea":22.708928692460116,"apartmentType":999990},"type":"Feature"},{"geometry":{"type":"Polygon","coordinates":[[[37.61082025,55.76261824],[37.61087712,55.76256676],[37.61083162,55.76255078],[37.61077475,55.76260226],[37.61077475,55.76260226],[37.61082025,55.76261824],[37.61082025,55.76261824]]]},"properties":{"type":"room","subtype":"apartment","roomType":"STUDIO","area":22.708928692460116},"type":"Feature"},{"geometry":{"type":"Polygon","coordinates":[[[37.61087036,55.76256439],[37.61088931,55.76254723],[37.61087332,55.76254162],[37.61085437,55.76255877],[37.61087036,55.76256439]]]},"properties":{"type":"room","subtype":"apartment","roomType":"JOINT_BATHROOM","area":2.6598214604541277},"type":"Feature"},{"geometry":{"type":"Polygon","coordinates":[[[37.61085437,55.76255877],[37.61087332,55.76254162],[37.61085057,55.76253362],[37.61083162,55.76255078],[37.61085437,55.76255877]]]},"properties":{"type":"room","subtype":"apartment","roomType":"HALL","area":3.784821368925236},"type":"Feature"},{"geometry":{"type":"Polygon","coordinates":[[[37.61080673,55.76262831],[37.61081852,55.76261763],[37.61077648,55.76260287],[37.61076468,55.76261354],[37.61080673,55.76262831]]]},"properties":{"type":"room","subtype":"apartment","roomType":"BALCONY","area":4.352256642259608},"type":"Feature"},{"geometry":{"type":"Polygon","coordinates":[[[37.61085192,55.7625341],[37.6108494,55.76253639],[37.61085345,55.76253781],[37.61085598,55.76253552],[37.61085192,55.7625341]]]},"properties":{"type":"room_object","subtype":"room","roomObjectType":"ELECTRICAL_BOX"},"type":"Feature"},{"geometry":{"type":"Polygon","coordinates":[[[37.61089608,55.76254961],[37.61082025,55.76261824],[37.61082025,55.76261824],[37.61086576,55.76263422],[37.61092254,55.76258282],[37.61092254,55.76258282],[37.61091578,55.76258045],[37.61091575,55.76258044],[37.61091573,55.76258042],[37.61091572,55.76258041],[37.61091571,55.76258039],[37.6109157,55.76258037],[37.6109157,55.76258035],[37.61091571,55.76258034],[37.61091573,55.76258032],[37.61093468,55.76256316],[37.61089608,55.76254961],[37.61089608,55.76254961]]]},"properties":{"type":"apartment","rooms":0,"totalArea":30.278571316171643,"livingArea":22.708928502201793,"apartmentType":999990},"type":"Feature"},{"geometry":{"type":"Polygon","coordinates":[[[37.61092262,55.76258274],[37.61087712,55.76256676],[37.61082025,55.76261824],[37.61082025,55.76261824],[37.61086576,55.76263422],[37.61092262,55.76258274]]]},"properties":{"type":"room","subtype":"apartment","roomType":"STUDIO","area":22.708928502201793},"type":"Feature"},{"geometry":{"type":"Polygon","coordinates":[[[37.61093482,55.76256321],[37.61091883,55.7625576],[37.61089987,55.76257475],[37.61091586,55.76258037],[37.61093482,55.76256321]]]},"properties":{"type":"room","subtype":"apartment","roomType":"JOINT_BATHROOM","area":2.6598214219966714},"type":"Feature"},{"geometry":{"type":"Polygon","coordinates":[[[37.61089987,55.76257475],[37.61091883,55.7625576],[37.61089608,55.76254961],[37.61089608,55.76254961],[37.61087712,55.76256676],[37.61089987,55.76257475]]]},"properties":{"type":"room","subtype":"apartment","roomType":"HALL","area":3.784821373207167},"type":"Feature"},{"geometry":{"type":"Polygon","coordinates":[[[37.61085223,55.76264429],[37.61086403,55.76263361],[37.61082198,55.76261885],[37.61081019,55.76262952],[37.61085223,55.76264429]]]},"properties":{"type":"room","subtype":"apartment","roomType":"BALCONY","area":4.35225658399367},"type":"Feature"},{"geometry":{"type":"Polygon","coordinates":[[[37.61089743,55.76255008],[37.6108949,55.76255237],[37.61089896,55.76255379],[37.61090149,55.76255151],[37.61089743,55.76255008]]]},"properties":{"type":"room_object","subtype":"room","roomObjectType":"ELECTRICAL_BOX"},"type":"Feature"},{"geometry":{"type":"Polygon","coordinates":[[[37.61093956,55.76267496],[37.61095136,55.76266428],[37.61087117,55.76263612],[37.61085937,55.7626468],[37.61093956,55.76267496]]]},"properties":{"type":"balcony","area":8.300000838674398,"subtype":"service"},"type":"Feature"},{"geometry":{"type":"Polygon","coordinates":[[[37.61094158,55.76256559],[37.61086576,55.76263422],[37.61086576,55.76263422],[37.61091126,55.7626502],[37.61091126,55.7626502],[37.61098708,55.76258157],[37.61098708,55.76258157],[37.61094158,55.76256559]]]},"properties":{"type":"ladder","area":30.27857440004974,"subtype":"service"},"type":"Feature"},{"geometry":{"type":"Polygon","coordinates":[[[37.61091126,55.7626502],[37.61095677,55.76266618],[37.61095677,55.76266618],[37.61103259,55.76259755],[37.61103259,55.76259755],[37.61098708,55.76258157],[37.61098708,55.76258157],[37.61101549,55.76259154],[37.61101128,55.76259535],[37.61100201,55.76260374],[37.61098853,55.76261595],[37.61097505,55.76262815],[37.61094665,55.76261817],[37.61091126,55.7626502],[37.61091126,55.7626502]]]},"properties":{"type":"corridor","area":20.198571504064844,"subtype":"service"},"type":"Feature"},{"geometry":{"type":"Polygon","coordinates":[[[37.61098287,55.76258538],[37.61101128,55.76259535],[37.61101549,55.76259154],[37.61098711,55.76258157],[37.61098708,55.76258157],[37.61098287,55.76258538]]]},"properties":{"type":"heating_meter","area":1.0499999236170598,"subtype":"service"},"type":"Feature"},{"geometry":{"type":"Polygon","coordinates":[[[37.6109736,55.76259377],[37.61100201,55.76260374],[37.61101128,55.76259535],[37.61098287,55.76258538],[37.6109736,55.76259377]]]},"properties":{"type":"elevator","area":2.3100000014311233,"subtype":"service"},"type":"Feature"},{"geometry":{"type":"Polygon","coordinates":[[[37.61096012,55.76260597],[37.61098853,55.76261595],[37.61100201,55.76260374],[37.6109736,55.76259377],[37.61096012,55.76260597]]]},"properties":{"type":"elevator","area":3.3599999986504923,"subtype":"service"},"type":"Feature"},{"geometry":{"type":"Polygon","coordinates":[[[37.61094665,55.76261817],[37.61097505,55.76262815],[37.61098853,55.76261595],[37.61096012,55.76260597],[37.61094665,55.76261817]]]},"properties":{"type":"elevator","area":3.360000000156372,"subtype":"service"},"type":"Feature"},{"geometry":{"type":"Polygon","coordinates":[[[37.6112601,55.76267744],[37.61127695,55.76266219],[37.61073092,55.76247044],[37.61071407,55.76248569],[37.6112601,55.76267744]]]},"properties":{"type":"corridor","area":80.73885713107927,"subtype":"service"},"type":"Feature"},{"geometry":{"type":"Polygon","coordinates":[[[37.61105237,55.76262831],[37.61105914,55.76263069],[37.61107809,55.76261353],[37.61107809,55.76261353],[37.61107133,55.76261115],[37.61105237,55.76262831]]]},"properties":{"type":"ventilation","area":1.1249999707951799,"subtype":"service"},"type":"Feature"},{"geometry":{"type":"Polygon","coordinates":[[[37.61111683,55.76262713],[37.61109788,55.76264429],[37.61110464,55.76264667],[37.6111236,55.76262951],[37.6111236,55.76262951],[37.61111683,55.76262713]]]},"properties":{"type":"ventilation","area":1.124999970971422,"subtype":"service"},"type":"Feature"},{"geometry":{"type":"Polygon","coordinates":[[[37.61116234,55.76264311],[37.61114338,55.76266027],[37.61115015,55.76266265],[37.6111691,55.76264549],[37.6111691,55.76264549],[37.61116234,55.76264311]]]},"properties":{"type":"ventilation","area":1.124999970297462,"subtype":"service"},"type":"Feature"},{"geometry":{"type":"Polygon","coordinates":[[[37.61113795,55.76268218],[37.61115501,55.76266674],[37.61114825,55.76266436],[37.61113119,55.76267981],[37.61113795,55.76268218]]]},"properties":{"type":"ventilation","area":1.0124999999607658,"subtype":"service"},"type":"Feature"},{"geometry":{"type":"Polygon","coordinates":[[[37.61130728,55.76268343],[37.61131404,55.7626858],[37.61131404,55.7626858],[37.6113351,55.76266674],[37.61132834,55.76266436],[37.61130728,55.76268343]]]},"properties":{"type":"ventilation","area":1.2500000009759449,"subtype":"service"},"type":"Feature"},{"geometry":{"type":"Polygon","coordinates":[[[37.61127018,55.76265982],[37.61127695,55.76266219],[37.61127695,55.76266219],[37.61127696,55.7626622],[37.61129592,55.76264504],[37.61128914,55.76264266],[37.61127018,55.76265982]]]},"properties":{"type":"ventilation","area":1.1272501014647904,"subtype":"service"},"type":"Feature"},{"geometry":{"type":"Polygon","coordinates":[[[37.61122469,55.76264384],[37.61123146,55.76264622],[37.61123146,55.76264622],[37.61125041,55.76262906],[37.61124365,55.76262668],[37.61122469,55.76264384]]]},"properties":{"type":"ventilation","area":1.1249999333103538,"subtype":"service"},"type":"Feature"},{"geometry":{"type":"Polygon","coordinates":[[[37.61117919,55.76262786],[37.61118595,55.76263024],[37.61118595,55.76263024],[37.61120491,55.76261308],[37.61119814,55.7626107],[37.61117919,55.76262786]]]},"properties":{"type":"ventilation","area":1.1249999325160127,"subtype":"service"},"type":"Feature"},{"geometry":{"type":"Polygon","coordinates":[[[37.61117159,55.76257756],[37.61115453,55.76259301],[37.6111613,55.76259538],[37.61117836,55.76257994],[37.61117159,55.76257756]]]},"properties":{"type":"ventilation","area":1.0125000007867697,"subtype":"service"},"type":"Feature"},{"geometry":{"type":"Polygon","coordinates":[[[37.61101802,55.76254506],[37.61102478,55.76254744],[37.61104184,55.762532],[37.61103508,55.76252962],[37.61101802,55.76254506]]]},"properties":{"type":"ventilation","area":1.0124998767141775,"subtype":"service"},"type":"Feature"},{"geometry":{"type":"Polygon","coordinates":[[[37.61090616,55.76253198],[37.61091292,55.76253435],[37.61091292,55.76253435],[37.61093188,55.76251719],[37.61092512,55.76251482],[37.61090616,55.76253198]]]},"properties":{"type":"ventilation","area":1.1250000393809882,"subtype":"service"},"type":"Feature"},{"geometry":{"type":"Polygon","coordinates":[[[37.61089857,55.76248168],[37.61088151,55.76249712],[37.61088827,55.7624995],[37.61090533,55.76248406],[37.61089857,55.76248168]]]},"properties":{"type":"ventilation","area":1.0125000002648168,"subtype":"service"},"type":"Feature"},{"geometry":{"type":"Polygon","coordinates":[[[37.61076965,55.76248404],[37.61077641,55.76248641],[37.61079537,55.76246925],[37.6107886,55.76246688],[37.61076965,55.76248404]]]},"properties":{"type":"ventilation","area":1.1250000422479385,"subtype":"service"},"type":"Feature"},{"geometry":{"type":"Polygon","coordinates":[[[37.61068374,55.76246445],[37.6107048,55.76244539],[37.61069804,55.76244301],[37.61067698,55.76246208],[37.61067698,55.76246208],[37.61068374,55.76246445]]]},"properties":{"type":"ventilation","area":1.2499999981072634,"subtype":"service"},"type":"Feature"},{"geometry":{"type":"Polygon","coordinates":[[[37.61068374,55.76246445],[37.61067698,55.76246208],[37.61067698,55.76246208],[37.61065592,55.76248114],[37.61066268,55.76248352],[37.61068374,55.76246445]]]},"properties":{"type":"ventilation","area":1.2499999985195922,"subtype":"service"},"type":"Feature"},{"geometry":{"type":"Polygon","coordinates":[[[37.61068291,55.76252237],[37.61069997,55.76250693],[37.61069321,55.76250456],[37.61067615,55.76252],[37.61068291,55.76252237]]]},"properties":{"type":"ventilation","area":1.0127278352757856,"subtype":"service"},"type":"Feature"},{"geometry":{"type":"Polygon","coordinates":[[[37.61087712,55.76256676],[37.61089608,55.76254961],[37.61089608,55.76254961],[37.61088931,55.76254723],[37.61087036,55.76256439],[37.61087712,55.76256676]]]},"properties":{"type":"ventilation","area":1.125000013059851,"subtype":"service"},"type":"Feature"},{"geometry":{"type":"Polygon","coordinates":[[[37.61093482,55.76256321],[37.61091586,55.76258037],[37.61092262,55.76258274],[37.61094158,55.76256559],[37.61094158,55.76256559],[37.61093482,55.76256321]]]},"properties":{"type":"ventilation","area":1.1250000168630088,"subtype":"service"},"type":"Feature"},{"geometry":{"type":"Polygon","coordinates":[[[37.61137725,55.76282232],[37.61134692,55.76284977],[37.6114443,55.76288397],[37.6114443,55.76288397],[37.61147463,55.76285652],[37.61146112,55.76285176],[37.61149144,55.76282431],[37.61146851,55.76281626],[37.61146429,55.76282007],[37.61146428,55.76282009],[37.61146425,55.7628201],[37.61146423,55.76282011],[37.6114642,55.76282011],[37.61146416,55.76282011],[37.61146413,55.76282011],[37.6114641,55.76282011],[37.61146408,55.7628201],[37.6114452,55.76281348],[37.61144518,55.76281347],[37.61144516,55.76281345],[37.61144514,55.76281344],[37.61144513,55.76281342],[37.61144513,55.7628134],[37.61144513,55.76281339],[37.61144514,55.76281337],[37.61144515,55.76281335],[37.61144937,55.76280954],[37.61144937,55.76280954],[37.61140758,55.76279486],[37.61140758,55.76279486],[37.61137725,55.76282232]]]},"properties":{"type":"apartment","rooms":1,"totalArea":48.240500752182925,"livingArea":25.91999990916888,"apartmentType":999991},"type":"Feature"},{"geometry":{"type":"Polygon","coordinates":[[[37.6114495,55.76280959],[37.61140893,55.76279534],[37.61140865,55.76279526],[37.61140835,55.76279521],[37.61140804,55.7627952],[37.61140773,55.76279522],[37.61140743,55.76279528],[37.61140716,55.76279537],[37.61140692,55.76279548],[37.61140673,55.76279562],[37.61137809,55.76282155],[37.61137795,55.76282171],[37.61137787,55.76282188],[37.61137785,55.76282206],[37.61137789,55.76282223],[37.61137799,55.7628224],[37.61137815,55.76282255],[37.61137835,55.76282268],[37.6113786,55.76282279],[37.61141918,55.76283704],[37.6114495,55.76280959]]]},"properties":{"type":"room","subtype":"apartment","roomType":"KITCHEN","area":11.155607276789075},"type":"Feature"},{"geometry":{"type":"Polygon","coordinates":[[[37.61141918,55.76283704],[37.61145975,55.76285129],[37.61146004,55.76285137],[37.61146034,55.76285141],[37.61146065,55.76285143],[37.61146096,55.7628514],[37.61146125,55.76285135],[37.61146152,55.76285126],[37.61146176,55.76285114],[37.61146195,55.762851],[37.61147628,55.76283803],[37.61143435,55.76282331],[37.61141918,55.76283704]]]},"properties":{"type":"room","subtype":"apartment","roomType":"HALL","area":5.579620328707052},"type":"Feature"},{"geometry":{"type":"Polygon","coordinates":[[[37.61145322,55.76282993],[37.61147628,55.76283803],[37.61149059,55.76282507],[37.61149073,55.76282492],[37.61149081,55.76282475],[37.61149083,55.76282457],[37.61149079,55.7628244],[37.61149069,55.76282423],[37.61149054,55.76282408],[37.61149033,55.76282394],[37.61149008,55.76282384],[37.61146837,55.76281621],[37.61145322,55.76282993]]]},"properties":{"type":"room","subtype":"apartment","roomType":"BATHROOM","area":3.065729919885896},"type":"Feature"},{"geometry":{"type":"Polygon","coordinates":[[[37.61145322,55.76282993],[37.61146416,55.76282002],[37.61144529,55.7628134],[37.61143435,55.76282331],[37.61145322,55.76282993]]]},"properties":{"type":"room","subtype":"apartment","roomType":"TOILET","area":1.8125997087497052},"type":"Feature"},{"geometry":{"type":"Polygon","coordinates":[[[37.61137725,55.76282232],[37.61137725,55.76282232],[37.61134692,55.76284977],[37.61134692,55.76284977],[37.6114443,55.76288397],[37.6114443,55.76288397],[37.61147463,55.76285652],[37.61137725,55.76282232],[37.61137725,55.76282232]]]},"properties":{"type":"room","subtype":"apartment","roomType":"BEDROOM","area":25.91999990916888},"type":"Feature"},{"geometry":{"type":"Polygon","coordinates":[[[37.61135939,55.76281469],[37.61137832,55.76282134],[37.61140589,55.76279639],[37.61138696,55.76278974],[37.61135939,55.76281469]]]},"properties":{"type":"room","subtype":"apartment","roomType":"BALCONY","area":4.581128341368698},"type":"Feature"},{"geometry":{"type":"Polygon","coordinates":[[[37.61145814,55.76284935],[37.6114622,55.76285077],[37.61146449,55.76284871],[37.61146043,55.76284728],[37.61145814,55.76284935]]]},"properties":{"type":"room_object","subtype":"room","roomObjectType":"ELECTRICAL_BOX"},"type":"Feature"},{"geometry":{"type":"Polygon","coordinates":[[[37.61157202,55.76289072],[37.61147463,55.76285652],[37.61147463,55.76285652],[37.61147463,55.76285652],[37.6114486,55.76288008],[37.6114486,55.76288008],[37.61147295,55.76288863],[37.61147297,55.76288864],[37.61147299,55.76288865],[37.61147301,55.76288867],[37.61147302,55.76288869],[37.61147302,55.7628887],[37.61147302,55.76288872],[37.61147301,55.76288874],[37.611473,55.76288875],[37.61146879,55.76289257],[37.61154169,55.76291817],[37.61154169,55.76291817],[37.61157202,55.76289072]]]},"properties":{"type":"apartment","rooms":0,"totalArea":25.92000008898291,"livingArea":19.440000081061708,"apartmentType":999990},"type":"Feature"},{"geometry":{"type":"Polygon","coordinates":[[[37.61149898,55.76286507],[37.61146865,55.76289252],[37.61154169,55.76291817],[37.61154169,55.76291817],[37.61157202,55.76289072],[37.61149898,55.76286507]]]},"properties":{"type":"room","subtype":"apartment","roomType":"STUDIO","area":19.440000081061708},"type":"Feature"},{"geometry":{"type":"Polygon","coordinates":[[[37.61147286,55.76288871],[37.61148382,55.76287879],[37.61145947,55.76287024],[37.61144852,55.76288016],[37.61147286,55.76288871]]]},"properties":{"type":"room","subtype":"apartment","roomType":"JOINT_BATHROOM","area":2.340000021524306},"type":"Feature"},{"geometry":{"type":"Polygon","coordinates":[[[37.61148382,55.76287879],[37.61149898,55.76286507],[37.61147463,55.76285652],[37.61147463,55.76285652],[37.61147463,55.76285652],[37.61145947,55.76287024],[37.61148382,55.76287879]]]},"properties":{"type":"room","subtype":"apartment","roomType":"HALL","area":3.239999986534075},"type":"Feature"},{"geometry":{"type":"Polygon","coordinates":[[[37.61158988,55.76289834],[37.61157094,55.76289169],[37.61154338,55.76291664],[37.61156231,55.76292329],[37.61158988,55.76289834]]]},"properties":{"type":"room","subtype":"apartment","roomType":"BALCONY","area":4.581128339831494},"type":"Feature"},{"geometry":{"type":"Polygon","coordinates":[[[37.61147599,55.76285699],[37.61147346,55.76285928],[37.61147752,55.7628607],[37.61148004,55.76285842],[37.61147599,55.76285699]]]},"properties":{"type":"room_object","subtype":"room","roomObjectType":"ELECTRICAL_BOX"},"type":"Feature"},{"geometry":{"type":"Polygon","coordinates":[[[37.61151419,55.7628377],[37.61148817,55.76286126],[37.61148817,55.76286126],[37.61148816,55.76286127],[37.61157202,55.76289072],[37.61157202,55.76289072],[37.61157202,55.76289072],[37.61160235,55.76286326],[37.61153959,55.76284122],[37.61153959,55.76284122],[37.61153538,55.76284504],[37.61153536,55.76284505],[37.61153534,55.76284506],[37.61153531,55.76284507],[37.61153528,55.76284508],[37.61153525,55.76284508],[37.61153522,55.76284508],[37.61153519,55.76284507],[37.61153516,55.76284506],[37.61151419,55.7628377]]]},"properties":{"type":"apartment","rooms":0,"totalArea":22.32000000531273,"livingArea":16.740232665221242,"apartmentType":999990},"type":"Feature"},{"geometry":{"type":"Polygon","coordinates":[[[37.61157202,55.76289072],[37.61157202,55.76289072],[37.61160235,55.76286326],[37.61153946,55.76284118],[37.61150912,55.76286863],[37.61157202,55.76289072],[37.61157202,55.76289072]]]},"properties":{"type":"room","subtype":"apartment","roomType":"STUDIO","area":16.740232665221242},"type":"Feature"},{"geometry":{"type":"Polygon","coordinates":[[[37.61153524,55.76284499],[37.61151428,55.76283762],[37.61150333,55.76284753],[37.61152429,55.7628549],[37.61153524,55.76284499]]]},"properties":{"type":"room","subtype":"apartment","roomType":"JOINT_BATHROOM","area":2.0140133607239394},"type":"Feature"},{"geometry":{"type":"Polygon","coordinates":[[[37.61152429,55.7628549],[37.61150333,55.76284753],[37.61148817,55.76286126],[37.61148817,55.76286126],[37.61148816,55.76286127],[37.61150912,55.76286863],[37.61152429,55.7628549]]]},"properties":{"type":"room","subtype":"apartment","roomType":"HALL","area":2.790855206879611},"type":"Feature"},{"geometry":{"type":"Polygon","coordinates":[[[37.61162021,55.76287089],[37.61160127,55.76286424],[37.6115731,55.76288974],[37.61159203,55.76289639],[37.61162021,55.76287089]]]},"properties":{"type":"room","subtype":"apartment","roomType":"BALCONY","area":4.682256613535319},"type":"Feature"},{"geometry":{"type":"Polygon","coordinates":[[[37.61148901,55.7628605],[37.61149307,55.76286192],[37.6114956,55.76285963],[37.61149154,55.76285821],[37.61148901,55.7628605]]]},"properties":{"type":"room_object","subtype":"room","roomObjectType":"ELECTRICAL_BOX"},"type":"Feature"},{"geometry":{"type":"Polygon","coordinates":[[[37.61154882,55.76280636],[37.61151849,55.76283381],[37.61154141,55.76284186],[37.61154141,55.76284186],[37.61154563,55.76283805],[37.61154565,55.76283804],[37.61154567,55.76283802],[37.6115457,55.76283802],[37.61154573,55.76283801],[37.61154576,55.76283801],[37.61154579,55.76283801],[37.61154582,55.76283801],[37.61154585,55.76283802],[37.61156471,55.76284465],[37.61156474,55.76284466],[37.61156476,55.76284467],[37.61156478,55.76284469],[37.61156479,55.7628447],[37.61156479,55.76284472],[37.61156479,55.76284474],[37.61156478,55.76284476],[37.61156477,55.76284477],[37.61156055,55.76284858],[37.61160235,55.76286326],[37.61160235,55.76286326],[37.61163268,55.76283581],[37.61166301,55.76280835],[37.61157915,55.7627789],[37.61157915,55.7627789],[37.61154882,55.76280636]]]},"properties":{"type":"apartment","rooms":1,"totalArea":44.63999999684539,"livingArea":22.319999998428408,"apartmentType":999991},"type":"Feature"},{"geometry":{"type":"Polygon","coordinates":[[[37.61156042,55.76284854],[37.611601,55.76286279],[37.61160128,55.76286286],[37.61160158,55.76286291],[37.61160189,55.76286292],[37.6116022,55.7628629],[37.61160249,55.76286284],[37.61160277,55.76286275],[37.611603,55.76286264],[37.61160319,55.7628625],[37.61163183,55.76283657],[37.61163197,55.76283641],[37.61163205,55.76283624],[37.61163207,55.76283607],[37.61163203,55.76283589],[37.61163193,55.76283572],[37.61163178,55.76283557],[37.61163157,55.76283544],[37.61163132,55.76283533],[37.61159075,55.76282108],[37.61156042,55.76284854]]]},"properties":{"type":"room","subtype":"apartment","roomType":"KITCHEN","area":11.155607225044614},"type":"Feature"},{"geometry":{"type":"Polygon","coordinates":[[[37.61153365,55.76282008],[37.61157558,55.76283481],[37.61159075,55.76282108],[37.61155017,55.76280683],[37.61154989,55.76280675],[37.61154959,55.76280671],[37.61154928,55.7628067],[37.61154897,55.76280672],[37.61154867,55.76280678],[37.6115484,55.76280686],[37.61154816,55.76280698],[37.61154797,55.76280712],[37.61153365,55.76282008]]]},"properties":{"type":"room","subtype":"apartment","roomType":"HALL","area":5.5778036062863965},"type":"Feature"},{"geometry":{"type":"Polygon","coordinates":[[[37.61154155,55.76284191],[37.61155671,55.76282818],[37.61153365,55.76282008],[37.61151933,55.76283305],[37.61151919,55.76283321],[37.61151911,55.76283338],[37.61151909,55.76283355],[37.61151913,55.76283373],[37.61151923,55.76283389],[37.61151939,55.76283405],[37.61151959,55.76283418],[37.61151984,55.76283429],[37.61154155,55.76284191]]]},"properties":{"type":"room","subtype":"apartment","roomType":"BATHROOM","area":3.066803618711803},"type":"Feature"},{"geometry":{"type":"Polygon","coordinates":[[[37.61154576,55.7628381],[37.61156463,55.76284472],[37.61157558,55.76283481],[37.61155671,55.76282818],[37.61154576,55.7628381]]]},"properties":{"type":"room","subtype":"apartment","roomType":"TOILET","area":1.8135000000590673},"type":"Feature"},{"geometry":{"type":"Polygon","coordinates":[[[37.61154882,55.76280636],[37.61157915,55.7627789],[37.61157915,55.7627789],[37.61157915,55.7627789],[37.61166301,55.76280835],[37.61163268,55.76283581],[37.61163268,55.76283581],[37.61163268,55.76283581],[37.61154882,55.76280636]]]},"properties":{"type":"room","subtype":"apartment","roomType":"BEDROOM","area":22.319999998428408},"type":"Feature"},{"geometry":{"type":"Polygon","coordinates":[[[37.61165054,55.76284343],[37.6116316,55.76283678],[37.61160342,55.76286229],[37.61162236,55.76286894],[37.61165054,55.76284343]]]},"properties":{"type":"room","subtype":"apartment","roomType":"BALCONY","area":4.682256612102593},"type":"Feature"},{"geometry":{"type":"Polygon","coordinates":[[[37.61168087,55.76281598],[37.61166193,55.76280933],[37.61163375,55.76283483],[37.61165269,55.76284148],[37.61168087,55.76281598]]]},"properties":{"type":"room","subtype":"apartment","roomType":"BALCONY","area":4.682256611998113},"type":"Feature"},{"geometry":{"type":"Polygon","coordinates":[[[37.61155178,55.76280877],[37.61154772,55.76280735],[37.61154545,55.76280941],[37.6115495,55.76281083],[37.61155178,55.76280877]]]},"properties":{"type":"room_object","subtype":"room","roomObjectType":"ELECTRICAL_BOX"},"type":"Feature"},{"geometry":{"type":"Polygon","coordinates":[[[37.61169333,55.7627809],[37.61162043,55.7627553],[37.61162043,55.7627553],[37.61161622,55.76275911],[37.6116162,55.76275912],[37.61161618,55.76275914],[37.61161615,55.76275914],[37.61161612,55.76275915],[37.61161609,55.76275915],[37.61161606,55.76275915],[37.61161603,55.76275915],[37.611616,55.76275914],[37.61159165,55.76275059],[37.61159165,55.76275059],[37.61157404,55.76276653],[37.61157404,55.76276653],[37.61158757,55.76277128],[37.61158757,55.76277128],[37.61157915,55.7627789],[37.61166301,55.76280835],[37.61166301,55.76280835],[37.61166301,55.76280835],[37.61169333,55.7627809]]]},"properties":{"type":"apartment","rooms":0,"totalArea":24.919998763626086,"livingArea":19.439998835900433,"apartmentType":999990},"type":"Feature"},{"geometry":{"type":"Polygon","coordinates":[[[37.61158997,55.7627827],[37.61166301,55.76280835],[37.61166301,55.76280835],[37.61166301,55.76280835],[37.61169333,55.7627809],[37.61162029,55.76275525],[37.61158997,55.7627827]]]},"properties":{"type":"room","subtype":"apartment","roomType":"STUDIO","area":19.439998835900433},"type":"Feature"},{"geometry":{"type":"Polygon","coordinates":[[[37.61160513,55.76276898],[37.61161608,55.76275906],[37.61159174,55.76275051],[37.61158078,55.76276043],[37.61160513,55.76276898]]]},"properties":{"type":"room","subtype":"apartment","roomType":"JOINT_BATHROOM","area":2.339999915721329},"type":"Feature"},{"geometry":{"type":"Polygon","coordinates":[[[37.61158997,55.7627827],[37.61160513,55.76276898],[37.61158078,55.76276043],[37.61157404,55.76276653],[37.61157404,55.76276653],[37.61158757,55.76277128],[37.61158757,55.76277128],[37.61157915,55.7627789],[37.61158997,55.7627827]]]},"properties":{"type":"room","subtype":"apartment","roomType":"HALL","area":2.2400000150775106},"type":"Feature"},{"geometry":{"type":"Polygon","coordinates":[[[37.61171119,55.76278852],[37.61169226,55.76278187],[37.61166408,55.76280738],[37.61168302,55.76281403],[37.61171119,55.76278852]]]},"properties":{"type":"room","subtype":"apartment","roomType":"BALCONY","area":4.6822562205894975},"type":"Feature"},{"geometry":{"type":"Polygon","coordinates":[[[37.61147749,55.762667],[37.61145146,55.76269056],[37.61145958,55.76269341],[37.6114596,55.76269342],[37.61145962,55.76269343],[37.61145964,55.76269345],[37.61145965,55.76269347],[37.61145965,55.76269348],[37.61145965,55.7626935],[37.61145964,55.76269352],[37.61145963,55.76269353],[37.61143351,55.76271717],[37.61147666,55.76273233],[37.61152535,55.76274943],[37.61157404,55.76276653],[37.61157404,55.76276653],[37.61159595,55.7627467],[37.61169333,55.7627809],[37.61169333,55.7627809],[37.61172366,55.76275344],[37.61165022,55.76272765],[37.61165022,55.76272765],[37.61164685,55.7627307],[37.61164683,55.76273072],[37.61164681,55.76273073],[37.61164678,55.76273074],[37.61164675,55.76273074],[37.61164672,55.76273075],[37.61164669,55.76273074],[37.61164666,55.76273074],[37.61164663,55.76273073],[37.61162282,55.76272237],[37.6116228,55.76272236],[37.61162278,55.76272235],[37.61162276,55.76272233],[37.61162275,55.76272232],[37.61162275,55.7627223],[37.61162275,55.76272228],[37.61162276,55.76272226],[37.61162277,55.76272225],[37.6116253,55.76271996],[37.61162531,55.76271995],[37.6116255,55.76271981],[37.61162552,55.7627198],[37.61162575,55.76271968],[37.61162578,55.76271967],[37.61162605,55.76271959],[37.61162608,55.76271958],[37.61162638,55.76271952],[37.61162641,55.76271952],[37.61162672,55.7627195],[37.61162675,55.76271949],[37.61162702,55.76271951],[37.61162628,55.76271924],[37.61157758,55.76270215],[37.61152889,55.76268505],[37.61147749,55.762667],[37.61147749,55.762667]]]},"properties":{"type":"apartment","rooms":3,"totalArea":94.12000023742542,"livingArea":51.89882206983873,"apartmentType":999993},"type":"Feature"},{"geometry":{"type":"Polygon","coordinates":[[[37.61145138,55.76269064],[37.61150277,55.76270869],[37.61152805,55.76268581],[37.61152819,55.76268565],[37.61152827,55.76268548],[37.61152829,55.7626853],[37.61152825,55.76268513],[37.61152815,55.76268496],[37.61152799,55.76268481],[37.61152779,55.76268468],[37.61152754,55.76268457],[37.61147885,55.76266747],[37.61147857,55.76266739],[37.61147826,55.76266735],[37.61147795,55.76266733],[37.61147764,55.76266736],[37.61147735,55.76266741],[37.61147708,55.7626675],[37.61147684,55.76266762],[37.61147665,55.76266776],[37.61145138,55.76269064]]]},"properties":{"type":"room","subtype":"apartment","roomType":"KITCHEN","area":11.775607224260934},"type":"Feature"},{"geometry":{"type":"Polygon","coordinates":[[[37.61147708,55.76269966],[37.61145096,55.7627233],[37.61147531,55.76273185],[37.61147559,55.76273193],[37.61147589,55.76273198],[37.6114762,55.76273199],[37.61147651,55.76273196],[37.6114768,55.76273191],[37.61147708,55.76273182],[37.61147731,55.7627317],[37.6114775,55.76273156],[37.61150277,55.76270869],[37.61147708,55.76269966]]]},"properties":{"type":"room","subtype":"apartment","roomType":"HALL","area":5.88780354470213},"type":"Feature"},{"geometry":{"type":"Polygon","coordinates":[[[37.61147708,55.76269966],[37.61145949,55.76269349],[37.61143338,55.76271713],[37.61145096,55.7627233],[37.61147708,55.76269966]]]},"properties":{"type":"room","subtype":"apartment","roomType":"JOINT_BATHROOM","area":4.0300001971231385},"type":"Feature"},{"geometry":{"type":"Polygon","coordinates":[[[37.61153976,55.76273639],[37.61157674,55.76270291],[37.61157688,55.76270275],[37.61157696,55.76270258],[37.61157698,55.7627024],[37.61157694,55.76270223],[37.61157684,55.76270206],[37.61157668,55.76270191],[37.61157648,55.76270178],[37.61157623,55.76270167],[37.61153024,55.76268552],[37.61152996,55.76268544],[37.61152966,55.7626854],[37.61152935,55.76268538],[37.61152904,55.76268541],[37.61152874,55.76268546],[37.61152847,55.76268555],[37.61152824,55.76268567],[37.61152805,55.76268581],[37.61149106,55.76271929],[37.61153976,55.76273639]]]},"properties":{"type":"room","subtype":"apartment","roomType":"LIVING_ROOM","area":16.1596073182083},"type":"Feature"},{"geometry":{"type":"Polygon","coordinates":[[[37.61153976,55.76273639],[37.61158845,55.76275349],[37.61162543,55.76272001],[37.61162557,55.76271985],[37.61162565,55.76271968],[37.61162567,55.7627195],[37.61162563,55.76271933],[37.61162553,55.76271916],[37.61162538,55.76271901],[37.61162517,55.76271888],[37.61162492,55.76271877],[37.61157894,55.76270262],[37.61157866,55.76270254],[37.61157835,55.7627025],[37.61157804,55.76270248],[37.61157773,55.76270251],[37.61157744,55.76270256],[37.61157717,55.76270265],[37.61157693,55.76270277],[37.61157674,55.76270291],[37.61153976,55.76273639]]]},"properties":{"type":"room","subtype":"apartment","roomType":"BEDROOM","area":16.159607320495624},"type":"Feature"},{"geometry":{"type":"Polygon","coordinates":[[[37.61161975,55.76275506],[37.61169198,55.76278042],[37.61169226,55.7627805],[37.61169256,55.76278055],[37.61169288,55.76278056],[37.61169318,55.76278054],[37.61169348,55.76278048],[37.61169375,55.76278039],[37.61169399,55.76278028],[37.61169418,55.76278014],[37.61172282,55.76275421],[37.61172296,55.76275405],[37.61172304,55.76275388],[37.61172306,55.7627537],[37.61172302,55.76275353],[37.61172292,55.76275336],[37.61172276,55.76275321],[37.61172256,55.76275308],[37.61172231,55.76275297],[37.61165008,55.7627276],[37.61161975,55.76275506]]]},"properties":{"type":"room","subtype":"apartment","roomType":"BEDROOM","area":19.5796074311348},"type":"Feature"},{"geometry":{"type":"Polygon","coordinates":[[[37.61163492,55.76274133],[37.61164671,55.76273066],[37.61162291,55.7627223],[37.61161111,55.76273297],[37.61163492,55.76274133]]]},"properties":{"type":"room","subtype":"apartment","roomType":"JOINT_BATHROOM","area":2.4639999035278066},"type":"Feature"},{"geometry":{"type":"MultiPolygon","coordinates":[[[[37.61161967,55.76275514],[37.6116197,55.76275514],[37.61161973,55.76275515],[37.61161976,55.76275515],[37.61161979,55.76275515],[37.61161982,55.76275514],[37.61161985,55.76275513],[37.61161987,55.76275512],[37.61161989,55.76275511],[37.61163505,55.76274138],[37.61163507,55.76274136],[37.61163508,55.76274135],[37.61163508,55.76274133],[37.61163507,55.76274131],[37.61163506,55.76274129],[37.61163505,55.76274128],[37.61163503,55.76274127],[37.611635,55.76274126],[37.6116112,55.7627329],[37.61161117,55.76273289],[37.61161114,55.76273288],[37.61161111,55.76273288],[37.61161108,55.76273288],[37.61161105,55.76273289],[37.61161102,55.7627329],[37.611611,55.76273291],[37.61161098,55.76273292],[37.61159666,55.76274589],[37.61159665,55.7627459],[37.61159651,55.76274605],[37.6115965,55.76274607],[37.61159642,55.76274624],[37.61159641,55.76274626],[37.61159639,55.76274643],[37.61159639,55.76274645],[37.61159643,55.76274663],[37.61159644,55.76274664],[37.61159654,55.76274681],[37.61159655,55.76274683],[37.61159671,55.76274698],[37.61159673,55.76274699],[37.61159693,55.76274713],[37.61159696,55.76274714],[37.6115972,55.76274725],[37.61159722,55.76274725],[37.61161967,55.76275514]]],[[[37.61149115,55.76271921],[37.61149112,55.7627192],[37.61149109,55.7627192],[37.61149106,55.7627192],[37.61149103,55.7627192],[37.611491,55.7627192],[37.61149097,55.76271921],[37.61149095,55.76271923],[37.61149093,55.76271924],[37.61147737,55.76273152],[37.61147736,55.76273152],[37.61147722,55.76273168],[37.61147721,55.7627317],[37.61147713,55.76273187],[37.61147712,55.76273189],[37.6114771,55.76273206],[37.6114771,55.76273208],[37.61147714,55.76273225],[37.61147715,55.76273227],[37.61147725,55.76273244],[37.61147726,55.76273245],[37.61147742,55.76273261],[37.61147744,55.76273262],[37.61147764,55.76273275],[37.61147767,55.76273277],[37.61147791,55.76273287],[37.61147793,55.76273288],[37.61152391,55.76274903],[37.61152393,55.76274903],[37.61152421,55.76274911],[37.61152424,55.76274912],[37.61152454,55.76274916],[37.61152457,55.76274917],[37.61152488,55.76274918],[37.61152491,55.76274918],[37.61152522,55.76274915],[37.61152525,55.76274915],[37.61152555,55.76274909],[37.61152558,55.76274909],[37.61152581,55.76274901],[37.61152579,55.76274916],[37.6115258,55.76274918],[37.61152584,55.76274935],[37.61152584,55.76274937],[37.61152594,55.76274954],[37.61152596,55.76274955],[37.61152611,55.76274971],[37.61152613,55.76274972],[37.61152634,55.76274985],[37.61152636,55.76274987],[37.61152661,55.76274997],[37.61152662,55.76274998],[37.61157261,55.76276613],[37.61157262,55.76276613],[37.6115729,55.76276621],[37.61157293,55.76276622],[37.61157323,55.76276626],[37.61157326,55.76276627],[37.61157357,55.76276628],[37.61157361,55.76276628],[37.61157392,55.76276625],[37.61157395,55.76276625],[37.61157424,55.76276619],[37.61157427,55.76276619],[37.61157454,55.7627661],[37.61157457,55.76276609],[37.6115748,55.76276597],[37.61157482,55.76276596],[37.61157501,55.76276582],[37.61157502,55.76276581],[37.61158859,55.76275353],[37.6115886,55.76275352],[37.61158861,55.7627535],[37.61158861,55.76275348],[37.61158861,55.76275347],[37.6115886,55.76275345],[37.61158858,55.76275343],[37.61158856,55.76275342],[37.61158853,55.76275341],[37.61153984,55.76273631],[37.61153984,55.76273631],[37.61149115,55.76271921]]]]},"properties":{"type":"room","subtype":"apartment","roomType":"CORRIDOR","area":15.718450866230848},"type":"Feature"},{"geometry":{"type":"Polygon","coordinates":[[[37.61159111,55.76269208],[37.61157931,55.76270275],[37.61162455,55.76271864],[37.61163634,55.76270796],[37.61159111,55.76269208]]]},"properties":{"type":"room","subtype":"apartment","roomType":"BALCONY","area":4.682256613689203},"type":"Feature"},{"geometry":{"type":"Polygon","coordinates":[[[37.6116398,55.76270918],[37.611628,55.76271985],[37.61172096,55.76275249],[37.61173275,55.76274182],[37.6116398,55.76270918]]]},"properties":{"type":"room","subtype":"apartment","roomType":"BALCONY","area":9.621127949229873},"type":"Feature"},{"geometry":{"type":"Polygon","coordinates":[[[37.61174091,55.76276162],[37.61172198,55.76275497],[37.61169441,55.76277992],[37.61171335,55.76278657],[37.61174091,55.76276162]]]},"properties":{"type":"room","subtype":"apartment","roomType":"BALCONY","area":4.581128663151558},"type":"Feature"},{"geometry":{"type":"Polygon","coordinates":[[[37.6114749,55.76273171],[37.61147743,55.76272942],[37.61147378,55.76272814],[37.61147125,55.76273043],[37.6114749,55.76273171]]]},"properties":{"type":"room_object","subtype":"room","roomObjectType":"ELECTRICAL_BOX"},"type":"Feature"},{"geometry":{"type":"Polygon","coordinates":[[[37.6114384,55.76270238],[37.61147749,55.762667],[37.61147749,55.762667],[37.61142609,55.76264895],[37.61137386,55.76269623],[37.61137388,55.76269623],[37.61137388,55.76269623],[37.61141836,55.76271185],[37.61141836,55.76271185],[37.61143142,55.76270003],[37.61143144,55.76270002],[37.61143146,55.76270001],[37.61143149,55.7627],[37.61143152,55.76269999],[37.61143155,55.76269999],[37.61143158,55.76269999],[37.61143161,55.7627],[37.61143164,55.76270001],[37.6114384,55.76270238],[37.6114384,55.76270238]]]},"properties":{"type":"apartment","rooms":0,"totalArea":23.560002115610118,"livingArea":17.67000194597827,"apartmentType":999990},"type":"Feature"},{"geometry":{"type":"Polygon","coordinates":[[[37.61138692,55.76268441],[37.61143832,55.76270246],[37.61147749,55.762667],[37.61147749,55.762667],[37.61142609,55.76264895],[37.61138692,55.76268441]]]},"properties":{"type":"room","subtype":"apartment","roomType":"STUDIO","area":17.67000194597827},"type":"Feature"},{"geometry":{"type":"Polygon","coordinates":[[[37.61139956,55.76270525],[37.6114185,55.7627119],[37.61143156,55.76270008],[37.61141262,55.76269343],[37.61139956,55.76270525]]]},"properties":{"type":"room","subtype":"apartment","roomType":"JOINT_BATHROOM","area":2.170000298873955},"type":"Feature"},{"geometry":{"type":"Polygon","coordinates":[[[37.61141262,55.76269343],[37.61138692,55.76268441],[37.61137386,55.76269623],[37.61137388,55.76269623],[37.61137388,55.76269623],[37.61139956,55.76270525],[37.61141262,55.76269343]]]},"properties":{"type":"room","subtype":"apartment","roomType":"HALL","area":2.944999863786687},"type":"Feature"},{"geometry":{"type":"Polygon","coordinates":[[[37.61143962,55.76263888],[37.61142782,55.76264955],[37.61147576,55.76266639],[37.61148756,55.76265571],[37.61143962,55.76263888]]]},"properties":{"type":"room","subtype":"apartment","roomType":"BALCONY","area":4.962257441785126},"type":"Feature"},{"geometry":{"type":"Polygon","coordinates":[[[37.61137776,55.76269442],[37.61137523,55.76269671],[37.61137929,55.76269813],[37.61138181,55.76269584],[37.61137776,55.76269442]]]},"properties":{"type":"room_object","subtype":"room","roomObjectType":"ELECTRICAL_BOX"},"type":"Feature"},{"geometry":{"type":"Polygon","coordinates":[[[37.61125338,55.76274071],[37.61130478,55.76275876],[37.61136544,55.76270385],[37.61142609,55.76264895],[37.6113747,55.7626309],[37.6113747,55.7626309],[37.61129744,55.76270083],[37.61130421,55.7627032],[37.61130423,55.76270321],[37.61130425,55.76270323],[37.61130427,55.76270324],[37.61130428,55.76270326],[37.61130428,55.76270328],[37.61130428,55.76270329],[37.61130427,55.76270331],[37.61130426,55.76270333],[37.61129061,55.76271568],[37.61129059,55.76271569],[37.61129057,55.76271571],[37.61129054,55.76271571],[37.61129051,55.76271572],[37.61129048,55.76271572],[37.61129045,55.76271572],[37.61129042,55.76271572],[37.61129039,55.76271571],[37.61128363,55.76271333],[37.61128363,55.76271333],[37.61125338,55.76274071]]]},"properties":{"type":"apartment","rooms":1,"totalArea":54.72000000441783,"livingArea":27.35999877558637,"apartmentType":999991},"type":"Feature"},{"geometry":{"type":"Polygon","coordinates":[[[37.61133511,55.76273131],[37.61128371,55.76271326],[37.61125422,55.76273995],[37.61125409,55.76274011],[37.611254,55.76274028],[37.61125398,55.76274045],[37.61125402,55.76274063],[37.61125413,55.76274079],[37.61125428,55.76274095],[37.61125449,55.76274108],[37.61125473,55.76274119],[37.61130343,55.76275829],[37.61130371,55.76275836],[37.61130401,55.76275841],[37.61130432,55.76275842],[37.61130463,55.7627584],[37.61130493,55.76275834],[37.6113052,55.76275825],[37.61130543,55.76275814],[37.61130562,55.762758],[37.61133511,55.76273131]]]},"properties":{"type":"room","subtype":"apartment","roomType":"KITCHEN","area":13.675608142416412},"type":"Feature"},{"geometry":{"type":"Polygon","coordinates":[[[37.6113646,55.76270462],[37.61136473,55.76270446],[37.61136481,55.76270429],[37.61136484,55.76270411],[37.61136479,55.76270394],[37.61136469,55.76270377],[37.61136454,55.76270362],[37.61136433,55.76270349],[37.61136408,55.76270338],[37.61133974,55.76269483],[37.61130941,55.76272228],[37.61133511,55.76273131],[37.6113646,55.76270462]]]},"properties":{"type":"room","subtype":"apartment","roomType":"HALL","area":6.837803396278943},"type":"Feature"},{"geometry":{"type":"Polygon","coordinates":[[[37.61132306,55.76270993],[37.61133974,55.76269483],[37.61131539,55.76268628],[37.61131511,55.7626862],[37.61131481,55.76268615],[37.6113145,55.76268614],[37.61131419,55.76268617],[37.61131389,55.76268622],[37.61131362,55.76268631],[37.61131339,55.76268643],[37.6113132,55.76268657],[37.61129736,55.7627009],[37.61132306,55.76270993]]]},"properties":{"type":"room","subtype":"apartment","roomType":"BATHROOM","area":3.759803903795687},"type":"Feature"},{"geometry":{"type":"Polygon","coordinates":[[[37.61130412,55.76270328],[37.61129047,55.76271563],[37.61130941,55.76272228],[37.61132306,55.76270993],[37.61130412,55.76270328]]]},"properties":{"type":"room","subtype":"apartment","roomType":"TOILET","area":2.268000237069806},"type":"Feature"},{"geometry":{"type":"Polygon","coordinates":[[[37.61131404,55.7626858],[37.61136544,55.76270385],[37.61142609,55.76264895],[37.61142609,55.76264895],[37.6113747,55.7626309],[37.6113747,55.7626309],[37.61131404,55.7626858],[37.61131404,55.7626858]]]},"properties":{"type":"room","subtype":"apartment","roomType":"BEDROOM","area":27.35999877558637},"type":"Feature"},{"geometry":{"type":"Polygon","coordinates":[[[37.6113892,55.76262117],[37.6113774,55.76263185],[37.61142437,55.76264834],[37.61143616,55.76263766],[37.6113892,55.76262117]]]},"properties":{"type":"room","subtype":"apartment","roomType":"BALCONY","area":4.861127836985717},"type":"Feature"},{"geometry":{"type":"Polygon","coordinates":[[[37.61129126,55.76276883],[37.61130305,55.76275815],[37.61125609,55.76274166],[37.61124429,55.76275234],[37.61129126,55.76276883]]]},"properties":{"type":"room","subtype":"apartment","roomType":"BALCONY","area":4.861128779290787},"type":"Feature"},{"geometry":{"type":"Polygon","coordinates":[[[37.61135701,55.76271148],[37.61130478,55.76275876],[37.61135618,55.76277681],[37.61137647,55.76278394],[37.61141556,55.76274855],[37.61140879,55.76274618],[37.61140877,55.76274617],[37.61140875,55.76274615],[37.61140873,55.76274614],[37.61140872,55.76274612],[37.61140872,55.7627461],[37.61140872,55.76274609],[37.61140873,55.76274607],[37.61140874,55.76274605],[37.6114218,55.76273423],[37.61140841,55.76272953],[37.61135701,55.76271148]]]},"properties":{"type":"apartment","rooms":0,"totalArea":32.859997876581645,"livingArea":24.644998259401536,"apartmentType":999990},"type":"Feature"},{"geometry":{"type":"Polygon","coordinates":[[[37.61134395,55.7627233],[37.61130478,55.76275876],[37.61135618,55.76277681],[37.61137647,55.76278394],[37.61141564,55.76274848],[37.61134395,55.7627233]]]},"properties":{"type":"room","subtype":"apartment","roomType":"STUDIO","area":24.644998259401536},"type":"Feature"},{"geometry":{"type":"Polygon","coordinates":[[[37.6113798,55.76273589],[37.61140888,55.7627461],[37.61142194,55.76273428],[37.61140841,55.76272953],[37.61139286,55.76272407],[37.6113798,55.76273589]]]},"properties":{"type":"room","subtype":"apartment","roomType":"JOINT_BATHROOM","area":3.3324998916413486},"type":"Feature"},{"geometry":{"type":"Polygon","coordinates":[[[37.6113798,55.76273589],[37.61139286,55.76272407],[37.61135701,55.76271148],[37.61134395,55.7627233],[37.6113798,55.76273589]]]},"properties":{"type":"room","subtype":"apartment","roomType":"HALL","area":4.107499697692258},"type":"Feature"},{"geometry":{"type":"Polygon","coordinates":[[[37.61136294,55.76279401],[37.61137474,55.76278333],[37.61130651,55.76275937],[37.61129471,55.76277005],[37.61136294,55.76279401]]]},"properties":{"type":"room","subtype":"apartment","roomType":"BALCONY","area":7.06225578342524},"type":"Feature"},{"geometry":{"type":"Polygon","coordinates":[[[37.61138289,55.76272374],[37.61138542,55.76272145],[37.61137865,55.76271908],[37.61137613,55.76272137],[37.61138289,55.76272374]]]},"properties":{"type":"room_object","subtype":"room","roomObjectType":"ELECTRICAL_BOX"},"type":"Feature"},{"geometry":{"type":"Polygon","coordinates":[[[37.61142381,55.76280056],[37.61147605,55.76275328],[37.61145981,55.76274758],[37.6114287,55.76273665],[37.61137647,55.76278394],[37.61140758,55.76279486],[37.61142381,55.76280056]]]},"properties":{"type":"ladder","area":21.703255066172712,"subtype":"service"},"type":"Feature"},{"geometry":{"type":"Polygon","coordinates":[[[37.61142381,55.76280056],[37.61149144,55.76282431],[37.61149144,55.76282431],[37.61146303,55.76281434],[37.61146724,55.76281052],[37.61147651,55.76280213],[37.61148999,55.76278993],[37.61150347,55.76277773],[37.61153187,55.76278771],[37.61154367,55.76277703],[37.61147605,55.76275328],[37.61142381,55.76280056]]]},"properties":{"type":"corridor","area":20.916745966910653,"subtype":"service"},"type":"Feature"},{"geometry":{"type":"Polygon","coordinates":[[[37.61149565,55.7628205],[37.61146724,55.76281052],[37.61146303,55.76281434],[37.61149144,55.76282431],[37.61149565,55.7628205]]]},"properties":{"type":"heating_meter","area":1.0499999998045764,"subtype":"service"},"type":"Feature"},{"geometry":{"type":"Polygon","coordinates":[[[37.61150492,55.76281211],[37.61147651,55.76280213],[37.61146724,55.76281052],[37.61149565,55.7628205],[37.61150492,55.76281211]]]},"properties":{"type":"elevator","area":2.3100000005269217,"subtype":"service"},"type":"Feature"},{"geometry":{"type":"Polygon","coordinates":[[[37.6115184,55.76279991],[37.61148999,55.76278993],[37.61147651,55.76280213],[37.61150492,55.76281211],[37.6115184,55.76279991]]]},"properties":{"type":"elevator","area":3.360000001061902,"subtype":"service"},"type":"Feature"},{"geometry":{"type":"Polygon","coordinates":[[[37.61153187,55.76278771],[37.61150347,55.76277773],[37.61148999,55.76278993],[37.6115184,55.76279991],[37.61153187,55.76278771]]]},"properties":{"type":"elevator","area":3.359999998571134,"subtype":"service"},"type":"Feature"},{"geometry":{"type":"Polygon","coordinates":[[[37.61154367,55.76277703],[37.61146112,55.76285176],[37.61148817,55.76286126],[37.61158757,55.76277128],[37.61137388,55.76269623],[37.61135703,55.76271148],[37.61154367,55.76277703]]]},"properties":{"type":"corridor","area":51.19599486994648,"subtype":"service"},"type":"Feature"},{"geometry":{"type":"Polygon","coordinates":[[[37.61146416,55.76282002],[37.61146837,55.76281621],[37.6114495,55.76280959],[37.61144529,55.7628134],[37.61146416,55.76282002]]]},"properties":{"type":"ventilation","area":0.6976572215528153,"subtype":"service"},"type":"Feature"},{"geometry":{"type":"Polygon","coordinates":[[[37.61147286,55.76288871],[37.61144852,55.76288016],[37.6114443,55.76288397],[37.6114443,55.76288397],[37.61146865,55.76289252],[37.61147286,55.76288871]]]},"properties":{"type":"ventilation","area":0.9000000002684521,"subtype":"service"},"type":"Feature"},{"geometry":{"type":"Polygon","coordinates":[[[37.61151428,55.76283762],[37.61153524,55.76284499],[37.61153946,55.76284118],[37.61151849,55.76283381],[37.61151849,55.76283381],[37.61151849,55.76283381],[37.61151428,55.76283762]]]},"properties":{"type":"ventilation","area":0.7748987729615299,"subtype":"service"},"type":"Feature"},{"geometry":{"type":"Polygon","coordinates":[[[37.61154576,55.7628381],[37.61154155,55.76284191],[37.61156042,55.76284854],[37.61156463,55.76284472],[37.61154576,55.7628381]]]},"properties":{"type":"ventilation","area":0.6975000000009631,"subtype":"service"},"type":"Feature"},{"geometry":{"type":"Polygon","coordinates":[[[37.61159174,55.76275051],[37.61161608,55.76275906],[37.61162029,55.76275525],[37.61159595,55.7627467],[37.61159595,55.7627467],[37.61159174,55.76275051]]]},"properties":{"type":"ventilation","area":0.8999999956101961,"subtype":"service"},"type":"Feature"},{"geometry":{"type":"Polygon","coordinates":[[[37.61143338,55.76271713],[37.61145949,55.76269349],[37.61145138,55.76269064],[37.6114261,55.76271351],[37.61142596,55.76271367],[37.61142588,55.76271384],[37.61142586,55.76271402],[37.6114259,55.76271419],[37.611426,55.76271436],[37.61142616,55.76271451],[37.61142637,55.76271464],[37.61142661,55.76271475],[37.61143338,55.76271713]]]},"properties":{"type":"ventilation","area":1.8578034866694322,"subtype":"service"},"type":"Feature"},{"geometry":{"type":"Polygon","coordinates":[[[37.61162291,55.7627223],[37.61164671,55.76273066],[37.61165008,55.7627276],[37.61162763,55.76271972],[37.61162735,55.76271964],[37.61162705,55.7627196],[37.61162674,55.76271958],[37.61162643,55.76271961],[37.61162613,55.76271966],[37.61162586,55.76271975],[37.61162562,55.76271987],[37.61162543,55.76272001],[37.61162291,55.7627223]]]},"properties":{"type":"ventilation","area":0.7018035545174013,"subtype":"service"},"type":"Feature"},{"geometry":{"type":"Polygon","coordinates":[[[37.61143156,55.76270008],[37.6114185,55.7627119],[37.61142526,55.76271428],[37.61142526,55.76271428],[37.61143832,55.76270246],[37.61143156,55.76270008]]]},"properties":{"type":"ventilation","area":0.7750000064763491,"subtype":"service"},"type":"Feature"},{"geometry":{"type":"Polygon","coordinates":[[[37.61129047,55.76271563],[37.61130412,55.76270328],[37.61129736,55.7627009],[37.61128371,55.76271326],[37.61129047,55.76271563]]]},"properties":{"type":"ventilation","area":0.8100000010151276,"subtype":"service"},"type":"Feature"},{"geometry":{"type":"Polygon","coordinates":[[[37.61140888,55.7627461],[37.61141564,55.76274848],[37.6114287,55.76273665],[37.61142194,55.76273428],[37.61140888,55.7627461]]]},"properties":{"type":"ventilation","area":0.7750000284186083,"subtype":"service"},"type":"Feature"},{"geometry":{"type":"Polygon","coordinates":[[[37.61140096,55.7629402],[37.61137253,55.76296593],[37.61139936,55.76297536],[37.61139936,55.76297536],[37.61140357,55.76297154],[37.61140359,55.76297153],[37.61140362,55.76297152],[37.61140364,55.76297151],[37.61140367,55.7629715],[37.61140371,55.7629715],[37.61140374,55.7629715],[37.61140377,55.76297151],[37.61140379,55.76297152],[37.61142586,55.76297926],[37.61142588,55.76297927],[37.6114259,55.76297929],[37.61142592,55.7629793],[37.61142593,55.76297932],[37.61142593,55.76297934],[37.61142593,55.76297935],[37.61142592,55.76297937],[37.61142591,55.76297939],[37.6114217,55.7629832],[37.61147059,55.76300037],[37.61147059,55.76300037],[37.61149903,55.76297463],[37.61152746,55.7629489],[37.6114294,55.76291446],[37.61142939,55.76291447],[37.61140096,55.7629402]]]},"properties":{"type":"apartment","rooms":1,"totalArea":48.93749999530319,"livingArea":24.46874999756364,"apartmentType":999991},"type":"Feature"},{"geometry":{"type":"Polygon","coordinates":[[[37.61145,55.76295741],[37.61142156,55.76298315],[37.61146924,55.7629999],[37.61146952,55.76299997],[37.61146982,55.76300002],[37.61147013,55.76300003],[37.61147044,55.76300001],[37.61147074,55.76299995],[37.61147101,55.76299986],[37.61147125,55.76299975],[37.61147144,55.76299961],[37.61149818,55.7629754],[37.61149832,55.76297524],[37.6114984,55.76297507],[37.61149842,55.76297489],[37.61149838,55.76297472],[37.61149828,55.76297455],[37.61149813,55.7629744],[37.61149792,55.76297427],[37.61149767,55.76297416],[37.61145,55.76295741]]]},"properties":{"type":"room","subtype":"apartment","roomType":"KITCHEN","area":12.229982227054734},"type":"Feature"},{"geometry":{"type":"Polygon","coordinates":[[[37.61143578,55.76297028],[37.61145,55.76295741],[37.61140232,55.76294067],[37.61140204,55.76294059],[37.61140173,55.76294055],[37.61140142,55.76294054],[37.61140111,55.76294056],[37.61140082,55.76294062],[37.61140055,55.7629407],[37.61140031,55.76294082],[37.61140012,55.76294096],[37.61138675,55.76295307],[37.61143578,55.76297028]]]},"properties":{"type":"room","subtype":"apartment","roomType":"HALL","area":6.114991106086671},"type":"Feature"},{"geometry":{"type":"Polygon","coordinates":[[[37.61138675,55.76295307],[37.61137337,55.76296517],[37.61137323,55.76296533],[37.61137315,55.7629655],[37.61137313,55.76296568],[37.61137317,55.76296585],[37.61137327,55.76296602],[37.61137343,55.76296617],[37.61137364,55.7629663],[37.61137388,55.76296641],[37.6113995,55.7629754],[37.61141371,55.76296254],[37.61138675,55.76295307]]]},"properties":{"type":"room","subtype":"apartment","roomType":"BATHROOM","area":3.362256743076763},"type":"Feature"},{"geometry":{"type":"Polygon","coordinates":[[[37.61140371,55.76297159],[37.61142577,55.76297934],[37.61143578,55.76297028],[37.61141371,55.76296254],[37.61140371,55.76297159]]]},"properties":{"type":"room","subtype":"apartment","roomType":"TOILET","area":1.9371093745205954},"type":"Feature"},{"geometry":{"type":"Polygon","coordinates":[[[37.61140096,55.7629402],[37.61142939,55.76291447],[37.61142939,55.76291447],[37.6114294,55.76291446],[37.61152746,55.7629489],[37.61149903,55.76297463],[37.61149903,55.76297463],[37.61149903,55.76297463],[37.61140096,55.7629402]]]},"properties":{"type":"room","subtype":"apartment","roomType":"BEDROOM","area":24.46874999756364},"type":"Feature"},{"geometry":{"type":"Polygon","coordinates":[[[37.61154532,55.76295652],[37.61152638,55.76294987],[37.6115001,55.76297366],[37.61151904,55.76298031],[37.61154532,55.76295652]]]},"properties":{"type":"room","subtype":"apartment","roomType":"BALCONY","area":4.367238139579527},"type":"Feature"},{"geometry":{"type":"Polygon","coordinates":[[[37.61151689,55.76298226],[37.61149795,55.76297561],[37.61147167,55.7629994],[37.61149061,55.76300605],[37.61151689,55.76298226]]]},"properties":{"type":"room","subtype":"apartment","roomType":"BALCONY","area":4.367256611666832},"type":"Feature"},{"geometry":{"type":"Polygon","coordinates":[[[37.61140393,55.76294261],[37.61139987,55.76294119],[37.61139759,55.76294325],[37.61140165,55.76294467],[37.61140393,55.76294261]]]},"properties":{"type":"room_object","subtype":"room","roomObjectType":"ELECTRICAL_BOX"},"type":"Feature"},{"geometry":{"type":"Polygon","coordinates":[[[37.61127585,55.76289626],[37.61124742,55.762922],[37.61129631,55.76293917],[37.61129631,55.76293917],[37.61130137,55.76293459],[37.61130139,55.76293458],[37.61130141,55.76293457],[37.61130144,55.76293456],[37.61130147,55.76293455],[37.6113015,55.76293455],[37.61130153,55.76293455],[37.61130156,55.76293456],[37.61130159,55.76293456],[37.61135062,55.76295178],[37.61135062,55.76295178],[37.61140234,55.76290497],[37.61141587,55.76290971],[37.61152746,55.7629489],[37.61152746,55.7629489],[37.61155589,55.76292316],[37.61146896,55.76289263],[37.61146896,55.76289263],[37.61146559,55.76289568],[37.61146557,55.76289569],[37.61146554,55.7628957],[37.61146552,55.76289571],[37.61146549,55.76289572],[37.61146546,55.76289572],[37.61146542,55.76289572],[37.61146539,55.76289571],[37.61146537,55.76289571],[37.61144085,55.7628871],[37.61144083,55.76288709],[37.61144081,55.76288707],[37.61144079,55.76288706],[37.61144078,55.76288704],[37.61144078,55.76288702],[37.61144078,55.76288701],[37.61144079,55.76288699],[37.6114408,55.76288697],[37.61144333,55.76288468],[37.61144334,55.76288468],[37.61144353,55.76288454],[37.61144355,55.76288453],[37.61144378,55.76288441],[37.61144381,55.7628844],[37.61144408,55.76288431],[37.61144411,55.7628843],[37.6114444,55.76288425],[37.61144443,55.76288424],[37.61144474,55.76288422],[37.61144477,55.76288422],[37.61144505,55.76288423],[37.6114443,55.76288397],[37.61133272,55.76284478],[37.61133272,55.76284478],[37.61130428,55.76287052],[37.61127585,55.76289626]]]},"properties":{"type":"apartment","rooms":3,"totalArea":104.62549860146152,"livingArea":59.175884188411864,"apartmentType":999993},"type":"Feature"},{"geometry":{"type":"Polygon","coordinates":[[[37.61129645,55.76293922],[37.61132488,55.76291348],[37.6112772,55.76289673],[37.61127692,55.76289666],[37.61127662,55.76289661],[37.61127631,55.7628966],[37.611276,55.76289662],[37.6112757,55.76289668],[37.61127543,55.76289677],[37.6112752,55.76289688],[37.61127501,55.76289702],[37.61124826,55.76292123],[37.61124812,55.76292139],[37.61124804,55.76292156],[37.61124802,55.76292174],[37.61124806,55.76292191],[37.61124816,55.76292208],[37.61124832,55.76292223],[37.61124852,55.76292236],[37.61124877,55.76292247],[37.61129645,55.76293922]]]},"properties":{"type":"room","subtype":"apartment","roomType":"KITCHEN","area":12.229982224808415},"type":"Feature"},{"geometry":{"type":"Polygon","coordinates":[[[37.61131066,55.76292635],[37.6113597,55.76294357],[37.61137307,55.76293146],[37.61137321,55.7629313],[37.61137329,55.76293113],[37.61137331,55.76293096],[37.61137327,55.76293078],[37.61137317,55.76293061],[37.61137301,55.76293046],[37.61137281,55.76293033],[37.61137256,55.76293022],[37.61132488,55.76291348],[37.61131066,55.76292635]]]},"properties":{"type":"room","subtype":"apartment","roomType":"HALL","area":6.114991116818531},"type":"Feature"},{"geometry":{"type":"Polygon","coordinates":[[[37.61131066,55.76292635],[37.6113015,55.76293464],[37.61135053,55.76295186],[37.6113597,55.76294357],[37.61131066,55.76292635]]]},"properties":{"type":"room","subtype":"apartment","roomType":"JOINT_BATHROOM","area":3.9421874787483593},"type":"Feature"},{"geometry":{"type":"Polygon","coordinates":[[[37.61137851,55.76289659],[37.61130564,55.762871],[37.61130536,55.76287092],[37.61130505,55.76287087],[37.61130474,55.76287086],[37.61130443,55.76287088],[37.61130414,55.76287094],[37.61130387,55.76287103],[37.61130363,55.76287114],[37.61130344,55.76287128],[37.61127669,55.7628955],[37.61127655,55.76289565],[37.61127647,55.76289582],[37.61127645,55.762896],[37.61127649,55.76289617],[37.61127659,55.76289634],[37.61127675,55.76289649],[37.61127695,55.76289663],[37.6112772,55.76289673],[37.61135007,55.76292232],[37.61137851,55.76289659]]]},"properties":{"type":"room","subtype":"apartment","roomType":"LIVING_ROOM","area":18.51591973249272},"type":"Feature"},{"geometry":{"type":"Polygon","coordinates":[[[37.6113802,55.76289718],[37.61140863,55.76287144],[37.61133407,55.76284526],[37.61133379,55.76284518],[37.61133349,55.76284513],[37.61133318,55.76284512],[37.61133287,55.76284514],[37.61133257,55.7628452],[37.6113323,55.76284529],[37.61133206,55.76284541],[37.61133187,55.76284554],[37.61130513,55.76286976],[37.61130499,55.76286992],[37.61130491,55.76287009],[37.61130489,55.76287026],[37.61130493,55.76287044],[37.61130503,55.7628706],[37.61130518,55.76287076],[37.61130539,55.76287089],[37.61130564,55.762871],[37.6113802,55.76289718]]]},"properties":{"type":"room","subtype":"apartment","roomType":"BEDROOM","area":18.937794822979505},"type":"Feature"},{"geometry":{"type":"Polygon","coordinates":[[[37.61152611,55.76294842],[37.61152639,55.7629485],[37.61152669,55.76294854],[37.611527,55.76294856],[37.61152731,55.76294853],[37.61152761,55.76294848],[37.61152788,55.76294839],[37.61152811,55.76294827],[37.6115283,55.76294813],[37.61155505,55.76292392],[37.61155519,55.76292376],[37.61155527,55.76292359],[37.61155529,55.76292342],[37.61155525,55.76292324],[37.61155515,55.76292307],[37.61155499,55.76292292],[37.61155479,55.76292279],[37.61155454,55.76292268],[37.61146882,55.76289258],[37.61144039,55.76291832],[37.61152611,55.76294842]]]},"properties":{"type":"room","subtype":"apartment","roomType":"BEDROOM","area":21.72216963293964},"type":"Feature"},{"geometry":{"type":"Polygon","coordinates":[[[37.61146545,55.76289563],[37.61144093,55.76288702],[37.61143009,55.76289684],[37.6114546,55.76290545],[37.61146545,55.76289563]]]},"properties":{"type":"room","subtype":"apartment","roomType":"JOINT_BATHROOM","area":2.333593742960718},"type":"Feature"},{"geometry":{"type":"Polygon","coordinates":[[[37.61134994,55.76292228],[37.61134992,55.76292229],[37.61134992,55.76292231],[37.61134991,55.76292233],[37.61134992,55.76292234],[37.61134993,55.76292236],[37.61134994,55.76292238],[37.61134996,55.76292239],[37.61134999,55.7629224],[37.61137248,55.7629303],[37.61137249,55.7629303],[37.61137277,55.76293038],[37.6113728,55.76293039],[37.6113731,55.76293043],[37.61137313,55.76293043],[37.61137344,55.76293045],[37.61137347,55.76293045],[37.61137378,55.76293042],[37.61137381,55.76293042],[37.61137411,55.76293036],[37.61137414,55.76293036],[37.61137441,55.76293027],[37.61137443,55.76293026],[37.61137467,55.76293014],[37.61137469,55.76293013],[37.61137488,55.76292999],[37.61137489,55.76292998],[37.61140164,55.76290577],[37.61140165,55.76290576],[37.61140178,55.7629056],[37.6114018,55.76290559],[37.61140188,55.76290542],[37.61140188,55.7629054],[37.6114019,55.76290522],[37.6114019,55.76290521],[37.61140186,55.76290503],[37.61140185,55.76290501],[37.61140176,55.76290486],[37.61141443,55.76290931],[37.61141445,55.76290931],[37.61141473,55.76290939],[37.61141476,55.7629094],[37.61141506,55.76290944],[37.61141509,55.76290945],[37.6114154,55.76290946],[37.61141543,55.76290946],[37.61141574,55.76290943],[37.61141577,55.76290943],[37.61141607,55.76290937],[37.6114161,55.76290937],[37.61141633,55.76290929],[37.61141631,55.76290944],[37.61141632,55.76290946],[37.61141636,55.76290964],[37.61141636,55.76290965],[37.61141646,55.76290982],[37.61141648,55.76290984],[37.61141663,55.76290999],[37.61141665,55.76291],[37.61141686,55.76291013],[37.61141688,55.76291015],[37.61141713,55.76291025],[37.61141714,55.76291026],[37.6114403,55.76291839],[37.61144033,55.7629184],[37.61144036,55.76291841],[37.61144039,55.76291841],[37.61144042,55.7629184],[37.61144045,55.7629184],[37.61144048,55.76291839],[37.6114405,55.76291838],[37.61144052,55.76291836],[37.61145474,55.7629055],[37.61145475,55.76290548],[37.61145476,55.76290546],[37.61145476,55.76290545],[37.61145476,55.76290543],[37.61145475,55.76290541],[37.61145473,55.7629054],[37.61145471,55.76290538],[37.61145469,55.76290537],[37.61143031,55.76289681],[37.6114436,55.76288478],[37.6114436,55.76288477],[37.61144374,55.76288461],[37.61144375,55.7628846],[37.61144384,55.76288443],[37.61144384,55.76288441],[37.61144386,55.76288423],[37.61144386,55.76288422],[37.61144382,55.76288404],[37.61144381,55.76288403],[37.61144371,55.76288386],[37.6114437,55.76288384],[37.61144354,55.76288369],[37.61144353,55.76288368],[37.61144332,55.76288354],[37.6114433,55.76288353],[37.61144305,55.76288342],[37.61144304,55.76288342],[37.61140871,55.76287137],[37.61140869,55.76287136],[37.61140866,55.76287135],[37.61140863,55.76287135],[37.61140859,55.76287135],[37.61140856,55.76287136],[37.61140854,55.76287137],[37.61140851,55.76287138],[37.61140849,55.76287139],[37.61138015,55.76289706],[37.61137859,55.76289651],[37.61137856,55.7628965],[37.61137853,55.7628965],[37.6113785,55.7628965],[37.61137847,55.7628965],[37.61137844,55.7628965],[37.61137841,55.76289651],[37.61137839,55.76289652],[37.61137837,55.76289654],[37.61134994,55.76292228]]]},"properties":{"type":"room","subtype":"apartment","roomType":"CORRIDOR","area":18.12510492974421},"type":"Feature"},{"geometry":{"type":"Polygon","coordinates":[[[37.61122956,55.76291437],[37.61124849,55.76292102],[37.61127477,55.76289723],[37.61125584,55.76289058],[37.61122956,55.76291437]]]},"properties":{"type":"room","subtype":"apartment","roomType":"BALCONY","area":4.367256611708521},"type":"Feature"},{"geometry":{"type":"Polygon","coordinates":[[[37.61125799,55.76288863],[37.61127693,55.76289528],[37.61130321,55.76287149],[37.61128427,55.76286484],[37.61125799,55.76288863]]]},"properties":{"type":"room","subtype":"apartment","roomType":"BALCONY","area":4.367256611666832},"type":"Feature"},{"geometry":{"type":"Polygon","coordinates":[[[37.61157314,55.76293133],[37.61155421,55.76292468],[37.61152854,55.76294792],[37.61154747,55.76295457],[37.61157314,55.76293133]]]},"properties":{"type":"room","subtype":"apartment","roomType":"BALCONY","area":4.266128273197959},"type":"Feature"},{"geometry":{"type":"Polygon","coordinates":[[[37.61137282,55.76293169],[37.61136876,55.76293026],[37.61136648,55.76293232],[37.61137054,55.76293375],[37.61137282,55.76293169]]]},"properties":{"type":"room_object","subtype":"room","roomObjectType":"ELECTRICAL_BOX"},"type":"Feature"},{"geometry":{"type":"Polygon","coordinates":[[[37.61132083,55.76294778],[37.61124742,55.762922],[37.61124742,55.762922],[37.61124742,55.762922],[37.61121898,55.76294774],[37.61131705,55.76298217],[37.61131705,55.76298217],[37.61131705,55.76298217],[37.61134118,55.76296032],[37.61131667,55.76295171],[37.61131664,55.7629517],[37.61131662,55.76295169],[37.61131661,55.76295168],[37.6113166,55.76295166],[37.61131659,55.76295164],[37.61131659,55.76295162],[37.6113166,55.76295161],[37.61131662,55.76295159],[37.61132083,55.76294778]]]},"properties":{"type":"apartment","rooms":0,"totalArea":24.468750006108337,"livingArea":18.35156250891957,"apartmentType":999990},"type":"Feature"},{"geometry":{"type":"Polygon","coordinates":[[[37.61132096,55.76294783],[37.61124742,55.762922],[37.61124742,55.762922],[37.61124742,55.762922],[37.61121898,55.76294774],[37.61129253,55.76297356],[37.61132096,55.76294783]]]},"properties":{"type":"room","subtype":"apartment","roomType":"STUDIO","area":18.35156250891957},"type":"Feature"},{"geometry":{"type":"Polygon","coordinates":[[[37.61133126,55.7629693],[37.61134127,55.76296025],[37.61131675,55.76295164],[37.61130675,55.76296069],[37.61133126,55.7629693]]]},"properties":{"type":"room","subtype":"apartment","roomType":"JOINT_BATHROOM","area":2.152343758808295},"type":"Feature"},{"geometry":{"type":"Polygon","coordinates":[[[37.61129253,55.76297356],[37.61131705,55.76298217],[37.61131705,55.76298217],[37.61131705,55.76298217],[37.61133126,55.7629693],[37.61130675,55.76296069],[37.61129253,55.76297356]]]},"properties":{"type":"room","subtype":"apartment","roomType":"HALL","area":3.0585937431170587},"type":"Feature"},{"geometry":{"type":"Polygon","coordinates":[[[37.61120112,55.76294011],[37.61122006,55.76294676],[37.61124634,55.76292297],[37.6112274,55.76291632],[37.61120112,55.76294011]]]},"properties":{"type":"room","subtype":"apartment","roomType":"BALCONY","area":4.367256613105185},"type":"Feature"},{"geometry":{"type":"Polygon","coordinates":[[[37.61131383,55.76297998],[37.61131789,55.76298141],[37.61132042,55.76297912],[37.61131636,55.7629777],[37.61131383,55.76297998]]]},"properties":{"type":"room_object","subtype":"room","roomObjectType":"ELECTRICAL_BOX"},"type":"Feature"},{"geometry":{"type":"Polygon","coordinates":[[[37.61121898,55.76294774],[37.61121898,55.76294774],[37.61119055,55.76297347],[37.61128861,55.76300791],[37.61128861,55.76300791],[37.61128861,55.76300791],[37.61131275,55.76298606],[37.61128823,55.76297745],[37.61128821,55.76297744],[37.61128819,55.76297743],[37.61128817,55.76297741],[37.61128816,55.7629774],[37.61128816,55.76297738],[37.61128816,55.76297736],[37.61128817,55.76297734],[37.61128818,55.76297733],[37.61129239,55.76297352],[37.61121898,55.76294774],[37.61121898,55.76294774]]]},"properties":{"type":"apartment","rooms":0,"totalArea":24.46875000613188,"livingArea":18.35156250373182,"apartmentType":999990},"type":"Feature"},{"geometry":{"type":"Polygon","coordinates":[[[37.61121898,55.76294774],[37.61121898,55.76294774],[37.61119055,55.76297347],[37.6112641,55.7629993],[37.61129253,55.76297356],[37.61121898,55.76294774],[37.61121898,55.76294774]]]},"properties":{"type":"room","subtype":"apartment","roomType":"STUDIO","area":18.35156250373182},"type":"Feature"},{"geometry":{"type":"Polygon","coordinates":[[[37.61131283,55.76298599],[37.61128832,55.76297738],[37.61127831,55.76298643],[37.61130283,55.76299504],[37.61131283,55.76298599]]]},"properties":{"type":"room","subtype":"apartment","roomType":"JOINT_BATHROOM","area":2.15234375770362},"type":"Feature"},{"geometry":{"type":"Polygon","coordinates":[[[37.61127831,55.76298643],[37.6112641,55.7629993],[37.61128861,55.76300791],[37.61128861,55.76300791],[37.61128861,55.76300791],[37.61130283,55.76299504],[37.61127831,55.76298643]]]},"properties":{"type":"room","subtype":"apartment","roomType":"HALL","area":3.0585937462575252},"type":"Feature"},{"geometry":{"type":"Polygon","coordinates":[[[37.61117269,55.76296585],[37.61119163,55.7629725],[37.61121791,55.76294871],[37.61119897,55.76294206],[37.61117269,55.76296585]]]},"properties":{"type":"room","subtype":"apartment","roomType":"BALCONY","area":4.367256613105185},"type":"Feature"},{"geometry":{"type":"Polygon","coordinates":[[[37.6112854,55.76300572],[37.61128945,55.76300715],[37.61129198,55.76300486],[37.61128792,55.76300344],[37.6112854,55.76300572]]]},"properties":{"type":"room_object","subtype":"room","roomObjectType":"ELECTRICAL_BOX"},"type":"Feature"},{"geometry":{"type":"Polygon","coordinates":[[[37.61126396,55.76299925],[37.61119055,55.76297347],[37.61119055,55.76297347],[37.61119055,55.76297347],[37.61116212,55.76299921],[37.61126018,55.76303365],[37.61126018,55.76303365],[37.61126018,55.76303365],[37.61128432,55.7630118],[37.61128432,55.7630118],[37.6112598,55.76300319],[37.61125977,55.76300318],[37.61125975,55.76300317],[37.61125974,55.76300315],[37.61125973,55.76300313],[37.61125972,55.76300312],[37.61125973,55.7630031],[37.61125973,55.76300308],[37.61125975,55.76300307],[37.61126396,55.76299925]]]},"properties":{"type":"apartment","rooms":0,"totalArea":24.46874999841079,"livingArea":18.35156250427891,"apartmentType":999990},"type":"Feature"},{"geometry":{"type":"Polygon","coordinates":[[[37.6112641,55.7629993],[37.61119055,55.76297347],[37.61119055,55.76297347],[37.61119055,55.76297347],[37.61116212,55.76299921],[37.61123566,55.76302504],[37.6112641,55.7629993]]]},"properties":{"type":"room","subtype":"apartment","roomType":"STUDIO","area":18.35156250427891},"type":"Feature"},{"geometry":{"type":"Polygon","coordinates":[[[37.61125988,55.76300311],[37.61124988,55.76301217],[37.6112744,55.76302078],[37.6112844,55.76301172],[37.61125988,55.76300311]]]},"properties":{"type":"room","subtype":"apartment","roomType":"JOINT_BATHROOM","area":2.1523437534069023},"type":"Feature"},{"geometry":{"type":"Polygon","coordinates":[[[37.61124988,55.76301217],[37.61123566,55.76302504],[37.61126018,55.76303365],[37.61126018,55.76303365],[37.61126018,55.76303365],[37.6112744,55.76302078],[37.61124988,55.76301217]]]},"properties":{"type":"room","subtype":"apartment","roomType":"HALL","area":3.0585937452547176},"type":"Feature"},{"geometry":{"type":"Polygon","coordinates":[[[37.61114426,55.76299159],[37.61116319,55.76299824],[37.61118947,55.76297445],[37.61117054,55.7629678],[37.61114426,55.76299159]]]},"properties":{"type":"room","subtype":"apartment","roomType":"BALCONY","area":4.367256611666832},"type":"Feature"},{"geometry":{"type":"Polygon","coordinates":[[[37.61125696,55.76303146],[37.61126102,55.76303289],[37.61126355,55.7630306],[37.61125949,55.76302917],[37.61125696,55.76303146]]]},"properties":{"type":"room_object","subtype":"room","roomObjectType":"ELECTRICAL_BOX"},"type":"Feature"},{"geometry":{"type":"Polygon","coordinates":[[[37.61113368,55.76302495],[37.61110525,55.76305069],[37.61121684,55.76308988],[37.61121684,55.76308988],[37.61124527,55.76306414],[37.61123175,55.76305938],[37.61126018,55.76303365],[37.61123334,55.76302423],[37.61122913,55.76302804],[37.61122911,55.76302805],[37.61122909,55.76302806],[37.61122906,55.76302807],[37.61122903,55.76302808],[37.611229,55.76302808],[37.61122897,55.76302808],[37.61122894,55.76302807],[37.61122891,55.76302807],[37.61120685,55.76302032],[37.61120682,55.76302031],[37.6112068,55.7630203],[37.61120679,55.76302028],[37.61120678,55.76302026],[37.61120677,55.76302025],[37.61120677,55.76302023],[37.61120678,55.76302021],[37.6112068,55.7630202],[37.61121101,55.76301638],[37.61121101,55.76301638],[37.61116212,55.76299921],[37.61116212,55.76299921],[37.61113368,55.76302495]]]},"properties":{"type":"apartment","rooms":1,"totalArea":52.313000560205666,"livingArea":27.8437499021686,"apartmentType":999991},"type":"Feature"},{"geometry":{"type":"Polygon","coordinates":[[[37.61121114,55.76301643],[37.61116347,55.76299969],[37.61116319,55.76299961],[37.61116289,55.76299956],[37.61116257,55.76299955],[37.61116227,55.76299957],[37.61116197,55.76299963],[37.6111617,55.76299972],[37.61116146,55.76299983],[37.61116127,55.76299997],[37.61113452,55.76302419],[37.61113439,55.76302434],[37.61113431,55.76302451],[37.61113428,55.76302469],[37.61113433,55.76302487],[37.61113443,55.76302503],[37.61113458,55.76302518],[37.61113479,55.76302532],[37.61113503,55.76302542],[37.61118272,55.76304217],[37.61121114,55.76301643]]]},"properties":{"type":"room","subtype":"apartment","roomType":"KITCHEN","area":12.229982255768004},"type":"Feature"},{"geometry":{"type":"Polygon","coordinates":[[[37.61124597,55.76304651],[37.61119693,55.7630293],[37.61118272,55.76304217],[37.61123039,55.76305891],[37.61123067,55.76305899],[37.61123097,55.76305904],[37.61123129,55.76305905],[37.6112316,55.76305902],[37.61123189,55.76305897],[37.61123216,55.76305888],[37.6112324,55.76305876],[37.61123259,55.76305862],[37.61124597,55.76304651]]]},"properties":{"type":"room","subtype":"apartment","roomType":"HALL","area":6.117266455880757},"type":"Feature"},{"geometry":{"type":"Polygon","coordinates":[[[37.611219,55.76303704],[37.61124597,55.76304651],[37.61125934,55.76303441],[37.61125947,55.76303425],[37.61125956,55.76303408],[37.61125958,55.76303391],[37.61125954,55.76303373],[37.61125944,55.76303357],[37.61125928,55.76303341],[37.61125907,55.76303328],[37.61125883,55.76303317],[37.61123321,55.76302418],[37.611219,55.76303704]]]},"properties":{"type":"room","subtype":"apartment","roomType":"BATHROOM","area":3.360869085027933},"type":"Feature"},{"geometry":{"type":"Polygon","coordinates":[[[37.611229,55.76302799],[37.61120693,55.76302024],[37.61119693,55.7630293],[37.611219,55.76303704],[37.611229,55.76302799]]]},"properties":{"type":"room","subtype":"apartment","roomType":"TOILET","area":1.9360378766468802},"type":"Feature"},{"geometry":{"type":"Polygon","coordinates":[[[37.61113368,55.76302495],[37.61113368,55.76302495],[37.61110525,55.76305069],[37.61110525,55.76305069],[37.61121684,55.76308988],[37.61121684,55.76308988],[37.61124527,55.76306414],[37.61113368,55.76302495],[37.61113368,55.76302495]]]},"properties":{"type":"room","subtype":"apartment","roomType":"BEDROOM","area":27.8437499021686},"type":"Feature"},{"geometry":{"type":"Polygon","coordinates":[[[37.61111582,55.76301733],[37.61113476,55.76302398],[37.61116104,55.76300019],[37.6111421,55.76299354],[37.61111582,55.76301733]]]},"properties":{"type":"room","subtype":"apartment","roomType":"BALCONY","area":4.367256611609669},"type":"Feature"},{"geometry":{"type":"Polygon","coordinates":[[[37.61122878,55.76305697],[37.61123284,55.7630584],[37.61123512,55.76305633],[37.61123107,55.7630549],[37.61122878,55.76305697]]]},"properties":{"type":"room_object","subtype":"room","roomObjectType":"ELECTRICAL_BOX"},"type":"Feature"},{"geometry":{"type":"Polygon","coordinates":[[[37.61124527,55.76306414],[37.61124527,55.76306414],[37.61122113,55.76308599],[37.61124903,55.76309578],[37.61124906,55.76309579],[37.61124908,55.76309581],[37.61124909,55.76309582],[37.6112491,55.76309584],[37.61124911,55.76309586],[37.6112491,55.76309587],[37.6112491,55.76309589],[37.61124908,55.76309591],[37.61124487,55.76309972],[37.61132843,55.76312906],[37.61132843,55.76312906],[37.61135686,55.76310332],[37.61124527,55.76306414],[37.61124527,55.76306414]]]},"properties":{"type":"apartment","rooms":0,"totalArea":27.84375010873343,"livingArea":20.88281259630923,"apartmentType":999990},"type":"Feature"},{"geometry":{"type":"Polygon","coordinates":[[[37.61124473,55.76309967],[37.61132843,55.76312906],[37.61132843,55.76312906],[37.61135686,55.76310332],[37.61127317,55.76307393],[37.61124473,55.76309967]]]},"properties":{"type":"room","subtype":"apartment","roomType":"STUDIO","area":20.88281259630923},"type":"Feature"},{"geometry":{"type":"Polygon","coordinates":[[[37.61125895,55.7630868],[37.61123105,55.76307701],[37.61122105,55.76308606],[37.61124895,55.76309586],[37.61125895,55.7630868]]]},"properties":{"type":"room","subtype":"apartment","roomType":"JOINT_BATHROOM","area":2.44921877194713},"type":"Feature"},{"geometry":{"type":"Polygon","coordinates":[[[37.61124527,55.76306414],[37.61124527,55.76306414],[37.61123105,55.76307701],[37.61125895,55.7630868],[37.61127317,55.76307393],[37.61124527,55.76306414],[37.61124527,55.76306414]]]},"properties":{"type":"room","subtype":"apartment","roomType":"HALL","area":3.4804687364176217},"type":"Feature"},{"geometry":{"type":"Polygon","coordinates":[[[37.61137472,55.76311095],[37.61135578,55.7631043],[37.61133011,55.76312754],[37.61134905,55.76313419],[37.61137472,55.76311095]]]},"properties":{"type":"room","subtype":"apartment","roomType":"BALCONY","area":4.266128340928829},"type":"Feature"},{"geometry":{"type":"Polygon","coordinates":[[[37.61126929,55.76307575],[37.61127182,55.76307346],[37.61126691,55.76307174],[37.61126438,55.76307403],[37.61126929,55.76307575]]]},"properties":{"type":"room_object","subtype":"room","roomObjectType":"ELECTRICAL_BOX"},"type":"Feature"},{"geometry":{"type":"Polygon","coordinates":[[[37.6112588,55.76306889],[37.61135686,55.76310332],[37.61135686,55.76310332],[37.61135686,55.76310332],[37.61138529,55.76307759],[37.61131188,55.76305181],[37.61131188,55.76305181],[37.61130767,55.76305562],[37.61130765,55.76305563],[37.61130763,55.76305564],[37.6113076,55.76305565],[37.61130757,55.76305566],[37.61130754,55.76305566],[37.61130751,55.76305566],[37.61130748,55.76305566],[37.61130745,55.76305565],[37.61128293,55.76304704],[37.61128293,55.76304704],[37.61125881,55.76306888],[37.61125881,55.76306888],[37.6112588,55.76306889]]]},"properties":{"type":"apartment","rooms":0,"totalArea":24.468749997978612,"livingArea":18.35156249909804,"apartmentType":999990},"type":"Feature"},{"geometry":{"type":"Polygon","coordinates":[[[37.61128331,55.7630775],[37.61135686,55.76310332],[37.61135686,55.76310332],[37.61135686,55.76310332],[37.61138529,55.76307759],[37.61131175,55.76305176],[37.61128331,55.7630775]]]},"properties":{"type":"room","subtype":"apartment","roomType":"STUDIO","area":18.35156249909804},"type":"Feature"},{"geometry":{"type":"Polygon","coordinates":[[[37.61128302,55.76304696],[37.61127301,55.76305602],[37.61129753,55.76306463],[37.61130753,55.76305557],[37.61128302,55.76304696]]]},"properties":{"type":"room","subtype":"apartment","roomType":"JOINT_BATHROOM","area":2.1523437461026056},"type":"Feature"},{"geometry":{"type":"Polygon","coordinates":[[[37.61127301,55.76305602],[37.61125881,55.76306888],[37.61125881,55.76306888],[37.6112588,55.76306889],[37.61128331,55.7630775],[37.61129753,55.76306463],[37.61127301,55.76305602]]]},"properties":{"type":"room","subtype":"apartment","roomType":"HALL","area":3.058593752904465},"type":"Feature"},{"geometry":{"type":"Polygon","coordinates":[[[37.61140315,55.76308521],[37.61138422,55.76307856],[37.61135794,55.76310235],[37.61137687,55.763109],[37.61140315,55.76308521]]]},"properties":{"type":"room","subtype":"apartment","roomType":"BALCONY","area":4.367256611567979},"type":"Feature"},{"geometry":{"type":"Polygon","coordinates":[[[37.61125965,55.76306812],[37.61126371,55.76306954],[37.61126623,55.76306725],[37.61126218,55.76306583],[37.61125965,55.76306812]]]},"properties":{"type":"room_object","subtype":"room","roomObjectType":"ELECTRICAL_BOX"},"type":"Feature"},{"geometry":{"type":"Polygon","coordinates":[[[37.61141373,55.76305185],[37.61134031,55.76302607],[37.6113361,55.76302988],[37.61133608,55.76302989],[37.61133606,55.76302991],[37.61133603,55.76302992],[37.611336,55.76302992],[37.61133597,55.76302992],[37.61133594,55.76302992],[37.61133591,55.76302992],[37.61133588,55.76302991],[37.61131137,55.7630213],[37.61131137,55.7630213],[37.61128723,55.76304315],[37.61138529,55.76307759],[37.61138529,55.76307759],[37.61138529,55.76307759],[37.61141373,55.76305185]]]},"properties":{"type":"apartment","rooms":0,"totalArea":24.46874999807319,"livingArea":18.351562503093888,"apartmentType":999990},"type":"Feature"},{"geometry":{"type":"Polygon","coordinates":[[[37.61134018,55.76302602],[37.61131175,55.76305176],[37.61138529,55.76307759],[37.61138529,55.76307759],[37.61138529,55.76307759],[37.61141373,55.76305185],[37.61134018,55.76302602]]]},"properties":{"type":"room","subtype":"apartment","roomType":"STUDIO","area":18.351562503093888},"type":"Feature"},{"geometry":{"type":"Polygon","coordinates":[[[37.61130145,55.76303028],[37.61132596,55.76303889],[37.61133597,55.76302983],[37.61131145,55.76302122],[37.61130145,55.76303028]]]},"properties":{"type":"room","subtype":"apartment","roomType":"JOINT_BATHROOM","area":2.152343746347778},"type":"Feature"},{"geometry":{"type":"Polygon","coordinates":[[[37.61130145,55.76303028],[37.61128723,55.76304315],[37.61131175,55.76305176],[37.61132596,55.76303889],[37.61130145,55.76303028]]]},"properties":{"type":"room","subtype":"apartment","roomType":"HALL","area":3.0585937523372158},"type":"Feature"},{"geometry":{"type":"Polygon","coordinates":[[[37.61143159,55.76305947],[37.61141265,55.76305282],[37.61138637,55.76307661],[37.61140531,55.76308326],[37.61143159,55.76305947]]]},"properties":{"type":"room","subtype":"apartment","roomType":"BALCONY","area":4.367256611708521},"type":"Feature"},{"geometry":{"type":"Polygon","coordinates":[[[37.61128807,55.76304239],[37.61129213,55.76304381],[37.61129466,55.76304152],[37.6112906,55.7630401],[37.61128807,55.76304239]]]},"properties":{"type":"room_object","subtype":"room","roomObjectType":"ELECTRICAL_BOX"},"type":"Feature"},{"geometry":{"type":"Polygon","coordinates":[[[37.61148616,55.76301007],[37.61146722,55.76300342],[37.6114171,55.7630488],[37.61143603,55.76305545],[37.61148616,55.76301007]]]},"properties":{"type":"balcony","area":8.330000004328456,"subtype":"service"},"type":"Feature"},{"geometry":{"type":"Polygon","coordinates":[[[37.61141373,55.76305185],[37.61141373,55.76305185],[37.61131566,55.76301741],[37.6113441,55.76299167],[37.6113441,55.76299167],[37.6113441,55.76299167],[37.61144216,55.76302611],[37.61141373,55.76305185],[37.61141373,55.76305185]]]},"properties":{"type":"ladder","area":24.468750005794284,"subtype":"service"},"type":"Feature"},{"geometry":{"type":"Polygon","coordinates":[[[37.61147059,55.76300037],[37.61137253,55.76296593],[37.61137253,55.76296593],[37.61137253,55.76296593],[37.61136179,55.76297566],[37.61136855,55.76297803],[37.61138343,55.76298326],[37.61140507,55.76299086],[37.61142671,55.76299846],[37.61140902,55.76301447],[37.61144216,55.76302611],[37.61144216,55.76302611],[37.61144216,55.76302611],[37.61147059,55.76300037]]]},"properties":{"type":"corridor","area":14.388750010409979,"subtype":"service"},"type":"Feature"},{"geometry":{"type":"Polygon","coordinates":[[[37.61135086,55.76299405],[37.61136855,55.76297803],[37.61136179,55.76297566],[37.6113441,55.76299167],[37.61135086,55.76299405]]]},"properties":{"type":"heating_meter","area":1.049999992701565,"subtype":"service"},"type":"Feature"},{"geometry":{"type":"Polygon","coordinates":[[[37.61136574,55.76299927],[37.61138343,55.76298326],[37.61136855,55.76297803],[37.61135086,55.76299405],[37.61136574,55.76299927]]]},"properties":{"type":"elevator","area":2.3100000004978956,"subtype":"service"},"type":"Feature"},{"geometry":{"type":"Polygon","coordinates":[[[37.61138738,55.76300687],[37.61140507,55.76299086],[37.61138343,55.76298326],[37.61136574,55.76299927],[37.61138738,55.76300687]]]},"properties":{"type":"elevator","area":3.3599999993532927,"subtype":"service"},"type":"Feature"},{"geometry":{"type":"Polygon","coordinates":[[[37.61140902,55.76301447],[37.61142671,55.76299846],[37.61140507,55.76299086],[37.61138738,55.76300687],[37.61140902,55.76301447]]]},"properties":{"type":"elevator","area":3.3600000002748422,"subtype":"service"},"type":"Feature"},{"geometry":{"type":"Polygon","coordinates":[[[37.61123175,55.76305938],[37.61125881,55.76306888],[37.61142939,55.76291447],[37.61140234,55.76290497],[37.61123175,55.76305938]]]},"properties":{"type":"corridor","area":40.49600298424701,"subtype":"service"},"type":"Feature"},{"geometry":{"type":"Polygon","coordinates":[[[37.61140371,55.76297159],[37.6113995,55.7629754],[37.61142156,55.76298315],[37.61142577,55.76297934],[37.61140371,55.76297159]]]},"properties":{"type":"ventilation","area":0.8156250001094425,"subtype":"service"},"type":"Feature"},{"geometry":{"type":"Polygon","coordinates":[[[37.6113015,55.76293464],[37.61129645,55.76293922],[37.61134413,55.76295596],[37.61134441,55.76295604],[37.61134471,55.76295608],[37.61134502,55.76295609],[37.61134533,55.76295607],[37.61134563,55.76295602],[37.6113459,55.76295593],[37.61134613,55.76295581],[37.61134632,55.76295567],[37.61135053,55.76295186],[37.6113015,55.76293464]]]},"properties":{"type":"ventilation","area":2.172803628649007,"subtype":"service"},"type":"Feature"},{"geometry":{"type":"Polygon","coordinates":[[[37.61146882,55.76289258],[37.61144566,55.76288444],[37.61144538,55.76288437],[37.61144508,55.76288432],[37.61144476,55.76288431],[37.61144445,55.76288433],[37.61144416,55.76288439],[37.61144389,55.76288448],[37.61144365,55.76288459],[37.61144346,55.76288473],[37.61144093,55.76288702],[37.61146545,55.76289563],[37.61146882,55.76289258]]]},"properties":{"type":"ventilation","area":0.7228036134184951,"subtype":"service"},"type":"Feature"},{"geometry":{"type":"Polygon","coordinates":[[[37.61131675,55.76295164],[37.61134127,55.76296025],[37.61134548,55.76295643],[37.61132096,55.76294783],[37.61131675,55.76295164]]]},"properties":{"type":"ventilation","area":0.9062499967358311,"subtype":"service"},"type":"Feature"},{"geometry":{"type":"Polygon","coordinates":[[[37.61131283,55.76298599],[37.61131705,55.76298217],[37.61129253,55.76297356],[37.61128832,55.76297738],[37.61131283,55.76298599]]]},"properties":{"type":"ventilation","area":0.9062499969819441,"subtype":"service"},"type":"Feature"},{"geometry":{"type":"Polygon","coordinates":[[[37.6112844,55.76301172],[37.61128861,55.76300791],[37.6112641,55.7629993],[37.61125988,55.76300311],[37.6112844,55.76301172]]]},"properties":{"type":"ventilation","area":0.906249996550257,"subtype":"service"},"type":"Feature"},{"geometry":{"type":"Polygon","coordinates":[[[37.61120693,55.76302024],[37.611229,55.76302799],[37.61123321,55.76302418],[37.61121114,55.76301643],[37.61120693,55.76302024]]]},"properties":{"type":"ventilation","area":0.8158087765083708,"subtype":"service"},"type":"Feature"},{"geometry":{"type":"Polygon","coordinates":[[[37.61124895,55.76309586],[37.61122105,55.76308606],[37.61121684,55.76308988],[37.61121684,55.76308988],[37.61124473,55.76309967],[37.61124895,55.76309586]]]},"properties":{"type":"ventilation","area":1.0312500011498955,"subtype":"service"},"type":"Feature"},{"geometry":{"type":"Polygon","coordinates":[[[37.61130753,55.76305557],[37.61131175,55.76305176],[37.61128723,55.76304315],[37.61128723,55.76304315],[37.61128723,55.76304315],[37.61128302,55.76304696],[37.61130753,55.76305557]]]},"properties":{"type":"ventilation","area":0.9062499978699843,"subtype":"service"},"type":"Feature"},{"geometry":{"type":"Polygon","coordinates":[[[37.61131145,55.76302122],[37.61133597,55.76302983],[37.61134018,55.76302602],[37.61131566,55.76301741],[37.61131566,55.76301741],[37.61131566,55.76301741],[37.61131145,55.76302122]]]},"properties":{"type":"ventilation","area":0.9062499973487683,"subtype":"service"},"type":"Feature"},{"geometry":{"type":"Polygon","coordinates":[[[37.60928158,55.76218002],[37.60932708,55.762196],[37.60937258,55.76221199],[37.60942566,55.76216394],[37.60928915,55.762116],[37.60923607,55.76216404],[37.60928158,55.76218002]],[[37.60932014,55.76214511],[37.60932691,55.76214749],[37.60932693,55.7621475],[37.60932695,55.76214751],[37.60932697,55.76214753],[37.60932698,55.76214755],[37.60932698,55.76214756],[37.60932698,55.76214758],[37.60932697,55.7621476],[37.60932696,55.76214761],[37.60931501,55.76215842],[37.60931499,55.76215844],[37.60931497,55.76215845],[37.60931494,55.76215846],[37.60931491,55.76215846],[37.60931488,55.76215847],[37.60931485,55.76215846],[37.60931482,55.76215846],[37.60931479,55.76215845],[37.60930803,55.76215608],[37.60930801,55.76215607],[37.60930799,55.76215605],[37.60930797,55.76215604],[37.60930796,55.76215602],[37.60930796,55.762156],[37.60930796,55.76215599],[37.60930797,55.76215597],[37.60930798,55.76215595],[37.60931992,55.76214514],[37.60931994,55.76214513],[37.60931997,55.76214512],[37.60931999,55.76214511],[37.60932002,55.7621451],[37.60932005,55.7621451],[37.60932008,55.7621451],[37.60932011,55.76214511],[37.60932014,55.76214511]]]},"properties":{"type":"apartment","rooms":2,"totalArea":63.584998142430315,"livingArea":42.38999814051299,"apartmentType":999992},"type":"Feature"},{"geometry":{"type":"Polygon","coordinates":[[[37.60930812,55.762156],[37.60928242,55.76217926],[37.60928228,55.76217942],[37.6092822,55.76217959],[37.60928218,55.76217976],[37.60928222,55.76217994],[37.60928232,55.76218011],[37.60928248,55.76218026],[37.60928268,55.76218039],[37.60928293,55.7621805],[37.60932573,55.76219553],[37.60932601,55.76219561],[37.60932631,55.76219565],[37.60932662,55.76219566],[37.60932693,55.76219564],[37.60932723,55.76219558],[37.6093275,55.7621955],[37.60932773,55.76219538],[37.60932792,55.76219524],[37.60935362,55.76217198],[37.60930812,55.762156]]]},"properties":{"type":"room","subtype":"apartment","roomType":"KITCHEN","area":10.59310723106173},"type":"Feature"},{"geometry":{"type":"Polygon","coordinates":[[[37.60935741,55.76213997],[37.60933087,55.76216399],[37.60935362,55.76217198],[37.60937931,55.76214872],[37.60937945,55.76214856],[37.60937953,55.76214839],[37.60937956,55.76214822],[37.60937951,55.76214804],[37.60937941,55.76214788],[37.60937926,55.76214772],[37.60937905,55.76214759],[37.6093788,55.76214749],[37.60935741,55.76213997]]]},"properties":{"type":"room","subtype":"apartment","roomType":"HALL","area":5.296553659236802},"type":"Feature"},{"geometry":{"type":"Polygon","coordinates":[[[37.60933601,55.76213245],[37.60933573,55.76213238],[37.60933543,55.76213233],[37.60933511,55.76213232],[37.6093348,55.76213234],[37.60933451,55.7621324],[37.60933424,55.76213249],[37.609334,55.7621326],[37.60933381,55.76213274],[37.60932006,55.76214519],[37.60934281,55.76215318],[37.60935741,55.76213997],[37.60933601,55.76213245]]]},"properties":{"type":"room","subtype":"apartment","roomType":"BATHROOM","area":2.912116060669936},"type":"Feature"},{"geometry":{"type":"Polygon","coordinates":[[[37.60932682,55.76214757],[37.60931488,55.76215838],[37.60933087,55.76216399],[37.60934281,55.76215318],[37.60932682,55.76214757]]]},"properties":{"type":"room","subtype":"apartment","roomType":"TOILET","area":1.6756874994239142},"type":"Feature"},{"geometry":{"type":"Polygon","coordinates":[[[37.60938016,55.76214796],[37.60932708,55.762196],[37.60937258,55.76221199],[37.60942566,55.76216394],[37.60938016,55.76214796]]]},"properties":{"type":"room","subtype":"apartment","roomType":"BEDROOM","area":21.19500000115837},"type":"Feature"},{"geometry":{"type":"Polygon","coordinates":[[[37.60928158,55.76218002],[37.60933465,55.76213198],[37.60928915,55.762116],[37.60923607,55.76216404],[37.60928158,55.76218002]]]},"properties":{"type":"room","subtype":"apartment","roomType":"BEDROOM","area":21.194998139354624},"type":"Feature"},{"geometry":{"type":"Polygon","coordinates":[[[37.60935906,55.76222205],[37.60937086,55.76221138],[37.60932881,55.76219661],[37.60931701,55.76220729],[37.60935906,55.76222205]]]},"properties":{"type":"room","subtype":"apartment","roomType":"BALCONY","area":4.352256613776378},"type":"Feature"},{"geometry":{"type":"Polygon","coordinates":[[[37.60926805,55.76219009],[37.60927985,55.76217942],[37.60923878,55.76216499],[37.60922698,55.76217567],[37.60926805,55.76219009]]]},"properties":{"type":"room","subtype":"apartment","roomType":"BALCONY","area":4.251127742949839},"type":"Feature"},{"geometry":{"type":"Polygon","coordinates":[[[37.60937587,55.76214963],[37.6093784,55.76214734],[37.60937571,55.7621464],[37.60937319,55.76214869],[37.60937587,55.76214963]]]},"properties":{"type":"room_object","subtype":"room","roomObjectType":"ELECTRICAL_BOX"},"type":"Feature"},{"geometry":{"type":"Polygon","coordinates":[[[37.60937258,55.76221199],[37.60950909,55.76225993],[37.60956217,55.76221188],[37.60947116,55.76217992],[37.60942566,55.76216394],[37.60937258,55.76221199]],[[37.60949539,55.76220666],[37.60950216,55.76220904],[37.60950218,55.76220905],[37.6095022,55.76220906],[37.60950222,55.76220908],[37.60950223,55.7622091],[37.60950223,55.76220911],[37.60950223,55.76220913],[37.60950222,55.76220915],[37.60950221,55.76220916],[37.60949026,55.76221997],[37.60949024,55.76221999],[37.60949022,55.76222],[37.60949019,55.76222001],[37.60949016,55.76222001],[37.60949013,55.76222002],[37.6094901,55.76222001],[37.60949007,55.76222001],[37.60949004,55.76222],[37.60948328,55.76221763],[37.60948326,55.76221762],[37.60948324,55.7622176],[37.60948322,55.76221759],[37.60948321,55.76221757],[37.60948321,55.76221755],[37.60948321,55.76221754],[37.60948322,55.76221752],[37.60948323,55.7622175],[37.60949517,55.76220669],[37.60949519,55.76220668],[37.60949522,55.76220667],[37.60949524,55.76220666],[37.60949527,55.76220665],[37.6094953,55.76220665],[37.60949533,55.76220665],[37.60949536,55.76220666],[37.60949539,55.76220666]]]},"properties":{"type":"apartment","rooms":2,"totalArea":63.58500431727449,"livingArea":42.390004315781496,"apartmentType":999992},"type":"Feature"},{"geometry":{"type":"Polygon","coordinates":[[[37.60944463,55.76220394],[37.60941893,55.7622272],[37.60941879,55.76222736],[37.60941871,55.76222753],[37.60941869,55.76222771],[37.60941873,55.76222788],[37.60941883,55.76222805],[37.60941899,55.7622282],[37.60941919,55.76222833],[37.60941944,55.76222844],[37.60946224,55.76224347],[37.60946252,55.76224355],[37.60946282,55.7622436],[37.60946313,55.76224361],[37.60946344,55.76224358],[37.60946374,55.76224353],[37.60946401,55.76224344],[37.60946424,55.76224332],[37.60946443,55.76224318],[37.60949013,55.76221993],[37.60944463,55.76220394]]]},"properties":{"type":"room","subtype":"apartment","roomType":"KITCHEN","area":10.593107225678732},"type":"Feature"},{"geometry":{"type":"Polygon","coordinates":[[[37.60949392,55.76218791],[37.60947252,55.7621804],[37.60947224,55.76218032],[37.60947193,55.76218027],[37.60947162,55.76218026],[37.60947131,55.76218028],[37.60947102,55.76218034],[37.60947075,55.76218043],[37.60947051,55.76218055],[37.60947032,55.76218068],[37.60944463,55.76220394],[37.60946738,55.76221193],[37.60949392,55.76218791]]]},"properties":{"type":"room","subtype":"apartment","roomType":"HALL","area":5.296553669489232},"type":"Feature"},{"geometry":{"type":"Polygon","coordinates":[[[37.60949392,55.76218791],[37.60947932,55.76220112],[37.60950207,55.76220912],[37.60951582,55.76219667],[37.60951596,55.76219651],[37.60951604,55.76219634],[37.60951606,55.76219616],[37.60951602,55.76219599],[37.60951592,55.76219582],[37.60951577,55.76219567],[37.60951556,55.76219554],[37.60951531,55.76219543],[37.60949392,55.76218791]]]},"properties":{"type":"room","subtype":"apartment","roomType":"BATHROOM","area":2.9121160540392967},"type":"Feature"},{"geometry":{"type":"Polygon","coordinates":[[[37.60948337,55.76221755],[37.60949531,55.76220674],[37.60947932,55.76220112],[37.60946738,55.76221193],[37.60948337,55.76221755]]]},"properties":{"type":"room","subtype":"apartment","roomType":"TOILET","area":1.67568750519237},"type":"Feature"},{"geometry":{"type":"Polygon","coordinates":[[[37.60937258,55.76221199],[37.60941809,55.76222797],[37.60947116,55.76217992],[37.60942566,55.76216394],[37.60937258,55.76221199]]]},"properties":{"type":"room","subtype":"apartment","roomType":"BEDROOM","area":21.195004314380274},"type":"Feature"},{"geometry":{"type":"Polygon","coordinates":[[[37.60946359,55.76224395],[37.60950909,55.76225993],[37.60956217,55.76221188],[37.60951667,55.7621959],[37.60946359,55.76224395]]]},"properties":{"type":"room","subtype":"apartment","roomType":"BEDROOM","area":21.195000001401223},"type":"Feature"},{"geometry":{"type":"Polygon","coordinates":[[[37.60940456,55.76223804],[37.60941636,55.76222736],[37.60937431,55.76221259],[37.60936252,55.76222327],[37.60940456,55.76223804]]]},"properties":{"type":"room","subtype":"apartment","roomType":"BALCONY","area":4.352257919780829},"type":"Feature"},{"geometry":{"type":"Polygon","coordinates":[[[37.60945007,55.76225402],[37.60946186,55.76224334],[37.60941981,55.76222857],[37.60940802,55.76223925],[37.60945007,55.76225402]]]},"properties":{"type":"room","subtype":"apartment","roomType":"BALCONY","area":4.352256614420197},"type":"Feature"},{"geometry":{"type":"Polygon","coordinates":[[[37.60947292,55.76218054],[37.60947039,55.76218283],[37.60947405,55.76218411],[37.60947657,55.76218182],[37.60947292,55.76218054]]]},"properties":{"type":"room_object","subtype":"room","roomObjectType":"ELECTRICAL_BOX"},"type":"Feature"},{"geometry":{"type":"Polygon","coordinates":[[[37.60956217,55.76221188],[37.60950909,55.76225993],[37.6095546,55.76227591],[37.60959432,55.76223995],[37.60958756,55.76223758],[37.60958753,55.76223757],[37.60958751,55.76223755],[37.6095875,55.76223754],[37.60958749,55.76223752],[37.60958748,55.7622375],[37.60958748,55.76223749],[37.60958749,55.76223747],[37.60958751,55.76223745],[37.60960078,55.76222544],[37.60956217,55.76221188]]]},"properties":{"type":"apartment","rooms":0,"totalArea":21.194995690922212,"livingArea":15.896246502587701,"apartmentType":999990},"type":"Feature"},{"geometry":{"type":"Polygon","coordinates":[[[37.6095489,55.7622239],[37.60950909,55.76225993],[37.6095546,55.76227591],[37.6095944,55.76223988],[37.6095489,55.7622239]]]},"properties":{"type":"room","subtype":"apartment","roomType":"STUDIO","area":15.896246502587701},"type":"Feature"},{"geometry":{"type":"Polygon","coordinates":[[[37.60958764,55.7622375],[37.60960091,55.76222549],[37.60958492,55.76221987],[37.60957165,55.76223189],[37.60958764,55.7622375]]]},"properties":{"type":"room","subtype":"apartment","roomType":"JOINT_BATHROOM","area":1.861874611822743},"type":"Feature"},{"geometry":{"type":"Polygon","coordinates":[[[37.60958492,55.76221987],[37.60956217,55.76221188],[37.6095489,55.7622239],[37.60957165,55.76223189],[37.60958492,55.76221987]]]},"properties":{"type":"room","subtype":"apartment","roomType":"HALL","area":2.6493745572551695},"type":"Feature"},{"geometry":{"type":"Polygon","coordinates":[[[37.60954107,55.76228598],[37.60955287,55.7622753],[37.60951082,55.76226054],[37.60949903,55.76227121],[37.60954107,55.76228598]]]},"properties":{"type":"room","subtype":"apartment","roomType":"BALCONY","area":4.352255306664513},"type":"Feature"},{"geometry":{"type":"Polygon","coordinates":[[[37.60956352,55.76221236],[37.609561,55.76221465],[37.60956505,55.76221607],[37.60956758,55.76221378],[37.60956352,55.76221236]]]},"properties":{"type":"room_object","subtype":"room","roomObjectType":"ELECTRICAL_BOX"},"type":"Feature"},{"geometry":{"type":"Polygon","coordinates":[[[37.6095546,55.76227591],[37.6096456,55.76230787],[37.60969868,55.76225983],[37.60960767,55.76222787],[37.6095546,55.76227591]],[[37.60961974,55.76226545],[37.60963168,55.76225464],[37.6096317,55.76225462],[37.60963173,55.76225461],[37.60963175,55.7622546],[37.60963178,55.7622546],[37.60963181,55.76225459],[37.60963184,55.76225459],[37.60963187,55.7622546],[37.6096319,55.76225461],[37.60963867,55.76225698],[37.60963869,55.76225699],[37.60963871,55.76225701],[37.60963873,55.76225702],[37.60963874,55.76225704],[37.60963874,55.76225706],[37.60963874,55.76225707],[37.60963873,55.76225709],[37.60963872,55.76225711],[37.60962677,55.76226792],[37.60962675,55.76226793],[37.60962673,55.76226794],[37.6096267,55.76226795],[37.60962667,55.76226796],[37.60962664,55.76226796],[37.60962661,55.76226796],[37.60962658,55.76226795],[37.60962655,55.76226794],[37.60961979,55.76226557],[37.60961977,55.76226556],[37.60961975,55.76226555],[37.60961973,55.76226553],[37.60961972,55.76226551],[37.60961972,55.7622655],[37.60961972,55.76226548],[37.60961973,55.76226546],[37.60961974,55.76226545]]]},"properties":{"type":"apartment","rooms":1,"totalArea":42.39000000066808,"livingArea":21.19499999797982,"apartmentType":999991},"type":"Feature"},{"geometry":{"type":"Polygon","coordinates":[[[37.60955544,55.76227515],[37.6095553,55.7622753],[37.60955522,55.76227547],[37.6095552,55.76227565],[37.60955524,55.76227583],[37.60955534,55.76227599],[37.6095555,55.76227614],[37.6095557,55.76227628],[37.60955595,55.76227638],[37.60959875,55.76229142],[37.60959903,55.76229149],[37.60959933,55.76229154],[37.60959964,55.76229155],[37.60959995,55.76229153],[37.60960025,55.76229147],[37.60960052,55.76229138],[37.60960075,55.76229127],[37.60960094,55.76229113],[37.60962664,55.76226787],[37.60958114,55.76225189],[37.60955544,55.76227515]]]},"properties":{"type":"room","subtype":"apartment","roomType":"KITCHEN","area":10.593107228660898},"type":"Feature"},{"geometry":{"type":"Polygon","coordinates":[[[37.60963043,55.76223586],[37.60960903,55.76222834],[37.60960875,55.76222826],[37.60960844,55.76222822],[37.60960813,55.76222821],[37.60960782,55.76222823],[37.60960753,55.76222828],[37.60960726,55.76222837],[37.60960702,55.76222849],[37.60960683,55.76222863],[37.60958114,55.76225189],[37.60960389,55.76225988],[37.60963043,55.76223586]]]},"properties":{"type":"room","subtype":"apartment","roomType":"HALL","area":5.2965535606388},"type":"Feature"},{"geometry":{"type":"Polygon","coordinates":[[[37.60961583,55.76224907],[37.60963858,55.76225706],[37.60965233,55.76224461],[37.60965247,55.76224445],[37.60965255,55.76224428],[37.60965257,55.76224411],[37.60965253,55.76224393],[37.60965243,55.76224376],[37.60965228,55.76224361],[37.60965207,55.76224348],[37.60965182,55.76224337],[37.60963043,55.76223586],[37.60961583,55.76224907]]]},"properties":{"type":"room","subtype":"apartment","roomType":"BATHROOM","area":2.912116162305473},"type":"Feature"},{"geometry":{"type":"Polygon","coordinates":[[[37.60963182,55.76225468],[37.60961583,55.76224907],[37.60960389,55.76225988],[37.60961988,55.76226549],[37.60963182,55.76225468]]]},"properties":{"type":"room","subtype":"apartment","roomType":"TOILET","area":1.6756874999985374},"type":"Feature"},{"geometry":{"type":"Polygon","coordinates":[[[37.60965318,55.76224385],[37.6096001,55.76229189],[37.6096456,55.76230787],[37.60969868,55.76225983],[37.60965318,55.76224385]]]},"properties":{"type":"room","subtype":"apartment","roomType":"BEDROOM","area":21.19499999797982},"type":"Feature"},{"geometry":{"type":"Polygon","coordinates":[[[37.60958658,55.76230196],[37.60959837,55.76229128],[37.60955632,55.76227652],[37.60954453,55.76228719],[37.60958658,55.76230196]]]},"properties":{"type":"room","subtype":"apartment","roomType":"BALCONY","area":4.352256611770068},"type":"Feature"},{"geometry":{"type":"Polygon","coordinates":[[[37.60960943,55.76222848],[37.6096069,55.76223077],[37.60961056,55.76223205],[37.60961308,55.76222977],[37.60960943,55.76222848]]]},"properties":{"type":"room_object","subtype":"room","roomObjectType":"ELECTRICAL_BOX"},"type":"Feature"},{"geometry":{"type":"Polygon","coordinates":[[[37.60969111,55.76232385],[37.60973083,55.7622879],[37.60972407,55.76228552],[37.60972404,55.76228551],[37.60972402,55.7622855],[37.60972401,55.76228548],[37.609724,55.76228546],[37.60972399,55.76228545],[37.60972399,55.76228543],[37.609724,55.76228541],[37.60972402,55.7622854],[37.60973729,55.76227339],[37.60969868,55.76225983],[37.6096456,55.76230787],[37.60969111,55.76232385]]]},"properties":{"type":"apartment","rooms":0,"totalArea":21.194999997772182,"livingArea":15.896250039083435,"apartmentType":999990},"type":"Feature"},{"geometry":{"type":"Polygon","coordinates":[[[37.60969111,55.76232385],[37.60973091,55.76228782],[37.60968541,55.76227184],[37.6096456,55.76230787],[37.60969111,55.76232385]]]},"properties":{"type":"room","subtype":"apartment","roomType":"STUDIO","area":15.896250039083435},"type":"Feature"},{"geometry":{"type":"Polygon","coordinates":[[[37.60970816,55.76227983],[37.60972415,55.76228544],[37.60973742,55.76227343],[37.60972143,55.76226782],[37.60970816,55.76227983]]]},"properties":{"type":"room","subtype":"apartment","roomType":"JOINT_BATHROOM","area":1.861875011669065},"type":"Feature"},{"geometry":{"type":"Polygon","coordinates":[[[37.60972143,55.76226782],[37.60969868,55.76225983],[37.60968541,55.76227184],[37.60970816,55.76227983],[37.60972143,55.76226782]]]},"properties":{"type":"room","subtype":"apartment","roomType":"HALL","area":2.649374928358169},"type":"Feature"},{"geometry":{"type":"Polygon","coordinates":[[[37.60967758,55.76233392],[37.60968938,55.76232325],[37.60964733,55.76230848],[37.60963554,55.76231915],[37.60967758,55.76233392]]]},"properties":{"type":"room","subtype":"apartment","roomType":"BALCONY","area":4.3522566102177045},"type":"Feature"},{"geometry":{"type":"Polygon","coordinates":[[[37.60970003,55.7622603],[37.60969751,55.76226259],[37.60970156,55.76226402],[37.60970409,55.76226173],[37.60970003,55.7622603]]]},"properties":{"type":"room_object","subtype":"room","roomObjectType":"ELECTRICAL_BOX"},"type":"Feature"},{"geometry":{"type":"Polygon","coordinates":[[[37.60973661,55.76233983],[37.60977633,55.76230388],[37.60977633,55.76230388],[37.60976957,55.7623015],[37.60976955,55.76230149],[37.60976953,55.76230148],[37.60976951,55.76230146],[37.6097695,55.76230145],[37.6097695,55.76230143],[37.6097695,55.76230141],[37.60976951,55.76230139],[37.60976952,55.76230138],[37.60978279,55.76228937],[37.60978279,55.76228937],[37.60974418,55.76227581],[37.60969111,55.76232385],[37.60973661,55.76233983]]]},"properties":{"type":"apartment","rooms":0,"totalArea":21.195004311409363,"livingArea":15.896253589825882,"apartmentType":999990},"type":"Feature"},{"geometry":{"type":"Polygon","coordinates":[[[37.60973661,55.76233983],[37.60977642,55.7623038],[37.60973091,55.76228782],[37.60969111,55.76232385],[37.60973661,55.76233983]]]},"properties":{"type":"room","subtype":"apartment","roomType":"STUDIO","area":15.896253589825882},"type":"Feature"},{"geometry":{"type":"Polygon","coordinates":[[[37.60975367,55.76229581],[37.60976966,55.76230143],[37.60978292,55.76228941],[37.60976694,55.7622838],[37.60975367,55.76229581]]]},"properties":{"type":"room","subtype":"apartment","roomType":"JOINT_BATHROOM","area":1.8618756268827117},"type":"Feature"},{"geometry":{"type":"Polygon","coordinates":[[[37.60976694,55.7622838],[37.60974418,55.76227581],[37.60973091,55.76228782],[37.60975367,55.76229581],[37.60976694,55.7622838]]]},"properties":{"type":"room","subtype":"apartment","roomType":"HALL","area":2.6493751365244087},"type":"Feature"},{"geometry":{"type":"Polygon","coordinates":[[[37.60972309,55.7623499],[37.60973488,55.76233923],[37.60969284,55.76232446],[37.60968104,55.76233514],[37.60972309,55.7623499]]]},"properties":{"type":"room","subtype":"apartment","roomType":"BALCONY","area":4.35225791961596},"type":"Feature"},{"geometry":{"type":"Polygon","coordinates":[[[37.60974554,55.76227628],[37.60974301,55.76227857],[37.60974707,55.76228],[37.60974959,55.76227771],[37.60974554,55.76227628]]]},"properties":{"type":"room_object","subtype":"room","roomObjectType":"ELECTRICAL_BOX"},"type":"Feature"},{"geometry":{"type":"Polygon","coordinates":[[[37.60973661,55.76233983],[37.60978211,55.76235581],[37.60982184,55.76231986],[37.60982184,55.76231986],[37.60981507,55.76231748],[37.60981505,55.76231747],[37.60981503,55.76231746],[37.60981501,55.76231744],[37.609815,55.76231743],[37.609815,55.76231741],[37.609815,55.76231739],[37.60981501,55.76231737],[37.60981502,55.76231736],[37.60982829,55.76230535],[37.60982829,55.76230535],[37.60978969,55.76229179],[37.60973661,55.76233983]]]},"properties":{"type":"apartment","rooms":0,"totalArea":21.194999997162682,"livingArea":15.89625005097945,"apartmentType":999990},"type":"Feature"},{"geometry":{"type":"Polygon","coordinates":[[[37.60977642,55.7623038],[37.60973661,55.76233983],[37.60978211,55.76235581],[37.60982192,55.76231978],[37.60977642,55.7623038]]]},"properties":{"type":"room","subtype":"apartment","roomType":"STUDIO","area":15.89625005097945},"type":"Feature"},{"geometry":{"type":"Polygon","coordinates":[[[37.60982843,55.7623054],[37.60981244,55.76229978],[37.60979917,55.76231179],[37.60981516,55.76231741],[37.60982843,55.7623054]]]},"properties":{"type":"room","subtype":"apartment","roomType":"JOINT_BATHROOM","area":1.8618749453515366},"type":"Feature"},{"geometry":{"type":"Polygon","coordinates":[[[37.60979917,55.76231179],[37.60981244,55.76229978],[37.60978969,55.76229179],[37.60977642,55.7623038],[37.60979917,55.76231179]]]},"properties":{"type":"room","subtype":"apartment","roomType":"HALL","area":2.6493750415648236},"type":"Feature"},{"geometry":{"type":"Polygon","coordinates":[[[37.60976859,55.76236588],[37.60978039,55.76235521],[37.60973834,55.76234044],[37.60972654,55.76235112],[37.60976859,55.76236588]]]},"properties":{"type":"room","subtype":"apartment","roomType":"BALCONY","area":4.352256613706358},"type":"Feature"},{"geometry":{"type":"Polygon","coordinates":[[[37.60979104,55.76229226],[37.60978851,55.76229455],[37.60979257,55.76229598],[37.6097951,55.76229369],[37.60979104,55.76229226]]]},"properties":{"type":"room_object","subtype":"room","roomObjectType":"ELECTRICAL_BOX"},"type":"Feature"},{"geometry":{"type":"Polygon","coordinates":[[[37.60982762,55.7623718],[37.60987312,55.76238778],[37.60997043,55.7622997],[37.6099262,55.76233973],[37.60988069,55.76232375],[37.60983519,55.76230777],[37.60978211,55.76235581],[37.60982762,55.7623718]],[[37.60984726,55.76234535],[37.6098592,55.76233454],[37.60985922,55.76233453],[37.60985924,55.76233452],[37.60985927,55.76233451],[37.6098593,55.7623345],[37.60985933,55.7623345],[37.60985936,55.7623345],[37.60985939,55.7623345],[37.60985942,55.76233451],[37.60986618,55.76233689],[37.60986621,55.7623369],[37.60986623,55.76233691],[37.60986624,55.76233693],[37.60986625,55.76233694],[37.60986626,55.76233696],[37.60986626,55.76233698],[37.60986625,55.76233699],[37.60986623,55.76233701],[37.60985429,55.76234782],[37.60985427,55.76234783],[37.60985425,55.76234785],[37.60985422,55.76234785],[37.60985419,55.76234786],[37.60985416,55.76234786],[37.60985413,55.76234786],[37.6098541,55.76234786],[37.60985407,55.76234785],[37.60984731,55.76234547],[37.60984728,55.76234546],[37.60984726,55.76234545],[37.60984725,55.76234544],[37.60984724,55.76234542],[37.60984723,55.7623454],[37.60984724,55.76234538],[37.60984724,55.76234537],[37.60984726,55.76234535]]]},"properties":{"type":"apartment","rooms":1,"totalArea":42.38999755787718,"livingArea":21.194997555991613,"apartmentType":999991},"type":"Feature"},{"geometry":{"type":"Polygon","coordinates":[[[37.60980865,55.76233179],[37.60978296,55.76235505],[37.60978282,55.76235521],[37.60978274,55.76235538],[37.60978272,55.76235556],[37.60978276,55.76235573],[37.60978286,55.7623559],[37.60978301,55.76235605],[37.60978322,55.76235618],[37.60978347,55.76235629],[37.60982627,55.76237132],[37.60982655,55.7623714],[37.60982685,55.76237144],[37.60982716,55.76237146],[37.60982747,55.76237143],[37.60982776,55.76237138],[37.60982803,55.76237129],[37.60982827,55.76237117],[37.60982846,55.76237103],[37.60985416,55.76234777],[37.60980865,55.76233179]]]},"properties":{"type":"room","subtype":"apartment","roomType":"KITCHEN","area":10.593107225423232},"type":"Feature"},{"geometry":{"type":"Polygon","coordinates":[[[37.60985794,55.76231576],[37.60983654,55.76230825],[37.60983626,55.76230817],[37.60983596,55.76230812],[37.60983565,55.76230811],[37.60983534,55.76230813],[37.60983504,55.76230819],[37.60983477,55.76230828],[37.60983454,55.76230839],[37.60983435,55.76230853],[37.60980865,55.76233179],[37.6098314,55.76233978],[37.60985794,55.76231576]]]},"properties":{"type":"room","subtype":"apartment","roomType":"HALL","area":5.296553677995723},"type":"Feature"},{"geometry":{"type":"Polygon","coordinates":[[[37.6098661,55.76233696],[37.60987985,55.76232451],[37.60987999,55.76232436],[37.60988007,55.76232419],[37.60988009,55.76232401],[37.60988005,55.76232384],[37.60987995,55.76232367],[37.6098798,55.76232352],[37.60987959,55.76232338],[37.60987934,55.76232328],[37.60985794,55.76231576],[37.60984335,55.76232897],[37.6098661,55.76233696]]]},"properties":{"type":"room","subtype":"apartment","roomType":"BATHROOM","area":2.91211604987686},"type":"Feature"},{"geometry":{"type":"Polygon","coordinates":[[[37.60985934,55.76233459],[37.60984335,55.76232897],[37.6098314,55.76233978],[37.60984739,55.7623454],[37.60985934,55.76233459]]]},"properties":{"type":"room","subtype":"apartment","roomType":"TOILET","area":1.675687502283077},"type":"Feature"},{"geometry":{"type":"Polygon","coordinates":[[[37.60982762,55.7623718],[37.60987312,55.76238778],[37.60997043,55.7622997],[37.6099262,55.76233973],[37.60988069,55.76232375],[37.60982762,55.7623718]]]},"properties":{"type":"room","subtype":"apartment","roomType":"BEDROOM","area":21.194997555991613},"type":"Feature"},{"geometry":{"type":"Polygon","coordinates":[[[37.60985862,55.7623975],[37.60987042,55.76238683],[37.60982935,55.7623724],[37.60981755,55.76238308],[37.60985862,55.7623975]]]},"properties":{"type":"room","subtype":"apartment","roomType":"BALCONY","area":4.251127565109381},"type":"Feature"},{"geometry":{"type":"Polygon","coordinates":[[[37.60983695,55.76230839],[37.60983442,55.76231068],[37.60983807,55.76231196],[37.6098406,55.76230967],[37.60983695,55.76230839]]]},"properties":{"type":"room_object","subtype":"room","roomObjectType":"ELECTRICAL_BOX"},"type":"Feature"},{"geometry":{"type":"Polygon","coordinates":[[[37.6099262,55.76233973],[37.60997043,55.7622997],[37.60992187,55.76228264],[37.60992187,55.76228264],[37.60991766,55.76228646],[37.60991764,55.76228647],[37.60991762,55.76228648],[37.60991759,55.76228649],[37.60991756,55.7622865],[37.60991753,55.7622865],[37.6099175,55.7622865],[37.60991747,55.76228649],[37.60991744,55.76228648],[37.60990121,55.76228078],[37.60986128,55.76231693],[37.6099262,55.76233973]]]},"properties":{"type":"apartment","rooms":0,"totalArea":25.19999999940618,"livingArea":18.900000003640017,"apartmentType":999990},"type":"Feature"},{"geometry":{"type":"Polygon","coordinates":[[[37.60987751,55.76232263],[37.6099262,55.76233973],[37.60997043,55.7622997],[37.60992174,55.76228259],[37.60987751,55.76232263]]]},"properties":{"type":"room","subtype":"apartment","roomType":"STUDIO","area":18.900000003640017},"type":"Feature"},{"geometry":{"type":"Polygon","coordinates":[[[37.60991752,55.76228641],[37.60990129,55.76228071],[37.60988339,55.76229691],[37.60989962,55.76230261],[37.60991752,55.76228641]]]},"properties":{"type":"room","subtype":"apartment","roomType":"JOINT_BATHROOM","area":2.5499999989504207},"type":"Feature"},{"geometry":{"type":"Polygon","coordinates":[[[37.60989962,55.76230261],[37.60988339,55.76229691],[37.60986128,55.76231693],[37.60987751,55.76232263],[37.60989962,55.76230261]]]},"properties":{"type":"room","subtype":"apartment","roomType":"HALL","area":3.1499999972452555},"type":"Feature"},{"geometry":{"type":"Polygon","coordinates":[[[37.60998829,55.76230732],[37.60996935,55.76230067],[37.60992727,55.76233876],[37.60994621,55.76234541],[37.60998829,55.76230732]]]},"properties":{"type":"room","subtype":"apartment","roomType":"BALCONY","area":6.992256613579374},"type":"Feature"},{"geometry":{"type":"Polygon","coordinates":[[[37.60988303,55.76230234],[37.60987897,55.76230092],[37.60987476,55.76230473],[37.60987881,55.76230615],[37.60988303,55.76230234]]]},"properties":{"type":"room_object","subtype":"room","roomObjectType":"ELECTRICAL_BOX"},"type":"Feature"},{"geometry":{"type":"Polygon","coordinates":[[[37.6099381,55.76228834],[37.60997043,55.7622997],[37.61001466,55.76225966],[37.61006773,55.76221161],[37.61002223,55.76219563],[37.60997673,55.76217965],[37.60993122,55.76216367],[37.60989268,55.76219856],[37.60989268,55.76219856],[37.60989944,55.76220094],[37.60989947,55.76220095],[37.60989949,55.76220096],[37.6098995,55.76220098],[37.60989951,55.76220099],[37.60989952,55.76220101],[37.60989952,55.76220103],[37.60989951,55.76220104],[37.60989949,55.76220106],[37.60988505,55.76221414],[37.60992365,55.7622277],[37.60994974,55.76223686],[37.6099098,55.76227301],[37.6099098,55.76227301],[37.60994226,55.76228441],[37.60994229,55.76228442],[37.60994231,55.76228443],[37.60994232,55.76228444],[37.60994233,55.76228446],[37.60994234,55.76228448],[37.60994234,55.7622845],[37.60994233,55.76228451],[37.60994231,55.76228453],[37.6099381,55.76228834]]]},"properties":{"type":"apartment","rooms":3,"totalArea":88.78500245361815,"livingArea":52.036717097075474,"apartmentType":999993},"type":"Feature"},{"geometry":{"type":"Polygon","coordinates":[[[37.60993797,55.76228829],[37.60996908,55.76229922],[37.60996936,55.7622993],[37.60996966,55.76229934],[37.60996997,55.76229936],[37.60997028,55.76229933],[37.60997057,55.76229928],[37.60997085,55.76229919],[37.60997108,55.76229907],[37.60997127,55.76229893],[37.61001382,55.76226042],[37.61001395,55.76226026],[37.61001404,55.76226009],[37.61001406,55.76225992],[37.61001402,55.76225974],[37.61001392,55.76225958],[37.61001376,55.76225942],[37.61001355,55.76225929],[37.61001331,55.76225918],[37.6099822,55.76224826],[37.60993797,55.76228829]]]},"properties":{"type":"room","subtype":"apartment","roomType":"KITCHEN","area":12.595607219455081},"type":"Feature"},{"geometry":{"type":"Polygon","coordinates":[[[37.60992762,55.76225688],[37.60996008,55.76226828],[37.6099822,55.76224826],[37.60995109,55.76223733],[37.60995081,55.76223725],[37.60995051,55.76223721],[37.6099502,55.7622372],[37.60994989,55.76223722],[37.60994959,55.76223728],[37.60994932,55.76223736],[37.60994908,55.76223748],[37.60994889,55.76223762],[37.60992762,55.76225688]]]},"properties":{"type":"room","subtype":"apartment","roomType":"HALL","area":6.297803617662886},"type":"Feature"},{"geometry":{"type":"Polygon","coordinates":[[[37.60992762,55.76225688],[37.60990972,55.76227308],[37.60994218,55.76228448],[37.60996008,55.76226828],[37.60992762,55.76225688]]]},"properties":{"type":"room","subtype":"apartment","roomType":"JOINT_BATHROOM","area":5.099999998292676},"type":"Feature"},{"geometry":{"type":"Polygon","coordinates":[[[37.61002223,55.76219563],[37.60996916,55.76224368],[37.61001466,55.76225966],[37.61006773,55.76221161],[37.61002223,55.76219563]]]},"properties":{"type":"room","subtype":"apartment","roomType":"LIVING_ROOM","area":21.195002449096002},"type":"Feature"},{"geometry":{"type":"Polygon","coordinates":[[[37.6099836,55.7622306],[37.61002139,55.7621964],[37.61002153,55.76219624],[37.61002161,55.76219607],[37.61002163,55.76219589],[37.61002159,55.76219572],[37.61002149,55.76219555],[37.61002133,55.7621954],[37.61002113,55.76219527],[37.61002088,55.76219516],[37.60997808,55.76218013],[37.6099778,55.76218005],[37.6099775,55.76218],[37.60997719,55.76217999],[37.60997688,55.76218002],[37.60997658,55.76218007],[37.60997631,55.76218016],[37.60997608,55.76218028],[37.60997589,55.76218042],[37.6099381,55.76221462],[37.6099836,55.7622306]]]},"properties":{"type":"room","subtype":"apartment","roomType":"BEDROOM","area":15.420857320495676},"type":"Feature"},{"geometry":{"type":"Polygon","coordinates":[[[37.6099381,55.76221462],[37.60997589,55.76218042],[37.60997602,55.76218026],[37.6099761,55.76218009],[37.60997613,55.76217991],[37.60997609,55.76217974],[37.60997598,55.76217957],[37.60997583,55.76217942],[37.60997562,55.76217929],[37.60997538,55.76217918],[37.60993258,55.76216415],[37.6099323,55.76216407],[37.609932,55.76216402],[37.60993168,55.76216401],[37.60993137,55.76216403],[37.60993108,55.76216409],[37.60993081,55.76216418],[37.60993057,55.76216429],[37.60993038,55.76216443],[37.6098926,55.76219864],[37.6099381,55.76221462]]]},"properties":{"type":"room","subtype":"apartment","roomType":"BEDROOM","area":15.420857327483796},"type":"Feature"},{"geometry":{"type":"Polygon","coordinates":[[[37.6099009,55.76221971],[37.60991535,55.76220663],[37.60989936,55.76220101],[37.60988491,55.76221409],[37.6099009,55.76221971]]]},"properties":{"type":"room","subtype":"apartment","roomType":"JOINT_BATHROOM","area":2.027374874483081},"type":"Feature"},{"geometry":{"type":"Polygon","coordinates":[[[37.60991543,55.76220655],[37.6099154,55.76220654],[37.60991537,55.76220654],[37.60991534,55.76220654],[37.60991531,55.76220654],[37.60991528,55.76220655],[37.60991526,55.76220655],[37.60991523,55.76220657],[37.60991521,55.76220658],[37.60990076,55.76221966],[37.60990075,55.76221967],[37.60990074,55.76221969],[37.60990074,55.76221971],[37.60990074,55.76221973],[37.60990075,55.76221974],[37.60990077,55.76221976],[37.60990079,55.76221977],[37.60990082,55.76221978],[37.60992221,55.7622273],[37.60992223,55.7622273],[37.60992251,55.76222738],[37.60992254,55.76222739],[37.60992284,55.76222743],[37.60992287,55.76222744],[37.60992318,55.76222745],[37.60992321,55.76222745],[37.60992352,55.76222742],[37.60992355,55.76222742],[37.60992385,55.76222736],[37.60992388,55.76222736],[37.60992411,55.76222728],[37.60992409,55.76222743],[37.6099241,55.76222745],[37.60992414,55.76222762],[37.60992414,55.76222764],[37.60992424,55.76222781],[37.60992426,55.76222782],[37.60992441,55.76222798],[37.60992443,55.76222799],[37.60992464,55.76222812],[37.60992466,55.76222814],[37.60992491,55.76222824],[37.60992492,55.76222825],[37.60996772,55.76224328],[37.60996773,55.76224328],[37.60996801,55.76224336],[37.60996804,55.76224337],[37.60996834,55.76224341],[37.60996837,55.76224342],[37.60996869,55.76224343],[37.60996872,55.76224343],[37.60996903,55.7622434],[37.60996906,55.7622434],[37.60996935,55.76224334],[37.60996938,55.76224334],[37.60996965,55.76224325],[37.60996968,55.76224324],[37.60996991,55.76224312],[37.60996993,55.76224311],[37.60997012,55.76224297],[37.60997013,55.76224296],[37.60998374,55.76223065],[37.60998375,55.76223063],[37.60998376,55.76223061],[37.60998376,55.7622306],[37.60998376,55.76223058],[37.60998375,55.76223056],[37.60998373,55.76223055],[37.60998371,55.76223053],[37.60998369,55.76223052],[37.60993818,55.76221454],[37.60993818,55.76221454],[37.60991543,55.76220655]]]},"properties":{"type":"room","subtype":"apartment","roomType":"CORRIDOR","area":8.783848351317914},"type":"Feature"},{"geometry":{"type":"Polygon","coordinates":[[[37.60994475,55.7621536],[37.60993295,55.76216428],[37.609975,55.76217905],[37.60998679,55.76216837],[37.60994475,55.7621536]]]},"properties":{"type":"room","subtype":"apartment","roomType":"BALCONY","area":4.352256614627806},"type":"Feature"},{"geometry":{"type":"Polygon","coordinates":[[[37.61003252,55.76226728],[37.61001358,55.76226063],[37.6099715,55.76229872],[37.60999044,55.76230537],[37.61003252,55.76226728]]]},"properties":{"type":"room","subtype":"apartment","roomType":"BALCONY","area":6.992256613808493},"type":"Feature"},{"geometry":{"type":"Polygon","coordinates":[[[37.60993204,55.76225287],[37.6099361,55.7622543],[37.60994031,55.76225048],[37.60993626,55.76224906],[37.60993204,55.76225287]]]},"properties":{"type":"room_object","subtype":"room","roomObjectType":"ELECTRICAL_BOX"},"type":"Feature"},{"geometry":{"type":"Polygon","coordinates":[[[37.60978714,55.76217975],[37.60983264,55.76219574],[37.60987815,55.76221172],[37.60993122,55.76216367],[37.60988572,55.76214769],[37.60979471,55.76211573],[37.60974164,55.76216377],[37.60978714,55.76217975]],[[37.60984034,55.7621801],[37.60985229,55.76216929],[37.6098523,55.76216928],[37.60985233,55.76216926],[37.60985235,55.76216926],[37.60985238,55.76216925],[37.60985242,55.76216925],[37.60985245,55.76216925],[37.60985248,55.76216925],[37.6098525,55.76216926],[37.60985927,55.76217164],[37.60985929,55.76217165],[37.60985931,55.76217166],[37.60985933,55.76217168],[37.60985934,55.76217169],[37.60985934,55.76217171],[37.60985934,55.76217173],[37.60985933,55.76217174],[37.60985932,55.76217176],[37.60984738,55.76218257],[37.60984736,55.76218258],[37.60984733,55.7621826],[37.60984731,55.7621826],[37.60984728,55.76218261],[37.60984725,55.76218261],[37.60984721,55.76218261],[37.60984718,55.76218261],[37.60984716,55.7621826],[37.60984039,55.76218022],[37.60984037,55.76218021],[37.60984035,55.7621802],[37.60984033,55.76218018],[37.60984032,55.76218017],[37.60984032,55.76218015],[37.60984032,55.76218013],[37.60984033,55.76218012],[37.60984034,55.7621801]]]},"properties":{"type":"apartment","rooms":2,"totalArea":63.5849957053571,"livingArea":42.38999570049019,"apartmentType":999992},"type":"Feature"},{"geometry":{"type":"Polygon","coordinates":[[[37.60981368,55.76215573],[37.60985918,55.76217171],[37.60988488,55.76214845],[37.60988502,55.7621483],[37.6098851,55.76214813],[37.60988512,55.76214795],[37.60988508,55.76214778],[37.60988498,55.76214761],[37.60988482,55.76214746],[37.60988462,55.76214732],[37.60988437,55.76214722],[37.60984157,55.76213219],[37.60984129,55.76213211],[37.60984099,55.76213206],[37.60984068,55.76213205],[37.60984037,55.76213207],[37.60984007,55.76213213],[37.6098398,55.76213222],[37.60983957,55.76213233],[37.60983938,55.76213247],[37.60981368,55.76215573]]]},"properties":{"type":"room","subtype":"apartment","roomType":"KITCHEN","area":10.593107226567398},"type":"Feature"},{"geometry":{"type":"Polygon","coordinates":[[[37.60981368,55.76215573],[37.60978798,55.76217899],[37.60978785,55.76217915],[37.60978776,55.76217932],[37.60978774,55.7621795],[37.60978778,55.76217967],[37.60978788,55.76217984],[37.60978804,55.76217999],[37.60978825,55.76218012],[37.60978849,55.76218023],[37.60980989,55.76218774],[37.60983643,55.76216372],[37.60981368,55.76215573]]]},"properties":{"type":"room","subtype":"apartment","roomType":"HALL","area":5.296553664702529},"type":"Feature"},{"geometry":{"type":"Polygon","coordinates":[[[37.60984724,55.76218252],[37.60982449,55.76217453],[37.60980989,55.76218774],[37.60983129,55.76219526],[37.60983157,55.76219534],[37.60983187,55.76219538],[37.60983219,55.7621954],[37.6098325,55.76219537],[37.60983279,55.76219532],[37.60983306,55.76219523],[37.6098333,55.76219511],[37.60983349,55.76219497],[37.60984724,55.76218252]]]},"properties":{"type":"room","subtype":"apartment","roomType":"BATHROOM","area":2.9121160641641244},"type":"Feature"},{"geometry":{"type":"Polygon","coordinates":[[[37.60983643,55.76216372],[37.60982449,55.76217453],[37.60984048,55.76218015],[37.60985242,55.76216934],[37.60983643,55.76216372]]]},"properties":{"type":"room","subtype":"apartment","roomType":"TOILET","area":1.6756875009420598},"type":"Feature"},{"geometry":{"type":"Polygon","coordinates":[[[37.60984022,55.76213171],[37.60979471,55.76211573],[37.60974164,55.76216377],[37.60978714,55.76217975],[37.60984022,55.76213171]]]},"properties":{"type":"room","subtype":"apartment","roomType":"BEDROOM","area":21.195000004659278},"type":"Feature"},{"geometry":{"type":"Polygon","coordinates":[[[37.60988572,55.76214769],[37.60983264,55.76219574],[37.60987815,55.76221172],[37.60993122,55.76216367],[37.60988572,55.76214769]]]},"properties":{"type":"room","subtype":"apartment","roomType":"BEDROOM","area":21.19499569583091},"type":"Feature"},{"geometry":{"type":"Polygon","coordinates":[[[37.60989924,55.76213762],[37.60988745,55.7621483],[37.6099295,55.76216307],[37.60994129,55.76215239],[37.60989924,55.76213762]]]},"properties":{"type":"room","subtype":"apartment","roomType":"BALCONY","area":4.352255307728451},"type":"Feature"},{"geometry":{"type":"Polygon","coordinates":[[[37.60979143,55.76217808],[37.6097889,55.76218037],[37.60979255,55.76218165],[37.60979508,55.76217937],[37.60979143,55.76217808]]]},"properties":{"type":"room_object","subtype":"room","roomObjectType":"ELECTRICAL_BOX"},"type":"Feature"},{"geometry":{"type":"Polygon","coordinates":[[[37.60975499,55.76215169],[37.60979471,55.76211573],[37.60974921,55.76209975],[37.60969613,55.76214779],[37.60973474,55.76216135],[37.60973474,55.76216135],[37.60974801,55.76214934],[37.60974803,55.76214933],[37.60974805,55.76214931],[37.60974808,55.76214931],[37.60974811,55.7621493],[37.60974814,55.7621493],[37.60974817,55.7621493],[37.6097482,55.7621493],[37.60974823,55.76214931],[37.60975499,55.76215169],[37.60975499,55.76215169]]]},"properties":{"type":"apartment","rooms":0,"totalArea":21.19500000555889,"livingArea":15.89625004915144,"apartmentType":999990},"type":"Feature"},{"geometry":{"type":"Polygon","coordinates":[[[37.60975491,55.76215176],[37.60979471,55.76211573],[37.60974921,55.76209975],[37.6097094,55.76213578],[37.60975491,55.76215176]]]},"properties":{"type":"room","subtype":"apartment","roomType":"STUDIO","area":15.89625004915144},"type":"Feature"},{"geometry":{"type":"Polygon","coordinates":[[[37.60974814,55.76214939],[37.60973216,55.76214377],[37.60971889,55.76215578],[37.60973488,55.7621614],[37.60974814,55.76214939]]]},"properties":{"type":"room","subtype":"apartment","roomType":"JOINT_BATHROOM","area":1.861874917648211},"type":"Feature"},{"geometry":{"type":"Polygon","coordinates":[[[37.60971889,55.76215578],[37.60973216,55.76214377],[37.6097094,55.76213578],[37.60969613,55.76214779],[37.60971889,55.76215578]]]},"properties":{"type":"room","subtype":"apartment","roomType":"HALL","area":2.649375025505086},"type":"Feature"},{"geometry":{"type":"Polygon","coordinates":[[[37.60976273,55.76208968],[37.60975094,55.76210036],[37.60979299,55.76211512],[37.60980478,55.76210445],[37.60976273,55.76208968]]]},"properties":{"type":"room","subtype":"apartment","roomType":"BALCONY","area":4.352256614359089},"type":"Feature"},{"geometry":{"type":"Polygon","coordinates":[[[37.60970001,55.76214598],[37.60969749,55.76214827],[37.60970154,55.76214969],[37.60970407,55.7621474],[37.60970001,55.76214598]]]},"properties":{"type":"room_object","subtype":"room","roomObjectType":"ELECTRICAL_BOX"},"type":"Feature"},{"geometry":{"type":"Polygon","coordinates":[[[37.60965063,55.76213181],[37.60969613,55.76214779],[37.60971065,55.76213466],[37.60970388,55.76213228],[37.60970386,55.76213227],[37.60970384,55.76213226],[37.60970382,55.76213224],[37.60970381,55.76213223],[37.60970381,55.76213221],[37.60970381,55.76213219],[37.60970382,55.76213217],[37.60970383,55.76213216],[37.60971578,55.76212135],[37.60971579,55.76212133],[37.60971582,55.76212132],[37.60971584,55.76212131],[37.60971587,55.76212131],[37.60971591,55.76212131],[37.60971594,55.76212131],[37.60971597,55.76212131],[37.60971599,55.76212132],[37.60972276,55.76212369],[37.60972276,55.76212369],[37.60974921,55.76209975],[37.60970371,55.76208377],[37.6096582,55.76206779],[37.60960513,55.76211583],[37.60965063,55.76213181]]]},"properties":{"type":"apartment","rooms":1,"totalArea":42.39000431414787,"livingArea":21.19500000241758,"apartmentType":999991},"type":"Feature"},{"geometry":{"type":"Polygon","coordinates":[[[37.60972267,55.76212377],[37.60974837,55.76210051],[37.60974851,55.76210035],[37.60974859,55.76210018],[37.60974861,55.76210001],[37.60974857,55.76209983],[37.60974847,55.76209967],[37.60974831,55.76209951],[37.60974811,55.76209938],[37.60974786,55.76209927],[37.60970506,55.76208424],[37.60970478,55.76208416],[37.60970448,55.76208412],[37.60970417,55.76208411],[37.60970386,55.76208413],[37.60970356,55.76208419],[37.60970329,55.76208427],[37.60970306,55.76208439],[37.60970287,55.76208453],[37.60967717,55.76210779],[37.60972267,55.76212377]]]},"properties":{"type":"room","subtype":"apartment","roomType":"KITCHEN","area":10.59310978389167},"type":"Feature"},{"geometry":{"type":"Polygon","coordinates":[[[37.60969992,55.76211578],[37.60967717,55.76210779],[37.60965147,55.76213105],[37.60965134,55.76213121],[37.60965125,55.76213138],[37.60965123,55.76213155],[37.60965127,55.76213173],[37.60965137,55.76213189],[37.60965153,55.76213205],[37.60965174,55.76213218],[37.60965198,55.76213229],[37.60967338,55.7621398],[37.60969992,55.76211578]]]},"properties":{"type":"room","subtype":"apartment","roomType":"HALL","area":5.296554905204966},"type":"Feature"},{"geometry":{"type":"Polygon","coordinates":[[[37.60967338,55.7621398],[37.60969478,55.76214732],[37.60969506,55.7621474],[37.60969536,55.76214744],[37.60969568,55.76214745],[37.60969599,55.76214743],[37.60969628,55.76214737],[37.60969655,55.76214729],[37.60969679,55.76214717],[37.60969698,55.76214703],[37.60971073,55.76213458],[37.60968798,55.76212659],[37.60967338,55.7621398]]]},"properties":{"type":"room","subtype":"apartment","roomType":"BATHROOM","area":2.9121162963797276},"type":"Feature"},{"geometry":{"type":"Polygon","coordinates":[[[37.60970397,55.76213221],[37.60971591,55.7621214],[37.60969992,55.76211578],[37.60968798,55.76212659],[37.60970397,55.76213221]]]},"properties":{"type":"room","subtype":"apartment","roomType":"TOILET","area":1.6756876960970315},"type":"Feature"},{"geometry":{"type":"Polygon","coordinates":[[[37.60965063,55.76213181],[37.60970371,55.76208377],[37.6096582,55.76206779],[37.60960513,55.76211583],[37.60965063,55.76213181]]]},"properties":{"type":"room","subtype":"apartment","roomType":"BEDROOM","area":21.19500000241758},"type":"Feature"},{"geometry":{"type":"Polygon","coordinates":[[[37.60971723,55.7620737],[37.60970544,55.76208437],[37.60974748,55.76209914],[37.60975928,55.76208846],[37.60971723,55.7620737]]]},"properties":{"type":"room","subtype":"apartment","roomType":"BALCONY","area":4.352257921543338},"type":"Feature"},{"geometry":{"type":"Polygon","coordinates":[[[37.60965492,55.76213014],[37.60965239,55.76213243],[37.60965604,55.76213371],[37.60965857,55.76213142],[37.60965492,55.76213014]]]},"properties":{"type":"room_object","subtype":"room","roomObjectType":"ELECTRICAL_BOX"},"type":"Feature"},{"geometry":{"type":"Polygon","coordinates":[[[37.60955963,55.76209985],[37.60960513,55.76211583],[37.60961964,55.76210269],[37.60961288,55.76210032],[37.60961285,55.76210031],[37.60961283,55.7621003],[37.60961282,55.76210028],[37.60961281,55.76210026],[37.6096128,55.76210025],[37.6096128,55.76210023],[37.60961281,55.76210021],[37.60961283,55.7621002],[37.60962477,55.76208939],[37.60962479,55.76208937],[37.60962481,55.76208936],[37.60962484,55.76208935],[37.60962487,55.76208935],[37.6096249,55.76208934],[37.60962493,55.76208934],[37.60962496,55.76208935],[37.60962499,55.76208936],[37.60963175,55.76209173],[37.6096582,55.76206779],[37.6095672,55.76203582],[37.60951412,55.76208387],[37.60955963,55.76209985]]]},"properties":{"type":"apartment","rooms":1,"totalArea":42.389995695061714,"livingArea":21.19499569186021,"apartmentType":999991},"type":"Feature"},{"geometry":{"type":"Polygon","coordinates":[[[37.60963167,55.76209181],[37.60965736,55.76206855],[37.6096575,55.76206839],[37.60965758,55.76206822],[37.6096576,55.76206805],[37.60965756,55.76206787],[37.60965746,55.7620677],[37.60965731,55.76206755],[37.6096571,55.76206742],[37.60965685,55.76206731],[37.60961405,55.76205228],[37.60961377,55.7620522],[37.60961347,55.76205216],[37.60961316,55.76205214],[37.60961285,55.76205217],[37.60961256,55.76205222],[37.60961228,55.76205231],[37.60961205,55.76205243],[37.60961186,55.76205257],[37.60958616,55.76207583],[37.60963167,55.76209181]]]},"properties":{"type":"room","subtype":"apartment","roomType":"KITCHEN","area":10.59310722696073},"type":"Feature"},{"geometry":{"type":"Polygon","coordinates":[[[37.60958616,55.76207583],[37.60956047,55.76209909],[37.60956033,55.76209924],[37.60956025,55.76209941],[37.60956023,55.76209959],[37.60956027,55.76209976],[37.60956037,55.76209993],[37.60956052,55.76210008],[37.60956073,55.76210022],[37.60956098,55.76210032],[37.60958238,55.76210784],[37.60960891,55.76208382],[37.60958616,55.76207583]]]},"properties":{"type":"room","subtype":"apartment","roomType":"HALL","area":5.2965535486607305},"type":"Feature"},{"geometry":{"type":"Polygon","coordinates":[[[37.60959697,55.76209463],[37.60958238,55.76210784],[37.60960378,55.76211536],[37.60960406,55.76211543],[37.60960436,55.76211548],[37.60960467,55.76211549],[37.60960498,55.76211547],[37.60960527,55.76211541],[37.60960555,55.76211532],[37.60960578,55.76211521],[37.60960597,55.76211507],[37.60961972,55.76210262],[37.60959697,55.76209463]]]},"properties":{"type":"room","subtype":"apartment","roomType":"BATHROOM","area":2.91211618067639},"type":"Feature"},{"geometry":{"type":"Polygon","coordinates":[[[37.6096249,55.76208943],[37.60960891,55.76208382],[37.60959697,55.76209463],[37.60961296,55.76210024],[37.6096249,55.76208943]]]},"properties":{"type":"room","subtype":"apartment","roomType":"TOILET","area":1.6756875018111366},"type":"Feature"},{"geometry":{"type":"Polygon","coordinates":[[[37.60955963,55.76209985],[37.6096127,55.76205181],[37.6095672,55.76203582],[37.60951412,55.76208387],[37.60955963,55.76209985]]]},"properties":{"type":"room","subtype":"apartment","roomType":"BEDROOM","area":21.19499569186021},"type":"Feature"},{"geometry":{"type":"Polygon","coordinates":[[[37.60958072,55.76202575],[37.60956893,55.76203643],[37.60961097,55.7620512],[37.60962277,55.76204052],[37.60958072,55.76202575]]]},"properties":{"type":"room","subtype":"apartment","roomType":"BALCONY","area":4.352255307037163},"type":"Feature"},{"geometry":{"type":"Polygon","coordinates":[[[37.60956391,55.76209818],[37.60956138,55.76210047],[37.60956504,55.76210175],[37.60956756,55.76209946],[37.60956391,55.76209818]]]},"properties":{"type":"room_object","subtype":"room","roomObjectType":"ELECTRICAL_BOX"},"type":"Feature"},{"geometry":{"type":"Polygon","coordinates":[[[37.60942312,55.76205191],[37.60951412,55.76208387],[37.6095672,55.76203582],[37.60943069,55.76198788],[37.60933338,55.76207596],[37.60937761,55.76203593],[37.60942312,55.76205191]],[[37.60945655,55.76203031],[37.60944461,55.76204112],[37.60944459,55.76204113],[37.60944457,55.76204114],[37.60944454,55.76204115],[37.60944451,55.76204116],[37.60944448,55.76204116],[37.60944445,55.76204116],[37.60944442,55.76204115],[37.60944439,55.76204115],[37.60943763,55.76203877],[37.6094376,55.76203876],[37.60943758,55.76203875],[37.60943757,55.76203873],[37.60943756,55.76203871],[37.60943755,55.7620387],[37.60943755,55.76203868],[37.60943756,55.76203866],[37.60943758,55.76203865],[37.60944952,55.76202784],[37.60944954,55.76202782],[37.60944956,55.76202781],[37.60944959,55.7620278],[37.60944962,55.7620278],[37.60944965,55.76202779],[37.60944968,55.7620278],[37.60944971,55.7620278],[37.60944974,55.76202781],[37.6094565,55.76203018],[37.60945653,55.76203019],[37.60945655,55.76203021],[37.60945656,55.76203022],[37.60945657,55.76203024],[37.60945658,55.76203026],[37.60945657,55.76203027],[37.60945657,55.76203029],[37.60945655,55.76203031]]]},"properties":{"type":"apartment","rooms":2,"totalArea":63.58500187121354,"livingArea":42.39000186950612,"apartmentType":999992},"type":"Feature"},{"geometry":{"type":"Polygon","coordinates":[[[37.60944965,55.76202788],[37.60949516,55.76204387],[37.60952085,55.76202061],[37.60952099,55.76202045],[37.60952107,55.76202028],[37.60952109,55.7620201],[37.60952105,55.76201993],[37.60952095,55.76201976],[37.6095208,55.76201961],[37.60952059,55.76201948],[37.60952034,55.76201937],[37.60947754,55.76200434],[37.60947726,55.76200426],[37.60947696,55.76200421],[37.60947665,55.7620042],[37.60947634,55.76200422],[37.60947605,55.76200428],[37.60947578,55.76200437],[37.60947554,55.76200449],[37.60947535,55.76200462],[37.60944965,55.76202788]]]},"properties":{"type":"room","subtype":"apartment","roomType":"KITCHEN","area":10.593107229462039},"type":"Feature"},{"geometry":{"type":"Polygon","coordinates":[[[37.60944587,55.7620599],[37.60946727,55.76206741],[37.60946755,55.76206749],[37.60946785,55.76206754],[37.60946816,55.76206755],[37.60946847,55.76206752],[37.60946877,55.76206747],[37.60946904,55.76206738],[37.60946927,55.76206726],[37.60946946,55.76206712],[37.60949516,55.76204387],[37.60947241,55.76203587],[37.60944587,55.7620599]]]},"properties":{"type":"room","subtype":"apartment","roomType":"HALL","area":5.296553563957894},"type":"Feature"},{"geometry":{"type":"Polygon","coordinates":[[[37.60943771,55.76203869],[37.60942396,55.76205114],[37.60942382,55.7620513],[37.60942374,55.76205147],[37.60942372,55.76205165],[37.60942376,55.76205182],[37.60942386,55.76205199],[37.60942401,55.76205214],[37.60942422,55.76205227],[37.60942447,55.76205238],[37.60944587,55.7620599],[37.60946046,55.76204668],[37.60943771,55.76203869]]]},"properties":{"type":"room","subtype":"apartment","roomType":"BATHROOM","area":2.9121161594800222},"type":"Feature"},{"geometry":{"type":"Polygon","coordinates":[[[37.60945642,55.76203026],[37.60944447,55.76204107],[37.60946046,55.76204668],[37.60947241,55.76203587],[37.60945642,55.76203026]]]},"properties":{"type":"room","subtype":"apartment","roomType":"TOILET","area":1.6756874984715866},"type":"Feature"},{"geometry":{"type":"Polygon","coordinates":[[[37.6095217,55.76201984],[37.60946862,55.76206789],[37.60951412,55.76208387],[37.6095672,55.76203582],[37.6095217,55.76201984]]]},"properties":{"type":"room","subtype":"apartment","roomType":"BEDROOM","area":21.195000001058187},"type":"Feature"},{"geometry":{"type":"Polygon","coordinates":[[[37.60947619,55.76200386],[37.60943069,55.76198788],[37.60933338,55.76207596],[37.60937761,55.76203593],[37.60942312,55.76205191],[37.60947619,55.76200386]]]},"properties":{"type":"room","subtype":"apartment","roomType":"BEDROOM","area":21.19500186844793},"type":"Feature"},{"geometry":{"type":"Polygon","coordinates":[[[37.60953522,55.76200977],[37.60952342,55.76202045],[37.60956547,55.76203522],[37.60957727,55.76202454],[37.60953522,55.76200977]]]},"properties":{"type":"room","subtype":"apartment","roomType":"BALCONY","area":4.352256612142719},"type":"Feature"},{"geometry":{"type":"Polygon","coordinates":[[[37.60946686,55.76206727],[37.60946939,55.76206498],[37.6094667,55.76206404],[37.60946417,55.76206633],[37.60946686,55.76206727]]]},"properties":{"type":"room_object","subtype":"room","roomObjectType":"ELECTRICAL_BOX"},"type":"Feature"},{"geometry":{"type":"Polygon","coordinates":[[[37.60933338,55.76207596],[37.6093983,55.76209876],[37.60943824,55.76206262],[37.60942201,55.76205692],[37.60942198,55.7620569],[37.60942196,55.76205689],[37.60942195,55.76205688],[37.60942194,55.76205686],[37.60942193,55.76205684],[37.60942193,55.76205682],[37.60942194,55.76205681],[37.60942196,55.76205679],[37.60942617,55.76205298],[37.60937761,55.76203593],[37.60933338,55.76207596]]]},"properties":{"type":"apartment","rooms":0,"totalArea":25.19999999940618,"livingArea":18.900000004971556,"apartmentType":999990},"type":"Feature"},{"geometry":{"type":"Polygon","coordinates":[[[37.6094263,55.76205303],[37.60937761,55.76203593],[37.60933338,55.76207596],[37.60938207,55.76209306],[37.6094263,55.76205303]]]},"properties":{"type":"room","subtype":"apartment","roomType":"STUDIO","area":18.900000004971556},"type":"Feature"},{"geometry":{"type":"Polygon","coordinates":[[[37.60940419,55.76207304],[37.60942042,55.76207874],[37.60943832,55.76206254],[37.60942209,55.76205684],[37.60940419,55.76207304]]]},"properties":{"type":"room","subtype":"apartment","roomType":"JOINT_BATHROOM","area":2.5499999983118204},"type":"Feature"},{"geometry":{"type":"Polygon","coordinates":[[[37.60942042,55.76207874],[37.60940419,55.76207304],[37.60938207,55.76209306],[37.6093983,55.76209876],[37.60942042,55.76207874]]]},"properties":{"type":"room","subtype":"apartment","roomType":"HALL","area":3.14999999606367},"type":"Feature"},{"geometry":{"type":"Polygon","coordinates":[[[37.60931552,55.76206834],[37.60933446,55.76207499],[37.60937654,55.7620369],[37.6093576,55.76203025],[37.60931552,55.76206834]]]},"properties":{"type":"room","subtype":"apartment","roomType":"BALCONY","area":6.992256613579374},"type":"Feature"},{"geometry":{"type":"Polygon","coordinates":[[[37.609416,55.76208275],[37.60941194,55.76208132],[37.60940773,55.76208514],[37.60941178,55.76208656],[37.609416,55.76208275]]]},"properties":{"type":"room_object","subtype":"room","roomObjectType":"ELECTRICAL_BOX"},"type":"Feature"},{"geometry":{"type":"Polygon","coordinates":[[[37.60938194,55.76209301],[37.60933338,55.76207596],[37.60928915,55.762116],[37.60935407,55.7621388],[37.60939401,55.76210265],[37.60937778,55.76209695],[37.60937775,55.76209694],[37.60937773,55.76209693],[37.60937772,55.76209691],[37.60937771,55.7620969],[37.6093777,55.76209688],[37.6093777,55.76209686],[37.60937771,55.76209684],[37.60937773,55.76209683],[37.60938194,55.76209301]]]},"properties":{"type":"apartment","rooms":0,"totalArea":25.199999999692047,"livingArea":18.900000005847815,"apartmentType":999990},"type":"Feature"},{"geometry":{"type":"Polygon","coordinates":[[[37.60933784,55.7621331],[37.60938207,55.76209306],[37.60933338,55.76207596],[37.60928915,55.762116],[37.60933784,55.7621331]]]},"properties":{"type":"room","subtype":"apartment","roomType":"STUDIO","area":18.900000005847815},"type":"Feature"},{"geometry":{"type":"Polygon","coordinates":[[[37.60937619,55.76211878],[37.60939409,55.76210258],[37.60937786,55.76209688],[37.60935996,55.76211308],[37.60937619,55.76211878]]]},"properties":{"type":"room","subtype":"apartment","roomType":"JOINT_BATHROOM","area":2.549999996960321},"type":"Feature"},{"geometry":{"type":"Polygon","coordinates":[[[37.60937619,55.76211878],[37.60935996,55.76211308],[37.60933784,55.7621331],[37.60935407,55.7621388],[37.60937619,55.76211878]]]},"properties":{"type":"room","subtype":"apartment","roomType":"HALL","area":3.1499999973812756},"type":"Feature"},{"geometry":{"type":"Polygon","coordinates":[[[37.60927129,55.76210837],[37.60929023,55.76211502],[37.60933231,55.76207694],[37.60931337,55.76207029],[37.60927129,55.76210837]]]},"properties":{"type":"room","subtype":"apartment","roomType":"BALCONY","area":6.992256613808493},"type":"Feature"},{"geometry":{"type":"Polygon","coordinates":[[[37.60937177,55.76212278],[37.60936771,55.76212136],[37.6093635,55.76212517],[37.60936755,55.7621266],[37.60937177,55.76212278]]]},"properties":{"type":"room_object","subtype":"room","roomObjectType":"ELECTRICAL_BOX"},"type":"Feature"},{"geometry":{"type":"Polygon","coordinates":[[[37.60966848,55.76222805],[37.60972324,55.76217848],[37.60967929,55.76216304],[37.60962452,55.76221261],[37.60966848,55.76222805]]]},"properties":{"type":"ladder","area":21.124999997693465,"subtype":"service"},"type":"Feature"},{"geometry":{"type":"Polygon","coordinates":[[[37.60969553,55.76223755],[37.60975029,55.76218798],[37.60972324,55.76217848],[37.60966848,55.76222805],[37.60969553,55.76223755]]]},"properties":{"type":"corridor","area":12.999999999364356,"subtype":"service"},"type":"Feature"},{"geometry":{"type":"Polygon","coordinates":[[[37.60962452,55.76221261],[37.60959612,55.76220264],[37.60960033,55.76219882],[37.6096096,55.76219044],[37.60962308,55.76217823],[37.60963656,55.76216603],[37.60966496,55.76217601],[37.60965702,55.76218319],[37.60967929,55.76216304],[37.60962383,55.76214357],[37.60956907,55.76219314],[37.60962452,55.76221261]]]},"properties":{"type":"corridor","area":16.57000000019724,"subtype":"service"},"type":"Feature"},{"geometry":{"type":"Polygon","coordinates":[[[37.60962874,55.7622088],[37.60960033,55.76219882],[37.60959612,55.76220264],[37.60962452,55.76221261],[37.60962874,55.7622088]]]},"properties":{"type":"heating_meter","area":1.0499999998421026,"subtype":"service"},"type":"Feature"},{"geometry":{"type":"Polygon","coordinates":[[[37.609638,55.76220041],[37.6096096,55.76219044],[37.60960033,55.76219882],[37.60962874,55.7622088],[37.609638,55.76220041]]]},"properties":{"type":"elevator","area":2.3100000005969723,"subtype":"service"},"type":"Feature"},{"geometry":{"type":"Polygon","coordinates":[[[37.60965148,55.76218821],[37.60962308,55.76217823],[37.6096096,55.76219044],[37.609638,55.76220041],[37.60965148,55.76218821]]]},"properties":{"type":"elevator","area":3.3599999985186657,"subtype":"service"},"type":"Feature"},{"geometry":{"type":"Polygon","coordinates":[[[37.60966496,55.76217601],[37.60963656,55.76216603],[37.60962308,55.76217823],[37.60965148,55.76218821],[37.60966496,55.76217601]]]},"properties":{"type":"elevator","area":3.3600000007868553,"subtype":"service"},"type":"Feature"},{"geometry":{"type":"Polygon","coordinates":[[[37.6099496,55.76223681],[37.60944267,55.76205877],[37.60944267,55.76205877],[37.60939844,55.76209881],[37.60935421,55.76213885],[37.60986114,55.76231688],[37.60986114,55.76231688],[37.60990537,55.76227685],[37.6099496,55.76223681]],[[37.60962452,55.76221261],[37.60956907,55.76219314],[37.60962383,55.76214357],[37.60967929,55.76216304],[37.60972324,55.76217848],[37.60975029,55.76218798],[37.60969553,55.76223755],[37.60966848,55.76222805],[37.60962452,55.76221261]]]},"properties":{"type":"corridor","area":332.7649999427037,"subtype":"service"},"type":"Feature"},{"geometry":{"type":"Polygon","coordinates":[[[37.60932006,55.76214519],[37.60930812,55.762156],[37.60931488,55.76215838],[37.60932682,55.76214757],[37.60932006,55.76214519]]]},"properties":{"type":"ventilation","area":0.708750000473662,"subtype":"service"},"type":"Feature"},{"geometry":{"type":"Polygon","coordinates":[[[37.60949531,55.76220674],[37.60948337,55.76221755],[37.60949013,55.76221993],[37.60950207,55.76220912],[37.60949531,55.76220674]]]},"properties":{"type":"ventilation","area":0.708750000175068,"subtype":"service"},"type":"Feature"},{"geometry":{"type":"Polygon","coordinates":[[[37.60960091,55.76222549],[37.60958764,55.7622375],[37.6095944,55.76223988],[37.60960767,55.76222787],[37.60960091,55.76222549]]]},"properties":{"type":"ventilation","area":0.787500020324481,"subtype":"service"},"type":"Feature"},{"geometry":{"type":"Polygon","coordinates":[[[37.60961988,55.76226549],[37.60962664,55.76226787],[37.60963858,55.76225706],[37.60963182,55.76225468],[37.60961988,55.76226549]]]},"properties":{"type":"ventilation","area":0.7087500000980025,"subtype":"service"},"type":"Feature"},{"geometry":{"type":"Polygon","coordinates":[[[37.60972415,55.76228544],[37.60973091,55.76228782],[37.60974418,55.76227581],[37.60973742,55.76227343],[37.60972415,55.76228544]]]},"properties":{"type":"ventilation","area":0.787500019866976,"subtype":"service"},"type":"Feature"},{"geometry":{"type":"Polygon","coordinates":[[[37.60978292,55.76228941],[37.60976966,55.76230143],[37.60977642,55.7623038],[37.60978969,55.76229179],[37.60978292,55.76228941]]]},"properties":{"type":"ventilation","area":0.7874999584178043,"subtype":"service"},"type":"Feature"},{"geometry":{"type":"Polygon","coordinates":[[[37.60981516,55.76231741],[37.60982192,55.76231978],[37.60983519,55.76230777],[37.60982843,55.7623054],[37.60981516,55.76231741]]]},"properties":{"type":"ventilation","area":0.7874999591849512,"subtype":"service"},"type":"Feature"},{"geometry":{"type":"Polygon","coordinates":[[[37.60984739,55.7623454],[37.60985416,55.76234777],[37.6098661,55.76233696],[37.60985934,55.76233459],[37.60984739,55.7623454]]]},"properties":{"type":"ventilation","area":0.7087500000910588,"subtype":"service"},"type":"Feature"},{"geometry":{"type":"Polygon","coordinates":[[[37.60990129,55.76228071],[37.60991752,55.76228641],[37.60992174,55.76228259],[37.60990551,55.76227689],[37.60990129,55.76228071]]]},"properties":{"type":"ventilation","area":0.5999999995164258,"subtype":"service"},"type":"Feature"},{"geometry":{"type":"Polygon","coordinates":[[[37.60994218,55.76228448],[37.60990972,55.76227308],[37.60990635,55.76227613],[37.60990621,55.76227629],[37.60990613,55.76227646],[37.60990611,55.76227664],[37.60990615,55.76227681],[37.60990625,55.76227698],[37.60990641,55.76227713],[37.60990661,55.76227726],[37.60990686,55.76227737],[37.60993797,55.76228829],[37.60994218,55.76228448]]]},"properties":{"type":"ventilation","area":1.1978036147954776,"subtype":"service"},"type":"Feature"},{"geometry":{"type":"Polygon","coordinates":[[[37.60988491,55.76221409],[37.60989936,55.76220101],[37.6098926,55.76219864],[37.60987899,55.76221095],[37.60987885,55.76221111],[37.60987877,55.76221128],[37.60987875,55.76221146],[37.60987879,55.76221163],[37.60987889,55.7622118],[37.60987905,55.76221195],[37.60987925,55.76221208],[37.6098795,55.76221219],[37.60988491,55.76221409]]]},"properties":{"type":"ventilation","area":0.8553036248528518,"subtype":"service"},"type":"Feature"},{"geometry":{"type":"Polygon","coordinates":[[[37.60984048,55.76218015],[37.60984724,55.76218252],[37.60985918,55.76217171],[37.60985242,55.76216934],[37.60984048,55.76218015]]]},"properties":{"type":"ventilation","area":0.7087500003914274,"subtype":"service"},"type":"Feature"},{"geometry":{"type":"Polygon","coordinates":[[[37.60975491,55.76215176],[37.60974814,55.76214939],[37.60973488,55.7621614],[37.60974164,55.76216377],[37.60975491,55.76215176]]]},"properties":{"type":"ventilation","area":0.7875000120975333,"subtype":"service"},"type":"Feature"},{"geometry":{"type":"Polygon","coordinates":[[[37.60970397,55.76213221],[37.60971073,55.76213458],[37.60972267,55.76212377],[37.60971591,55.7621214],[37.60970397,55.76213221]]]},"properties":{"type":"ventilation","area":0.7087500817869333,"subtype":"service"},"type":"Feature"},{"geometry":{"type":"Polygon","coordinates":[[[37.6096249,55.76208943],[37.60961296,55.76210024],[37.60961972,55.76210262],[37.60963167,55.76209181],[37.6096249,55.76208943]]]},"properties":{"type":"ventilation","area":0.7087499996016121,"subtype":"service"},"type":"Feature"},{"geometry":{"type":"Polygon","coordinates":[[[37.60945642,55.76203026],[37.60944965,55.76202788],[37.60943771,55.76203869],[37.60944447,55.76204107],[37.60945642,55.76203026]]]},"properties":{"type":"ventilation","area":0.7087500002600053,"subtype":"service"},"type":"Feature"},{"geometry":{"type":"Polygon","coordinates":[[[37.60943832,55.76206254],[37.60944253,55.76205873],[37.6094263,55.76205303],[37.60942209,55.76205684],[37.60943832,55.76206254]]]},"properties":{"type":"ventilation","area":0.5999999994360415,"subtype":"service"},"type":"Feature"},{"geometry":{"type":"Polygon","coordinates":[[[37.60939409,55.76210258],[37.6093983,55.76209876],[37.60938207,55.76209306],[37.60937786,55.76209688],[37.60939409,55.76210258]]]},"properties":{"type":"ventilation","area":0.5999999994021167,"subtype":"service"},"type":"Feature"}],"type":"FeatureCollection"}