{
  "room": {
    "x_min": 0.0,
    "x_max": 6.0,
    "y_min": 0.0,
    "y_max": 4.0,
    "z_min": 0.0,
    "z_max": 2.799999952316284
  },
  "items": [
    {
      "name": "sofa",
      "center": [
        0.8909216943343004,
        1.4282051935648448,
        0.4748231593137551
      ],
      "size": [
        1.7618433886686007,
        0.7156949478228511,
        0.9496463186275103
      ],
      "rotation": 180,
      "aabb": {
        "x_min": 0.010000000000000009,
        "x_max": 1.7718433886686007,
        "y_min": 1.070357719653419,
        "y_max": 1.7860526674762705,
        "z_min": 0.0,
        "z_max": 0.9496463186275103
      },
      "color": [
        0.7,
        0.7,
        0.7
      ],
      "forward": [
        -1.0,
        1.2246467991473532e-16,
        0.0
      ],
      "wall_contact_side": "left"
    },
    {
      "name": "wardrobe",
      "center": [
        5.452473461206682,
        0.8481005905137028,
        1.0391761279909146
      ],
      "size": [
        1.2151903190781768,
        0.5397739096391481,
        2.0783522559818293
      ],
      "rotation": 120,
      "aabb": {
        "x_min": 4.914946922413364,
        "x_max": 5.99,
        "y_min": 0.1869642697266064,
        "y_max": 1.5092369113007993,
        "z_min": 0.0,
        "z_max": 2.0783522559818293
      },
      "color": [
        0.7,
        0.7,
        0.7
      ],
      "forward": [
        -0.49999999999999983,
        0.8660254037844387,
        0.0
      ],
      "wall_contact_side": "right"
    },
    {
      "name": "table",
      "center": [
        2.4245318706128303,
        3.5306368946041884,
        0.36882664560614076
      ],
      "size": [
        1.431609302225085,
        0.6032704385181632,
        0.7376532912122815
      ],
      "rotation": 0,
      "aabb": {
        "x_min": 1.7087272195002878,
        "x_max": 3.1403365217253727,
        "y_min": 3.2290016753451067,
        "y_max": 3.83227211386327,
        "z_min": 0.0,
        "z_max": 0.7376532912122815
      },
      "color": [
        0.7,
        0.7,
        0.7
      ],
      "forward": [
        1.0,
        0.0,
        0.0
      ],
      "wall_contact_side": null
    },
    {
      "name": "floor_lamp",
      "center": [
        1.1391783981290753,
        0.23554277067556847,
        0.8408808434413613
      ],
      "size": [
        0.3163124238880725,
        0.25141152130463723,
        1.6817616868827225
      ],
      "rotation": 270,
      "aabb": {
        "x_min": 1.0134726374767566,
        "x_max": 1.264884158781394,
        "y_min": 0.07738655873153219,
        "y_max": 0.3936989826196048,
        "z_min": 0.0,
        "z_max": 1.6817616868827225
      },
      "color": [
        0.7,
        0.7,
        0.7
      ],
      "forward": [
        -1.8369701987210297e-16,
        -1.0,
        0.0
      ],
      "wall_contact_side": null
    }
  ]
}